runtime,ftime,model,tmp,dpt,wdr,wsp,p06,p12,q06,q12,t06_1,t06_2,t12_1,t12_2,cig,vis,sky,gst,t03,pzr,psn,ppl,pra,s06,slv,i06,lcb,station,dur,mht,twd,tws,sol,txn,xnd,tsd,dsd,ssd,gsd,ifc,ifv,wsd,wbg,t06
2026-08-16 00:00:00,2026-08-16 06:00:00,NBS,73,63,360,0,7.0,,0.0,,3.0,0.0,,,-88,100,16,3,0,0,0,0,0,0.0,88,0.0,70,KNYC,,5,0,4,0,,,1,3,23,2,0,0,1,68,3/0
2026-08-16 00:00:00,2026-08-16 09:00:00,NBS,71,63,50,0,,,,,,,,,-88,100,15,3,0,0,0,0,0,,91,,90,KNYC,,5,5,3,0,,,2,3,17,2,0,0,1,67,
2026-08-16 00:00:00,2026-08-16 12:00:00,NBS,73,63,90,0,0.0,7.0,0.0,0.0,,1.0,,1.0,-88,100,43,4,0,0,0,0,0,0.0,97,0.0,100,KNYC,0.0,9,14,3,18,68.0,2.0,2,3,32,2,0,0,1,69,
2026-08-16 00:00:00,2026-08-16 15:00:00,NBS,79,63,170,5,,,,,,,,,-88,100,55,11,0,0,0,0,1,,110,,60,KNYC,,40,18,9,51,,,2,3,34,3,1,0,2,75,
2026-08-16 00:00:00,2026-08-16 18:00:00,NBS,80,63,160,8,2.0,,0.0,,,1.0,,,60,100,62,18,1,0,0,0,2,0.0,140,0.0,50,KNYC,,45,18,14,61,,,3,3,38,3,1,0,2,76,
2026-08-16 00:00:00,2026-08-16 21:00:00,NBS,77,65,170,9,,,,,,,,,45,80,93,20,1,0,0,0,32,,150,,44,KNYC,,31,18,18,11,,,4,3,7,3,7,7,2,73,
2026-08-16 00:00:00,2026-08-17 00:00:00,NBS,74,64,190,7,38.0,30.0,3.0,3.0,,3.0,,4.0,13,30,96,19,2,0,0,0,36,0.0,150,0.0,13,KNYC,2.0,22,18,14,4,80.0,3.0,3,3,7,4,21,12,2,69,
2026-08-16 00:00:00,2026-08-17 03:00:00,NBS,73,66,170,7,,,,,,,,,13,70,96,18,3,0,0,0,89,,150,,13,KNYC,,5,17,15,0,,,3,2,7,5,18,3,2,70,
2026-08-16 00:00:00,2026-08-17 06:00:00,NBS,73,68,170,7,80.0,,14.0,,,15.0,,,11,50,92,17,9,0,0,0,68,0.0,150,0.0,11,KNYC,,7,18,16,0,,,2,3,11,4,20,3,2,70,
2026-08-16 00:00:00,2026-08-17 09:00:00,NBS,73,70,160,7,,,,,,,,,11,40,91,16,12,0,0,0,65,,150,,9,KNYC,,6,17,13,0,,,2,3,11,5,23,6,2,71,
2026-08-16 00:00:00,2026-08-17 12:00:00,NBS,74,72,240,5,83.0,94.0,48.0,62.0,,22.0,,22.0,4,20,87,11,10,0,0,0,52,0.0,150,0.0,4,KNYC,12.0,9,20,9,4,70.0,2.0,2,2,20,5,57,34,3,73,
2026-08-16 00:00:00,2026-08-17 15:00:00,NBS,78,73,330,5,,,,,,,,,7,100,65,12,5,0,0,0,13,,140,,7,KNYC,,25,31,9,33,,,2,2,32,4,34,10,3,78,
2026-08-16 00:00:00,2026-08-17 18:00:00,NBS,83,73,330,4,13.0,,1.0,,,10.0,,,49,100,36,12,4,0,0,0,12,0.0,140,0.0,14,KNYC,,39,31,8,52,,,4,2,27,4,6,0,3,82,
2026-08-16 00:00:00,2026-08-17 21:00:00,NBS,84,73,320,3,,,,,,,,,49,100,21,11,11,0,0,0,4,,140,,20,KNYC,,36,31,10,40,,,4,3,22,4,5,0,2,80,
2026-08-16 00:00:00,2026-08-18 00:00:00,NBS,80,71,340,0,10.0,21.0,0.0,1.0,,22.0,,22.0,100,100,59,7,15,0,0,0,9,0.0,130,0.0,35,KNYC,0.0,14,33,6,9,84.0,3.0,3,3,25,4,5,3,2,75,
2026-08-16 00:00:00,2026-08-18 03:00:00,NBS,77,70,340,3,,,,,,,,,-88,100,52,8,10,0,0,0,2,,120,,31,KNYC,,10,35,7,0,,,2,3,29,4,3,3,2,73,
2026-08-16 00:00:00,2026-08-18 06:00:00,NBS,75,69,340,3,6.0,,0.0,,,14.0,,,-88,100,37,8,3,0,0,0,7,0.0,110,0.0,36,KNYC,,11,36,7,0,,,2,3,38,3,7,7,2,72,
2026-08-16 00:00:00,2026-08-18 09:00:00,NBS,72,68,350,4,,,,,,,,,-88,100,41,8,1,0,0,0,8,,110,,31,KNYC,,11,1,8,0,,,2,3,39,3,5,6,2,70,
2026-08-16 00:00:00,2026-08-18 12:00:00,NBS,73,68,350,3,6.0,10.0,0.0,0.0,,2.0,,14.0,-88,100,37,8,0,0,0,0,8,0.0,100,0.0,60,KNYC,0.0,17,1,9,4,70.0,2.0,1,3,33,3,9,5,2,71,
2026-08-16 00:00:00,2026-08-18 15:00:00,NBS,80,67,350,3,,,,,,,,,-88,100,31,8,0,0,0,0,1,,97,,47,KNYC,,41,35,7,55,,,2,3,33,2,2,0,2,77,
2026-08-16 00:00:00,2026-08-18 18:00:00,NBS,84,65,320,0,1.0,,0.0,,,1.0,,,-88,100,16,7,0,0,0,0,1,0.0,96,0.0,60,KNYC,,59,32,7,71,,,2,4,20,2,0,0,2,80,
2026-08-16 00:00:00,2026-08-18 21:00:00,NBS,85,63,290,0,,,,,,,,,-88,100,17,7,0,0,0,0,1,,98,,70,KNYC,,62,32,6,70,,,2,5,24,2,1,0,2,77,
2026-08-16 00:00:00,2026-08-19 00:00:00,NBS,80,63,230,0,1.0,2.0,0.0,0.0,,3.0,,3.0,-88,100,33,5,0,0,0,0,1,0.0,99,0.0,60,KNYC,0.0,8,18,4,45,85.0,2.0,2,4,23,3,0,0,2,72,
2026-08-16 06:00:00,2026-08-16 12:00:00,NBS,73,63,100,0,2.0,,0.0,,3.0,1.0,4.0,,-88,100,45,4,1,0,0,0,12,0.0,98,0.0,50,KNYC,,11,17,5,16,,,2,3,31,2,0,0,1,69,3/1
2026-08-16 06:00:00,2026-08-16 15:00:00,NBS,80,63,170,5,,,,,,,,,-88,100,49,11,1,0,0,0,1,,110,,70,KNYC,,41,19,10,58,,,2,3,33,3,0,1,2,75,
2026-08-16 06:00:00,2026-08-16 18:00:00,NBS,81,63,170,8,5.0,,0.0,,,1.0,,,45,100,67,18,1,0,0,0,4,0.0,140,0.0,45,KNYC,,45,18,14,54,,,2,3,28,3,1,0,1,76,
2026-08-16 06:00:00,2026-08-16 21:00:00,NBS,77,65,170,9,,,,,,,,,35,90,84,20,1,0,0,0,19,,150,,35,KNYC,,28,18,16,10,,,3,4,22,3,8,6,2,73,
2026-08-16 06:00:00,2026-08-17 00:00:00,NBS,74,64,180,7,42.0,35.0,3.0,3.0,,4.0,,4.0,18,40,96,18,4,0,0,0,44,0.0,150,0.0,18,KNYC,2.0,15,18,13,2,81.0,2.0,3,3,6,3,18,9,2,70,
2026-08-16 06:00:00,2026-08-17 03:00:00,NBS,73,65,180,7,,,,,,,,,11,50,94,17,5,0,0,0,76,,150,,11,KNYC,,6,18,14,0,,,2,3,8,4,26,5,2,70,
2026-08-16 06:00:00,2026-08-17 06:00:00,NBS,73,68,160,7,84.0,,16.0,,,18.0,,,8,50,87,17,11,0,0,0,76,0.0,150,0.0,8,KNYC,,6,17,13,0,,,2,2,11,4,29,3,1,70,
2026-08-16 06:00:00,2026-08-17 09:00:00,NBS,73,70,160,6,,,,,,,,,6,30,91,15,13,0,0,0,91,,150,,6,KNYC,,6,17,12,0,,,2,2,13,5,46,13,2,71,
2026-08-16 06:00:00,2026-08-17 12:00:00,NBS,74,72,90,3,88.0,97.0,35.0,51.0,,26.0,,26.0,3,20,84,9,11,0,0,0,35,0.0,150,0.0,3,KNYC,12.0,8,23,5,2,69.0,2.0,1,1,15,5,67,31,3,73,
2026-08-16 06:00:00,2026-08-17 15:00:00,NBS,78,73,310,4,,,,,,,,,7,50,66,10,5,0,0,0,14,,140,,7,KNYC,,21,32,8,31,,,3,2,23,5,38,11,3,78,
2026-08-16 06:00:00,2026-08-17 18:00:00,NBS,82,73,330,3,23.0,,1.0,,,10.0,,,22,100,51,10,4,0,0,0,17,0.0,140,0.0,22,KNYC,,38,32,9,61,,,3,2,38,4,6,2,3,82,
2026-08-16 06:00:00,2026-08-17 21:00:00,NBS,84,73,320,0,,,,,,,,,-88,100,53,10,10,0,0,0,16,,130,,22,KNYC,,35,33,7,43,,,3,3,31,3,6,1,2,80,
2026-08-16 06:00:00,2026-08-18 00:00:00,NBS,80,72,330,0,21.0,27.0,0.0,1.0,,20.0,,20.0,-88,100,52,6,14,0,0,0,20,0.0,140,0.0,23,KNYC,0.0,8,35,5,6,84.0,3.0,2,2,33,3,8,5,2,76,
2026-08-16 06:00:00,2026-08-18 03:00:00,NBS,77,71,10,0,,,,,,,,,-88,100,53,7,10,0,0,0,16,,130,,18,KNYC,,9,1,6,0,,,2,3,27,4,11,8,2,74,
2026-08-16 06:00:00,2026-08-18 06:00:00,NBS,75,69,0,3,11.0,,0.0,,,16.0,,,-88,100,35,7,6,0,0,0,37,0.0,120,0.0,34,KNYC,,12,1,7,0,,,2,3,29,3,14,12,2,72,
2026-08-16 06:00:00,2026-08-18 09:00:00,NBS,73,68,340,4,,,,,,,,,24,100,43,9,4,0,0,0,28,,110,,9,KNYC,,12,1,7,0,,,2,3,38,3,12,12,2,70,
2026-08-16 06:00:00,2026-08-18 12:00:00,NBS,73,68,350,4,7.0,16.0,0.0,0.0,,6.0,,16.0,-88,100,39,8,2,0,0,0,4,0.0,97,0.0,11,KNYC,0.0,15,1,7,4,70.0,2.0,1,3,38,3,13,8,2,71,
2026-08-16 06:00:00,2026-08-18 15:00:00,NBS,79,68,350,3,,,,,,,,,-88,100,26,8,1,0,0,0,0,,100,,20,KNYC,,30,2,8,29,,,2,3,32,3,7,0,2,77,
2026-08-16 06:00:00,2026-08-18 18:00:00,NBS,84,66,320,0,1.0,,0.0,,,2.0,,,-88,100,25,8,1,0,0,0,0,0.0,99,0.0,31,KNYC,,50,33,7,40,,,2,3,23,2,2,0,2,80,
2026-08-16 06:00:00,2026-08-18 21:00:00,NBS,85,64,280,0,,,,,,,,,-88,100,26,8,0,0,0,0,1,,98,,60,KNYC,,54,30,7,42,,,2,4,29,2,1,0,2,77,
2026-08-16 06:00:00,2026-08-19 00:00:00,NBS,80,63,240,0,1.0,1.0,0.0,0.0,,4.0,,4.0,-88,100,37,5,0,0,0,0,1,0.0,99,0.0,50,KNYC,0.0,7,20,5,26,85.0,2.0,2,4,25,3,0,0,1,72,
2026-08-16 06:00:00,2026-08-19 03:00:00,NBS,76,64,280,0,,,,,,,,,-88,100,22,5,1,0,0,0,1,,100,,60,KNYC,,5,24,5,0,,,2,4,31,2,1,0,2,71,
2026-08-16 06:00:00,2026-08-19 06:00:00,NBS,74,64,290,0,1.0,,0.0,,,3.0,,,-88,100,13,4,0,0,0,0,1,0.0,100,0.0,48,KNYC,,4,31,5,0,,,2,4,34,2,0,0,1,69,
2026-08-16 12:00:00,2026-08-16 18:00:00,NBS,81,63,170,9,16.0,,6.0,,1.0,1.0,,,60,100,75,18,1,0,0,0,4,0.0,140,0.0,50,KNYC,,45,18,15,58,,,3,3,27,3,1,1,1,76,1/1
2026-08-16 12:00:00,2026-08-16 21:00:00,NBS,78,65,170,9,,,,,,,,,35,80,85,21,1,0,0,0,20,,150,,35,KNYC,,30,18,18,13,,,3,3,22,3,8,6,2,73,
2026-08-16 12:00:00,2026-08-17 00:00:00,NBS,73,65,190,7,46.0,46.0,2.0,8.0,,7.0,,7.0,15,50,96,19,6,0,0,0,59,0.0,150,0.0,15,KNYC,1.0,13,18,15,2,81.0,2.0,3,3,6,4,17,8,2,70,
2026-08-16 12:00:00,2026-08-17 03:00:00,NBS,72,66,180,7,,,,,,,,,13,60,90,18,9,0,0,0,89,,150,,13,KNYC,,7,18,15,0,,,3,3,8,4,20,5,1,69,
2026-08-16 12:00:00,2026-08-17 06:00:00,NBS,72,68,170,7,82.0,,16.0,,,20.0,,,8,40,84,18,10,0,0,0,80,0.0,140,0.0,8,KNYC,,6,18,13,0,,,2,2,14,3,28,7,1,70,
2026-08-16 12:00:00,2026-08-17 09:00:00,NBS,73,71,160,6,,,,,,,,,5,30,89,15,7,0,0,0,78,,150,,5,KNYC,,6,18,10,0,,,2,2,11,4,46,17,2,71,
2026-08-16 12:00:00,2026-08-17 12:00:00,NBS,74,72,210,3,89.0,97.0,18.0,34.0,,12.0,,20.0,3,20,85,9,3,0,0,0,43,0.0,150,0.0,3,KNYC,12.0,8,19,6,4,69.0,2.0,1,2,14,4,59,29,3,73,
2026-08-16 12:00:00,2026-08-17 15:00:00,NBS,78,73,320,3,,,,,,,,,9,80,63,9,2,0,0,0,23,,140,,9,KNYC,,21,34,5,27,,,3,2,25,5,29,7,3,77,
2026-08-16 12:00:00,2026-08-17 18:00:00,NBS,82,74,340,2,18.0,,2.0,,,6.0,,,22,100,60,10,3,0,0,0,19,0.0,140,0.0,22,KNYC,,36,32,7,64,,,4,2,38,4,4,0,3,82,
2026-08-16 12:00:00,2026-08-17 21:00:00,NBS,84,74,300,0,,,,,,,,,35,100,47,9,10,0,0,0,17,,130,,35,KNYC,,35,30,8,32,,,3,2,28,3,4,1,2,80,
2026-08-16 12:00:00,2026-08-18 00:00:00,NBS,79,72,270,0,23.0,26.0,0.0,2.0,,23.0,,23.0,-88,80,54,5,14,0,0,0,29,0.0,140,0.0,32,KNYC,2.0,7,32,4,5,84.0,3.0,3,2,38,3,3,4,2,75,
2026-08-16 12:00:00,2026-08-18 03:00:00,NBS,77,72,340,0,,,,,,,,,-88,100,27,6,11,0,0,0,5,,130,,42,KNYC,,9,35,8,0,,,2,3,26,4,3,5,2,74,
2026-08-16 12:00:00,2026-08-18 06:00:00,NBS,75,70,340,3,10.0,,0.0,,,16.0,,,-88,100,21,7,4,0,0,0,5,0.0,120,0.0,31,KNYC,,10,35,8,0,,,2,3,19,3,9,9,2,72,
2026-08-16 12:00:00,2026-08-18 09:00:00,NBS,73,69,340,3,,,,,,,,,-88,100,35,8,1,0,0,0,0,,100,,9,KNYC,,9,35,8,0,,,2,3,36,3,6,10,2,71,
2026-08-16 12:00:00,2026-08-18 12:00:00,NBS,74,69,340,4,13.0,23.0,0.0,0.0,,3.0,,16.0,-88,100,9,8,0,0,0,0,0,0.0,98,0.0,24,KNYC,0.0,14,36,9,19,71.0,2.0,1,3,10,3,7,2,2,72,
2026-08-16 12:00:00,2026-08-18 15:00:00,NBS,79,68,350,3,,,,,,,,,-88,100,30,9,0,0,0,0,0,,98,,28,KNYC,,36,35,7,39,,,2,3,25,3,3,0,2,77,
2026-08-16 12:00:00,2026-08-18 18:00:00,NBS,84,67,320,0,1.0,,0.0,,,2.0,,,-88,100,20,8,0,0,0,0,0,0.0,99,0.0,43,KNYC,,58,31,6,75,,,2,3,13,2,0,0,2,81,
2026-08-16 12:00:00,2026-08-18 21:00:00,NBS,85,65,300,0,,,,,,,,,-88,100,16,8,0,0,0,0,0,,100,,60,KNYC,,69,30,8,68,,,2,4,13,2,0,0,2,78,
2026-08-16 12:00:00,2026-08-19 00:00:00,NBS,80,65,300,0,1.0,2.0,0.0,0.0,,3.0,,3.0,-88,100,33,5,0,0,0,0,0,0.0,100,0.0,60,KNYC,0.0,8,29,5,42,85.0,2.0,2,4,18,3,1,0,2,73,
2026-08-16 12:00:00,2026-08-19 03:00:00,NBS,76,65,320,0,,,,,,,,,-88,100,8,5,0,0,0,0,1,,100,,-88,KNYC,,6,34,4,0,,,2,4,7,2,1,0,2,71,
2026-08-16 12:00:00,2026-08-19 06:00:00,NBS,73,65,300,0,2.0,,0.0,,,2.0,,,-88,100,3,4,0,0,0,0,1,0.0,100,0.0,60,KNYC,,5,32,5,0,,,2,3,4,2,2,0,1,69,
2026-08-16 12:00:00,2026-08-19 09:00:00,NBS,71,64,300,0,,,,,,,,,-88,100,5,4,0,0,0,0,0,,100,,48,KNYC,,5,30,5,0,,,2,3,6,1,2,1,1,68,
2026-08-16 12:00:00,2026-08-19 12:00:00,NBS,73,65,290,0,0.0,2.0,0.0,0.0,,1.0,,2.0,-88,100,3,3,0,0,0,0,0,0.0,110,0.0,180,KNYC,0.0,7,28,4,4,70.0,2.0,2,3,5,2,0,0,1,70,
2026-08-16 18:00:00,2026-08-17 00:00:00,NBS,73,64,180,7,34.0,,3.0,,1.0,5.0,3.0,,35,70,97,18,5,0,0,0,50,0.0,150,0.0,35,KNYC,,17,18,16,2,,,3,2,4,3,7,5,2,69,1/5
2026-08-16 18:00:00,2026-08-17 03:00:00,NBS,72,65,180,7,,,,,,,,,22,70,93,17,8,0,0,0,73,,150,,22,KNYC,,5,18,15,0,,,3,2,7,4,14,3,1,69,
2026-08-16 18:00:00,2026-08-17 06:00:00,NBS,72,67,160,7,84.0,,27.0,,,17.0,,,15,80,81,16,10,0,0,0,85,0.0,150,0.0,15,KNYC,,5,17,13,0,,,2,2,13,3,14,1,1,69,
2026-08-16 18:00:00,2026-08-17 09:00:00,NBS,72,70,150,6,,,,,,,,,6,40,88,13,10,0,0,0,87,,140,,6,KNYC,,6,16,11,0,,,2,2,11,3,47,13,2,70,
2026-08-16 18:00:00,2026-08-17 12:00:00,NBS,73,72,110,3,75.0,96.0,15.0,42.0,,16.0,,20.0,5,30,83,8,6,0,0,0,67,0.0,150,0.0,4,KNYC,11.0,7,14,7,1,69.0,2.0,1,2,10,4,47,25,2,73,
2026-08-16 18:00:00,2026-08-17 15:00:00,NBS,77,72,330,3,,,,,,,,,8,50,69,8,3,0,0,0,30,,140,,8,KNYC,,20,31,7,18,,,2,2,32,4,30,12,3,77,
2026-08-16 18:00:00,2026-08-17 18:00:00,NBS,82,73,330,0,21.0,,1.0,,,6.0,,,18,100,57,9,3,0,0,0,18,0.0,130,0.0,18,KNYC,,33,33,7,45,,,3,2,30,3,10,2,2,81,
2026-08-16 18:00:00,2026-08-17 21:00:00,NBS,83,74,310,0,,,,,,,,,35,100,41,8,10,0,0,0,12,,130,,33,KNYC,,34,30,7,40,,,3,2,20,3,3,0,2,79,
2026-08-16 18:00:00,2026-08-18 00:00:00,NBS,79,72,300,0,30.0,45.0,6.0,7.0,,22.0,,22.0,45,90,61,5,15,0,0,0,12,0.0,130,0.0,45,KNYC,2.0,7,35,4,6,83.0,3.0,2,2,31,3,4,3,2,75,
2026-08-16 18:00:00,2026-08-18 03:00:00,NBS,77,72,10,0,,,,,,,,,35,70,56,4,12,0,0,0,9,,130,,35,KNYC,,4,0,5,0,,,2,2,26,3,6,8,2,75,
2026-08-16 18:00:00,2026-08-18 06:00:00,NBS,75,71,360,0,23.0,,3.0,,,20.0,,,22,40,43,5,4,0,0,0,9,0.0,120,0.0,22,KNYC,,5,36,7,0,,,1,2,31,3,14,13,2,73,
2026-08-16 18:00:00,2026-08-18 09:00:00,NBS,73,69,350,3,,,,,,,,,-88,100,41,8,1,0,0,0,0,,110,,20,KNYC,,10,36,6,0,,,1,3,34,3,7,9,2,71,
2026-08-16 18:00:00,2026-08-18 12:00:00,NBS,74,69,350,4,2.0,23.0,0.0,3.0,,4.0,,20.0,47,100,45,8,1,0,0,0,16,0.0,110,0.0,14,KNYC,1.0,12,36,9,14,71.0,2.0,1,2,38,3,11,5,2,72,
2026-08-16 18:00:00,2026-08-18 15:00:00,NBS,80,69,350,3,,,,,,,,,-88,100,30,8,0,0,0,0,0,,96,,17,KNYC,,33,34,7,60,,,2,3,20,3,3,0,2,78,
2026-08-16 18:00:00,2026-08-18 18:00:00,NBS,84,67,320,0,2.0,,0.0,,,2.0,,,-88,100,16,8,0,0,0,0,0,0.0,94,0.0,40,KNYC,,56,31,6,75,,,2,3,30,2,0,0,2,81,
2026-08-16 18:00:00,2026-08-18 21:00:00,NBS,85,65,290,0,,,,,,,,,-88,100,20,8,0,0,0,0,0,,94,,50,KNYC,,62,30,7,47,,,2,4,19,3,2,0,2,77,
2026-08-16 18:00:00,2026-08-19 00:00:00,NBS,80,64,300,0,2.0,3.0,0.0,0.0,,3.0,,3.0,-88,100,25,6,0,0,0,0,0,0.0,94,0.0,50,KNYC,0.0,18,30,4,15,85.0,2.0,2,4,17,3,1,0,2,73,
2026-08-16 18:00:00,2026-08-19 03:00:00,NBS,77,64,320,0,,,,,,,,,-88,100,9,5,0,0,0,0,0,,100,,-88,KNYC,,6,34,6,0,,,2,4,7,3,2,0,2,71,
2026-08-16 18:00:00,2026-08-19 06:00:00,NBS,74,64,320,0,1.0,,0.0,,,3.0,,,-88,100,3,4,0,0,0,0,0,0.0,100,0.0,-88,KNYC,,6,35,6,0,,,2,3,4,2,2,0,2,70,
2026-08-16 18:00:00,2026-08-19 09:00:00,NBS,71,64,320,0,,,,,,,,,-88,100,5,4,0,0,0,0,0,,110,,60,KNYC,,4,34,5,0,,,2,3,7,2,2,4,1,68,
2026-08-16 18:00:00,2026-08-19 12:00:00,NBS,73,64,310,0,0.0,1.0,0.0,0.0,,1.0,,3.0,-88,100,5,3,0,0,0,0,0,0.0,110,0.0,180,KNYC,0.0,7,33,4,4,69.0,2.0,2,3,7,2,0,1,1,70,
2026-08-16 18:00:00,2026-08-19 15:00:00,NBS,82,63,240,0,,,,,,,,,-88,100,5,6,0,0,0,0,0,,110,,160,KNYC,,43,25,7,55,,,2,3,6,3,0,0,2,77,
2026-08-16 18:00:00,2026-08-19 18:00:00,NBS,87,63,240,4,0.0,,0.0,,,1.0,,,-88,100,6,11,0,0,0,0,1,0.0,110,0.0,60,KNYC,,67,26,10,70,,,2,3,7,3,0,0,2,81,
2026-08-17 00:00:00,2026-08-17 06:00:00,NBS,72,66,160,7,83.0,,12.0,,3.0,19.0,,,22,100,86,16,12,0,0,0,88,0.0,140,0.0,22,KNYC,,6,17,14,0,,,2,2,12,3,0,0,1,69,3/19
2026-08-17 00:00:00,2026-08-17 09:00:00,NBS,72,69,150,6,,,,,,,,,7,50,89,13,13,0,0,0,84,,150,,7,KNYC,,5,17,11,0,,,2,2,9,3,44,4,2,70,
2026-08-17 00:00:00,2026-08-17 12:00:00,NBS,73,71,270,3,92.0,97.0,25.0,37.0,,21.0,,22.0,4,20,85,8,9,0,0,0,36,0.0,150,0.0,4,KNYC,12.0,10,28,6,4,69.0,2.0,1,2,11,3,67,30,2,72,
2026-08-17 00:00:00,2026-08-17 15:00:00,NBS,77,72,330,3,,,,,,,,,6,50,61,8,5,0,0,0,9,,140,,6,KNYC,,20,33,9,38,,,2,2,26,4,50,13,3,77,
2026-08-17 00:00:00,2026-08-17 18:00:00,NBS,81,73,330,2,27.0,,1.0,,,8.0,,,18,100,50,9,4,0,0,0,11,0.0,140,0.0,18,KNYC,,39,33,9,62,,,3,2,37,3,6,0,2,81,
2026-08-17 00:00:00,2026-08-17 21:00:00,NBS,83,73,320,0,,,,,,,,,27,100,60,7,9,0,0,0,2,,130,,27,KNYC,,38,31,8,41,,,3,2,34,3,6,0,2,79,
2026-08-17 00:00:00,2026-08-18 00:00:00,NBS,79,72,310,0,12.0,35.0,0.0,1.0,,18.0,,18.0,35,100,72,4,14,0,0,0,17,0.0,130,0.0,35,KNYC,1.0,6,34,4,4,83.0,3.0,2,2,27,3,7,5,1,76,
2026-08-17 00:00:00,2026-08-18 03:00:00,NBS,77,72,360,0,,,,,,,,,35,90,61,4,12,0,0,0,9,,140,,35,KNYC,,5,1,4,0,,,2,2,23,3,10,5,1,74,
2026-08-17 00:00:00,2026-08-18 06:00:00,NBS,75,71,350,0,24.0,,4.0,,,18.0,,,18,80,42,4,6,0,0,0,8,0.0,130,0.0,18,KNYC,,5,0,4,0,,,2,2,29,3,19,9,2,73,
2026-08-17 00:00:00,2026-08-18 09:00:00,NBS,73,70,360,0,,,,,,,,,13,70,31,5,3,0,0,0,19,,120,,13,KNYC,,6,36,7,0,,,1,3,28,3,24,12,2,72,
2026-08-17 00:00:00,2026-08-18 12:00:00,NBS,74,70,360,3,10.0,32.0,0.0,4.0,,5.0,,18.0,22,100,37,8,1,0,0,0,4,0.0,110,0.0,22,KNYC,0.0,13,36,10,14,71.0,2.0,1,2,36,3,13,2,2,72,
2026-08-17 00:00:00,2026-08-18 15:00:00,NBS,80,69,350,3,,,,,,,,,-88,100,26,8,1,0,0,0,5,,110,,27,KNYC,,33,34,6,54,,,2,2,20,3,2,0,2,78,
2026-08-17 00:00:00,2026-08-18 18:00:00,NBS,84,68,320,0,3.0,,0.0,,,2.0,,,-88,100,33,7,0,0,0,0,5,0.0,100,0.0,20,KNYC,,56,31,7,67,,,2,3,31,3,0,0,2,81,
2026-08-17 00:00:00,2026-08-18 21:00:00,NBS,85,66,290,0,,,,,,,,,-88,100,20,8,0,0,0,0,5,,95,,22,KNYC,,64,30,8,42,,,2,4,23,3,1,0,2,77,
2026-08-17 00:00:00,2026-08-19 00:00:00,NBS,80,65,320,0,3.0,6.0,0.0,0.0,,3.0,,3.0,-88,100,19,6,0,0,0,0,0,0.0,96,0.0,36,KNYC,0.0,14,34,6,15,86.0,2.0,2,4,17,3,1,0,2,73,
2026-08-17 00:00:00,2026-08-19 03:00:00,NBS,77,65,330,0,,,,,,,,,-88,100,11,5,0,0,0,0,0,,97,,-88,KNYC,,9,35,7,0,,,2,4,9,3,0,0,2,72,
2026-08-17 00:00:00,2026-08-19 06:00:00,NBS,74,64,320,0,0.0,,0.0,,,1.0,,,-88,100,3,5,0,0,0,0,0,0.0,97,0.0,39,KNYC,,6,35,6,0,,,2,4,3,2,2,0,2,70,
2026-08-17 00:00:00,2026-08-19 09:00:00,NBS,71,63,320,0,,,,,,,,,-88,100,4,5,0,0,0,0,0,,100,,280,KNYC,,6,34,5,0,,,2,3,6,2,2,3,2,68,
2026-08-17 00:00:00,2026-08-19 12:00:00,NBS,73,64,310,0,0.0,1.0,0.0,0.0,,1.0,,1.0,-88,100,4,3,0,0,0,0,0,0.0,100,0.0,260,KNYC,0.0,7,32,3,3,69.0,2.0,2,3,6,2,2,2,1,70,
2026-08-17 00:00:00,2026-08-19 15:00:00,NBS,82,63,260,0,,,,,,,,,-88,100,4,6,0,0,0,0,0,,110,,40,KNYC,,53,26,8,55,,,2,3,5,3,0,0,2,77,
2026-08-17 00:00:00,2026-08-19 18:00:00,NBS,86,62,240,3,0.0,,0.0,,,1.0,,,-88,100,3,11,0,0,0,0,0,0.0,120,0.0,150,KNYC,,70,26,11,70,,,2,3,5,3,0,0,2,80,
2026-08-17 00:00:00,2026-08-19 21:00:00,NBS,87,63,230,4,,,,,,,,,-88,100,18,13,1,0,0,0,1,,120,,60,KNYC,,64,25,10,69,,,2,3,22,3,2,0,2,78,
2026-08-17 00:00:00,2026-08-20 00:00:00,NBS,81,64,230,0,0.0,0.0,0.0,0.0,,3.0,,4.0,-88,100,29,9,2,0,0,0,2,0.0,120,0.0,60,KNYC,0.0,13,22,9,44,87.0,3.0,2,3,19,3,2,0,2,73,
2026-08-17 06:00:00,2026-08-17 12:00:00,NBS,73,72,350,3,94.0,,24.0,,5.0,16.0,5.0,,6,30,85,7,9,0,0,0,38,0.0,150,0.0,6,KNYC,,12,20,5,7,,,1,2,15,3,48,22,2,73,5/16
2026-08-17 06:00:00,2026-08-17 15:00:00,NBS,78,72,340,3,,,,,,,,,9,100,67,9,5,0,0,0,15,,140,,9,KNYC,,22,34,7,49,,,2,2,33,3,30,7,2,77,
2026-08-17 06:00:00,2026-08-17 18:00:00,NBS,82,73,350,1,12.0,,1.0,,,9.0,,,27,100,60,9,4,0,0,0,15,0.0,140,0.0,27,KNYC,,38,33,7,66,,,3,2,30,3,3,0,2,81,
2026-08-17 06:00:00,2026-08-17 21:00:00,NBS,84,73,320,0,,,,,,,,,35,100,64,7,10,0,0,0,7,,140,,35,KNYC,,40,31,7,35,,,3,2,29,3,0,0,2,79,
2026-08-17 06:00:00,2026-08-18 00:00:00,NBS,80,72,20,0,12.0,21.0,0.0,1.0,,22.0,,22.0,45,100,51,5,17,0,0,0,9,0.0,140,0.0,42,KNYC,0.0,7,35,4,6,84.0,3.0,3,2,33,3,2,4,1,75,
2026-08-17 06:00:00,2026-08-18 03:00:00,NBS,78,72,30,0,,,,,,,,,45,90,69,4,15,0,0,0,12,,130,,41,KNYC,,5,1,4,0,,,2,2,31,3,6,6,2,75,
2026-08-17 06:00:00,2026-08-18 06:00:00,NBS,76,72,10,0,16.0,,0.0,,,21.0,,,27,50,28,5,8,0,0,0,1,0.0,130,0.0,27,KNYC,,5,1,5,0,,,2,2,28,3,15,13,2,74,
2026-08-17 06:00:00,2026-08-18 09:00:00,NBS,74,70,360,3,,,,,,,,,11,50,31,6,4,0,0,0,4,,120,,11,KNYC,,5,0,7,0,,,2,2,33,3,25,16,2,72,
2026-08-17 06:00:00,2026-08-18 12:00:00,NBS,74,70,360,3,3.0,16.0,0.0,0.0,,7.0,,21.0,35,100,38,8,3,0,0,0,4,0.0,110,0.0,35,KNYC,2.0,13,0,9,12,72.0,2.0,1,2,31,3,10,4,2,72,
2026-08-17 06:00:00,2026-08-18 15:00:00,NBS,80,69,360,3,,,,,,,,,-88,100,46,7,2,0,0,0,4,,100,,45,KNYC,,30,35,7,58,,,2,2,34,3,0,0,2,78,
2026-08-17 06:00:00,2026-08-18 18:00:00,NBS,85,67,340,0,4.0,,0.0,,,3.0,,,-88,100,32,8,1,0,0,0,4,0.0,99,0.0,170,KNYC,,52,32,7,74,,,2,3,28,2,0,0,2,81,
2026-08-17 06:00:00,2026-08-18 21:00:00,NBS,85,66,330,0,,,,,,,,,-88,100,40,9,1,0,0,0,0,,95,,34,KNYC,,58,31,7,42,,,2,4,33,3,2,0,2,78,
2026-08-17 06:00:00,2026-08-19 00:00:00,NBS,81,65,330,0,5.0,7.0,0.0,0.0,,3.0,,5.0,-88,100,32,6,0,0,0,0,0,0.0,95,0.0,18,KNYC,0.0,11,34,5,11,86.0,2.0,2,4,35,3,0,0,2,73,
2026-08-17 06:00:00,2026-08-19 03:00:00,NBS,77,65,330,0,,,,,,,,,-88,100,17,5,0,0,0,0,0,,95,,23,KNYC,,10,0,5,0,,,2,4,17,3,1,0,2,72,
2026-08-17 06:00:00,2026-08-19 06:00:00,NBS,74,64,350,0,1.0,,0.0,,,2.0,,,-88,100,15,5,0,0,0,0,0,0.0,97,0.0,36,KNYC,,6,36,5,0,,,2,4,26,2,2,0,2,70,
2026-08-17 06:00:00,2026-08-19 09:00:00,NBS,71,63,340,0,,,,,,,,,-88,100,13,4,0,0,0,0,0,,98,,140,KNYC,,5,1,5,0,,,2,3,13,2,3,4,1,67,
2026-08-17 06:00:00,2026-08-19 12:00:00,NBS,73,64,330,0,0.0,1.0,0.0,0.0,,1.0,,2.0,-88,100,11,3,0,0,0,0,0,0.0,100,0.0,100,KNYC,0.0,9,1,4,12,70.0,2.0,2,3,15,2,1,2,1,70,
2026-08-17 06:00:00,2026-08-19 15:00:00,NBS,82,63,250,0,,,,,,,,,-88,100,7,6,0,0,0,0,0,,110,,220,KNYC,,43,24,8,55,,,2,3,19,3,0,0,2,77,
2026-08-17 06:00:00,2026-08-19 18:00:00,NBS,86,62,240,3,0.0,,0.0,,,1.0,,,-88,100,9,11,0,0,0,0,0,0.0,110,0.0,100,KNYC,,65,25,11,70,,,2,3,24,3,1,0,2,80,
2026-08-17 06:00:00,2026-08-19 21:00:00,NBS,87,63,230,5,,,,,,,,,-88,100,26,14,2,0,0,0,1,,120,,90,KNYC,,56,24,10,65,,,2,3,13,3,3,0,2,78,
2026-08-17 06:00:00,2026-08-20 00:00:00,NBS,82,64,230,2,0.0,0.0,0.0,0.0,,5.0,,5.0,-88,100,39,10,3,0,0,0,1,0.0,120,0.0,80,KNYC,0.0,16,22,7,40,87.0,2.0,2,2,22,3,3,0,2,74,
2026-08-17 06:00:00,2026-08-20 03:00:00,NBS,79,65,260,2,,,,,,,,,-88,100,39,7,3,0,0,0,1,,120,,90,KNYC,,10,26,7,0,,,2,2,27,3,5,0,2,72,
2026-08-17 06:00:00,2026-08-20 06:00:00,NBS,76,65,270,2,1.0,,0.0,,,5.0,,,-88,100,26,6,2,0,0,0,3,0.0,120,0.0,70,KNYC,,8,26,6,0,,,2,2,26,2,2,0,2,70,
2026-08-17 12:00:00,2026-08-17 18:00:00,NBS,82,73,350,2,6.0,,0.0,,5.0,7.0,,,27,100,54,9,4,0,0,0,6,0.0,140,0.0,27,KNYC,,37,34,7,68,,,3,2,30,2,7,4,2,81,5/7
2026-08-17 12:00:00,2026-08-17 21:00:00,NBS,84,73,350,0,,,,,,,,,35,100,56,7,9,0,0,0,1,,140,,35,KNYC,,41,34,7,44,,,3,2,37,3,6,6,2,80,
2026-08-17 12:00:00,2026-08-18 00:00:00,NBS,80,72,50,0,7.0,12.0,0.0,0.0,,21.0,,21.0,45,100,63,5,16,0,0,0,8,0.0,140,0.0,45,KNYC,0.0,10,5,6,6,84.0,3.0,3,2,21,2,5,9,1,76,
2026-08-17 12:00:00,2026-08-18 03:00:00,NBS,78,73,40,0,,,,,,,,,22,50,72,4,12,0,0,0,13,,140,,22,KNYC,,13,5,3,0,,,2,2,28,3,11,13,1,75,
2026-08-17 12:00:00,2026-08-18 06:00:00,NBS,76,72,350,0,17.0,,0.0,,,18.0,,,8,8,42,4,6,0,0,0,11,0.0,130,0.0,8,KNYC,,12,35,4,0,,,2,2,31,3,25,21,2,74,
2026-08-17 12:00:00,2026-08-18 09:00:00,NBS,74,71,360,2,,,,,,,,,11,80,57,6,2,0,0,0,4,,120,,11,KNYC,,6,36,7,0,,,1,2,35,3,25,11,2,73,
2026-08-17 12:00:00,2026-08-18 12:00:00,NBS,75,70,360,4,5.0,18.0,0.0,0.0,,4.0,,18.0,27,100,15,8,1,0,0,0,0,0.0,110,0.0,27,KNYC,1.0,13,36,9,18,72.0,2.0,1,2,24,3,13,9,2,73,
2026-08-17 12:00:00,2026-08-18 15:00:00,NBS,80,70,360,2,,,,,,,,,45,100,48,7,1,0,0,0,0,,100,,40,KNYC,,34,34,6,61,,,2,2,36,3,5,1,2,78,
2026-08-17 12:00:00,2026-08-18 18:00:00,NBS,85,67,340,0,2.0,,0.0,,,3.0,,,-88,100,37,8,1,0,0,0,4,0.0,100,0.0,90,KNYC,,51,30,6,77,,,2,4,35,2,1,0,2,81,
2026-08-17 12:00:00,2026-08-18 21:00:00,NBS,86,66,310,0,,,,,,,,,-88,100,19,9,1,0,0,0,4,,98,,50,KNYC,,59,30,8,52,,,2,4,14,3,1,0,2,78,
2026-08-17 12:00:00,2026-08-19 00:00:00,NBS,80,65,340,0,12.0,14.0,2.0,2.0,,4.0,,4.0,-88,100,21,5,0,0,0,0,4,0.0,96,0.0,42,KNYC,0.0,8,34,6,11,86.0,2.0,2,4,31,3,0,0,2,73,
2026-08-17 12:00:00,2026-08-19 03:00:00,NBS,77,66,330,0,,,,,,,,,-88,100,37,5,0,0,0,0,0,,96,,90,KNYC,,11,35,5,0,,,2,4,26,2,2,0,2,72,
2026-08-17 12:00:00,2026-08-19 06:00:00,NBS,74,65,340,0,8.0,,0.0,,,1.0,,,-88,100,11,5,0,0,0,0,0,0.0,100,0.0,130,KNYC,,6,36,5,0,,,2,4,23,2,3,1,1,70,
2026-08-17 12:00:00,2026-08-19 09:00:00,NBS,72,64,350,0,,,,,,,,,-88,100,2,4,0,0,0,0,5,,100,,170,KNYC,,7,1,4,0,,,2,3,3,2,4,5,1,68,
2026-08-17 12:00:00,2026-08-19 12:00:00,NBS,73,64,340,0,1.0,8.0,0.0,0.0,,1.0,,1.0,-88,100,6,3,0,0,0,0,5,0.0,100,0.0,220,KNYC,0.0,10,1,3,19,70.0,2.0,2,3,6,2,3,4,1,70,
2026-08-17 12:00:00,2026-08-19 15:00:00,NBS,82,64,260,0,,,,,,,,,-88,100,5,6,0,0,0,0,0,,110,,200,KNYC,,46,26,8,67,,,2,3,5,3,0,0,2,78,
2026-08-17 12:00:00,2026-08-19 18:00:00,NBS,86,63,250,4,0.0,,0.0,,,1.0,,,-88,100,7,12,0,0,0,0,0,0.0,110,0.0,160,KNYC,,61,26,11,79,,,2,3,11,3,1,0,2,81,
2026-08-17 12:00:00,2026-08-19 21:00:00,NBS,87,64,230,5,,,,,,,,,-88,100,26,14,1,0,0,0,0,,120,,80,KNYC,,62,25,10,67,,,2,3,24,3,2,0,2,77,
2026-08-17 12:00:00,2026-08-20 00:00:00,NBS,82,64,240,3,0.0,0.0,0.0,0.0,,3.0,,3.0,-88,100,39,10,2,0,0,0,0,0.0,120,0.0,120,KNYC,0.0,8,22,6,41,87.0,2.0,2,2,24,3,2,0,2,74,
2026-08-17 12:00:00,2026-08-20 03:00:00,NBS,79,65,250,0,,,,,,,,,-88,100,41,7,2,0,0,0,1,,120,,70,KNYC,,6,24,5,0,,,2,2,34,3,3,0,2,73,
2026-08-17 12:00:00,2026-08-20 06:00:00,NBS,76,66,260,1,1.0,,0.0,,,4.0,,,-88,100,22,6,2,0,0,0,3,0.0,120,0.0,70,KNYC,,4,23,6,0,,,2,2,23,2,5,0,2,72,
2026-08-17 12:00:00,2026-08-20 09:00:00,NBS,74,66,280,2,,,,,,,,,-88,100,22,6,2,0,0,0,12,,120,,60,KNYC,,6,25,5,0,,,2,2,23,2,3,0,2,70,
2026-08-17 12:00:00,2026-08-20 12:00:00,NBS,74,66,320,0,6.0,8.0,0.0,0.0,,5.0,,8.0,-88,100,32,5,3,0,0,0,18,0.0,120,0.0,100,KNYC,0.0,12,31,5,2,72.0,2.0,2,3,22,3,7,0,2,71,
2026-08-17 18:00:00,2026-08-18 00:00:00,NBS,80,72,60,0,7.0,,0.0,,13.0,18.0,9.0,,27,100,64,4,14,0,0,0,5,0.0,140,0.0,27,KNYC,,8,7,6,7,,,2,2,30,2,6,3,1,76,13/18
2026-08-17 18:00:00,2026-08-18 03:00:00,NBS,77,73,60,0,,,,,,,,,27,100,74,3,14,0,0,0,5,,140,,27,KNYC,,4,8,4,0,,,2,2,31,2,5,5,1,75,
2026-08-17 18:00:00,2026-08-18 06:00:00,NBS,76,72,20,0,21.0,,6.0,,,23.0,,,7,60,65,4,9,0,0,0,5,0.0,130,0.0,7,KNYC,,5,6,4,0,,,1,2,28,3,32,12,2,73,
2026-08-17 18:00:00,2026-08-18 09:00:00,NBS,74,72,20,0,,,,,,,,,11,60,76,5,3,0,0,0,3,,130,,11,KNYC,,5,1,4,0,,,1,2,27,3,29,13,2,72,
2026-08-17 18:00:00,2026-08-18 12:00:00,NBS,74,71,20,3,11.0,25.0,0.0,6.0,,6.0,,23.0,22,100,80,7,2,0,0,0,10,0.0,120,0.0,13,KNYC,0.0,10,1,4,7,72.0,1.0,1,2,15,3,12,4,2,73,
2026-08-17 18:00:00,2026-08-18 15:00:00,NBS,79,70,350,1,,,,,,,,,22,100,59,7,3,0,0,0,13,,110,,22,KNYC,,25,35,5,35,,,2,3,34,3,8,1,2,77,
2026-08-17 18:00:00,2026-08-18 18:00:00,NBS,84,68,340,0,16.0,,0.0,,,7.0,,,45,100,40,8,3,0,0,0,4,0.0,110,0.0,42,KNYC,,49,30,6,54,,,2,4,26,2,1,0,2,80,
2026-08-17 18:00:00,2026-08-18 21:00:00,NBS,85,66,290,0,,,,,,,,,-88,100,38,9,2,0,0,0,4,,100,,60,KNYC,,50,30,6,36,,,2,4,32,3,0,0,2,77,
2026-08-17 18:00:00,2026-08-19 00:00:00,NBS,80,65,260,0,4.0,16.0,0.0,0.0,,7.0,,10.0,-88,100,23,6,2,0,0,0,4,0.0,100,0.0,90,KNYC,3.0,9,27,4,11,86.0,2.0,2,4,24,3,0,0,2,73,
2026-08-17 18:00:00,2026-08-19 03:00:00,NBS,77,64,10,0,,,,,,,,,-88,100,29,5,3,0,0,0,4,,100,,50,KNYC,,5,1,5,0,,,2,4,32,2,1,1,2,71,
2026-08-17 18:00:00,2026-08-19 06:00:00,NBS,73,64,360,0,4.0,,0.0,,,6.0,,,-88,100,18,5,1,0,0,0,4,0.0,99,0.0,38,KNYC,,4,36,6,0,,,2,4,26,2,4,2,1,70,
2026-08-17 18:00:00,2026-08-19 09:00:00,NBS,71,63,350,0,,,,,,,,,-88,100,21,4,0,0,0,0,0,,98,,30,KNYC,,6,36,4,0,,,2,3,34,2,3,4,1,67,
2026-08-17 18:00:00,2026-08-19 12:00:00,NBS,73,64,350,0,0.0,4.0,0.0,0.0,,1.0,,6.0,-88,100,19,3,0,0,0,0,0,0.0,100,0.0,26,KNYC,0.0,8,34,4,17,69.0,2.0,2,3,23,2,2,2,1,70,
2026-08-17 18:00:00,2026-08-19 15:00:00,NBS,81,63,270,0,,,,,,,,,-88,100,2,6,0,0,0,0,0,,110,,140,KNYC,,45,27,7,70,,,2,3,2,2,0,0,2,76,
2026-08-17 18:00:00,2026-08-19 18:00:00,NBS,85,62,250,4,0.0,,0.0,,,1.0,,,-88,100,10,11,0,0,0,0,0,0.0,120,0.0,210,KNYC,,62,27,10,81,,,2,3,16,2,0,0,2,80,
2026-08-17 18:00:00,2026-08-19 21:00:00,NBS,86,63,230,4,,,,,,,,,-88,100,14,13,1,0,0,0,0,,120,,120,KNYC,,58,26,10,56,,,2,3,14,3,2,0,2,77,
2026-08-17 18:00:00,2026-08-20 00:00:00,NBS,81,64,230,0,0.0,0.0,0.0,0.0,,3.0,,3.0,-88,100,37,8,1,0,0,0,0,0.0,120,0.0,70,KNYC,0.0,13,23,7,21,86.0,2.0,2,3,27,3,2,0,2,73,
2026-08-17 18:00:00,2026-08-20 03:00:00,NBS,78,65,240,0,,,,,,,,,-88,100,30,6,2,0,0,0,0,,120,,90,KNYC,,5,24,6,0,,,2,3,26,3,3,0,2,73,
2026-08-17 18:00:00,2026-08-20 06:00:00,NBS,76,65,280,0,0.0,,0.0,,,4.0,,,-88,100,27,6,3,0,0,0,2,0.0,120,0.0,160,KNYC,,7,30,7,0,,,2,2,22,3,3,0,2,71,
2026-08-17 18:00:00,2026-08-20 09:00:00,NBS,73,65,300,0,,,,,,,,,-88,100,28,6,2,0,0,0,12,,120,,130,KNYC,,7,33,7,0,,,2,3,26,3,0,0,2,69,
2026-08-17 18:00:00,2026-08-20 12:00:00,NBS,74,65,320,0,6.0,6.0,0.0,0.0,,5.0,,9.0,-88,100,32,5,3,0,0,0,17,0.0,120,0.0,60,KNYC,0.0,10,33,7,2,72.0,2.0,2,3,25,3,1,1,2,71,
2026-08-17 18:00:00,2026-08-20 15:00:00,NBS,79,65,320,0,,,,,,,,,-88,100,35,5,5,0,0,0,22,,120,,60,KNYC,,21,30,7,21,,,3,5,31,3,6,0,2,76,
2026-08-17 18:00:00,2026-08-20 18:00:00,NBS,81,65,240,0,21.0,,4.0,,,13.0,,,-88,100,46,7,6,0,0,0,28,0.0,120,0.0,90,KNYC,,37,26,9,51,,,4,6,21,3,3,3,2,78,
2026-08-18 00:00:00,2026-08-18 06:00:00,NBS,75,72,10,0,18.0,,0.0,,25.0,20.0,,,27,100,60,3,9,0,0,0,5,0.0,130,0.0,23,KNYC,,5,9,4,0,,,1,1,18,2,11,8,1,73,25/20
2026-08-18 00:00:00,2026-08-18 09:00:00,NBS,74,71,360,0,,,,,,,,,4,60,78,4,4,0,0,0,11,,130,,4,KNYC,,6,32,2,0,,,1,1,25,3,31,16,2,72,
2026-08-18 00:00:00,2026-08-18 12:00:00,NBS,74,70,10,1,7.0,19.0,0.0,0.0,,9.0,,20.0,22,100,72,5,3,0,0,0,14,0.0,120,0.0,19,KNYC,0.0,9,34,2,11,72.0,1.0,1,2,22,3,13,7,2,73,
2026-08-18 00:00:00,2026-08-18 15:00:00,NBS,79,70,350,0,,,,,,,,,22,100,66,6,2,0,0,0,21,,110,,20,KNYC,,23,33,3,25,,,2,2,30,3,1,0,2,77,
2026-08-18 00:00:00,2026-08-18 18:00:00,NBS,84,68,340,0,18.0,,0.0,,,7.0,,,45,100,32,8,4,0,0,0,14,0.0,110,0.0,29,KNYC,,39,29,4,60,,,2,4,23,2,0,0,2,81,
2026-08-18 00:00:00,2026-08-18 21:00:00,NBS,84,66,270,0,,,,,,,,,-88,100,40,8,3,0,0,0,7,,100,,47,KNYC,,41,27,5,37,,,2,5,34,3,0,0,2,77,
2026-08-18 00:00:00,2026-08-19 00:00:00,NBS,80,65,230,0,12.0,22.0,0.0,0.0,,10.0,,11.0,-88,100,29,5,3,0,0,0,7,0.0,100,0.0,47,KNYC,5.0,8,20,5,11,85.0,2.0,2,4,26,3,1,0,2,73,
2026-08-18 00:00:00,2026-08-19 03:00:00,NBS,76,65,300,0,,,,,,,,,-88,100,20,5,2,0,0,0,4,,99,,48,KNYC,,5,28,5,0,,,2,4,22,2,1,0,2,71,
2026-08-18 00:00:00,2026-08-19 06:00:00,NBS,73,64,350,0,7.0,,0.0,,,5.0,,,-88,100,29,4,1,0,0,0,0,0.0,98,0.0,45,KNYC,,5,34,6,0,,,2,4,28,2,4,1,1,69,
2026-08-18 00:00:00,2026-08-19 09:00:00,NBS,71,63,340,0,,,,,,,,,-88,100,26,4,0,0,0,0,0,,99,,60,KNYC,,5,34,6,0,,,2,4,34,2,5,4,1,68,
2026-08-18 00:00:00,2026-08-19 12:00:00,NBS,73,63,330,0,0.0,7.0,0.0,0.0,,1.0,,5.0,-88,100,9,3,0,0,0,0,0,0.0,100,0.0,80,KNYC,0.0,8,32,5,18,69.0,2.0,2,3,23,2,3,1,1,70,
2026-08-18 00:00:00,2026-08-19 15:00:00,NBS,81,62,280,0,,,,,,,,,-88,100,3,6,0,0,0,0,0,,110,,120,KNYC,,45,27,7,72,,,2,3,3,2,2,0,2,76,
2026-08-18 00:00:00,2026-08-19 18:00:00,NBS,85,61,260,3,0.0,,0.0,,,1.0,,,-88,100,10,10,0,0,0,0,0,0.0,120,0.0,70,KNYC,,62,27,9,82,,,2,3,15,3,2,0,2,79,
2026-08-18 00:00:00,2026-08-19 21:00:00,NBS,86,62,240,4,,,,,,,,,-88,100,11,12,1,0,0,0,0,,120,,50,KNYC,,61,26,9,53,,,2,3,29,3,2,0,2,77,
2026-08-18 00:00:00,2026-08-20 00:00:00,NBS,81,64,240,0,0.0,0.0,0.0,0.0,,2.0,,2.0,-88,100,31,8,1,0,0,0,0,0.0,120,0.0,110,KNYC,0.0,16,25,7,14,87.0,2.0,2,3,27,3,0,0,2,73,
2026-08-18 00:00:00,2026-08-20 03:00:00,NBS,78,65,250,0,,,,,,,,,-88,100,25,6,1,0,0,0,1,,120,,90,KNYC,,6,24,5,0,,,2,3,26,3,3,0,2,72,
2026-08-18 00:00:00,2026-08-20 06:00:00,NBS,76,65,270,0,0.0,,0.0,,,3.0,,,-88,100,26,6,2,0,0,0,2,0.0,110,0.0,60,KNYC,,6,26,7,0,,,2,2,22,3,3,0,2,71,
2026-08-18 00:00:00,2026-08-20 09:00:00,NBS,73,65,300,0,,,,,,,,,-88,100,32,5,3,0,0,0,8,,120,,60,KNYC,,7,28,5,0,,,2,2,26,3,0,0,2,69,
2026-08-18 00:00:00,2026-08-20 12:00:00,NBS,74,65,340,0,6.0,7.0,0.0,0.0,,5.0,,8.0,-88,100,41,5,3,0,0,0,19,0.0,120,0.0,50,KNYC,0.0,8,28,4,0,72.0,2.0,2,3,24,3,2,0,2,70,
2026-08-18 00:00:00,2026-08-20 15:00:00,NBS,78,65,340,0,,,,,,,,,-88,100,54,5,4,0,0,0,26,,120,,50,KNYC,,25,25,7,15,,,4,4,35,3,5,1,2,75,
2026-08-18 00:00:00,2026-08-20 18:00:00,NBS,80,66,220,0,34.0,,6.0,,,10.0,,,-88,100,53,7,5,0,0,0,45,0.0,120,0.0,70,KNYC,,40,24,8,35,,,5,5,27,3,3,2,2,77,
2026-08-18 00:00:00,2026-08-20 21:00:00,NBS,80,66,190,0,,,,,,,,,80,100,64,7,12,0,0,0,41,,130,,49,KNYC,,33,22,8,49,,,4,5,22,3,4,3,2,75,
2026-08-18 00:00:00,2026-08-21 00:00:00,NBS,77,66,150,0,47.0,57.0,5.0,11.0,,25.0,,25.0,38,100,74,5,14,0,0,0,55,0.0,120,0.0,35,KNYC,3.0,11,19,6,27,81.0,3.0,3,4,24,3,4,3,2,72,
2026-08-18 06:00:00,2026-08-18 12:00:00,NBS,74,71,350,0,17.0,,0.0,,9.0,12.0,20.0,,22,100,62,4,4,0,0,0,28,0.0,120,0.0,22,KNYC,,11,36,4,18,,,1,1,38,3,10,5,2,73,9/12
2026-08-18 06:00:00,2026-08-18 15:00:00,NBS,79,70,360,0,,,,,,,,,27,100,69,6,3,0,0,0,6,,120,,27,KNYC,,27,36,4,49,,,2,2,28,3,0,0,2,77,
2026-08-18 06:00:00,2026-08-18 18:00:00,NBS,83,69,270,0,14.0,,0.0,,,8.0,,,45,100,49,8,3,0,0,0,3,0.0,110,0.0,43,KNYC,,46,28,4,61,,,2,3,26,2,0,0,2,80,
2026-08-18 06:00:00,2026-08-18 21:00:00,NBS,84,67,220,0,,,,,,,,,70,100,59,8,4,0,0,0,25,,110,,43,KNYC,,34,25,5,21,,,2,4,29,3,0,0,2,78,
2026-08-18 06:00:00,2026-08-19 00:00:00,NBS,80,66,170,0,19.0,32.0,10.0,10.0,,11.0,,12.0,-88,100,36,6,3,0,0,0,9,0.0,110,0.0,39,KNYC,3.0,7,18,5,6,85.0,2.0,2,4,26,2,1,0,1,74,
2026-08-18 06:00:00,2026-08-19 03:00:00,NBS,77,66,210,0,,,,,,,,,-88,100,51,5,1,0,0,0,19,,100,,60,KNYC,,5,23,5,0,,,1,4,28,3,2,0,2,72,
2026-08-18 06:00:00,2026-08-19 06:00:00,NBS,74,65,300,0,5.0,,0.0,,,5.0,,,-88,100,16,5,1,0,0,0,0,0.0,100,0.0,50,KNYC,,4,33,5,0,,,2,4,21,2,3,5,2,70,
2026-08-18 06:00:00,2026-08-19 09:00:00,NBS,71,63,330,0,,,,,,,,,-88,100,39,5,0,0,0,0,0,,99,,16,KNYC,,4,34,6,0,,,2,3,37,2,6,6,2,68,
2026-08-18 06:00:00,2026-08-19 12:00:00,NBS,73,63,330,0,0.0,5.0,0.0,0.0,,2.0,,5.0,-88,100,5,3,0,0,0,0,0,0.0,100,0.0,140,KNYC,2.0,6,33,4,19,70.0,2.0,1,3,12,2,0,0,1,70,
2026-08-18 06:00:00,2026-08-19 15:00:00,NBS,81,62,280,0,,,,,,,,,-88,100,5,6,0,0,0,0,0,,100,,120,KNYC,,45,28,7,71,,,2,3,5,3,0,0,2,76,
2026-08-18 06:00:00,2026-08-19 18:00:00,NBS,85,61,250,3,1.0,,0.0,,,1.0,,,-88,100,10,10,0,0,0,0,0,0.0,120,0.0,140,KNYC,,60,27,9,81,,,2,3,17,3,0,0,2,79,
2026-08-18 06:00:00,2026-08-19 21:00:00,NBS,86,62,250,4,,,,,,,,,-88,100,21,12,1,0,0,0,0,,120,,60,KNYC,,60,27,9,51,,,1,3,29,3,2,0,2,77,
2026-08-18 06:00:00,2026-08-20 00:00:00,NBS,81,64,250,0,0.0,1.0,0.0,0.0,,3.0,,3.0,-88,100,23,8,1,0,0,0,0,0.0,120,0.0,60,KNYC,0.0,8,25,7,10,87.0,2.0,2,3,25,3,1,0,2,73,
2026-08-18 06:00:00,2026-08-20 03:00:00,NBS,78,65,230,0,,,,,,,,,-88,100,24,6,1,0,0,0,0,,120,,80,KNYC,,8,24,6,0,,,2,3,23,2,3,0,2,72,
2026-08-18 06:00:00,2026-08-20 06:00:00,NBS,75,65,260,0,0.0,,0.0,,,3.0,,,-88,100,18,6,1,0,0,0,1,0.0,120,0.0,130,KNYC,,6,29,7,0,,,1,2,36,2,4,0,2,71,
2026-08-18 06:00:00,2026-08-20 09:00:00,NBS,73,65,300,0,,,,,,,,,-88,100,26,6,3,0,0,0,3,,120,,60,KNYC,,6,29,5,0,,,1,3,23,2,1,0,2,69,
2026-08-18 06:00:00,2026-08-20 12:00:00,NBS,74,65,330,0,4.0,5.0,0.0,0.0,,5.0,,8.0,-88,100,33,6,3,0,0,0,4,0.0,120,0.0,100,KNYC,0.0,11,31,5,14,71.0,2.0,2,3,28,3,3,3,2,70,
2026-08-18 06:00:00,2026-08-20 15:00:00,NBS,78,64,340,0,,,,,,,,,48,100,49,6,5,0,0,0,28,,130,,48,KNYC,,20,29,5,10,,,3,4,33,3,15,9,2,75,
2026-08-18 06:00:00,2026-08-20 18:00:00,NBS,80,64,350,0,19.0,,2.0,,,12.0,,,23,100,60,8,7,0,0,0,38,0.0,130,0.0,23,KNYC,,25,35,7,12,,,5,6,22,3,10,6,2,77,
2026-08-18 06:00:00,2026-08-20 21:00:00,NBS,79,66,360,0,,,,,,,,,39,100,76,7,13,0,0,0,47,,130,,21,KNYC,,20,1,10,12,,,5,6,18,4,7,4,2,73,
2026-08-18 06:00:00,2026-08-21 00:00:00,NBS,76,66,10,0,59.0,64.0,11.0,13.0,,20.0,,20.0,100,100,75,5,11,0,0,0,61,0.0,130,0.0,41,KNYC,3.0,12,2,7,9,81.0,4.0,4,5,26,4,4,1,2,71,
2026-08-18 06:00:00,2026-08-21 03:00:00,NBS,74,66,10,0,,,,,,,,,-88,100,64,4,5,0,0,0,41,,120,,150,KNYC,,8,2,5,0,,,3,5,25,3,2,2,2,70,
2026-08-18 06:00:00,2026-08-21 06:00:00,NBS,72,64,10,0,36.0,,9.0,,,9.0,,,-88,100,48,5,2,0,0,0,40,0.0,120,0.0,170,KNYC,,8,0,7,0,,,2,5,31,4,2,0,2,68,
2026-08-18 12:00:00,2026-08-18 18:00:00,NBS,83,70,20,0,11.0,,0.0,,6.0,8.0,,,35,100,59,6,3,0,0,0,4,0.0,110,0.0,35,KNYC,,43,33,4,64,,,3,3,32,2,0,2,1,80,6/8
2026-08-18 12:00:00,2026-08-18 21:00:00,NBS,84,69,180,0,,,,,,,,,-88,100,55,7,5,0,0,0,18,,110,,50,KNYC,,28,20,5,24,,,2,4,30,3,0,4,2,78,
2026-08-18 12:00:00,2026-08-19 00:00:00,NBS,79,68,170,0,29.0,41.0,10.0,10.0,,12.0,,12.0,-88,100,24,6,2,0,0,0,6,0.0,110,0.0,70,KNYC,4.0,7,18,6,3,84.0,2.0,2,4,28,3,0,2,1,74,
2026-08-18 12:00:00,2026-08-19 03:00:00,NBS,76,68,190,0,,,,,,,,,-88,100,45,5,1,0,0,0,5,,100,,60,KNYC,,4,20,4,0,,,1,5,29,3,0,0,2,73,
2026-08-18 12:00:00,2026-08-19 06:00:00,NBS,74,66,270,0,18.0,,3.0,,,6.0,,,-88,100,24,5,1,0,0,0,18,0.0,100,0.0,12,KNYC,,4,29,4,0,,,2,4,26,2,2,2,2,71,
2026-08-18 12:00:00,2026-08-19 09:00:00,NBS,71,64,340,0,,,,,,,,,-88,100,46,5,1,0,0,0,0,,100,,17,KNYC,,5,34,4,0,,,2,4,34,2,3,4,2,68,
2026-08-18 12:00:00,2026-08-19 12:00:00,NBS,73,64,320,0,2.0,18.0,0.0,3.0,,3.0,,6.0,-88,100,10,3,0,0,0,0,0,0.0,100,0.0,110,KNYC,0.0,9,33,4,18,70.0,2.0,2,3,19,2,2,6,1,70,
2026-08-18 12:00:00,2026-08-19 15:00:00,NBS,81,63,260,0,,,,,,,,,-88,100,4,6,0,0,0,0,0,,100,,200,KNYC,,41,26,6,68,,,2,3,5,2,0,1,2,77,
2026-08-18 12:00:00,2026-08-19 18:00:00,NBS,85,61,250,3,1.0,,0.0,,,1.0,,,-88,100,9,10,0,0,0,0,0,0.0,120,0.0,120,KNYC,,65,27,10,77,,,2,3,17,3,0,0,2,79,
2026-08-18 12:00:00,2026-08-19 21:00:00,NBS,86,61,260,3,,,,,,,,,-88,100,29,11,1,0,0,0,0,,120,,150,KNYC,,58,26,10,45,,,1,3,30,3,1,0,2,77,
2026-08-18 12:00:00,2026-08-20 00:00:00,NBS,81,64,250,0,3.0,1.0,0.0,0.0,,3.0,,3.0,-88,100,24,8,2,0,0,0,0,0.0,120,0.0,220,KNYC,0.0,8,25,7,10,87.0,2.0,2,3,18,3,1,0,2,73,
2026-08-18 12:00:00,2026-08-20 03:00:00,NBS,78,65,220,0,,,,,,,,,-88,100,18,6,3,0,0,0,0,,110,,110,KNYC,,8,22,6,0,,,2,3,14,2,3,0,2,72,
2026-08-18 12:00:00,2026-08-20 06:00:00,NBS,75,65,250,0,0.0,,0.0,,,6.0,,,-88,100,37,6,2,0,0,0,1,0.0,110,0.0,39,KNYC,,6,30,6,0,,,1,2,33,2,2,0,2,70,
2026-08-18 12:00:00,2026-08-20 09:00:00,NBS,73,65,280,2,,,,,,,,,-88,100,28,6,3,0,0,0,4,,110,,28,KNYC,,7,27,5,0,,,2,2,30,2,2,0,2,70,
2026-08-18 12:00:00,2026-08-20 12:00:00,NBS,74,65,330,0,4.0,5.0,0.0,0.0,,5.0,,8.0,-88,100,32,6,3,0,0,0,4,0.0,120,0.0,45,KNYC,0.0,11,32,6,5,71.0,2.0,2,3,28,3,3,2,2,71,
2026-08-18 12:00:00,2026-08-20 15:00:00,NBS,79,64,350,0,,,,,,,,,48,100,38,5,3,0,0,0,12,,110,,41,KNYC,,27,32,5,38,,,4,4,30,3,6,2,2,76,
2026-08-18 12:00:00,2026-08-20 18:00:00,NBS,81,64,330,0,28.0,,3.0,,,8.0,,,-88,100,52,8,5,0,0,0,18,0.0,120,0.0,38,KNYC,,48,26,6,28,,,5,5,19,3,3,0,2,77,
2026-08-18 12:00:00,2026-08-20 21:00:00,NBS,80,65,320,0,,,,,,,,,80,100,60,8,11,0,0,0,25,,120,,43,KNYC,,31,34,7,50,,,5,6,31,4,4,0,2,74,
2026-08-18 12:00:00,2026-08-21 00:00:00,NBS,76,64,10,0,52.0,53.0,18.0,21.0,,21.0,,21.0,80,100,75,5,11,0,0,0,25,0.0,120,0.0,38,KNYC,4.0,12,7,4,30,81.0,4.0,4,5,17,4,5,0,2,71,
2026-08-18 12:00:00,2026-08-21 03:00:00,NBS,74,64,360,0,,,,,,,,,80,100,60,4,7,0,0,0,23,,120,,34,KNYC,,9,3,4,0,,,3,6,28,3,4,0,2,69,
2026-08-18 12:00:00,2026-08-21 06:00:00,NBS,71,63,10,0,18.0,,4.0,,,13.0,,,-88,100,33,6,6,0,0,0,23,0.0,110,0.0,31,KNYC,,12,3,8,0,,,3,6,31,4,4,0,2,67,
2026-08-18 12:00:00,2026-08-21 09:00:00,NBS,69,61,10,3,,,,,,,,,-88,100,39,8,4,0,0,0,18,,110,,31,KNYC,,12,3,8,0,,,3,6,36,3,3,0,2,65,
2026-08-18 12:00:00,2026-08-21 12:00:00,NBS,70,60,10,4,16.0,26.0,0.0,4.0,,6.0,,13.0,-88,100,37,9,3,0,0,0,18,0.0,110,0.0,41,KNYC,1.0,13,2,9,3,67.0,3.0,2,6,32,3,5,0,2,67,
2026-08-18 18:00:00,2026-08-19 00:00:00,NBS,78,70,180,0,24.0,,5.0,,1.0,13.0,9.0,,-88,100,31,6,4,0,0,0,13,0.0,100,0.0,50,KNYC,,7,18,6,4,,,2,3,20,2,0,0,1,75,1/13
2026-08-18 18:00:00,2026-08-19 03:00:00,NBS,76,70,200,0,,,,,,,,,-88,100,33,5,2,0,0,0,8,,100,,60,KNYC,,4,21,4,0,,,1,4,33,2,0,1,1,73,
2026-08-18 18:00:00,2026-08-19 06:00:00,NBS,74,68,300,0,9.0,,0.0,,,6.0,,,13,100,21,5,1,0,0,0,0,0.0,100,0.0,13,KNYC,,4,30,4,0,,,1,4,25,2,24,2,2,71,
2026-08-18 18:00:00,2026-08-19 09:00:00,NBS,72,66,320,0,,,,,,,,,11,60,42,5,1,0,0,0,0,,110,,10,KNYC,,4,33,4,0,,,2,4,34,2,29,11,2,69,
2026-08-18 18:00:00,2026-08-19 12:00:00,NBS,73,65,290,0,7.0,12.0,0.0,0.0,,3.0,,6.0,11,100,18,4,0,0,0,0,0,0.0,100,0.0,11,KNYC,1.0,9,32,4,17,70.0,2.0,1,4,28,2,26,17,1,70,
2026-08-18 18:00:00,2026-08-19 15:00:00,NBS,81,64,240,0,,,,,,,,,-88,100,14,5,1,0,0,0,0,,100,,200,KNYC,,36,26,6,71,,,2,4,22,2,16,6,2,77,
2026-08-18 18:00:00,2026-08-19 18:00:00,NBS,84,61,240,3,1.0,,0.0,,,1.0,,,-88,100,12,10,1,0,0,0,0,0.0,110,0.0,60,KNYC,,65,26,10,80,,,2,3,11,2,4,1,2,78,
2026-08-18 18:00:00,2026-08-19 21:00:00,NBS,85,62,230,3,,,,,,,,,-88,100,19,11,1,0,0,0,0,,120,,90,KNYC,,60,25,11,51,,,2,3,19,2,4,0,2,76,
2026-08-18 18:00:00,2026-08-20 00:00:00,NBS,81,64,200,0,2.0,1.0,0.0,0.0,,2.0,,3.0,-88,100,26,7,2,0,0,0,0,0.0,120,0.0,180,KNYC,0.0,9,21,6,11,86.0,2.0,2,4,26,2,4,2,2,73,
2026-08-18 18:00:00,2026-08-20 03:00:00,NBS,77,65,220,0,,,,,,,,,-88,100,26,6,1,0,0,0,0,,120,,130,KNYC,,4,23,6,0,,,2,3,20,2,4,4,1,71,
2026-08-18 18:00:00,2026-08-20 06:00:00,NBS,75,64,270,0,1.0,,0.0,,,3.0,,,-88,100,27,6,1,0,0,0,0,0.0,120,0.0,60,KNYC,,5,29,7,0,,,2,3,24,2,5,4,2,70,
2026-08-18 18:00:00,2026-08-20 09:00:00,NBS,73,64,320,0,,,,,,,,,-88,100,41,5,2,0,0,0,1,,110,,37,KNYC,,7,32,6,0,,,2,2,33,2,2,0,2,70,
2026-08-18 18:00:00,2026-08-20 12:00:00,NBS,74,65,340,0,0.0,1.0,0.0,0.0,,4.0,,6.0,36,100,40,5,2,0,0,0,1,0.0,110,0.0,33,KNYC,0.0,11,34,6,9,71.0,2.0,1,3,30,3,6,3,2,71,
2026-08-18 18:00:00,2026-08-20 15:00:00,NBS,79,65,330,0,,,,,,,,,43,100,32,5,3,0,0,0,6,,120,,29,KNYC,,30,28,7,25,,,3,4,17,3,5,2,2,76,
2026-08-18 18:00:00,2026-08-20 18:00:00,NBS,81,65,240,0,4.0,,0.0,,,8.0,,,90,100,69,7,5,0,0,0,16,0.0,130,0.0,49,KNYC,,44,25,8,37,,,4,5,32,3,3,0,2,76,
2026-08-18 18:00:00,2026-08-20 21:00:00,NBS,80,66,330,0,,,,,,,,,-88,100,64,7,10,0,0,0,16,,130,,48,KNYC,,29,26,10,27,,,4,5,34,3,2,0,2,74,
2026-08-18 18:00:00,2026-08-21 00:00:00,NBS,77,65,350,0,49.0,50.0,7.0,7.0,,19.0,,19.0,-88,100,75,5,10,0,0,0,40,0.0,120,0.0,60,KNYC,3.0,12,2,8,16,82.0,3.0,3,5,18,3,2,0,2,71,
2026-08-18 18:00:00,2026-08-21 03:00:00,NBS,74,64,350,0,,,,,,,,,-88,100,45,4,5,0,0,0,23,,120,,17,KNYC,,7,1,7,0,,,2,6,29,4,0,0,2,69,
2026-08-18 18:00:00,2026-08-21 06:00:00,NBS,72,63,0,3,29.0,,1.0,,,9.0,,,-88,100,24,7,2,0,0,0,23,0.0,120,0.0,40,KNYC,,9,1,9,0,,,2,6,23,3,1,0,2,68,
2026-08-18 18:00:00,2026-08-21 09:00:00,NBS,69,59,0,4,,,,,,,,,-88,100,20,9,1,0,0,0,16,,110,,49,KNYC,,10,2,8,0,,,2,6,20,3,2,0,2,64,
2026-08-18 18:00:00,2026-08-21 12:00:00,NBS,70,59,0,4,9.0,32.0,0.0,1.0,,2.0,,9.0,-88,100,18,9,0,0,0,0,16,0.0,110,0.0,60,KNYC,0.0,11,2,8,4,67.0,3.0,2,5,20,3,2,0,2,66,
2026-08-18 18:00:00,2026-08-21 15:00:00,NBS,77,59,30,4,,,,,,,,,-88,100,24,9,0,0,0,0,17,,100,,70,KNYC,,29,3,8,56,,,2,5,23,3,1,0,2,72,
2026-08-18 18:00:00,2026-08-21 18:00:00,NBS,81,59,70,0,11.0,,0.0,,,1.0,,,-88,100,27,7,0,0,0,0,18,0.0,100,0.0,34,KNYC,,48,1,7,71,,,3,6,22,3,0,0,2,76,
2026-08-19 00:00:00,2026-08-19 06:00:00,NBS,74,68,300,0,8.0,,0.0,,1.0,6.0,,,-88,100,8,5,1,0,0,0,0,0.0,100,0.0,140,KNYC,,4,34,6,0,,,1,4,10,2,12,2,1,71,1/6
2026-08-19 00:00:00,2026-08-19 09:00:00,NBS,72,66,320,0,,,,,,,,,-88,100,8,5,1,0,0,0,0,,100,,28,KNYC,,4,36,5,0,,,2,4,20,2,4,3,2,69,
2026-08-19 00:00:00,2026-08-19 12:00:00,NBS,73,65,350,0,6.0,13.0,0.0,0.0,,3.0,,6.0,-88,100,13,4,0,0,0,0,0,0.0,100,0.0,90,KNYC,0.0,6,36,4,23,70.0,2.0,1,3,22,2,0,0,1,70,
2026-08-19 00:00:00,2026-08-19 15:00:00,NBS,81,64,260,0,,,,,,,,,-88,100,3,5,0,0,0,0,0,,99,,200,KNYC,,43,26,6,73,,,2,3,4,2,1,0,2,76,
2026-08-19 00:00:00,2026-08-19 18:00:00,NBS,84,61,250,3,0.0,,0.0,,,0.0,,,-88,100,16,10,0,0,0,0,0,0.0,110,0.0,70,KNYC,,68,27,10,81,,,2,3,22,2,0,0,2,78,
2026-08-19 00:00:00,2026-08-19 21:00:00,NBS,85,62,230,3,,,,,,,,,-88,100,34,11,1,0,0,0,0,,120,,70,KNYC,,61,25,11,51,,,2,3,30,2,2,0,2,76,
2026-08-19 00:00:00,2026-08-20 00:00:00,NBS,81,63,190,0,2.0,0.0,0.0,0.0,,1.0,,1.0,-88,100,40,8,1,0,0,0,0,0.0,120,0.0,130,KNYC,0.0,6,20,7,11,85.0,2.0,2,4,38,2,2,0,2,73,
2026-08-19 00:00:00,2026-08-20 03:00:00,NBS,77,65,200,0,,,,,,,,,-88,100,24,5,1,0,0,0,0,,120,,130,KNYC,,4,22,6,0,,,2,3,25,2,1,0,2,72,
2026-08-19 00:00:00,2026-08-20 06:00:00,NBS,75,65,280,0,2.0,,0.0,,,2.0,,,-88,100,27,6,1,0,0,0,0,0.0,110,0.0,80,KNYC,,4,29,6,0,,,2,3,29,2,1,0,2,70,
2026-08-19 00:00:00,2026-08-20 09:00:00,NBS,73,65,310,0,,,,,,,,,-88,100,30,5,1,0,0,0,1,,110,,70,KNYC,,5,32,6,0,,,2,2,36,2,0,0,2,70,
2026-08-19 00:00:00,2026-08-20 12:00:00,NBS,74,65,360,0,9.0,2.0,0.0,0.0,,3.0,,5.0,-88,100,29,5,2,0,0,0,5,0.0,110,0.0,80,KNYC,0.0,10,35,7,16,71.0,2.0,1,3,37,3,0,0,2,71,
2026-08-19 00:00:00,2026-08-20 15:00:00,NBS,78,65,360,0,,,,,,,,,44,100,32,6,4,0,0,0,11,,130,,27,KNYC,,23,35,7,30,,,3,3,17,3,6,2,2,75,
2026-08-19 00:00:00,2026-08-20 18:00:00,NBS,80,65,360,0,14.0,,0.0,,,10.0,,,-88,100,39,7,6,0,0,0,28,0.0,130,0.0,60,KNYC,,37,15,8,24,,,5,5,16,3,3,0,2,76,
2026-08-19 00:00:00,2026-08-20 21:00:00,NBS,79,65,360,0,,,,,,,,,-88,100,55,8,10,0,0,0,58,,130,,32,KNYC,,33,5,9,6,,,4,6,32,3,2,0,2,73,
2026-08-19 00:00:00,2026-08-21 00:00:00,NBS,76,63,10,0,58.0,61.0,53.0,53.0,,22.0,,22.0,-88,100,95,5,11,0,0,0,58,0.0,120,0.0,50,KNYC,5.0,15,36,9,4,81.0,3.0,3,5,10,3,2,0,1,70,
2026-08-19 00:00:00,2026-08-21 03:00:00,NBS,74,63,350,0,,,,,,,,,-88,100,46,5,6,0,0,0,41,,130,,39,KNYC,,10,1,10,0,,,2,5,35,3,2,0,2,69,
2026-08-19 00:00:00,2026-08-21 06:00:00,NBS,71,62,350,3,9.0,,1.0,,,9.0,,,-88,100,37,7,1,0,0,0,9,0.0,110,0.0,41,KNYC,,9,36,9,0,,,2,6,35,3,1,0,2,67,
2026-08-19 00:00:00,2026-08-21 09:00:00,NBS,69,59,360,4,,,,,,,,,-88,100,29,10,0,0,0,0,1,,100,,130,KNYC,,9,0,10,0,,,2,5,31,3,2,0,2,64,
2026-08-19 00:00:00,2026-08-21 12:00:00,NBS,70,59,10,4,2.0,9.0,0.0,1.0,,1.0,,9.0,-88,100,27,10,0,0,0,0,1,0.0,100,0.0,-88,KNYC,0.0,11,2,10,3,66.0,2.0,2,4,28,3,2,0,1,66,
2026-08-19 00:00:00,2026-08-21 15:00:00,NBS,77,58,20,4,,,,,,,,,-88,100,34,9,0,0,0,0,3,,96,,-88,KNYC,,32,4,9,54,,,2,5,31,3,2,0,2,72,
2026-08-19 00:00:00,2026-08-21 18:00:00,NBS,81,58,60,0,1.0,,0.0,,,1.0,,,-88,100,23,7,0,0,0,0,4,0.0,99,0.0,280,KNYC,,51,3,7,70,,,2,5,20,3,1,0,2,75,
2026-08-19 00:00:00,2026-08-21 21:00:00,NBS,81,59,120,0,,,,,,,,,-88,100,30,7,0,0,0,0,8,,100,,-88,KNYC,,46,5,7,67,,,2,5,17,3,2,0,2,73,
2026-08-19 00:00:00,2026-08-22 00:00:00,NBS,76,60,130,0,3.0,3.0,0.0,0.0,,1.0,,1.0,-88,100,42,6,0,0,0,0,9,0.0,100,0.0,280,KNYC,0.0,9,13,5,43,81.0,2.0,2,5,23,3,3,0,2,69,
2026-08-19 06:00:00,2026-08-19 12:00:00,NBS,73,64,340,0,0.0,,0.0,,2.0,2.0,1.0,,-88,100,2,3,0,0,0,0,0,0.0,100,0.0,80,KNYC,,6,36,5,23,,,1,2,4,2,0,0,1,70,2/2
2026-08-19 06:00:00,2026-08-19 15:00:00,NBS,81,63,270,0,,,,,,,,,-88,100,5,4,0,0,0,0,0,,98,,110,KNYC,,43,27,7,73,,,1,2,5,2,0,0,1,77,
2026-08-19 06:00:00,2026-08-19 18:00:00,NBS,84,62,260,3,0.0,,0.0,,,0.0,,,-88,100,8,10,0,0,0,0,0,0.0,110,0.0,60,KNYC,,65,26,10,82,,,1,2,18,2,0,0,2,78,
2026-08-19 06:00:00,2026-08-19 21:00:00,NBS,85,62,250,3,,,,,,,,,-88,100,25,11,0,0,0,0,0,,120,,110,KNYC,,60,27,10,48,,,1,3,39,2,1,0,2,77,
2026-08-19 06:00:00,2026-08-20 00:00:00,NBS,80,63,200,0,2.0,0.0,0.0,0.0,,1.0,,1.0,-88,100,45,8,1,0,0,0,0,0.0,120,0.0,180,KNYC,0.0,7,23,7,8,86.0,1.0,2,4,39,2,0,0,2,73,
2026-08-19 06:00:00,2026-08-20 03:00:00,NBS,77,65,210,0,,,,,,,,,-88,100,26,6,1,0,0,0,0,,120,,130,KNYC,,4,24,6,0,,,1,3,29,2,0,0,2,72,
2026-08-19 06:00:00,2026-08-20 06:00:00,NBS,75,65,250,0,2.0,,0.0,,,1.0,,,-88,100,16,6,1,0,0,0,0,0.0,110,0.0,120,KNYC,,4,26,6,0,,,1,3,25,2,0,0,2,70,
2026-08-19 06:00:00,2026-08-20 09:00:00,NBS,73,64,280,0,,,,,,,,,-88,100,11,6,1,0,0,0,0,,120,,100,KNYC,,4,29,5,0,,,1,2,23,2,0,0,2,68,
2026-08-19 06:00:00,2026-08-20 12:00:00,NBS,74,64,350,2,4.0,2.0,0.0,0.0,,3.0,,6.0,-88,100,20,6,2,0,0,0,2,0.0,120,0.0,80,KNYC,0.0,6,36,4,19,71.0,1.0,1,2,37,3,0,0,2,70,
2026-08-19 06:00:00,2026-08-20 15:00:00,NBS,78,64,80,0,,,,,,,,,45,100,51,6,5,0,0,0,16,,130,,45,KNYC,,21,15,7,44,,,3,3,31,3,0,0,2,75,
2026-08-19 06:00:00,2026-08-20 18:00:00,NBS,79,63,100,0,21.0,,2.0,,,10.0,,,35,100,68,7,6,0,0,0,25,0.0,130,0.0,35,KNYC,,23,19,7,5,,,5,5,28,3,0,0,2,75,
2026-08-19 06:00:00,2026-08-20 21:00:00,NBS,78,64,10,0,,,,,,,,,47,100,88,7,12,0,0,0,65,,130,,17,KNYC,,18,4,8,12,,,5,5,15,4,4,1,2,72,
2026-08-19 06:00:00,2026-08-21 00:00:00,NBS,75,62,60,0,46.0,49.0,13.0,15.0,,18.0,,18.0,-88,100,84,5,10,0,0,0,59,0.0,130,0.0,30,KNYC,4.0,11,5,6,7,80.0,4.0,4,5,21,4,3,0,2,69,
2026-08-19 06:00:00,2026-08-21 03:00:00,NBS,73,62,30,0,,,,,,,,,-88,100,63,5,2,0,0,0,22,,120,,22,KNYC,,9,2,7,0,,,3,5,38,4,2,2,2,68,
2026-08-19 06:00:00,2026-08-21 06:00:00,NBS,70,61,20,3,42.0,,68.0,,,4.0,,,-88,100,57,8,0,0,0,0,44,0.0,120,0.0,10,KNYC,,9,2,9,0,,,3,4,39,3,3,3,2,66,
2026-08-19 06:00:00,2026-08-21 09:00:00,NBS,68,59,10,4,,,,,,,,,-88,100,40,10,0,0,0,0,41,,110,,13,KNYC,,11,1,10,0,,,3,4,34,3,2,2,2,64,
2026-08-19 06:00:00,2026-08-21 12:00:00,NBS,69,59,10,5,9.0,34.0,0.0,68.0,,1.0,,4.0,-88,100,39,11,0,0,0,0,40,0.0,110,0.0,3,KNYC,1.0,11,1,11,2,67.0,3.0,2,4,31,3,1,0,1,65,
2026-08-19 06:00:00,2026-08-21 15:00:00,NBS,76,59,30,4,,,,,,,,,-88,100,45,10,0,0,0,0,11,,110,,250,KNYC,,27,3,9,51,,,3,4,31,3,1,0,2,72,
2026-08-19 06:00:00,2026-08-21 18:00:00,NBS,80,59,60,0,2.0,,0.0,,,1.0,,,-88,100,47,8,0,0,0,0,11,0.0,110,0.0,250,KNYC,,47,6,7,64,,,3,4,28,3,1,0,2,75,
2026-08-19 06:00:00,2026-08-21 21:00:00,NBS,80,59,90,0,,,,,,,,,-88,100,57,8,0,0,0,0,6,,100,,250,KNYC,,45,7,6,67,,,3,5,24,3,2,0,3,72,
2026-08-19 06:00:00,2026-08-22 00:00:00,NBS,76,61,110,0,3.0,3.0,0.0,0.0,,1.0,,1.0,-88,100,59,7,0,0,0,0,7,0.0,100,0.0,250,KNYC,0.0,11,12,5,41,81.0,2.0,2,4,21,3,2,0,2,70,
2026-08-19 06:00:00,2026-08-22 03:00:00,NBS,73,63,120,0,,,,,,,,,-88,100,55,5,0,0,0,0,10,,110,,140,KNYC,,6,16,5,0,,,2,4,26,4,2,0,2,69,
2026-08-19 06:00:00,2026-08-22 06:00:00,NBS,71,64,80,0,6.0,,0.0,,,2.0,,,-88,100,54,5,1,0,0,0,13,0.0,110,0.0,150,KNYC,,7,12,6,0,,,2,4,30,3,2,0,2,68,
2026-08-19 12:00:00,2026-08-19 18:00:00,NBS,85,61,240,3,0.0,,0.0,,5.0,0.0,,,-88,100,10,10,0,0,0,0,0,0.0,110,0.0,60,KNYC,,68,26,10,78,,,1,2,18,2,0,0,2,79,5/0
2026-08-19 12:00:00,2026-08-19 21:00:00,NBS,85,62,230,4,,,,,,,,,-88,100,36,11,0,0,0,0,0,,120,,130,KNYC,,64,26,11,48,,,1,3,37,2,0,0,2,76,
2026-08-19 12:00:00,2026-08-20 00:00:00,NBS,80,63,210,0,1.0,0.0,0.0,0.0,,2.0,,2.0,-88,100,56,8,1,0,0,0,0,0.0,120,0.0,120,KNYC,0.0,7,23,8,7,86.0,1.0,2,3,38,2,0,0,2,73,
2026-08-19 12:00:00,2026-08-20 03:00:00,NBS,77,65,230,0,,,,,,,,,-88,100,31,6,1,0,0,0,0,,120,,100,KNYC,,4,25,7,0,,,2,3,30,2,0,0,2,72,
2026-08-19 12:00:00,2026-08-20 06:00:00,NBS,75,64,270,0,2.0,,0.0,,,3.0,,,-88,100,5,6,2,0,0,0,0,0.0,110,0.0,160,KNYC,,4,29,6,0,,,2,2,8,2,0,0,2,70,
2026-08-19 12:00:00,2026-08-20 09:00:00,NBS,73,64,300,0,,,,,,,,,-88,100,10,5,1,0,0,0,0,,110,,120,KNYC,,4,33,6,0,,,2,2,18,3,0,0,2,68,
2026-08-19 12:00:00,2026-08-20 12:00:00,NBS,74,64,340,0,2.0,2.0,0.0,0.0,,1.0,,3.0,-88,100,27,5,0,0,0,0,2,0.0,120,0.0,110,KNYC,0.0,7,36,5,21,71.0,2.0,1,2,36,3,0,0,2,70,
2026-08-19 12:00:00,2026-08-20 15:00:00,NBS,79,64,50,0,,,,,,,,,-88,100,34,6,1,0,0,0,17,,130,,70,KNYC,,33,14,6,60,,,4,3,37,2,0,0,2,75,
2026-08-19 12:00:00,2026-08-20 18:00:00,NBS,80,64,150,0,24.0,,3.0,,,6.0,,,-88,100,47,7,4,0,0,0,16,0.0,130,0.0,60,KNYC,,36,24,7,49,,,5,5,32,3,0,0,2,76,
2026-08-19 12:00:00,2026-08-20 21:00:00,NBS,79,64,50,0,,,,,,,,,60,100,95,7,11,0,0,0,40,,130,,49,KNYC,,24,1,9,9,,,5,5,7,4,0,0,2,73,
2026-08-19 12:00:00,2026-08-21 00:00:00,NBS,75,64,60,0,63.0,68.0,54.0,57.0,,18.0,,18.0,60,100,90,5,9,0,0,0,50,0.0,130,0.0,60,KNYC,8.0,12,6,6,3,81.0,4.0,4,4,20,5,1,0,2,70,
2026-08-19 12:00:00,2026-08-21 03:00:00,NBS,73,64,40,0,,,,,,,,,100,100,74,4,2,0,0,0,26,,120,,34,KNYC,,13,4,6,0,,,3,5,35,4,4,0,2,69,
2026-08-19 12:00:00,2026-08-21 06:00:00,NBS,71,62,40,3,35.0,,3.0,,,4.0,,,-88,100,57,8,1,0,0,0,11,0.0,120,0.0,25,KNYC,,14,3,5,0,,,3,5,35,4,3,2,2,68,
2026-08-19 12:00:00,2026-08-21 09:00:00,NBS,69,60,20,4,,,,,,,,,-88,100,65,10,3,0,0,0,6,,120,,15,KNYC,,11,2,7,0,,,3,5,38,3,4,6,2,65,
2026-08-19 12:00:00,2026-08-21 12:00:00,NBS,70,59,20,5,17.0,53.0,0.0,3.0,,5.0,,6.0,-88,100,62,11,3,0,0,0,6,0.0,110,0.0,50,KNYC,1.0,12,3,10,5,67.0,3.0,2,4,34,3,4,0,1,66,
2026-08-19 12:00:00,2026-08-21 15:00:00,NBS,76,60,30,4,,,,,,,,,-88,100,59,10,2,0,0,0,2,,110,,43,KNYC,,28,6,11,39,,,3,4,35,3,4,0,2,72,
2026-08-19 12:00:00,2026-08-21 18:00:00,NBS,80,60,50,1,6.0,,0.0,,,4.0,,,100,100,61,9,2,0,0,0,2,0.0,110,0.0,36,KNYC,,36,6,12,65,,,3,4,31,4,4,0,3,75,
2026-08-19 12:00:00,2026-08-21 21:00:00,NBS,80,61,60,1,,,,,,,,,90,100,74,9,4,0,0,0,5,,120,,37,KNYC,,27,7,10,40,,,4,5,21,3,6,2,3,73,
2026-08-19 12:00:00,2026-08-22 00:00:00,NBS,75,63,60,0,11.0,11.0,0.0,0.0,,9.0,,9.0,110,100,74,7,5,0,0,0,5,0.0,120,0.0,31,KNYC,0.0,16,6,9,24,80.0,3.0,3,4,22,3,8,2,2,70,
2026-08-19 12:00:00,2026-08-22 03:00:00,NBS,73,64,50,0,,,,,,,,,50,100,68,5,4,0,0,0,11,,110,,17,KNYC,,12,5,9,0,,,2,4,27,4,9,2,2,70,
2026-08-19 12:00:00,2026-08-22 06:00:00,NBS,72,65,40,0,10.0,,0.0,,,10.0,,,26,100,63,6,4,0,0,0,15,0.0,120,0.0,24,KNYC,,11,4,8,0,,,2,3,32,3,13,5,2,68,
2026-08-19 12:00:00,2026-08-22 09:00:00,NBS,70,65,40,3,,,,,,,,,14,80,73,7,2,0,0,0,20,,120,,14,KNYC,,11,3,8,0,,,2,3,28,3,24,13,2,68,
2026-08-19 12:00:00,2026-08-22 12:00:00,NBS,71,66,40,4,34.0,39.0,5.0,5.0,,5.0,,11.0,6,40,75,10,3,0,0,0,22,0.0,120,0.0,6,KNYC,1.0,13,4,9,0,68.0,2.0,1,3,16,4,35,25,2,69,
2026-08-19 18:00:00,2026-08-20 00:00:00,NBS,79,65,210,1,1.0,,0.0,,15.0,2.0,12.0,,-88,100,46,9,2,0,0,0,0,0.0,120,0.0,240,KNYC,,7,24,8,7,,,2,4,28,2,0,0,2,72,15/2
2026-08-19 18:00:00,2026-08-20 03:00:00,NBS,77,66,230,0,,,,,,,,,-88,100,11,6,2,0,0,0,0,,110,,130,KNYC,,4,25,6,0,,,2,4,18,2,0,0,2,72,
2026-08-19 18:00:00,2026-08-20 06:00:00,NBS,75,65,280,0,1.0,,0.0,,,4.0,,,-88,100,4,6,1,0,0,0,0,0.0,110,0.0,140,KNYC,,4,29,5,0,,,1,2,5,2,0,0,2,70,
2026-08-19 18:00:00,2026-08-20 09:00:00,NBS,73,64,320,1,,,,,,,,,-88,100,20,6,1,0,0,0,0,,110,,120,KNYC,,4,33,5,0,,,1,2,31,3,0,2,2,68,
2026-08-19 18:00:00,2026-08-20 12:00:00,NBS,74,64,0,2,2.0,1.0,0.0,0.0,,2.0,,4.0,-88,100,24,6,1,0,0,0,1,0.0,120,0.0,160,KNYC,0.0,7,1,6,21,71.0,2.0,1,2,33,3,0,0,2,70,
2026-08-19 18:00:00,2026-08-20 15:00:00,NBS,78,63,80,0,,,,,,,,,-88,100,29,5,0,0,0,0,4,,120,,90,KNYC,,34,14,5,66,,,4,4,32,3,0,0,2,75,
2026-08-19 18:00:00,2026-08-20 18:00:00,NBS,79,63,130,0,22.0,,2.0,,,6.0,,,60,100,63,7,4,0,0,0,14,0.0,130,0.0,60,KNYC,,32,23,7,18,,,5,5,25,3,0,0,2,75,
2026-08-19 18:00:00,2026-08-20 21:00:00,NBS,77,65,50,0,,,,,,,,,27,50,95,8,12,0,0,0,69,,130,,25,KNYC,,19,2,7,9,,,5,5,6,4,10,9,2,71,
2026-08-19 18:00:00,2026-08-21 00:00:00,NBS,72,64,30,0,76.0,76.0,45.0,47.0,,20.0,,20.0,35,100,83,6,11,0,0,0,72,0.0,130,0.0,30,KNYC,6.0,14,2,10,2,80.0,4.0,4,4,29,5,7,4,2,68,
2026-08-19 18:00:00,2026-08-21 03:00:00,NBS,71,64,40,0,,,,,,,,,35,100,87,5,3,0,0,0,56,,130,,35,KNYC,,5,5,9,0,,,3,4,18,4,9,2,2,67,
2026-08-19 18:00:00,2026-08-21 06:00:00,NBS,70,63,10,2,45.0,,4.0,,,3.0,,,45,100,58,6,0,0,0,0,12,0.0,120,0.0,38,KNYC,,5,1,7,0,,,3,4,39,3,1,4,2,66,
2026-08-19 18:00:00,2026-08-21 09:00:00,NBS,68,61,20,4,,,,,,,,,-88,100,42,9,0,0,0,0,11,,110,,41,KNYC,,9,1,8,0,,,3,5,37,3,6,4,2,65,
2026-08-19 18:00:00,2026-08-21 12:00:00,NBS,70,61,20,5,12.0,45.0,0.0,4.0,,1.0,,3.0,-88,100,32,10,0,0,0,0,26,0.0,110,0.0,60,KNYC,1.0,10,1,10,13,67.0,3.0,2,5,40,3,5,0,1,66,
2026-08-19 18:00:00,2026-08-21 15:00:00,NBS,74,62,40,4,,,,,,,,,-88,100,73,10,0,0,0,0,12,,110,,60,KNYC,,27,5,11,43,,,3,4,34,3,3,0,2,71,
2026-08-19 18:00:00,2026-08-21 18:00:00,NBS,79,62,50,3,11.0,,0.0,,,1.0,,,-88,100,54,10,0,0,0,0,35,0.0,110,0.0,50,KNYC,,38,7,10,49,,,4,5,32,3,3,0,3,75,
2026-08-19 18:00:00,2026-08-21 21:00:00,NBS,79,63,80,3,,,,,,,,,-88,100,60,10,0,0,0,0,38,,110,,45,KNYC,,36,7,10,35,,,4,5,32,4,3,0,2,73,
2026-08-19 18:00:00,2026-08-22 00:00:00,NBS,74,64,80,0,30.0,32.0,5.0,5.0,,1.0,,1.0,-88,100,66,8,1,0,0,0,38,0.0,110,0.0,60,KNYC,1.0,17,8,8,21,79.0,4.0,2,4,25,4,5,0,2,70,
2026-08-19 18:00:00,2026-08-22 03:00:00,NBS,72,66,60,0,,,,,,,,,100,100,68,6,1,0,0,0,17,,110,,39,KNYC,,11,8,7,0,,,2,4,33,4,5,0,2,69,
2026-08-19 18:00:00,2026-08-22 06:00:00,NBS,71,66,50,0,24.0,,0.0,,,4.0,,,25,100,61,6,3,0,0,0,18,0.0,110,0.0,15,KNYC,,12,7,7,0,,,2,3,30,3,14,0,2,69,
2026-08-19 18:00:00,2026-08-22 09:00:00,NBS,70,66,50,3,,,,,,,,,14,80,79,7,5,0,0,0,17,,120,,14,KNYC,,10,6,7,0,,,2,3,11,3,25,6,2,68,
2026-08-19 18:00:00,2026-08-22 12:00:00,NBS,71,67,40,3,26.0,38.0,5.0,5.0,,11.0,,12.0,6,20,79,8,6,0,0,0,32,0.0,120,0.0,6,KNYC,1.0,14,5,9,0,68.0,2.0,1,3,10,3,38,29,2,69,
2026-08-19 18:00:00,2026-08-22 15:00:00,NBS,73,67,60,4,,,,,,,,,7,20,74,10,5,0,0,0,40,,120,,7,KNYC,,18,7,8,2,,,3,3,20,4,33,23,3,73,
2026-08-19 18:00:00,2026-08-22 18:00:00,NBS,77,68,70,3,37.0,,12.0,,,15.0,,,7,40,67,10,8,0,0,0,39,0.0,120,0.0,7,KNYC,,22,7,9,3,,,4,4,24,4,29,17,3,76,
2026-08-20 00:00:00,2026-08-20 06:00:00,NBS,75,65,290,0,1.0,,0.0,,14.0,2.0,,,-88,100,6,5,1,0,0,0,0,0.0,110,0.0,110,KNYC,,4,28,5,0,,,1,2,13,2,0,0,2,71,14/2
2026-08-20 00:00:00,2026-08-20 09:00:00,NBS,72,64,310,0,,,,,,,,,-88,100,10,6,1,0,0,0,0,,110,,110,KNYC,,4,32,5,0,,,2,2,19,2,0,0,2,68,
2026-08-20 00:00:00,2026-08-20 12:00:00,NBS,74,65,360,1,1.0,1.0,0.0,0.0,,1.0,,2.0,-88,100,19,6,0,0,0,0,1,0.0,110,0.0,160,KNYC,0.0,7,36,5,20,71.0,2.0,1,2,28,2,0,0,2,70,
2026-08-20 00:00:00,2026-08-20 15:00:00,NBS,79,64,60,0,,,,,,,,,-88,100,45,5,0,0,0,0,3,,130,,90,KNYC,,35,27,3,67,,,4,3,30,2,0,0,2,75,
2026-08-20 00:00:00,2026-08-20 18:00:00,NBS,79,65,170,0,23.0,,1.0,,,5.0,,,70,100,75,8,3,0,0,0,24,0.0,130,0.0,70,KNYC,,44,28,7,39,,,5,4,25,3,0,0,2,75,
2026-08-20 00:00:00,2026-08-20 21:00:00,NBS,75,67,30,2,,,,,,,,,60,100,94,10,13,0,0,0,85,,140,,43,KNYC,,15,1,12,6,,,5,4,7,4,7,6,3,72,
2026-08-20 00:00:00,2026-08-21 00:00:00,NBS,71,65,40,2,85.0,85.0,72.0,73.0,,21.0,,21.0,27,60,90,9,15,0,0,0,75,0.0,140,0.0,17,KNYC,6.0,13,3,13,2,81.0,4.0,3,3,25,6,12,7,3,68,
2026-08-20 00:00:00,2026-08-21 03:00:00,NBS,70,64,30,2,,,,,,,,,35,90,90,7,5,0,0,0,70,,130,,18,KNYC,,13,3,10,0,,,3,4,17,6,5,1,3,67,
2026-08-20 00:00:00,2026-08-21 06:00:00,NBS,69,63,10,3,53.0,,7.0,,,5.0,,,45,100,76,8,0,0,0,0,29,0.0,120,0.0,33,KNYC,,5,1,9,0,,,3,4,29,4,2,3,3,67,
2026-08-20 00:00:00,2026-08-21 09:00:00,NBS,68,62,0,5,,,,,,,,,-88,100,54,10,0,0,0,0,14,,110,,42,KNYC,,5,1,10,0,,,3,5,37,4,2,3,2,65,
2026-08-20 00:00:00,2026-08-21 12:00:00,NBS,69,62,10,5,20.0,53.0,0.0,7.0,,1.0,,5.0,-88,100,46,11,0,0,0,0,11,0.0,100,0.0,210,KNYC,6.0,10,1,12,12,66.0,3.0,2,4,42,3,0,0,2,67,
2026-08-20 00:00:00,2026-08-21 15:00:00,NBS,73,63,30,5,,,,,,,,,-88,100,78,11,0,0,0,0,6,,100,,80,KNYC,,28,3,10,61,,,3,4,33,3,2,0,2,70,
2026-08-20 00:00:00,2026-08-21 18:00:00,NBS,78,64,50,3,33.0,,17.0,,,0.0,,,-88,100,71,10,0,0,0,0,6,0.0,100,0.0,60,KNYC,,41,3,7,70,,,4,4,25,3,2,0,2,74,
2026-08-20 00:00:00,2026-08-21 21:00:00,NBS,78,65,60,3,,,,,,,,,-88,100,47,10,0,0,0,0,8,,100,,43,KNYC,,45,6,6,43,,,4,4,36,3,2,0,2,73,
2026-08-20 00:00:00,2026-08-22 00:00:00,NBS,73,65,70,0,36.0,40.0,5.0,22.0,,0.0,,0.0,-88,100,68,7,0,0,0,0,8,0.0,110,0.0,60,KNYC,0.0,13,7,6,13,79.0,4.0,2,3,20,3,4,0,2,69,
2026-08-20 00:00:00,2026-08-22 03:00:00,NBS,72,66,80,0,,,,,,,,,110,100,72,6,1,0,0,0,11,,110,,60,KNYC,,10,9,5,0,,,2,3,22,4,6,0,2,69,
2026-08-20 00:00:00,2026-08-22 06:00:00,NBS,71,66,70,0,15.0,,0.0,,,6.0,,,26,100,69,6,4,0,0,0,13,0.0,110,0.0,26,KNYC,,12,8,7,0,,,2,3,28,3,14,0,2,68,
2026-08-20 00:00:00,2026-08-22 09:00:00,NBS,70,67,50,3,,,,,,,,,25,100,80,8,8,0,0,0,20,,120,,25,KNYC,,10,6,9,0,,,2,3,19,3,18,0,2,68,
2026-08-20 00:00:00,2026-08-22 12:00:00,NBS,71,67,60,4,31.0,37.0,18.0,18.0,,18.0,,18.0,7,40,84,8,9,0,0,0,22,0.0,120,0.0,7,KNYC,4.0,15,7,11,0,68.0,2.0,2,3,9,3,36,25,2,69,
2026-08-20 00:00:00,2026-08-22 15:00:00,NBS,73,68,60,4,,,,,,,,,6,20,86,10,6,0,0,0,42,,120,,6,KNYC,,17,6,12,3,,,3,3,9,4,46,28,2,72,
2026-08-20 00:00:00,2026-08-22 18:00:00,NBS,75,69,60,3,46.0,,36.0,,,14.0,,,6,20,80,10,6,0,0,0,29,0.0,130,0.0,6,KNYC,,17,5,11,3,,,5,3,15,4,39,28,3,75,
2026-08-20 00:00:00,2026-08-22 21:00:00,NBS,76,70,60,3,,,,,,,,,6,20,85,11,9,0,0,0,37,,120,,6,KNYC,,17,5,7,8,,,4,3,13,5,40,29,3,73,
2026-08-20 00:00:00,2026-08-23 00:00:00,NBS,73,68,60,0,50.0,58.0,16.0,52.0,,14.0,,19.0,7,40,79,8,8,0,0,0,38,0.0,120,0.0,7,KNYC,7.0,10,6,6,6,77.0,4.0,3,3,24,5,36,21,3,70,
2026-08-20 06:00:00,2026-08-20 12:00:00,NBS,74,65,340,0,1.0,,0.0,,22.0,1.0,20.0,,-88,100,17,5,0,0,0,0,0,0.0,110,0.0,140,KNYC,,6,35,5,22,,,1,2,22,2,0,0,2,71,22/1
2026-08-20 06:00:00,2026-08-20 15:00:00,NBS,80,65,160,0,,,,,,,,,-88,100,38,4,0,0,0,0,5,,130,,120,KNYC,,37,21,3,67,,,3,2,32,3,0,0,2,76,
2026-08-20 06:00:00,2026-08-20 18:00:00,NBS,80,66,220,0,10.0,,0.0,,,4.0,,,70,100,69,7,3,0,0,0,19,0.0,130,0.0,70,KNYC,,43,24,6,44,,,4,3,23,3,0,0,2,77,
2026-08-20 06:00:00,2026-08-20 21:00:00,NBS,75,68,130,0,,,,,,,,,45,80,89,9,14,0,0,0,58,,140,,45,KNYC,,19,1,8,6,,,4,4,13,5,7,7,3,73,
2026-08-20 06:00:00,2026-08-21 00:00:00,NBS,71,66,10,3,92.0,92.0,113.0,113.0,,26.0,,26.0,15,50,96,10,18,0,0,0,98,0.0,140,0.0,14,KNYC,5.0,12,1,9,0,82.0,3.0,3,3,5,6,18,8,3,68,
2026-08-20 06:00:00,2026-08-21 03:00:00,NBS,70,65,40,3,,,,,,,,,15,60,91,8,8,0,0,0,74,,140,,13,KNYC,,13,6,10,0,,,2,3,15,5,19,4,3,68,
2026-08-20 06:00:00,2026-08-21 06:00:00,NBS,70,64,30,4,69.0,,28.0,,,8.0,,,35,100,73,9,1,0,0,0,42,0.0,130,0.0,19,KNYC,,6,4,9,0,,,2,3,35,4,0,4,2,67,
2026-08-20 06:00:00,2026-08-21 09:00:00,NBS,68,63,10,5,,,,,,,,,35,100,82,11,0,0,0,0,14,,120,,17,KNYC,,5,2,10,0,,,2,4,28,3,2,1,2,66,
2026-08-20 06:00:00,2026-08-21 12:00:00,NBS,69,63,20,5,22.0,69.0,1.0,29.0,,0.0,,8.0,60,100,65,11,0,0,0,0,27,0.0,110,0.0,25,KNYC,12.0,10,2,11,12,66.0,2.0,2,3,38,3,3,0,1,66,
2026-08-20 06:00:00,2026-08-21 15:00:00,NBS,73,63,30,5,,,,,,,,,60,100,61,12,0,0,0,0,28,,110,,47,KNYC,,22,5,10,50,,,3,4,40,3,3,0,2,71,
2026-08-20 06:00:00,2026-08-21 18:00:00,NBS,77,64,40,3,14.0,,2.0,,,0.0,,,-88,100,47,10,0,0,0,0,15,0.0,110,0.0,60,KNYC,,38,5,9,59,,,4,4,36,3,1,0,2,75,
2026-08-20 06:00:00,2026-08-21 21:00:00,NBS,78,65,50,3,,,,,,,,,-88,100,61,10,0,0,0,0,16,,110,,50,KNYC,,36,5,8,32,,,4,4,40,4,3,0,3,73,
2026-08-20 06:00:00,2026-08-22 00:00:00,NBS,73,66,60,0,25.0,28.0,2.0,4.0,,0.0,,0.0,-88,100,50,8,0,0,0,0,16,0.0,110,0.0,60,KNYC,1.0,11,3,5,7,78.0,4.0,3,3,40,4,4,0,2,70,
2026-08-20 06:00:00,2026-08-22 03:00:00,NBS,72,67,50,1,,,,,,,,,-88,100,49,7,0,0,0,0,23,,110,,70,KNYC,,9,7,5,0,,,2,3,39,4,7,2,2,69,
2026-08-20 06:00:00,2026-08-22 06:00:00,NBS,71,68,40,3,17.0,,0.0,,,1.0,,,60,100,63,7,1,0,0,0,24,0.0,120,0.0,60,KNYC,,10,8,6,0,,,2,3,30,3,10,4,2,69,
2026-08-20 06:00:00,2026-08-22 09:00:00,NBS,70,68,50,4,,,,,,,,,48,100,86,9,2,0,0,0,33,,110,,48,KNYC,,10,7,6,0,,,2,3,15,3,10,2,2,68,
2026-08-20 06:00:00,2026-08-22 12:00:00,NBS,71,68,60,4,48.0,55.0,22.0,22.0,,9.0,,10.0,15,40,83,9,5,0,0,0,34,0.0,120,0.0,15,KNYC,4.0,14,8,8,7,68.0,2.0,2,3,18,4,29,22,2,70,
2026-08-20 06:00:00,2026-08-22 15:00:00,NBS,72,69,60,4,,,,,,,,,7,30,89,10,6,0,0,0,55,,120,,7,KNYC,,15,6,9,1,,,3,3,8,4,33,22,3,72,
2026-08-20 06:00:00,2026-08-22 18:00:00,NBS,75,70,80,3,56.0,,36.0,,,14.0,,,7,30,87,11,7,0,0,0,55,0.0,130,0.0,7,KNYC,,18,8,10,3,,,4,3,9,4,32,20,3,74,
2026-08-20 06:00:00,2026-08-22 21:00:00,NBS,77,71,90,2,,,,,,,,,7,40,87,10,10,0,0,0,39,,130,,7,KNYC,,18,11,7,18,,,4,3,9,4,29,19,3,75,
2026-08-20 06:00:00,2026-08-23 00:00:00,NBS,73,69,90,0,49.0,67.0,17.0,53.0,,17.0,,20.0,8,40,86,8,10,0,0,0,39,0.0,120,0.0,7,KNYC,7.0,10,11,5,10,77.0,4.0,3,3,10,4,31,19,2,71,
2026-08-20 06:00:00,2026-08-23 03:00:00,NBS,72,69,70,0,,,,,,,,,7,40,82,5,11,0,0,0,19,,120,,7,KNYC,,10,11,6,0,,,2,2,12,3,35,18,2,70,
2026-08-20 06:00:00,2026-08-23 06:00:00,NBS,71,69,60,0,40.0,,4.0,,,22.0,,,6,30,77,4,11,0,0,0,19,0.0,120,0.0,6,KNYC,,9,8,7,0,,,2,2,13,4,34,16,2,70,
2026-08-20 12:00:00,2026-08-20 18:00:00,NBS,81,65,200,0,7.0,,1.0,,15.0,2.0,,,70,100,64,7,2,0,0,0,13,0.0,130,0.0,70,KNYC,,53,22,7,62,,,4,3,25,3,2,0,2,77,15/2
2026-08-20 12:00:00,2026-08-20 21:00:00,NBS,77,68,90,1,,,,,,,,,27,100,97,9,12,0,0,0,29,,140,,27,KNYC,,21,14,9,9,,,4,4,6,4,7,7,3,73,
2026-08-20 12:00:00,2026-08-21 00:00:00,NBS,71,66,20,3,93.0,93.0,63.0,64.0,,30.0,,30.0,11,30,97,10,25,0,0,0,98,0.0,140,0.0,11,KNYC,5.0,14,3,10,1,82.0,3.0,3,3,4,6,22,16,3,69,
2026-08-20 12:00:00,2026-08-21 03:00:00,NBS,70,65,50,3,,,,,,,,,11,40,85,9,23,0,0,0,68,,140,,11,KNYC,,13,5,13,0,,,2,3,14,6,23,10,3,68,
2026-08-20 12:00:00,2026-08-21 06:00:00,NBS,69,64,40,4,88.0,,63.0,,,29.0,,,13,100,71,9,10,0,0,0,57,0.0,130,0.0,13,KNYC,,10,4,13,0,,,2,3,27,4,11,6,2,67,
2026-08-20 12:00:00,2026-08-21 09:00:00,NBS,68,63,20,5,,,,,,,,,22,100,89,12,1,0,0,0,33,,130,,20,KNYC,,5,3,11,0,,,2,3,14,4,9,6,2,66,
2026-08-20 12:00:00,2026-08-21 12:00:00,NBS,69,62,30,5,24.0,88.0,1.0,64.0,,1.0,,29.0,35,100,69,11,0,0,0,0,22,0.0,110,0.0,28,KNYC,10.0,15,3,13,11,66.0,2.0,2,3,35,3,9,7,1,66,
2026-08-20 12:00:00,2026-08-21 15:00:00,NBS,74,63,40,5,,,,,,,,,27,100,56,12,0,0,0,0,23,,110,,27,KNYC,,26,5,13,49,,,3,3,35,3,6,3,2,72,
2026-08-20 12:00:00,2026-08-21 18:00:00,NBS,77,64,50,4,19.0,,4.0,,,0.0,,,-88,100,51,11,0,0,0,0,11,0.0,110,0.0,70,KNYC,,37,5,10,56,,,3,4,35,3,1,1,2,75,
2026-08-20 12:00:00,2026-08-21 21:00:00,NBS,78,65,60,3,,,,,,,,,-88,100,53,10,1,0,0,0,9,,110,,49,KNYC,,34,5,8,31,,,4,4,48,3,0,0,2,73,
2026-08-20 12:00:00,2026-08-22 00:00:00,NBS,74,65,70,0,14.0,25.0,2.0,6.0,,1.0,,1.0,130,100,66,8,0,0,0,0,9,0.0,110,0.0,60,KNYC,6.0,10,4,6,8,78.0,3.0,3,3,38,4,0,0,2,70,
2026-08-20 12:00:00,2026-08-22 03:00:00,NBS,72,66,50,1,,,,,,,,,-88,100,45,7,0,0,0,0,14,,110,,30,KNYC,,11,5,6,0,,,2,3,24,4,3,0,2,70,
2026-08-20 12:00:00,2026-08-22 06:00:00,NBS,72,67,30,2,15.0,,0.0,,,1.0,,,110,100,59,7,0,0,0,0,20,0.0,110,0.0,28,KNYC,,12,6,7,0,,,2,2,28,3,3,0,2,69,
2026-08-20 12:00:00,2026-08-22 09:00:00,NBS,70,67,30,4,,,,,,,,,49,100,82,8,0,0,0,0,27,,120,,24,KNYC,,12,7,7,0,,,2,3,23,3,4,0,2,68,
2026-08-20 12:00:00,2026-08-22 12:00:00,NBS,71,68,40,4,34.0,44.0,8.0,8.0,,3.0,,3.0,27,100,68,10,2,0,0,0,31,0.0,130,0.0,27,KNYC,1.0,16,8,10,6,68.0,2.0,2,3,19,4,17,6,2,70,
2026-08-20 12:00:00,2026-08-22 15:00:00,NBS,72,68,60,4,,,,,,,,,7,30,88,11,3,0,0,0,42,,130,,7,KNYC,,20,6,8,30,,,3,3,15,4,37,24,2,72,
2026-08-20 12:00:00,2026-08-22 18:00:00,NBS,75,69,80,4,52.0,,28.0,,,8.0,,,7,20,88,11,5,0,0,0,68,0.0,130,0.0,7,KNYC,,24,8,9,24,,,5,3,16,4,38,24,3,74,
2026-08-20 12:00:00,2026-08-22 21:00:00,NBS,76,70,100,3,,,,,,,,,7,20,85,11,10,0,0,0,29,,120,,7,KNYC,,23,8,10,6,,,4,3,15,4,38,29,3,73,
2026-08-20 12:00:00,2026-08-23 00:00:00,NBS,73,69,80,0,44.0,70.0,4.0,32.0,,21.0,,21.0,7,30,87,8,15,0,0,0,30,0.0,120,0.0,7,KNYC,5.0,12,8,8,5,76.0,4.0,3,2,13,4,36,21,2,71,
2026-08-20 12:00:00,2026-08-23 03:00:00,NBS,72,69,70,0,,,,,,,,,6,30,83,5,14,0,0,0,18,,120,,6,KNYC,,12,8,9,0,,,3,2,16,3,36,20,2,70,
2026-08-20 12:00:00,2026-08-23 06:00:00,NBS,72,69,40,0,36.0,,10.0,,,29.0,,,6,40,74,4,14,0,0,0,32,0.0,120,0.0,6,KNYC,,7,5,8,0,,,2,2,19,3,34,19,2,70,
2026-08-20 12:00:00,2026-08-23 09:00:00,NBS,70,69,40,0,,,,,,,,,13,40,69,4,9,0,0,0,10,,110,,6,KNYC,,6,4,7,0,,,2,2,21,3,30,19,2,69,
2026-08-20 12:00:00,2026-08-23 12:00:00,NBS,72,69,350,0,18.0,44.0,0.0,10.0,,15.0,,29.0,16,40,58,4,3,0,0,0,10,0.0,110,0.0,6,KNYC,3.0,11,1,8,1,68.0,2.0,2,2,15,3,32,23,2,71,
2026-08-20 18:00:00,2026-08-21 00:00:00,NBS,71,67,40,4,95.0,,60.0,,15.0,33.0,22.0,,11,30,98,12,28,0,0,0,97,0.0,140,0.0,10,KNYC,,14,4,14,0,,,3,3,2,5,26,14,3,69,15/33
2026-08-20 18:00:00,2026-08-21 03:00:00,NBS,70,65,40,5,,,,,,,,,11,40,89,13,23,0,0,0,78,,140,,11,KNYC,,4,4,14,0,,,3,3,14,5,23,8,2,68,
2026-08-20 18:00:00,2026-08-21 06:00:00,NBS,69,64,20,5,90.0,,73.0,,,25.0,,,11,100,84,12,8,0,0,0,26,0.0,130,0.0,11,KNYC,,4,2,12,0,,,2,3,10,4,24,2,2,67,
2026-08-20 18:00:00,2026-08-21 09:00:00,NBS,68,62,20,6,,,,,,,,,18,100,67,14,2,0,0,0,35,,120,,15,KNYC,,5,1,13,0,,,2,3,37,4,4,0,2,65,
2026-08-20 18:00:00,2026-08-21 12:00:00,NBS,68,62,10,6,27.0,90.0,2.0,75.0,,4.0,,25.0,22,100,81,13,2,0,0,0,37,0.0,110,0.0,22,KNYC,7.0,12,1,14,12,66.0,3.0,2,3,29,3,8,0,1,65,
2026-08-20 18:00:00,2026-08-21 15:00:00,NBS,73,63,30,6,,,,,,,,,22,100,56,13,1,0,0,0,17,,100,,22,KNYC,,25,3,14,47,,,3,3,39,3,5,0,1,71,
2026-08-20 18:00:00,2026-08-21 18:00:00,NBS,77,64,50,4,16.0,,1.0,,,2.0,,,35,100,44,12,1,0,0,0,10,0.0,100,0.0,35,KNYC,,40,4,11,57,,,3,4,31,3,1,0,2,75,
2026-08-20 18:00:00,2026-08-21 21:00:00,NBS,78,65,60,3,,,,,,,,,-88,100,52,10,1,0,0,0,8,,99,,70,KNYC,,33,5,9,38,,,4,4,33,3,0,0,2,73,
2026-08-20 18:00:00,2026-08-22 00:00:00,NBS,74,65,90,0,7.0,20.0,0.0,1.0,,2.0,,3.0,-88,100,53,7,0,0,0,0,8,0.0,97,0.0,70,KNYC,0.0,9,7,6,9,78.0,4.0,3,3,33,3,0,0,2,69,
2026-08-20 18:00:00,2026-08-22 03:00:00,NBS,72,66,80,0,,,,,,,,,90,100,67,6,0,0,0,0,5,,100,,80,KNYC,,4,7,6,0,,,2,3,32,3,2,0,2,69,
2026-08-20 18:00:00,2026-08-22 06:00:00,NBS,71,66,40,1,5.0,,0.0,,,1.0,,,45,100,76,6,0,0,0,0,6,0.0,100,0.0,45,KNYC,,5,3,6,0,,,2,2,17,3,0,0,2,69,
2026-08-20 18:00:00,2026-08-22 09:00:00,NBS,70,66,40,3,,,,,,,,,50,100,89,8,0,0,0,0,9,,110,,50,KNYC,,12,5,8,0,,,2,3,11,3,4,0,2,67,
2026-08-20 18:00:00,2026-08-22 12:00:00,NBS,70,66,50,4,20.0,26.0,7.0,7.0,,1.0,,2.0,50,100,83,9,1,0,0,0,12,0.0,120,0.0,50,KNYC,0.0,12,6,9,11,67.0,2.0,2,3,23,3,14,3,2,69,
2026-08-20 18:00:00,2026-08-22 15:00:00,NBS,72,67,50,4,,,,,,,,,14,50,86,10,2,0,0,0,29,,120,,14,KNYC,,23,7,8,34,,,3,3,10,4,33,13,3,71,
2026-08-20 18:00:00,2026-08-22 18:00:00,NBS,74,68,80,3,34.0,,29.0,,,7.0,,,7,30,87,11,4,0,0,0,25,0.0,130,0.0,7,KNYC,,27,9,7,29,,,4,3,12,4,42,25,3,73,
2026-08-20 18:00:00,2026-08-22 21:00:00,NBS,75,69,90,3,,,,,,,,,7,20,93,11,7,0,0,0,74,,130,,7,KNYC,,22,11,8,6,,,4,3,6,3,38,27,2,72,
2026-08-20 18:00:00,2026-08-23 00:00:00,NBS,72,68,80,0,48.0,59.0,13.0,42.0,,16.0,,16.0,7,30,91,8,10,0,0,0,50,0.0,130,0.0,7,KNYC,6.0,13,11,7,2,75.0,4.0,3,3,7,4,39,23,2,70,
2026-08-20 18:00:00,2026-08-23 03:00:00,NBS,71,68,80,0,,,,,,,,,7,40,87,6,9,0,0,0,34,,120,,7,KNYC,,8,10,6,0,,,2,2,7,3,38,20,2,70,
2026-08-20 18:00:00,2026-08-23 06:00:00,NBS,71,68,50,0,49.0,,24.0,,,18.0,,,6,30,74,4,8,0,0,0,34,0.0,120,0.0,6,KNYC,,9,9,5,0,,,2,2,12,3,38,17,2,70,
2026-08-20 18:00:00,2026-08-23 09:00:00,NBS,70,68,50,0,,,,,,,,,6,30,83,3,7,0,0,0,4,,110,,6,KNYC,,6,8,4,0,,,2,2,12,3,33,22,2,68,
2026-08-20 18:00:00,2026-08-23 12:00:00,NBS,71,69,240,0,7.0,58.0,1.0,25.0,,14.0,,22.0,6,20,71,4,6,0,0,0,4,0.0,110,0.0,6,KNYC,4.0,9,21,7,0,67.0,2.0,2,2,12,3,41,31,2,70,
2026-08-20 18:00:00,2026-08-23 15:00:00,NBS,77,69,220,0,,,,,,,,,14,100,66,7,5,0,0,0,34,,110,,11,KNYC,,23,21,8,28,,,2,2,17,3,18,2,2,75,
2026-08-20 18:00:00,2026-08-23 18:00:00,NBS,81,69,200,4,5.0,,0.0,,,15.0,,,48,100,44,12,8,0,0,0,22,0.0,110,0.0,27,KNYC,,33,20,11,52,,,3,2,28,4,5,2,2,78,
2026-08-21 00:00:00,2026-08-21 06:00:00,NBS,69,65,20,6,94.0,,81.0,,23.0,37.0,,,15,50,86,14,14,0,0,0,38,0.0,130,0.0,13,KNYC,,13,2,17,0,,,2,3,10,5,18,8,2,67,23/37
2026-08-21 00:00:00,2026-08-21 09:00:00,NBS,68,63,10,7,,,,,,,,,22,100,76,15,1,0,0,0,30,,120,,21,KNYC,,5,1,14,0,,,2,3,32,4,3,4,2,66,
2026-08-21 00:00:00,2026-08-21 12:00:00,NBS,68,63,10,6,36.0,94.0,3.0,84.0,,2.0,,37.0,45,100,87,14,0,0,0,0,37,0.0,100,0.0,36,KNYC,11.0,11,1,13,6,66.0,2.0,2,3,17,3,1,4,1,66,
2026-08-21 00:00:00,2026-08-21 15:00:00,NBS,72,64,20,6,,,,,,,,,130,100,59,14,0,0,0,0,6,,98,,80,KNYC,,23,3,13,49,,,3,3,38,4,1,0,1,71,
2026-08-21 00:00:00,2026-08-21 18:00:00,NBS,77,65,40,5,14.0,,0.0,,,0.0,,,130,100,70,12,0,0,0,0,7,0.0,98,0.0,60,KNYC,,38,3,10,55,,,4,3,34,4,0,0,3,74,
2026-08-21 00:00:00,2026-08-21 21:00:00,NBS,77,65,50,3,,,,,,,,,130,100,58,11,1,0,0,0,11,,99,,80,KNYC,,38,5,7,38,,,4,4,43,4,0,0,3,73,
2026-08-21 00:00:00,2026-08-22 00:00:00,NBS,73,65,70,0,9.0,23.0,0.0,0.0,,3.0,,3.0,-88,100,51,7,1,0,0,0,11,0.0,98,0.0,60,KNYC,0.0,8,9,4,10,78.0,4.0,3,3,31,4,0,0,2,69,
2026-08-21 00:00:00,2026-08-22 03:00:00,NBS,72,66,70,2,,,,,,,,,130,100,61,7,1,0,0,0,12,,110,,80,KNYC,,5,8,5,0,,,2,3,32,4,0,0,2,69,
2026-08-21 00:00:00,2026-08-22 06:00:00,NBS,71,66,40,3,8.0,,0.0,,,3.0,,,130,100,74,7,1,0,0,0,9,0.0,110,0.0,70,KNYC,,5,5,4,0,,,2,3,20,3,0,0,2,68,
2026-08-21 00:00:00,2026-08-22 09:00:00,NBS,70,65,20,4,,,,,,,,,60,100,73,8,1,0,0,0,8,,110,,60,KNYC,,5,6,6,0,,,2,4,20,3,0,0,2,67,
2026-08-21 00:00:00,2026-08-22 12:00:00,NBS,70,66,50,4,5.0,15.0,0.0,0.0,,2.0,,4.0,35,100,85,9,0,0,0,0,11,0.0,110,0.0,35,KNYC,0.0,12,6,7,17,67.0,2.0,2,4,20,3,0,1,2,68,
2026-08-21 00:00:00,2026-08-22 15:00:00,NBS,71,67,50,4,,,,,,,,,24,100,81,9,1,0,0,0,23,,120,,24,KNYC,,26,8,7,49,,,3,4,14,4,9,0,2,70,
2026-08-21 00:00:00,2026-08-22 18:00:00,NBS,74,68,100,2,30.0,,18.0,,,3.0,,,14,100,79,9,2,0,0,0,33,0.0,130,0.0,14,KNYC,,35,11,5,47,,,4,3,21,4,17,11,3,73,
2026-08-21 00:00:00,2026-08-22 21:00:00,NBS,75,69,100,1,,,,,,,,,21,100,86,10,5,0,0,0,65,,130,,21,KNYC,,26,12,5,10,,,4,3,10,4,12,8,2,72,
2026-08-21 00:00:00,2026-08-23 00:00:00,NBS,72,68,130,0,45.0,54.0,14.0,32.0,,14.0,,14.0,21,90,97,7,9,0,0,0,74,0.0,130,0.0,17,KNYC,5.0,14,11,7,2,75.0,4.0,2,2,8,4,14,7,2,70,
2026-08-21 00:00:00,2026-08-23 03:00:00,NBS,71,68,90,0,,,,,,,,,11,50,84,6,11,0,0,0,67,,130,,11,KNYC,,16,8,8,0,,,2,2,18,3,27,15,2,70,
2026-08-21 00:00:00,2026-08-23 06:00:00,NBS,71,68,90,0,53.0,,6.0,,,21.0,,,6,40,78,5,12,0,0,0,59,0.0,130,0.0,6,KNYC,,13,9,11,0,,,2,2,17,3,34,17,2,69,
2026-08-21 00:00:00,2026-08-23 09:00:00,NBS,70,68,70,0,,,,,,,,,11,40,83,4,6,0,0,0,18,,120,,7,KNYC,,12,13,9,0,,,2,2,17,3,32,21,2,69,
2026-08-21 00:00:00,2026-08-23 12:00:00,NBS,71,69,330,0,22.0,58.0,6.0,12.0,,12.0,,21.0,14,80,67,5,5,0,0,0,18,0.0,110,0.0,9,KNYC,3.0,13,21,8,0,67.0,2.0,1,2,12,3,31,19,2,70,
2026-08-21 00:00:00,2026-08-23 15:00:00,NBS,76,70,240,2,,,,,,,,,24,100,58,8,5,0,0,0,28,,110,,18,KNYC,,26,24,9,35,,,2,2,22,4,16,5,2,75,
2026-08-21 00:00:00,2026-08-23 18:00:00,NBS,80,69,220,4,16.0,,0.0,,,12.0,,,42,100,47,12,6,0,0,0,28,0.0,110,0.0,42,KNYC,,44,23,13,50,,,3,2,26,3,3,1,3,79,
2026-08-21 00:00:00,2026-08-23 21:00:00,NBS,80,68,220,4,,,,,,,,,90,100,66,13,14,0,0,0,52,,110,,41,KNYC,,36,22,13,46,,,3,3,26,3,4,2,2,75,
2026-08-21 00:00:00,2026-08-24 00:00:00,NBS,75,66,230,1,60.0,62.0,9.0,9.0,,23.0,,23.0,-88,100,50,9,11,0,0,0,52,0.0,100,0.0,40,KNYC,3.0,10,22,8,30,80.0,3.0,3,3,20,4,0,0,2,71,
2026-08-21 06:00:00,2026-08-21 12:00:00,NBS,67,61,10,7,38.0,,15.0,,11.0,2.0,27.0,,18,100,51,15,0,0,0,0,3,0.0,94,0.0,18,KNYC,,10,1,13,14,,,1,3,45,3,11,5,1,66,11/2
2026-08-21 06:00:00,2026-08-21 15:00:00,NBS,72,63,20,6,,,,,,,,,18,100,45,14,0,0,0,0,0,,94,,18,KNYC,,24,1,12,58,,,2,2,35,3,6,3,1,70,
2026-08-21 06:00:00,2026-08-21 18:00:00,NBS,77,64,30,4,11.0,,0.0,,,0.0,,,27,100,56,12,0,0,0,0,0,0.0,96,0.0,27,KNYC,,44,3,8,56,,,3,3,32,3,0,0,2,74,
2026-08-21 06:00:00,2026-08-21 21:00:00,NBS,77,64,50,3,,,,,,,,,60,100,59,10,1,0,0,0,0,,98,,34,KNYC,,42,3,5,29,,,4,3,30,4,0,0,2,73,
2026-08-21 06:00:00,2026-08-22 00:00:00,NBS,73,65,70,0,4.0,13.0,0.0,0.0,,4.0,,4.0,-88,100,54,6,1,0,0,0,0,0.0,99,0.0,80,KNYC,1.0,7,5,4,8,78.0,4.0,3,3,36,4,0,0,2,69,
2026-08-21 06:00:00,2026-08-22 03:00:00,NBS,72,65,40,0,,,,,,,,,-88,100,56,5,0,0,0,0,0,,97,,110,KNYC,,5,7,3,0,,,2,3,35,4,0,0,2,69,
2026-08-21 06:00:00,2026-08-22 06:00:00,NBS,70,65,50,0,7.0,,0.0,,,3.0,,,-88,100,51,5,1,0,0,0,16,0.0,100,0.0,60,KNYC,,5,6,3,0,,,1,3,32,3,2,5,2,68,
2026-08-21 06:00:00,2026-08-22 09:00:00,NBS,69,64,40,3,,,,,,,,,60,100,75,6,0,0,0,0,1,,100,,60,KNYC,,5,6,5,0,,,2,3,26,3,5,5,2,67,
2026-08-21 06:00:00,2026-08-22 12:00:00,NBS,69,64,50,3,9.0,7.0,0.0,0.0,,1.0,,3.0,35,100,85,7,0,0,0,0,3,0.0,120,0.0,35,KNYC,2.0,7,7,6,17,67.0,2.0,1,3,19,3,5,1,2,67,
2026-08-21 06:00:00,2026-08-22 15:00:00,NBS,71,65,80,1,,,,,,,,,15,100,84,7,0,0,0,0,24,,120,,15,KNYC,,25,9,6,47,,,2,3,23,3,10,1,2,70,
2026-08-21 06:00:00,2026-08-22 18:00:00,NBS,73,66,110,0,9.0,,0.0,,,3.0,,,22,100,70,7,1,0,0,0,27,0.0,130,0.0,22,KNYC,,33,11,6,36,,,4,3,34,3,4,1,2,73,
2026-08-21 06:00:00,2026-08-22 21:00:00,NBS,74,67,110,2,,,,,,,,,24,100,93,10,5,0,0,0,27,,130,,24,KNYC,,20,14,8,32,,,4,2,12,4,6,2,2,71,
2026-08-21 06:00:00,2026-08-23 00:00:00,NBS,72,67,110,0,51.0,53.0,18.0,18.0,,14.0,,14.0,21,100,93,8,10,0,0,0,35,0.0,130,0.0,21,KNYC,4.0,14,10,7,6,74.0,4.0,3,2,6,3,9,1,2,69,
2026-08-21 06:00:00,2026-08-23 03:00:00,NBS,71,68,100,2,,,,,,,,,10,100,82,7,13,0,0,0,15,,130,,8,KNYC,,13,10,8,0,,,2,2,14,4,29,8,2,70,
2026-08-21 06:00:00,2026-08-23 06:00:00,NBS,71,68,70,1,60.0,,55.0,,,24.0,,,6,30,80,6,14,0,0,0,62,0.0,130,0.0,5,KNYC,,10,9,9,0,,,2,2,8,3,42,20,2,70,
2026-08-21 06:00:00,2026-08-23 09:00:00,NBS,70,68,120,0,,,,,,,,,6,40,84,5,8,0,0,0,30,,120,,6,KNYC,,9,10,9,0,,,2,2,8,3,35,17,2,68,
2026-08-21 06:00:00,2026-08-23 12:00:00,NBS,71,69,130,0,26.0,59.0,3.0,58.0,,17.0,,26.0,16,40,81,5,7,0,0,0,5,0.0,120,0.0,8,KNYC,6.0,11,15,9,2,67.0,2.0,2,2,12,3,32,23,2,70,
2026-08-21 06:00:00,2026-08-23 15:00:00,NBS,76,69,210,1,,,,,,,,,14,100,73,7,9,0,0,0,71,,110,,14,KNYC,,27,22,10,47,,,2,2,19,3,18,8,2,75,
2026-08-21 06:00:00,2026-08-23 18:00:00,NBS,80,69,220,3,7.0,,0.0,,,19.0,,,41,100,66,10,10,0,0,0,60,0.0,110,0.0,27,KNYC,,36,23,11,64,,,3,2,25,4,5,1,3,78,
2026-08-21 06:00:00,2026-08-23 21:00:00,NBS,80,68,220,4,,,,,,,,,100,100,63,13,14,0,0,0,50,,110,,50,KNYC,,33,22,12,54,,,3,3,23,3,4,3,2,75,
2026-08-21 06:00:00,2026-08-24 00:00:00,NBS,75,66,240,1,41.0,45.0,3.0,3.0,,27.0,,27.0,-88,100,44,9,12,0,0,0,31,0.0,99,0.0,17,KNYC,1.0,13,23,8,36,81.0,2.0,3,3,15,3,2,2,2,70,
2026-08-21 06:00:00,2026-08-24 03:00:00,NBS,73,65,260,3,,,,,,,,,-88,100,22,8,7,0,0,0,8,,94,,70,KNYC,,8,25,8,0,,,2,3,20,3,2,2,2,69,
2026-08-21 06:00:00,2026-08-24 06:00:00,NBS,70,63,260,3,11.0,,0.0,,,11.0,,,-88,100,13,8,3,0,0,0,4,0.0,90,0.0,240,KNYC,,8,27,8,0,,,2,3,22,3,0,0,2,67,
2026-08-21 12:00:00,2026-08-21 18:00:00,NBS,76,65,30,4,6.0,,0.0,,3.0,1.0,,,35,100,49,11,0,0,0,0,10,0.0,99,0.0,30,KNYC,,42,3,9,53,,,4,2,23,4,1,0,2,74,3/1
2026-08-21 12:00:00,2026-08-21 21:00:00,NBS,77,65,50,2,,,,,,,,,-88,100,48,9,1,0,0,0,24,,99,,31,KNYC,,38,3,7,36,,,4,3,29,4,0,0,3,73,
2026-08-21 12:00:00,2026-08-22 00:00:00,NBS,73,65,60,0,17.0,20.0,0.0,0.0,,4.0,,4.0,130,100,62,5,1,0,0,0,16,0.0,99,0.0,60,KNYC,0.0,7,4,4,6,77.0,4.0,3,2,35,4,0,0,2,69,
2026-08-21 12:00:00,2026-08-22 03:00:00,NBS,71,66,10,0,,,,,,,,,-88,100,55,4,0,0,0,0,6,,97,,60,KNYC,,5,1,5,0,,,2,2,31,4,0,0,2,68,
2026-08-21 12:00:00,2026-08-22 06:00:00,NBS,70,65,10,0,6.0,,0.0,,,2.0,,,-88,100,46,5,0,0,0,0,21,0.0,100,0.0,50,KNYC,,5,1,5,0,,,2,2,28,3,0,1,2,68,
2026-08-21 12:00:00,2026-08-22 09:00:00,NBS,69,64,30,3,,,,,,,,,60,100,79,6,0,0,0,0,5,,100,,60,KNYC,,5,3,5,0,,,1,2,18,3,5,1,2,67,
2026-08-21 12:00:00,2026-08-22 12:00:00,NBS,69,64,50,3,3.0,9.0,0.0,0.0,,0.0,,2.0,45,100,93,7,0,0,0,0,6,0.0,110,0.0,45,KNYC,2.0,8,7,6,14,66.0,2.0,1,2,9,2,3,0,2,67,
2026-08-21 12:00:00,2026-08-22 15:00:00,NBS,71,66,60,2,,,,,,,,,13,100,91,7,0,0,0,0,23,,120,,13,KNYC,,23,7,6,46,,,2,2,9,3,20,7,2,70,
2026-08-21 12:00:00,2026-08-22 18:00:00,NBS,74,66,90,0,13.0,,0.0,,,2.0,,,27,100,71,7,1,0,0,0,23,0.0,120,0.0,27,KNYC,,33,10,5,53,,,3,2,31,3,3,0,2,73,
2026-08-21 12:00:00,2026-08-22 21:00:00,NBS,74,67,120,1,,,,,,,,,27,100,72,9,3,0,0,0,26,,130,,27,KNYC,,26,13,7,37,,,3,2,24,3,1,0,2,72,
2026-08-21 12:00:00,2026-08-23 00:00:00,NBS,71,67,110,0,32.0,36.0,3.0,3.0,,10.0,,10.0,27,100,69,7,7,0,0,0,22,0.0,130,0.0,27,KNYC,5.0,11,10,6,10,75.0,3.0,2,2,33,3,3,0,2,69,
2026-08-21 12:00:00,2026-08-23 03:00:00,NBS,71,68,120,3,,,,,,,,,22,100,63,7,7,0,0,0,17,,120,,12,KNYC,,14,10,6,0,,,1,2,16,4,17,3,2,69,
2026-08-21 12:00:00,2026-08-23 06:00:00,NBS,70,68,90,2,55.0,,24.0,,,10.0,,,13,60,63,7,4,0,0,0,38,0.0,120,0.0,10,KNYC,,10,10,7,0,,,1,2,20,3,27,13,2,68,
2026-08-21 12:00:00,2026-08-23 09:00:00,NBS,70,68,80,0,,,,,,,,,6,30,80,6,4,0,0,0,12,,120,,6,KNYC,,11,6,8,0,,,1,2,10,4,35,20,2,69,
2026-08-21 12:00:00,2026-08-23 12:00:00,NBS,71,69,80,0,41.0,63.0,38.0,62.0,,11.0,,18.0,7,40,87,5,6,0,0,0,41,0.0,120,0.0,5,KNYC,8.0,11,8,8,0,68.0,2.0,1,2,14,3,35,26,2,70,
2026-08-21 12:00:00,2026-08-23 15:00:00,NBS,76,70,200,3,,,,,,,,,27,100,61,8,6,0,0,0,29,,120,,18,KNYC,,26,10,9,27,,,2,2,19,3,17,10,2,75,
2026-08-21 12:00:00,2026-08-23 18:00:00,NBS,80,69,220,4,23.0,,2.0,,,13.0,,,50,100,59,11,6,0,0,0,28,0.0,110,0.0,25,KNYC,,36,22,10,68,,,3,2,28,4,6,3,3,78,
2026-08-21 12:00:00,2026-08-23 21:00:00,NBS,80,69,230,5,,,,,,,,,-88,100,46,13,11,0,0,0,41,,100,,50,KNYC,,44,23,13,68,,,3,3,21,4,1,1,2,76,
2026-08-21 12:00:00,2026-08-24 00:00:00,NBS,75,66,240,3,39.0,57.0,1.0,3.0,,23.0,,23.0,-88,100,38,10,9,0,0,0,32,0.0,94,0.0,240,KNYC,1.0,19,25,9,43,81.0,2.0,3,3,27,3,1,2,2,70,
2026-08-21 12:00:00,2026-08-24 03:00:00,NBS,72,64,260,3,,,,,,,,,-88,100,17,9,4,0,0,0,7,,92,,140,KNYC,,12,26,8,0,,,2,3,18,3,1,0,2,68,
2026-08-21 12:00:00,2026-08-24 06:00:00,NBS,70,63,260,3,11.0,,0.0,,,7.0,,,-88,100,5,9,3,0,0,0,3,0.0,89,0.0,130,KNYC,,7,26,7,0,,,2,3,5,3,2,0,2,66,
2026-08-21 12:00:00,2026-08-24 09:00:00,NBS,68,61,260,4,,,,,,,,,-88,100,7,9,1,0,0,0,0,,88,,48,KNYC,,7,26,6,0,,,2,3,5,3,2,0,2,64,
2026-08-21 12:00:00,2026-08-24 12:00:00,NBS,69,61,260,4,1.0,11.0,0.0,0.0,,3.0,,7.0,-88,100,3,9,1,0,0,0,0,0.0,83,0.0,80,KNYC,0.0,8,26,6,3,66.0,2.0,2,3,4,3,3,0,2,66,
2026-08-21 18:00:00,2026-08-22 00:00:00,NBS,73,65,70,0,5.0,,0.0,,2.0,3.0,6.0,,130,100,74,5,1,0,0,0,16,0.0,98,0.0,50,KNYC,,7,7,5,3,,,3,2,29,4,0,0,2,69,2/3
2026-08-21 18:00:00,2026-08-22 03:00:00,NBS,71,65,40,0,,,,,,,,,200,100,81,5,0,0,0,0,3,,97,,120,KNYC,,5,4,4,0,,,2,2,11,3,0,0,2,68,
2026-08-21 18:00:00,2026-08-22 06:00:00,NBS,70,64,20,0,4.0,,0.0,,,1.0,,,80,100,85,5,0,0,0,0,3,0.0,94,0.0,60,KNYC,,4,5,5,0,,,1,3,9,3,0,3,2,67,
2026-08-21 18:00:00,2026-08-22 09:00:00,NBS,68,63,30,2,,,,,,,,,110,100,84,6,0,0,0,0,1,,97,,80,KNYC,,4,1,5,0,,,2,3,11,2,0,5,2,66,
2026-08-21 18:00:00,2026-08-22 12:00:00,NBS,69,64,60,2,2.0,4.0,0.0,0.0,,0.0,,1.0,70,100,84,6,0,0,0,0,2,0.0,110,0.0,70,KNYC,1.0,9,7,7,11,66.0,2.0,1,3,9,2,0,2,2,67,
2026-08-21 18:00:00,2026-08-22 15:00:00,NBS,71,65,70,0,,,,,,,,,18,100,92,5,1,0,0,0,10,,120,,18,KNYC,,22,9,6,50,,,2,2,11,2,8,2,2,69,
2026-08-21 18:00:00,2026-08-22 18:00:00,NBS,74,66,90,0,9.0,,0.0,,,3.0,,,27,100,92,6,1,0,0,0,14,0.0,120,0.0,27,KNYC,,29,12,5,21,,,3,2,10,3,4,0,2,72,
2026-08-21 18:00:00,2026-08-22 21:00:00,NBS,75,67,130,0,,,,,,,,,35,100,76,8,4,0,0,0,22,,120,,31,KNYC,,26,13,7,22,,,3,2,29,3,1,0,2,72,
2026-08-21 18:00:00,2026-08-23 00:00:00,NBS,72,66,120,0,14.0,21.0,0.0,0.0,,11.0,,11.0,35,100,70,7,7,0,0,0,18,0.0,120,0.0,35,KNYC,0.0,12,12,6,7,75.0,3.0,1,2,31,3,0,1,2,69,
2026-08-21 18:00:00,2026-08-23 03:00:00,NBS,71,67,100,0,,,,,,,,,18,80,72,6,7,0,0,0,15,,130,,18,KNYC,,4,10,8,0,,,1,2,20,3,12,2,2,69,
2026-08-21 18:00:00,2026-08-23 06:00:00,NBS,70,67,80,0,23.0,,3.0,,,12.0,,,8,50,74,6,5,0,0,0,45,0.0,120,0.0,8,KNYC,,5,9,9,0,,,1,2,27,3,27,8,2,68,
2026-08-21 18:00:00,2026-08-23 09:00:00,NBS,70,68,90,0,,,,,,,,,13,40,89,5,3,0,0,0,37,,110,,4,KNYC,,12,11,9,0,,,2,2,13,3,32,16,2,68,
2026-08-21 18:00:00,2026-08-23 12:00:00,NBS,71,69,90,0,29.0,43.0,7.0,10.0,,9.0,,16.0,14,40,68,5,5,0,0,0,33,0.0,110,0.0,4,KNYC,3.0,11,16,7,8,68.0,2.0,1,2,26,3,33,26,2,71,
2026-08-21 18:00:00,2026-08-23 15:00:00,NBS,76,69,220,0,,,,,,,,,25,100,83,7,5,0,0,0,19,,110,,9,KNYC,,28,23,7,38,,,2,2,12,3,17,10,2,75,
2026-08-21 18:00:00,2026-08-23 18:00:00,NBS,80,69,230,4,44.0,,9.0,,,14.0,,,46,100,54,12,7,0,0,0,24,0.0,100,0.0,26,KNYC,,44,25,13,36,,,2,2,24,3,2,1,3,78,
2026-08-21 18:00:00,2026-08-23 21:00:00,NBS,80,68,230,5,,,,,,,,,-88,100,39,14,8,0,0,0,20,,90,,25,KNYC,,38,25,12,36,,,2,3,28,3,2,2,2,76,
2026-08-21 18:00:00,2026-08-24 00:00:00,NBS,75,65,250,2,31.0,55.0,1.0,10.0,,19.0,,21.0,-88,100,31,10,7,0,0,0,20,0.0,86,0.0,60,KNYC,3.0,13,26,8,19,81.0,2.0,3,3,26,3,1,0,2,70,
2026-08-21 18:00:00,2026-08-24 03:00:00,NBS,73,64,260,3,,,,,,,,,-88,100,17,10,3,0,0,0,13,,91,,70,KNYC,,9,27,8,0,,,2,3,16,3,2,0,2,68,
2026-08-21 18:00:00,2026-08-24 06:00:00,NBS,70,62,270,3,6.0,,0.0,,,6.0,,,-88,100,7,8,2,0,0,0,12,0.0,87,0.0,48,KNYC,,7,29,7,0,,,1,3,8,3,3,0,2,66,
2026-08-21 18:00:00,2026-08-24 09:00:00,NBS,68,60,260,3,,,,,,,,,-88,100,9,8,1,0,0,0,1,,86,,80,KNYC,,6,28,6,0,,,2,3,8,3,2,0,2,64,
2026-08-21 18:00:00,2026-08-24 12:00:00,NBS,68,61,260,3,1.0,5.0,0.0,0.0,,2.0,,6.0,-88,100,3,7,1,0,0,0,1,0.0,84,0.0,100,KNYC,0.0,10,26,7,3,66.0,2.0,2,3,4,3,0,0,2,66,
2026-08-21 18:00:00,2026-08-24 15:00:00,NBS,74,60,250,4,,,,,,,,,-88,100,4,11,0,0,0,0,1,,83,,180,KNYC,,39,25,12,54,,,2,4,5,4,0,0,2,71,
2026-08-21 18:00:00,2026-08-24 18:00:00,NBS,79,58,240,6,1.0,,0.0,,,2.0,,,-88,100,18,15,1,0,0,0,1,0.0,86,0.0,110,KNYC,,62,25,14,70,,,2,4,18,3,0,0,2,74,
2026-08-22 00:00:00,2026-08-22 06:00:00,NBS,70,63,40,0,8.0,,0.0,,9.0,3.0,,,60,100,86,4,0,0,0,0,0,0.0,91,0.0,50,KNYC,,4,7,3,0,,,1,3,9,2,1,3,1,66,9/3
2026-08-22 00:00:00,2026-08-22 09:00:00,NBS,68,62,30,2,,,,,,,,,170,100,81,6,0,0,0,0,0,,99,,140,KNYC,,4,1,5,0,,,2,3,18,2,2,4,2,65,
2026-08-22 00:00:00,2026-08-22 12:00:00,NBS,69,62,50,2,1.0,8.0,0.0,0.0,,0.0,,3.0,60,100,90,6,0,0,0,0,1,0.0,120,0.0,60,KNYC,1.0,8,6,5,15,66.0,2.0,1,2,10,2,0,0,2,67,
2026-08-22 00:00:00,2026-08-22 15:00:00,NBS,72,63,80,0,,,,,,,,,22,100,91,6,0,0,0,0,7,,120,,22,KNYC,,29,10,4,47,,,2,2,10,2,3,0,2,69,
2026-08-22 00:00:00,2026-08-22 18:00:00,NBS,74,65,120,0,5.0,,0.0,,,3.0,,,27,100,90,7,1,0,0,0,8,0.0,120,0.0,27,KNYC,,35,12,5,51,,,3,2,13,3,0,1,2,71,
2026-08-22 00:00:00,2026-08-22 21:00:00,NBS,75,65,130,0,,,,,,,,,35,100,74,8,3,0,0,0,15,,120,,31,KNYC,,28,14,7,26,,,3,2,30,3,1,1,2,71,
2026-08-22 00:00:00,2026-08-23 00:00:00,NBS,72,65,120,0,11.0,16.0,0.0,0.0,,5.0,,5.0,35,100,72,7,3,0,0,0,15,0.0,120,0.0,35,KNYC,0.0,16,11,8,6,75.0,3.0,1,2,32,3,1,5,2,69,
2026-08-22 00:00:00,2026-08-23 03:00:00,NBS,71,66,100,0,,,,,,,,,18,90,80,6,7,0,0,0,12,,120,,18,KNYC,,4,10,8,0,,,1,2,18,3,15,4,2,68,
2026-08-22 00:00:00,2026-08-23 06:00:00,NBS,70,66,80,0,41.0,,4.0,,,20.0,,,13,60,80,6,14,0,0,0,27,0.0,120,0.0,13,KNYC,,5,10,11,0,,,1,2,28,3,19,4,2,68,
2026-08-22 00:00:00,2026-08-23 09:00:00,NBS,70,67,40,0,,,,,,,,,7,30,90,5,11,0,0,0,44,,110,,7,KNYC,,5,13,9,0,,,2,2,13,4,35,15,2,68,
2026-08-22 00:00:00,2026-08-23 12:00:00,NBS,71,68,180,0,39.0,50.0,5.0,9.0,,18.0,,25.0,6,20,70,5,6,0,0,0,28,0.0,110,0.0,6,KNYC,7.0,13,23,10,11,68.0,2.0,1,2,26,3,39,23,2,70,
2026-08-22 00:00:00,2026-08-23 15:00:00,NBS,76,68,220,3,,,,,,,,,26,100,61,8,6,0,0,0,26,,110,,26,KNYC,,33,23,13,49,,,2,2,35,3,19,9,2,75,
2026-08-22 00:00:00,2026-08-23 18:00:00,NBS,80,68,230,4,31.0,,1.0,,,14.0,,,42,100,32,12,5,0,0,0,28,0.0,100,0.0,19,KNYC,,47,24,15,69,,,3,2,21,3,4,2,2,79,
2026-08-22 00:00:00,2026-08-23 21:00:00,NBS,80,67,240,5,,,,,,,,,-88,100,27,14,8,0,0,0,9,,88,,28,KNYC,,57,25,14,47,,,3,3,28,3,3,0,2,75,
2026-08-22 00:00:00,2026-08-24 00:00:00,NBS,75,65,240,3,22.0,50.0,1.0,2.0,,17.0,,20.0,-88,100,27,10,6,0,0,0,9,0.0,84,0.0,100,KNYC,0.0,22,25,9,14,81.0,2.0,2,4,21,3,3,0,2,70,
2026-08-22 00:00:00,2026-08-24 03:00:00,NBS,73,63,260,4,,,,,,,,,-88,100,11,10,6,0,0,0,1,,87,,40,KNYC,,9,25,9,0,,,2,3,9,3,2,0,2,68,
2026-08-22 00:00:00,2026-08-24 06:00:00,NBS,70,61,260,3,4.0,,0.0,,,8.0,,,-88,100,10,8,3,0,0,0,1,0.0,89,0.0,70,KNYC,,8,26,8,0,,,2,3,21,3,2,0,2,65,
2026-08-22 00:00:00,2026-08-24 09:00:00,NBS,68,60,260,3,,,,,,,,,-88,100,14,8,2,0,0,0,0,,84,,50,KNYC,,7,26,5,0,,,2,3,29,3,0,0,2,64,
2026-08-22 00:00:00,2026-08-24 12:00:00,NBS,69,60,260,3,0.0,4.0,0.0,0.0,,4.0,,9.0,-88,100,9,8,2,0,0,0,1,0.0,81,0.0,60,KNYC,0.0,10,25,7,3,66.0,2.0,2,3,25,3,0,0,2,66,
2026-08-22 00:00:00,2026-08-24 15:00:00,NBS,74,59,250,4,,,,,,,,,-88,100,10,11,2,0,0,0,1,,83,,80,KNYC,,32,24,11,41,,,2,3,8,4,0,0,2,71,
2026-08-22 00:00:00,2026-08-24 18:00:00,NBS,78,58,240,6,1.0,,0.0,,,5.0,,,-88,100,18,15,3,0,0,0,14,0.0,84,0.0,110,KNYC,,63,23,16,60,,,2,3,9,3,0,0,2,74,
2026-08-22 00:00:00,2026-08-24 21:00:00,NBS,79,57,250,6,,,,,,,,,-88,100,24,15,3,0,0,0,13,,88,,60,KNYC,,68,25,13,69,,,2,3,14,3,0,0,2,71,
2026-08-22 00:00:00,2026-08-25 00:00:00,NBS,73,58,270,3,3.0,3.0,0.0,0.0,,9.0,,9.0,-88,100,27,10,2,0,0,0,13,0.0,86,0.0,60,KNYC,0.0,13,27,9,42,79.0,1.0,2,3,11,3,0,0,2,67,
2026-08-22 06:00:00,2026-08-22 12:00:00,NBS,69,63,50,3,2.0,,0.0,,3.0,1.0,8.0,,60,100,89,6,0,0,0,0,0,0.0,110,0.0,49,KNYC,,7,6,5,12,,,1,2,9,2,0,0,2,67,3/1
2026-08-22 06:00:00,2026-08-22 15:00:00,NBS,72,63,70,0,,,,,,,,,22,100,94,6,0,0,0,0,13,,120,,22,KNYC,,27,9,5,39,,,2,2,9,2,0,0,2,69,
2026-08-22 06:00:00,2026-08-22 18:00:00,NBS,75,64,90,0,7.0,,0.0,,,2.0,,,35,100,87,7,1,0,0,0,18,0.0,120,0.0,35,KNYC,,30,10,5,44,,,3,2,22,2,0,0,2,72,
2026-08-22 06:00:00,2026-08-22 21:00:00,NBS,76,65,100,2,,,,,,,,,35,100,81,9,3,0,0,0,23,,120,,32,KNYC,,27,11,7,25,,,2,2,20,3,0,2,2,71,
2026-08-22 06:00:00,2026-08-23 00:00:00,NBS,72,65,110,0,12.0,9.0,0.0,0.0,,5.0,,6.0,27,100,82,8,4,0,0,0,24,0.0,120,0.0,27,KNYC,5.0,10,12,7,7,76.0,3.0,1,2,22,3,0,4,2,68,
2026-08-22 06:00:00,2026-08-23 03:00:00,NBS,71,66,100,3,,,,,,,,,18,70,83,7,9,0,0,0,20,,120,,18,KNYC,,5,11,7,0,,,1,2,28,3,11,3,2,68,
2026-08-22 06:00:00,2026-08-23 06:00:00,NBS,70,66,80,3,39.0,,4.0,,,21.0,,,7,40,79,7,14,0,0,0,12,0.0,120,0.0,7,KNYC,,5,10,8,0,,,2,2,19,3,33,5,2,67,
2026-08-22 06:00:00,2026-08-23 09:00:00,NBS,70,67,80,3,,,,,,,,,4,30,87,7,10,0,0,0,33,,120,,4,KNYC,,5,9,8,0,,,2,2,12,3,50,20,2,68,
2026-08-22 06:00:00,2026-08-23 12:00:00,NBS,71,68,50,2,52.0,67.0,40.0,44.0,,15.0,,23.0,4,20,80,6,4,0,0,0,63,0.0,120,0.0,4,KNYC,7.0,9,4,7,6,67.0,2.0,1,2,26,3,47,23,2,70,
2026-08-22 06:00:00,2026-08-23 15:00:00,NBS,76,68,200,4,,,,,,,,,27,70,46,9,4,0,0,0,32,,120,,27,KNYC,,27,24,9,53,,,2,2,26,3,15,8,2,75,
2026-08-22 06:00:00,2026-08-23 18:00:00,NBS,80,68,230,5,23.0,,1.0,,,12.0,,,45,100,51,13,6,0,0,0,21,0.0,110,0.0,31,KNYC,,39,23,11,48,,,3,2,25,3,0,1,2,78,
2026-08-22 06:00:00,2026-08-23 21:00:00,NBS,80,67,220,5,,,,,,,,,-88,100,34,14,12,0,0,0,9,,95,,24,KNYC,,40,22,13,40,,,3,3,25,3,3,0,2,75,
2026-08-22 06:00:00,2026-08-24 00:00:00,NBS,75,64,230,4,18.0,40.0,1.0,2.0,,23.0,,23.0,-88,100,29,11,9,0,0,0,16,0.0,88,0.0,23,KNYC,1.0,10,24,8,9,81.0,2.0,2,3,16,3,2,0,2,70,
2026-08-22 06:00:00,2026-08-24 03:00:00,NBS,72,62,250,4,,,,,,,,,-88,100,17,11,7,0,0,0,0,,83,,80,KNYC,,9,26,10,0,,,2,3,19,3,1,0,2,68,
2026-08-22 06:00:00,2026-08-24 06:00:00,NBS,70,60,260,4,1.0,,0.0,,,10.0,,,-88,100,15,9,5,0,0,0,0,0.0,83,0.0,-88,KNYC,,8,27,7,0,,,2,3,20,3,1,0,2,65,
2026-08-22 06:00:00,2026-08-24 09:00:00,NBS,67,59,250,4,,,,,,,,,-88,100,11,8,1,0,0,0,0,,89,,160,KNYC,,7,27,5,0,,,2,3,21,3,1,0,2,63,
2026-08-22 06:00:00,2026-08-24 12:00:00,NBS,68,60,250,4,1.0,2.0,0.0,0.0,,3.0,,10.0,-88,100,12,8,1,0,0,0,0,0.0,85,0.0,70,KNYC,0.0,10,26,6,5,65.0,2.0,2,2,24,3,0,0,2,65,
2026-08-22 06:00:00,2026-08-24 15:00:00,NBS,74,58,240,5,,,,,,,,,-88,100,5,12,2,0,0,0,2,,82,,220,KNYC,,42,24,11,54,,,2,3,13,3,0,0,2,71,
2026-08-22 06:00:00,2026-08-24 18:00:00,NBS,78,57,240,7,1.0,,0.0,,,5.0,,,-88,100,14,16,3,0,0,0,10,0.0,82,0.0,210,KNYC,,61,24,15,70,,,2,3,11,3,1,0,2,73,
2026-08-22 06:00:00,2026-08-24 21:00:00,NBS,78,56,260,7,,,,,,,,,-88,100,20,17,3,0,0,0,16,,87,,60,KNYC,,58,26,13,66,,,3,3,13,3,0,0,2,71,
2026-08-22 06:00:00,2026-08-25 00:00:00,NBS,73,57,260,4,4.0,3.0,0.0,0.0,,8.0,,8.0,-88,100,25,12,2,0,0,0,14,0.0,88,0.0,160,KNYC,0.0,21,26,9,42,78.0,2.0,2,2,10,3,1,0,2,65,
2026-08-22 06:00:00,2026-08-25 03:00:00,NBS,69,56,270,4,,,,,,,,,-88,100,13,10,1,0,0,0,0,,89,,70,KNYC,,8,27,9,0,,,2,2,10,3,1,0,2,64,
2026-08-22 06:00:00,2026-08-25 06:00:00,NBS,67,55,260,4,0.0,,0.0,,,3.0,,,-88,100,1,9,1,0,0,0,0,0.0,88,0.0,70,KNYC,,9,27,8,0,,,2,2,2,3,0,0,2,62,
2026-08-22 12:00:00,2026-08-22 18:00:00,NBS,75,64,90,0,18.0,,6.0,,2.0,2.0,,,45,100,72,8,1,0,0,0,3,0.0,120,0.0,43,KNYC,,32,12,4,51,,,2,2,21,2,0,1,2,73,2/2
2026-08-22 12:00:00,2026-08-22 21:00:00,NBS,77,65,110,3,,,,,,,,,35,100,58,10,2,0,0,0,6,,120,,35,KNYC,,32,12,5,36,,,2,2,31,3,3,0,2,72,
2026-08-22 12:00:00,2026-08-23 00:00:00,NBS,72,65,130,2,20.0,21.0,3.0,9.0,,3.0,,4.0,35,100,76,8,2,0,0,0,7,0.0,120,0.0,33,KNYC,0.0,9,14,7,6,77.0,2.0,1,2,25,3,0,3,2,69,
2026-08-22 12:00:00,2026-08-23 03:00:00,NBS,71,66,100,3,,,,,,,,,22,70,74,8,3,0,0,0,10,,120,,22,KNYC,,6,12,7,0,,,1,2,25,3,4,2,2,69,
2026-08-22 12:00:00,2026-08-23 06:00:00,NBS,71,67,90,3,36.0,,4.0,,,13.0,,,13,40,74,8,9,0,0,0,29,0.0,120,0.0,13,KNYC,,6,11,5,0,,,1,2,16,3,21,6,2,69,
2026-08-22 12:00:00,2026-08-23 09:00:00,NBS,70,68,80,3,,,,,,,,,11,50,85,8,9,0,0,0,18,,120,,11,KNYC,,5,10,7,0,,,1,2,12,3,22,10,2,68,
2026-08-22 12:00:00,2026-08-23 12:00:00,NBS,72,69,60,3,47.0,63.0,11.0,15.0,,21.0,,24.0,7,30,79,7,10,0,0,0,40,0.0,120,0.0,7,KNYC,4.0,10,8,6,8,68.0,2.0,1,2,22,3,32,20,2,70,
2026-08-22 12:00:00,2026-08-23 15:00:00,NBS,76,69,180,4,,,,,,,,,27,100,70,10,10,0,0,0,42,,110,,19,KNYC,,24,19,10,34,,,3,2,23,4,8,6,2,75,
2026-08-22 12:00:00,2026-08-23 18:00:00,NBS,80,68,210,6,48.0,,11.0,,,22.0,,,-88,100,45,14,11,0,0,0,19,0.0,110,0.0,35,KNYC,,37,21,12,41,,,3,2,25,3,2,2,2,78,
2026-08-22 12:00:00,2026-08-23 21:00:00,NBS,81,67,210,5,,,,,,,,,-88,100,38,14,14,0,0,0,12,,95,,50,KNYC,,39,22,13,36,,,3,3,33,3,0,1,2,75,
2026-08-22 12:00:00,2026-08-24 00:00:00,NBS,75,64,240,4,16.0,62.0,1.0,12.0,,24.0,,28.0,-88,100,26,11,10,0,0,0,5,0.0,86,0.0,43,KNYC,8.0,7,25,9,10,81.0,2.0,2,3,24,3,0,1,2,70,
2026-08-22 12:00:00,2026-08-24 03:00:00,NBS,73,62,250,4,,,,,,,,,-88,100,3,11,4,0,0,0,0,,84,,80,KNYC,,9,26,9,0,,,2,3,5,3,2,0,2,68,
2026-08-22 12:00:00,2026-08-24 06:00:00,NBS,70,60,260,4,1.0,,0.0,,,6.0,,,-88,100,8,9,1,0,0,0,10,0.0,82,0.0,-88,KNYC,,8,27,8,0,,,2,3,24,3,2,0,2,65,
2026-08-22 12:00:00,2026-08-24 09:00:00,NBS,67,59,250,3,,,,,,,,,-88,100,2,8,0,0,0,0,0,,80,,90,KNYC,,7,26,6,0,,,2,2,2,3,3,0,2,63,
2026-08-22 12:00:00,2026-08-24 12:00:00,NBS,68,60,250,4,1.0,2.0,0.0,0.0,,1.0,,6.0,-88,100,3,8,0,0,0,0,0,0.0,82,0.0,270,KNYC,0.0,13,26,9,19,66.0,2.0,2,2,4,3,0,0,2,65,
2026-08-22 12:00:00,2026-08-24 15:00:00,NBS,74,59,250,5,,,,,,,,,-88,100,9,13,1,0,0,0,1,,84,,70,KNYC,,47,25,14,66,,,2,3,12,3,0,0,2,71,
2026-08-22 12:00:00,2026-08-24 18:00:00,NBS,78,57,240,7,1.0,,0.0,,,2.0,,,-88,100,18,17,1,0,0,0,2,0.0,81,0.0,50,KNYC,,65,25,18,77,,,2,2,15,3,0,0,2,73,
2026-08-22 12:00:00,2026-08-24 21:00:00,NBS,78,56,250,7,,,,,,,,,-88,100,25,17,3,0,0,0,2,,87,,70,KNYC,,68,26,15,68,,,3,3,20,3,0,0,2,71,
2026-08-22 12:00:00,2026-08-25 00:00:00,NBS,73,56,260,4,2.0,2.0,0.0,0.0,,8.0,,8.0,-88,100,22,12,2,0,0,0,1,0.0,87,0.0,150,KNYC,0.0,27,27,11,43,78.0,2.0,2,2,9,3,0,0,2,65,
2026-08-22 12:00:00,2026-08-25 03:00:00,NBS,70,56,270,4,,,,,,,,,-88,100,15,10,1,0,0,0,0,,90,,120,KNYC,,12,28,9,0,,,2,2,12,3,0,0,2,64,
2026-08-22 12:00:00,2026-08-25 06:00:00,NBS,67,56,260,4,1.0,,0.0,,,2.0,,,-88,100,5,9,1,0,0,0,0,0.0,92,0.0,90,KNYC,,8,27,7,0,,,2,2,6,3,2,0,2,63,
2026-08-22 12:00:00,2026-08-25 09:00:00,NBS,65,56,250,4,,,,,,,,,-88,100,6,10,1,0,0,0,0,,91,,110,KNYC,,8,26,8,0,,,2,2,7,3,0,0,2,61,
2026-08-22 12:00:00,2026-08-25 12:00:00,NBS,67,57,260,4,0.0,1.0,0.0,0.0,,2.0,,3.0,-88,100,5,10,0,0,0,0,0,0.0,92,0.0,80,KNYC,0.0,10,27,9,3,63.0,2.0,2,2,10,3,0,0,2,63,
2026-08-22 18:00:00,2026-08-23 00:00:00,NBS,73,65,130,1,6.0,,0.0,,2.0,4.0,3.0,,35,100,72,8,3,0,0,0,2,0.0,120,0.0,35,KNYC,,10,14,7,4,,,1,2,33,2,5,2,2,70,2/4
2026-08-22 18:00:00,2026-08-23 03:00:00,NBS,72,66,110,3,,,,,,,,,27,100,68,7,3,0,0,0,19,,110,,27,KNYC,,4,13,6,0,,,1,2,34,2,2,0,2,69,
2026-08-22 18:00:00,2026-08-23 06:00:00,NBS,72,67,100,3,17.0,,0.0,,,13.0,,,18,30,70,7,9,0,0,0,39,0.0,120,0.0,18,KNYC,,4,12,5,0,,,1,2,21,3,18,12,2,69,
2026-08-22 18:00:00,2026-08-23 09:00:00,NBS,71,68,90,3,,,,,,,,,11,50,71,8,10,0,0,0,48,,120,,11,KNYC,,5,11,6,0,,,1,2,21,4,24,12,2,69,
2026-08-22 18:00:00,2026-08-23 12:00:00,NBS,72,69,120,2,51.0,66.0,10.0,10.0,,22.0,,25.0,8,30,72,6,10,0,0,0,46,0.0,110,0.0,8,KNYC,3.0,8,15,6,6,69.0,1.0,1,2,13,3,31,20,2,71,
2026-08-22 18:00:00,2026-08-23 15:00:00,NBS,77,69,210,5,,,,,,,,,22,100,50,11,9,0,0,0,25,,110,,22,KNYC,,30,23,12,46,,,3,2,18,3,12,6,2,76,
2026-08-22 18:00:00,2026-08-23 18:00:00,NBS,80,69,230,5,44.0,,3.0,,,18.0,,,-88,100,26,14,9,0,0,0,17,0.0,99,0.0,39,KNYC,,47,25,13,70,,,3,2,16,3,0,0,2,80,
2026-08-22 18:00:00,2026-08-23 21:00:00,NBS,80,67,240,5,,,,,,,,,-88,100,28,14,11,0,0,0,8,,87,,80,KNYC,,43,25,12,49,,,3,3,28,3,0,0,2,76,
2026-08-22 18:00:00,2026-08-24 00:00:00,NBS,76,64,250,4,41.0,69.0,7.0,10.0,,21.0,,25.0,-88,100,28,12,8,0,0,0,5,0.0,85,0.0,200,KNYC,3.0,12,26,11,10,81.0,2.0,2,3,27,3,0,0,2,70,
2026-08-22 18:00:00,2026-08-24 03:00:00,NBS,73,61,250,4,,,,,,,,,-88,100,8,11,3,0,0,0,0,,84,,60,KNYC,,4,26,9,0,,,2,3,7,3,1,0,2,68,
2026-08-22 18:00:00,2026-08-24 06:00:00,NBS,70,60,250,3,1.0,,0.0,,,5.0,,,-88,100,9,8,2,0,0,0,0,0.0,82,0.0,70,KNYC,,4,27,7,0,,,2,3,26,3,1,0,2,65,
2026-08-22 18:00:00,2026-08-24 09:00:00,NBS,67,59,250,3,,,,,,,,,-88,100,5,7,1,0,0,0,0,,80,,150,KNYC,,6,26,6,0,,,2,2,6,3,2,0,2,63,
2026-08-22 18:00:00,2026-08-24 12:00:00,NBS,69,60,250,3,0.0,1.0,0.0,0.0,,1.0,,5.0,-88,100,7,6,0,0,0,0,0,0.0,83,0.0,90,KNYC,0.0,9,25,8,20,66.0,2.0,2,2,23,3,0,0,2,66,
2026-08-22 18:00:00,2026-08-24 15:00:00,NBS,75,59,240,5,,,,,,,,,-88,100,24,11,0,0,0,0,0,,79,,100,KNYC,,47,25,13,70,,,2,2,35,3,0,0,2,71,
2026-08-22 18:00:00,2026-08-24 18:00:00,NBS,78,58,240,7,1.0,,0.0,,,2.0,,,-88,100,9,17,1,0,0,0,6,0.0,80,0.0,160,KNYC,,63,24,16,75,,,2,2,6,3,0,0,2,74,
2026-08-22 18:00:00,2026-08-24 21:00:00,NBS,78,57,250,7,,,,,,,,,-88,100,22,17,2,0,0,0,0,,78,,160,KNYC,,60,25,14,56,,,2,3,19,3,0,0,2,70,
2026-08-22 18:00:00,2026-08-25 00:00:00,NBS,74,56,260,4,0.0,1.0,0.0,0.0,,8.0,,8.0,-88,100,30,11,2,0,0,0,0,0.0,85,0.0,130,KNYC,0.0,20,27,11,20,79.0,1.0,2,2,17,3,0,0,2,67,
2026-08-22 18:00:00,2026-08-25 03:00:00,NBS,70,56,270,4,,,,,,,,,-88,100,8,9,1,0,0,0,0,,91,,120,KNYC,,10,28,8,0,,,2,2,7,3,0,0,2,64,
2026-08-22 18:00:00,2026-08-25 06:00:00,NBS,68,56,250,4,0.0,,0.0,,,2.0,,,-88,100,3,9,1,0,0,0,0,0.0,93,0.0,110,KNYC,,8,25,7,0,,,2,2,7,3,0,0,2,63,
2026-08-22 18:00:00,2026-08-25 09:00:00,NBS,65,56,250,4,,,,,,,,,-88,100,8,9,1,0,0,0,0,,92,,90,KNYC,,7,25,8,0,,,2,2,16,3,0,0,2,61,
2026-08-22 18:00:00,2026-08-25 12:00:00,NBS,67,57,260,4,0.0,0.0,0.0,0.0,,2.0,,3.0,-88,100,3,9,1,0,0,0,0,0.0,92,0.0,60,KNYC,0.0,10,26,9,3,64.0,2.0,2,2,6,3,0,0,2,63,
2026-08-22 18:00:00,2026-08-25 15:00:00,NBS,74,57,270,5,,,,,,,,,-88,100,6,13,1,0,0,0,0,,92,,80,KNYC,,38,28,12,50,,,2,2,4,3,0,0,2,70,
2026-08-22 18:00:00,2026-08-25 18:00:00,NBS,78,57,270,6,0.0,,0.0,,,2.0,,,-88,100,27,15,0,0,0,0,0,0.0,94,0.0,50,KNYC,,59,28,13,68,,,2,2,19,3,0,0,2,74,
2026-08-23 00:00:00,2026-08-23 06:00:00,NBS,72,67,100,3,21.0,,1.0,,8.0,3.0,,,27,90,71,8,2,0,0,0,34,0.0,110,0.0,27,KNYC,,6,11,5,0,,,1,2,24,2,9,6,2,69,8/3
2026-08-23 00:00:00,2026-08-23 09:00:00,NBS,71,68,90,3,,,,,,,,,13,50,81,8,4,0,0,0,44,,120,,12,KNYC,,5,10,6,0,,,1,2,21,3,20,10,2,69,
2026-08-23 00:00:00,2026-08-23 12:00:00,NBS,72,69,110,3,61.0,72.0,26.0,27.0,,22.0,,23.0,8,30,72,7,13,0,0,0,45,0.0,120,0.0,8,KNYC,6.0,10,13,7,7,69.0,1.0,1,2,17,4,36,19,3,71,
2026-08-23 00:00:00,2026-08-23 15:00:00,NBS,76,69,210,5,,,,,,,,,15,80,59,11,13,0,0,0,34,,110,,15,KNYC,,28,22,9,39,,,3,1,25,3,15,8,2,76,
2026-08-23 00:00:00,2026-08-23 18:00:00,NBS,80,69,230,5,45.0,,2.0,,,26.0,,,35,100,46,14,13,0,0,0,16,0.0,100,0.0,29,KNYC,,43,25,13,55,,,3,2,34,3,0,1,2,78,
2026-08-23 00:00:00,2026-08-23 21:00:00,NBS,80,67,250,5,,,,,,,,,-88,100,28,14,14,0,0,0,4,,88,,70,KNYC,,47,25,14,48,,,3,4,28,3,0,0,2,75,
2026-08-23 00:00:00,2026-08-24 00:00:00,NBS,76,63,250,4,14.0,58.0,1.0,3.0,,25.0,,32.0,-88,100,20,12,7,0,0,0,4,0.0,85,0.0,200,KNYC,4.0,11,26,11,10,81.0,2.0,2,3,20,3,0,0,2,70,
2026-08-23 00:00:00,2026-08-24 03:00:00,NBS,73,61,260,4,,,,,,,,,-88,100,7,11,3,0,0,0,0,,84,,80,KNYC,,5,26,10,0,,,2,3,7,3,0,0,2,68,
2026-08-23 00:00:00,2026-08-24 06:00:00,NBS,70,59,260,3,0.0,,0.0,,,5.0,,,-88,100,2,8,1,0,0,0,0,0.0,80,0.0,80,KNYC,,5,28,7,0,,,2,2,4,3,0,0,2,65,
2026-08-23 00:00:00,2026-08-24 09:00:00,NBS,67,59,250,3,,,,,,,,,-88,100,4,7,0,0,0,0,0,,79,,250,KNYC,,4,26,7,0,,,2,2,6,3,0,0,2,63,
2026-08-23 00:00:00,2026-08-24 12:00:00,NBS,68,60,240,3,0.0,1.0,0.0,0.0,,1.0,,5.0,-88,100,3,6,0,0,0,0,4,0.0,82,0.0,140,KNYC,0.0,8,25,6,21,66.0,2.0,2,2,3,3,0,0,2,66,
2026-08-23 00:00:00,2026-08-24 15:00:00,NBS,75,59,240,4,,,,,,,,,-88,100,14,11,1,0,0,0,5,,81,,90,KNYC,,52,24,14,71,,,2,2,18,3,0,0,2,71,
2026-08-23 00:00:00,2026-08-24 18:00:00,NBS,78,58,240,7,1.0,,0.0,,,2.0,,,-88,100,21,17,1,0,0,0,10,0.0,79,0.0,28,KNYC,,68,24,18,60,,,2,2,23,3,0,0,2,74,
2026-08-23 00:00:00,2026-08-24 21:00:00,NBS,78,58,250,6,,,,,,,,,-88,100,23,16,1,0,0,0,6,,78,,37,KNYC,,66,25,16,48,,,2,2,24,3,2,0,2,71,
2026-08-23 00:00:00,2026-08-25 00:00:00,NBS,73,56,270,4,1.0,5.0,0.0,0.0,,7.0,,7.0,-88,100,22,12,1,0,0,0,0,0.0,82,0.0,180,KNYC,0.0,24,27,11,12,79.0,1.0,2,2,14,3,2,0,2,66,
2026-08-23 00:00:00,2026-08-25 03:00:00,NBS,70,56,270,4,,,,,,,,,-88,100,13,9,0,0,0,0,0,,89,,110,KNYC,,10,27,8,0,,,2,2,14,3,2,0,2,64,
2026-08-23 00:00:00,2026-08-25 06:00:00,NBS,67,56,260,3,0.0,,0.0,,,2.0,,,-88,100,7,8,0,0,0,0,0,0.0,87,0.0,80,KNYC,,10,26,8,0,,,2,2,10,3,0,0,2,63,
2026-08-23 00:00:00,2026-08-25 09:00:00,NBS,65,56,260,4,,,,,,,,,-88,100,11,9,0,0,0,0,0,,95,,80,KNYC,,8,26,8,0,,,2,2,23,3,1,0,2,61,
2026-08-23 00:00:00,2026-08-25 12:00:00,NBS,67,57,260,4,0.0,0.0,0.0,0.0,,1.0,,2.0,-88,100,4,10,0,0,0,0,0,0.0,97,0.0,60,KNYC,0.0,13,26,10,3,63.0,2.0,2,2,6,3,0,0,2,64,
2026-08-23 00:00:00,2026-08-25 15:00:00,NBS,74,58,270,5,,,,,,,,,-88,100,9,13,0,0,0,0,0,,94,,70,KNYC,,39,27,13,47,,,2,2,11,3,0,0,1,70,
2026-08-23 00:00:00,2026-08-25 18:00:00,NBS,78,58,270,6,0.0,,0.0,,,2.0,,,-88,100,27,15,1,0,0,0,0,0.0,96,0.0,45,KNYC,,59,28,14,66,,,3,2,14,3,0,0,2,74,
2026-08-23 00:00:00,2026-08-25 21:00:00,NBS,79,59,280,6,,,,,,,,,-88,100,30,15,3,0,0,0,0,,95,,45,KNYC,,60,28,14,66,,,2,2,26,2,0,0,1,71,
2026-08-23 00:00:00,2026-08-26 00:00:00,NBS,75,58,280,0,0.0,0.0,0.0,0.0,,8.0,,8.0,-88,100,31,9,3,0,0,0,0,0.0,96,0.0,50,KNYC,0.0,14,29,9,41,79.0,2.0,3,2,24,3,0,0,2,67,
2026-08-23 06:00:00,2026-08-23 12:00:00,NBS,72,68,110,4,55.0,,13.0,,2.0,21.0,6.0,,15,90,67,9,13,0,0,0,44,0.0,110,0.0,15,KNYC,,9,14,7,10,,,1,1,23,3,17,10,2,70,2/21
2026-08-23 06:00:00,2026-08-23 15:00:00,NBS,75,69,160,5,,,,,,,,,13,90,62,11,13,0,0,0,62,,110,,13,KNYC,,23,19,9,47,,,2,1,24,3,19,6,2,75,
2026-08-23 06:00:00,2026-08-23 18:00:00,NBS,80,69,210,5,55.0,,2.0,,,27.0,,,45,100,51,14,12,0,0,0,18,0.0,100,0.0,40,KNYC,,37,23,11,60,,,2,2,30,2,0,0,2,78,
2026-08-23 06:00:00,2026-08-23 21:00:00,NBS,81,67,220,5,,,,,,,,,-88,100,23,14,13,0,0,0,7,,90,,27,KNYC,,43,24,12,45,,,2,3,20,3,0,0,2,75,
2026-08-23 06:00:00,2026-08-24 00:00:00,NBS,76,62,260,4,14.0,55.0,1.0,3.0,,24.0,,32.0,-88,100,11,12,9,0,0,0,1,0.0,87,0.0,60,KNYC,8.0,9,26,10,8,81.0,2.0,2,3,8,3,0,0,2,70,
2026-08-23 06:00:00,2026-08-24 03:00:00,NBS,73,60,260,4,,,,,,,,,-88,100,8,10,3,0,0,0,0,,85,,140,KNYC,,5,27,9,0,,,2,2,9,3,0,0,2,67,
2026-08-23 06:00:00,2026-08-24 06:00:00,NBS,70,59,260,3,0.0,,0.0,,,5.0,,,-88,100,2,9,1,0,0,0,0,0.0,81,0.0,48,KNYC,,4,26,6,0,,,2,2,3,2,0,0,2,65,
2026-08-23 06:00:00,2026-08-24 09:00:00,NBS,67,58,240,3,,,,,,,,,-88,100,5,7,0,0,0,0,0,,79,,80,KNYC,,4,26,6,0,,,2,2,6,3,0,0,2,63,
2026-08-23 06:00:00,2026-08-24 12:00:00,NBS,68,60,240,3,0.0,0.0,0.0,0.0,,1.0,,5.0,-88,100,3,7,0,0,0,0,0,0.0,82,0.0,230,KNYC,0.0,6,25,6,19,66.0,2.0,2,2,4,3,0,0,2,65,
2026-08-23 06:00:00,2026-08-24 15:00:00,NBS,75,59,230,5,,,,,,,,,-88,100,25,13,1,0,0,0,0,,86,,80,KNYC,,42,24,12,71,,,2,2,35,3,0,0,1,71,
2026-08-23 06:00:00,2026-08-24 18:00:00,NBS,78,57,230,7,1.0,,0.0,,,3.0,,,-88,100,39,17,2,0,0,0,0,0.0,81,0.0,60,KNYC,,62,24,17,74,,,2,2,40,2,0,0,1,74,
2026-08-23 06:00:00,2026-08-24 21:00:00,NBS,78,57,250,7,,,,,,,,,-88,100,20,17,2,0,0,0,4,,81,,90,KNYC,,61,25,15,38,,,2,2,22,2,2,0,1,70,
2026-08-23 06:00:00,2026-08-25 00:00:00,NBS,73,55,260,4,1.0,1.0,0.0,0.0,,7.0,,7.0,-88,100,19,12,2,0,0,0,0,0.0,82,0.0,80,KNYC,0.0,15,26,10,3,78.0,2.0,2,2,20,3,2,0,2,66,
2026-08-23 06:00:00,2026-08-25 03:00:00,NBS,70,55,270,4,,,,,,,,,-88,100,20,10,1,0,0,0,0,,88,,70,KNYC,,10,27,9,0,,,2,2,19,3,3,0,2,64,
2026-08-23 06:00:00,2026-08-25 06:00:00,NBS,67,56,260,4,0.0,,0.0,,,2.0,,,-88,100,2,9,1,0,0,0,0,0.0,93,0.0,80,KNYC,,9,28,7,0,,,2,1,2,2,2,0,1,63,
2026-08-23 06:00:00,2026-08-25 09:00:00,NBS,65,56,260,4,,,,,,,,,-88,100,8,10,1,0,0,0,0,,93,,70,KNYC,,8,27,7,0,,,2,1,9,3,1,0,1,62,
2026-08-23 06:00:00,2026-08-25 12:00:00,NBS,67,57,260,4,0.0,0.0,0.0,0.0,,1.0,,2.0,-88,100,5,10,0,0,0,0,0,0.0,94,0.0,60,KNYC,0.0,14,27,9,15,63.0,2.0,2,2,8,3,0,0,1,64,
2026-08-23 06:00:00,2026-08-25 15:00:00,NBS,74,58,260,5,,,,,,,,,-88,100,15,12,0,0,0,0,0,,96,,70,KNYC,,39,27,11,37,,,2,2,17,3,0,0,1,71,
2026-08-23 06:00:00,2026-08-25 18:00:00,NBS,78,58,260,6,0.0,,0.0,,,2.0,,,42,100,34,15,1,0,0,0,0,0.0,97,0.0,42,KNYC,,58,27,13,52,,,2,2,19,2,0,0,1,74,
2026-08-23 06:00:00,2026-08-25 21:00:00,NBS,78,59,270,6,,,,,,,,,-88,100,41,15,2,0,0,0,0,,98,,45,KNYC,,54,27,13,20,,,2,2,27,2,0,0,2,71,
2026-08-23 06:00:00,2026-08-26 00:00:00,NBS,74,58,280,2,1.0,1.0,0.0,0.0,,6.0,,6.0,-88,100,34,10,2,0,0,0,0,0.0,98,0.0,70,KNYC,0.0,12,28,8,13,79.0,2.0,2,2,13,3,0,0,2,68,
2026-08-23 06:00:00,2026-08-26 03:00:00,NBS,71,59,290,2,,,,,,,,,-88,100,13,7,1,0,0,0,0,,95,,50,KNYC,,7,29,8,0,,,2,2,13,2,0,0,2,66,
2026-08-23 06:00:00,2026-08-26 06:00:00,NBS,69,59,300,0,1.0,,0.0,,,2.0,,,-88,100,6,6,1,0,0,0,0,0.0,91,0.0,60,KNYC,,7,31,8,0,,,2,1,9,2,0,0,2,64,
2026-08-23 12:00:00,2026-08-23 18:00:00,NBS,80,69,230,5,52.0,,6.0,,1.0,27.0,,,-88,100,37,14,9,0,0,0,12,0.0,100,0.0,44,KNYC,,40,24,11,67,,,2,2,28,2,0,2,2,79,1/27
2026-08-23 12:00:00,2026-08-23 21:00:00,NBS,81,66,230,5,,,,,,,,,-88,100,13,14,11,0,0,0,16,,86,,40,KNYC,,39,25,12,46,,,2,4,14,2,0,4,2,75,
2026-08-23 12:00:00,2026-08-24 00:00:00,NBS,76,61,240,4,21.0,69.0,1.0,7.0,,22.0,,32.0,-88,100,9,12,6,0,0,0,1,0.0,84,0.0,130,KNYC,8.0,8,26,10,7,81.0,2.0,2,4,8,3,0,1,2,70,
2026-08-23 12:00:00,2026-08-24 03:00:00,NBS,73,59,250,4,,,,,,,,,-88,100,8,11,2,0,0,0,0,,85,,150,KNYC,,5,26,9,0,,,2,3,12,3,0,0,2,67,
2026-08-23 12:00:00,2026-08-24 06:00:00,NBS,70,58,250,4,0.0,,0.0,,,3.0,,,-88,100,2,9,1,0,0,0,0,0.0,80,0.0,130,KNYC,,5,26,7,0,,,2,2,3,2,0,0,2,65,
2026-08-23 12:00:00,2026-08-24 09:00:00,NBS,67,57,240,3,,,,,,,,,-88,100,5,7,0,0,0,0,0,,80,,210,KNYC,,4,26,6,0,,,2,2,6,3,0,0,2,63,
2026-08-23 12:00:00,2026-08-24 12:00:00,NBS,68,59,240,3,0.0,0.0,0.0,0.0,,1.0,,4.0,-88,100,2,6,0,0,0,0,0,0.0,82,0.0,230,KNYC,0.0,7,25,7,21,65.0,2.0,2,2,3,2,0,2,2,65,
2026-08-23 12:00:00,2026-08-24 15:00:00,NBS,75,58,220,5,,,,,,,,,-88,100,20,13,1,0,0,0,0,,87,,70,KNYC,,42,24,12,72,,,2,2,31,3,0,1,2,71,
2026-08-23 12:00:00,2026-08-24 18:00:00,NBS,79,57,220,7,4.0,,0.0,,,4.0,,,-88,100,43,17,3,0,0,0,0,0.0,82,0.0,70,KNYC,,61,23,16,69,,,2,2,40,2,0,0,1,74,
2026-08-23 12:00:00,2026-08-24 21:00:00,NBS,79,56,240,6,,,,,,,,,-88,100,37,17,3,0,0,0,0,,81,,110,KNYC,,61,24,15,45,,,2,3,40,3,0,0,2,70,
2026-08-23 12:00:00,2026-08-25 00:00:00,NBS,73,56,260,4,4.0,4.0,0.0,0.0,,12.0,,12.0,-88,100,16,12,4,0,0,0,0,0.0,83,0.0,100,KNYC,0.0,13,27,10,8,79.0,2.0,2,3,16,3,0,0,2,66,
2026-08-23 12:00:00,2026-08-25 03:00:00,NBS,70,55,270,4,,,,,,,,,-88,100,10,9,2,0,0,0,0,,92,,47,KNYC,,10,28,9,0,,,1,2,7,2,3,0,2,64,
2026-08-23 12:00:00,2026-08-25 06:00:00,NBS,67,56,270,4,0.0,,0.0,,,4.0,,,-88,100,1,9,0,0,0,0,0,0.0,93,0.0,60,KNYC,,11,28,8,0,,,1,2,2,2,1,0,2,63,
2026-08-23 12:00:00,2026-08-25 09:00:00,NBS,65,56,270,4,,,,,,,,,-88,100,3,9,0,0,0,0,0,,93,,49,KNYC,,9,27,7,0,,,1,2,2,2,2,0,1,61,
2026-08-23 12:00:00,2026-08-25 12:00:00,NBS,67,58,270,4,0.0,2.0,0.0,0.0,,1.0,,4.0,-88,100,3,9,0,0,0,0,0,0.0,94,0.0,60,KNYC,0.0,13,28,8,18,63.0,2.0,2,2,3,2,0,0,1,64,
2026-08-23 12:00:00,2026-08-25 15:00:00,NBS,75,58,270,5,,,,,,,,,-88,100,11,12,0,0,0,0,0,,94,,50,KNYC,,41,27,11,63,,,2,2,18,2,0,0,1,71,
2026-08-23 12:00:00,2026-08-25 18:00:00,NBS,79,59,280,6,0.0,,0.0,,,2.0,,,38,100,38,14,0,0,0,0,0,0.0,95,0.0,38,KNYC,,61,28,14,46,,,3,2,25,2,0,0,1,74,
2026-08-23 12:00:00,2026-08-25 21:00:00,NBS,80,59,270,5,,,,,,,,,-88,100,35,14,2,0,0,0,0,,100,,46,KNYC,,59,28,12,31,,,2,2,29,2,1,0,1,72,
2026-08-23 12:00:00,2026-08-26 00:00:00,NBS,75,59,290,3,1.0,1.0,0.0,0.0,,7.0,,7.0,-88,100,36,9,2,0,0,0,0,0.0,98,0.0,50,KNYC,0.0,16,28,9,19,80.0,2.0,2,2,10,3,0,0,2,68,
2026-08-23 12:00:00,2026-08-26 03:00:00,NBS,71,59,300,3,,,,,,,,,-88,100,9,8,2,0,0,0,0,,97,,41,KNYC,,9,30,10,0,,,2,2,7,2,0,0,2,66,
2026-08-23 12:00:00,2026-08-26 06:00:00,NBS,68,59,310,2,0.0,,0.0,,,5.0,,,-88,100,8,7,1,0,0,0,0,0.0,93,0.0,41,KNYC,,8,31,8,0,,,2,2,9,2,0,0,2,64,
2026-08-23 12:00:00,2026-08-26 09:00:00,NBS,66,59,320,0,,,,,,,,,-88,100,18,6,0,0,0,0,0,,89,,260,KNYC,,8,33,7,0,,,1,2,11,2,1,0,2,63,
2026-08-23 12:00:00,2026-08-26 12:00:00,NBS,68,61,320,0,0.0,0.0,0.0,0.0,,1.0,,5.0,-88,100,7,4,0,0,0,0,0,0.0,86,0.0,240,KNYC,0.0,8,34,6,3,64.0,2.0,1,1,10,2,0,0,2,66,
2026-08-23 18:00:00,2026-08-24 00:00:00,NBS,74,61,250,4,12.0,,0.0,,0.0,19.0,5.0,,-88,100,11,13,5,0,0,0,8,0.0,91,0.0,210,KNYC,,9,25,11,7,,,2,4,10,3,0,0,2,68,0/19
2026-08-23 18:00:00,2026-08-24 03:00:00,NBS,71,59,250,4,,,,,,,,,-88,100,2,11,4,0,0,0,0,,88,,150,KNYC,,4,26,9,0,,,2,3,4,2,0,0,1,66,
2026-08-23 18:00:00,2026-08-24 06:00:00,NBS,68,58,260,4,1.0,,0.0,,,4.0,,,-88,100,8,9,2,0,0,0,0,0.0,82,0.0,41,KNYC,,4,26,7,0,,,2,2,17,2,0,1,2,63,
2026-08-23 18:00:00,2026-08-24 09:00:00,NBS,65,57,250,3,,,,,,,,,-88,100,7,7,0,0,0,0,12,,78,,110,KNYC,,4,26,6,0,,,2,2,19,2,0,0,2,61,
2026-08-23 18:00:00,2026-08-24 12:00:00,NBS,67,58,240,3,0.0,1.0,0.0,0.0,,1.0,,4.0,-88,100,9,7,0,0,0,0,14,0.0,81,0.0,90,KNYC,0.0,6,24,5,18,65.0,2.0,2,2,21,2,0,0,2,64,
2026-08-23 18:00:00,2026-08-24 15:00:00,NBS,74,58,230,6,,,,,,,,,-88,100,15,14,1,0,0,0,0,,90,,90,KNYC,,42,23,12,71,,,2,2,15,3,0,0,2,70,
2026-08-23 18:00:00,2026-08-24 18:00:00,NBS,78,57,230,7,5.0,,0.0,,,3.0,,,-88,100,34,17,2,0,0,0,0,0.0,84,0.0,110,KNYC,,63,23,16,77,,,2,2,28,2,0,0,1,73,
2026-08-23 18:00:00,2026-08-24 21:00:00,NBS,79,56,240,6,,,,,,,,,-88,100,48,16,4,0,0,0,4,,88,,80,KNYC,,56,24,13,33,,,2,2,27,2,0,0,1,71,
2026-08-23 18:00:00,2026-08-25 00:00:00,NBS,71,55,260,4,8.0,5.0,0.0,0.0,,17.0,,17.0,-88,100,18,11,8,0,0,0,0,0.0,88,0.0,130,KNYC,0.0,14,26,10,6,79.0,2.0,2,2,10,2,0,0,2,64,
2026-08-23 18:00:00,2026-08-25 03:00:00,NBS,67,55,270,4,,,,,,,,,-88,100,19,9,5,0,0,0,0,,93,,80,KNYC,,4,28,8,0,,,2,1,26,2,0,0,1,62,
2026-08-23 18:00:00,2026-08-25 06:00:00,NBS,65,55,250,3,6.0,,0.0,,,9.0,,,-88,100,8,8,1,0,0,0,0,0.0,94,0.0,80,KNYC,,4,28,7,0,,,1,2,16,2,0,0,2,62,
2026-08-23 18:00:00,2026-08-25 09:00:00,NBS,64,56,250,4,,,,,,,,,-88,100,21,9,0,0,0,0,0,,95,,80,KNYC,,7,27,6,0,,,1,2,33,2,2,0,1,60,
2026-08-23 18:00:00,2026-08-25 12:00:00,NBS,66,57,260,4,0.0,6.0,0.0,0.0,,1.0,,9.0,-88,100,10,9,0,0,0,0,0,0.0,95,0.0,39,KNYC,0.0,10,28,7,20,64.0,2.0,1,2,24,2,1,0,1,63,
2026-08-23 18:00:00,2026-08-25 15:00:00,NBS,73,58,270,5,,,,,,,,,-88,100,12,11,0,0,0,0,0,,96,,35,KNYC,,41,28,10,68,,,2,2,21,2,0,0,1,70,
2026-08-23 18:00:00,2026-08-25 18:00:00,NBS,78,59,270,6,0.0,,0.0,,,2.0,,,39,100,42,14,1,0,0,0,0,0.0,98,0.0,39,KNYC,,49,28,11,58,,,3,2,12,2,0,0,1,74,
2026-08-23 18:00:00,2026-08-25 21:00:00,NBS,79,59,280,5,,,,,,,,,-88,100,41,14,3,0,0,0,0,,99,,39,KNYC,,51,27,12,26,,,2,2,26,2,0,0,1,72,
2026-08-23 18:00:00,2026-08-26 00:00:00,NBS,72,59,290,2,0.0,0.0,0.0,0.0,,10.0,,10.0,-88,100,29,9,4,0,0,0,0,0.0,96,0.0,43,KNYC,0.0,15,28,8,10,80.0,2.0,3,2,21,3,0,0,2,66,
2026-08-23 18:00:00,2026-08-26 03:00:00,NBS,69,59,310,3,,,,,,,,,-88,100,14,8,3,0,0,0,0,,96,,41,KNYC,,8,32,9,0,,,2,2,13,2,0,0,2,64,
2026-08-23 18:00:00,2026-08-26 06:00:00,NBS,67,59,320,3,0.0,,0.0,,,5.0,,,-88,100,5,7,0,0,0,0,0,0.0,93,0.0,60,KNYC,,8,33,8,0,,,2,2,6,2,0,0,2,63,
2026-08-23 18:00:00,2026-08-26 09:00:00,NBS,65,59,310,0,,,,,,,,,-88,100,6,6,0,0,0,0,0,,89,,280,KNYC,,7,33,7,0,,,1,2,6,2,0,0,2,62,
2026-08-23 18:00:00,2026-08-26 12:00:00,NBS,67,61,310,0,0.0,1.0,0.0,0.0,,1.0,,5.0,-88,100,9,4,0,0,0,0,0,0.0,87,0.0,240,KNYC,0.0,8,33,6,3,65.0,2.0,1,1,12,2,0,0,2,65,
2026-08-23 18:00:00,2026-08-26 15:00:00,NBS,75,60,300,0,,,,,,,,,-88,100,13,4,0,0,0,0,0,,87,,240,KNYC,,31,30,6,53,,,2,2,13,3,0,0,1,72,
2026-08-23 18:00:00,2026-08-26 18:00:00,NBS,81,60,250,0,0.0,,0.0,,,0.0,,,-88,100,18,8,0,0,0,0,0,0.0,90,0.0,150,KNYC,,54,28,8,69,,,2,2,12,2,0,0,2,76,
2026-08-24 00:00:00,2026-08-24 06:00:00,NBS,68,58,250,4,9.0,,0.0,,2.0,7.0,,,-88,100,12,9,1,0,0,0,0,0.0,82,0.0,50,KNYC,,5,25,6,0,,,2,2,22,2,0,0,1,64,2/7
2026-08-24 00:00:00,2026-08-24 09:00:00,NBS,65,57,240,3,,,,,,,,,-88,100,14,7,0,0,0,0,0,,79,,70,KNYC,,4,25,6,0,,,2,2,22,2,0,0,2,61,
2026-08-24 00:00:00,2026-08-24 12:00:00,NBS,67,57,230,3,0.0,9.0,0.0,0.0,,2.0,,8.0,-88,100,16,7,0,0,0,0,0,0.0,86,0.0,60,KNYC,0.0,5,23,5,19,65.0,2.0,2,2,29,2,0,0,2,64,
2026-08-24 00:00:00,2026-08-24 15:00:00,NBS,75,57,230,6,,,,,,,,,-88,100,15,13,0,0,0,0,0,,92,,70,KNYC,,39,22,13,72,,,2,2,14,3,0,0,1,71,
2026-08-24 00:00:00,2026-08-24 18:00:00,NBS,79,57,230,7,2.0,,0.0,,,2.0,,,-88,100,24,17,1,0,0,0,0,0.0,86,0.0,70,KNYC,,65,23,17,68,,,2,2,26,2,0,0,1,73,
2026-08-24 00:00:00,2026-08-24 21:00:00,NBS,79,56,230,6,,,,,,,,,-88,100,48,16,3,0,0,0,11,,88,,60,KNYC,,34,24,12,23,,,2,3,29,2,0,0,1,70,
2026-08-24 00:00:00,2026-08-25 00:00:00,NBS,71,55,250,3,9.0,7.0,1.0,1.0,,15.0,,15.0,-88,100,33,11,4,0,0,0,8,0.0,85,0.0,70,KNYC,0.0,11,26,9,5,79.0,2.0,2,3,22,3,0,0,2,64,
2026-08-24 00:00:00,2026-08-25 03:00:00,NBS,68,55,270,3,,,,,,,,,-88,100,16,9,2,0,0,0,0,,95,,70,KNYC,,5,27,9,0,,,2,2,19,2,0,0,2,62,
2026-08-24 00:00:00,2026-08-25 06:00:00,NBS,66,55,260,3,2.0,,0.0,,,4.0,,,-88,100,9,8,0,0,0,0,0,0.0,95,0.0,110,KNYC,,4,28,7,0,,,2,2,21,2,0,0,2,62,
2026-08-24 00:00:00,2026-08-25 09:00:00,NBS,64,55,250,3,,,,,,,,,-88,100,12,8,0,0,0,0,0,,94,,100,KNYC,,4,27,6,0,,,1,2,22,2,0,0,1,60,
2026-08-24 00:00:00,2026-08-25 12:00:00,NBS,66,57,260,3,2.0,2.0,0.0,0.0,,1.0,,4.0,-88,100,3,8,0,0,0,0,0,0.0,95,0.0,80,KNYC,0.0,8,27,6,20,64.0,2.0,1,2,3,2,0,0,1,63,
2026-08-24 00:00:00,2026-08-25 15:00:00,NBS,73,58,280,4,,,,,,,,,-88,100,11,10,0,0,0,0,0,,95,,33,KNYC,,47,27,9,71,,,2,2,21,2,0,0,1,70,
2026-08-24 00:00:00,2026-08-25 18:00:00,NBS,78,59,270,5,0.0,,0.0,,,2.0,,,40,100,42,13,1,0,0,0,5,0.0,98,0.0,34,KNYC,,46,28,10,58,,,3,2,29,2,0,0,1,74,
2026-08-24 00:00:00,2026-08-25 21:00:00,NBS,79,59,280,5,,,,,,,,,-88,100,19,14,1,0,0,0,6,,97,,30,KNYC,,51,28,12,33,,,2,2,18,2,2,0,1,72,
2026-08-24 00:00:00,2026-08-26 00:00:00,NBS,72,59,300,2,0.0,5.0,0.0,0.0,,6.0,,6.0,-88,100,26,9,2,0,0,0,0,0.0,96,0.0,50,KNYC,0.0,15,29,8,4,80.0,2.0,3,2,19,3,0,0,2,66,
2026-08-24 00:00:00,2026-08-26 03:00:00,NBS,68,59,300,3,,,,,,,,,-88,100,18,8,1,0,0,0,0,,94,,41,KNYC,,8,31,7,0,,,2,2,15,3,0,0,2,64,
2026-08-24 00:00:00,2026-08-26 06:00:00,NBS,66,59,310,3,0.0,,0.0,,,3.0,,,-88,100,8,8,0,0,0,0,0,0.0,90,0.0,280,KNYC,,7,32,7,0,,,2,2,9,2,1,2,2,63,
2026-08-24 00:00:00,2026-08-26 09:00:00,NBS,65,59,320,2,,,,,,,,,-88,100,12,6,0,0,0,0,0,,88,,220,KNYC,,8,33,6,0,,,1,2,22,2,0,0,2,62,
2026-08-24 00:00:00,2026-08-26 12:00:00,NBS,67,60,320,0,0.0,0.0,0.0,0.0,,1.0,,3.0,-88,100,8,5,0,0,0,0,0,0.0,88,0.0,160,KNYC,0.0,12,34,6,3,65.0,2.0,1,1,11,2,0,0,2,65,
2026-08-24 00:00:00,2026-08-26 15:00:00,NBS,75,60,310,0,,,,,,,,,-88,100,18,4,0,0,0,0,0,,87,,220,KNYC,,37,31,5,53,,,2,2,30,3,0,0,1,72,
2026-08-24 00:00:00,2026-08-26 18:00:00,NBS,80,60,260,0,0.0,,0.0,,,1.0,,,-88,100,20,8,0,0,0,0,0,0.0,90,0.0,50,KNYC,,55,28,7,69,,,2,2,15,2,0,0,2,76,
2026-08-24 00:00:00,2026-08-26 21:00:00,NBS,81,61,220,2,,,,,,,,,-88,100,38,10,0,0,0,0,0,,92,,130,KNYC,,51,25,7,67,,,2,2,18,3,0,0,2,73,
2026-08-24 00:00:00,2026-08-27 00:00:00,NBS,73,62,180,3,0.0,0.0,0.0,0.0,,2.0,,2.0,-88,100,55,10,0,0,0,0,1,0.0,93,0.0,220,KNYC,0.0,8,19,9,41,82.0,1.0,3,2,24,3,0,0,2,68,
2026-08-24 06:00:00,2026-08-24 12:00:00,NBS,68,58,230,3,1.0,,0.0,,2.0,3.0,2.0,,-88,100,13,7,1,0,0,0,0,0.0,86,0.0,120,KNYC,,5,24,4,21,,,2,2,26,2,0,0,2,64,2/3
2026-08-24 06:00:00,2026-08-24 15:00:00,NBS,75,57,230,6,,,,,,,,,-88,100,23,13,0,0,0,0,0,,92,,80,KNYC,,36,23,13,72,,,2,2,20,3,0,0,1,71,
2026-08-24 06:00:00,2026-08-24 18:00:00,NBS,79,57,230,7,1.0,,0.0,,,2.0,,,-88,100,38,17,2,0,0,0,13,0.0,89,0.0,110,KNYC,,62,22,17,74,,,2,3,34,2,0,0,1,74,
2026-08-24 06:00:00,2026-08-24 21:00:00,NBS,79,56,240,6,,,,,,,,,-88,100,51,15,2,0,0,0,8,,90,,90,KNYC,,54,24,14,34,,,2,3,34,3,0,0,2,70,
2026-08-24 06:00:00,2026-08-25 00:00:00,NBS,72,55,270,3,14.0,14.0,1.0,1.0,,10.0,,10.0,-88,100,35,11,2,0,0,0,4,0.0,83,0.0,110,KNYC,2.0,9,26,10,6,79.0,1.0,2,3,30,3,0,0,2,65,
2026-08-24 06:00:00,2026-08-25 03:00:00,NBS,68,55,280,3,,,,,,,,,-88,100,17,8,3,0,0,0,0,,94,,60,KNYC,,5,28,8,0,,,2,2,26,3,0,0,2,63,
2026-08-24 06:00:00,2026-08-25 06:00:00,NBS,66,55,270,3,3.0,,0.0,,,6.0,,,-88,100,6,7,0,0,0,0,0,0.0,96,0.0,100,KNYC,,4,28,8,0,,,1,2,7,2,0,0,2,62,
2026-08-24 06:00:00,2026-08-25 09:00:00,NBS,64,55,260,3,,,,,,,,,-88,100,5,7,0,0,0,0,0,,95,,100,KNYC,,4,28,7,0,,,1,2,6,2,0,0,2,60,
2026-08-24 06:00:00,2026-08-25 12:00:00,NBS,66,56,260,3,1.0,3.0,0.0,0.0,,1.0,,6.0,-88,100,1,7,0,0,0,0,0,0.0,96,0.0,80,KNYC,0.0,8,28,7,20,63.0,1.0,1,2,2,2,0,0,1,63,
2026-08-24 06:00:00,2026-08-25 15:00:00,NBS,74,57,270,4,,,,,,,,,-88,100,4,9,0,0,0,0,0,,97,,60,KNYC,,42,27,10,70,,,2,2,6,2,0,0,2,70,
2026-08-24 06:00:00,2026-08-25 18:00:00,NBS,79,58,270,5,2.0,,0.0,,,1.0,,,-88,100,42,12,1,0,0,0,0,0.0,100,0.0,50,KNYC,,55,27,13,50,,,3,2,33,2,0,0,1,73,
2026-08-24 06:00:00,2026-08-25 21:00:00,NBS,79,59,280,4,,,,,,,,,-88,100,44,13,4,0,0,0,0,,98,,34,KNYC,,48,28,12,30,,,2,2,27,2,0,0,1,72,
2026-08-24 06:00:00,2026-08-26 00:00:00,NBS,73,59,300,0,1.0,2.0,0.0,0.0,,8.0,,8.0,-88,100,44,8,4,0,0,0,0,0.0,97,0.0,28,KNYC,0.0,9,28,8,6,79.0,2.0,3,2,31,3,0,0,2,67,
2026-08-24 06:00:00,2026-08-26 03:00:00,NBS,69,59,300,3,,,,,,,,,-88,100,24,8,2,0,0,0,23,,99,,24,KNYC,,10,32,9,0,,,2,1,28,2,0,0,2,64,
2026-08-24 06:00:00,2026-08-26 06:00:00,NBS,67,59,310,3,0.0,,0.0,,,4.0,,,-88,100,9,7,0,0,0,0,0,0.0,93,0.0,47,KNYC,,7,32,8,0,,,1,1,22,2,0,0,2,63,
2026-08-24 06:00:00,2026-08-26 09:00:00,NBS,65,59,320,2,,,,,,,,,-88,100,7,6,0,0,0,0,0,,91,,270,KNYC,,7,33,7,0,,,1,1,9,2,0,0,2,62,
2026-08-24 06:00:00,2026-08-26 12:00:00,NBS,67,60,320,0,0.0,0.0,0.0,0.0,,1.0,,5.0,-88,100,7,4,0,0,0,0,0,0.0,88,0.0,220,KNYC,0.0,10,34,5,14,64.0,1.0,1,1,9,2,0,0,1,65,
2026-08-24 06:00:00,2026-08-26 15:00:00,NBS,75,60,290,0,,,,,,,,,-88,100,18,3,0,0,0,0,0,,89,,220,KNYC,,34,28,5,49,,,2,2,21,2,0,0,1,72,
2026-08-24 06:00:00,2026-08-26 18:00:00,NBS,81,60,230,0,0.0,,0.0,,,0.0,,,-88,100,25,7,0,0,0,0,0,0.0,91,0.0,70,KNYC,,54,26,8,67,,,2,2,14,2,0,0,2,76,
2026-08-24 06:00:00,2026-08-26 21:00:00,NBS,81,61,200,0,,,,,,,,,-88,100,40,9,0,0,0,0,0,,92,,60,KNYC,,44,25,9,61,,,2,2,25,3,1,0,2,74,
2026-08-24 06:00:00,2026-08-27 00:00:00,NBS,73,63,170,3,0.0,0.0,0.0,0.0,,2.0,,2.0,-88,100,59,10,0,0,0,0,0,0.0,93,0.0,190,KNYC,0.0,10,17,8,37,81.0,2.0,3,2,30,3,2,0,2,68,
2026-08-24 06:00:00,2026-08-27 03:00:00,NBS,72,64,180,4,,,,,,,,,-88,100,44,10,0,0,0,0,2,,93,,50,KNYC,,8,18,8,0,,,2,2,19,3,3,0,2,68,
2026-08-24 06:00:00,2026-08-27 06:00:00,NBS,71,64,190,3,0.0,,0.0,,,2.0,,,-88,100,56,8,1,0,0,0,3,0.0,94,0.0,60,KNYC,,9,20,8,0,,,1,2,17,3,0,0,2,67,
2026-08-24 12:00:00,2026-08-24 18:00:00,NBS,79,57,240,7,7.0,,0.0,,7.0,2.0,,,-88,100,32,17,2,0,0,0,10,0.0,89,0.0,70,KNYC,,63,23,16,75,,,2,3,37,2,0,0,1,74,7/2
2026-08-24 12:00:00,2026-08-24 21:00:00,NBS,79,56,240,6,,,,,,,,,-88,100,49,15,2,0,0,0,12,,92,,70,KNYC,,52,24,15,35,,,2,3,32,3,0,0,2,71,
2026-08-24 12:00:00,2026-08-25 00:00:00,NBS,73,55,270,3,6.0,7.0,0.0,0.0,,17.0,,17.0,-88,100,12,11,7,0,0,0,0,0.0,85,0.0,140,KNYC,2.0,10,26,10,4,80.0,2.0,2,3,17,3,0,0,2,66,
2026-08-24 12:00:00,2026-08-25 03:00:00,NBS,69,55,280,3,,,,,,,,,-88,100,3,9,1,0,0,0,0,,90,,100,KNYC,,5,28,8,0,,,2,2,4,3,0,0,2,63,
2026-08-24 12:00:00,2026-08-25 06:00:00,NBS,67,55,270,3,1.0,,0.0,,,3.0,,,-88,100,8,8,0,0,0,0,0,0.0,92,0.0,180,KNYC,,5,28,7,0,,,1,1,9,2,0,0,2,62,
2026-08-24 12:00:00,2026-08-25 09:00:00,NBS,65,55,260,3,,,,,,,,,-88,100,7,8,0,0,0,0,0,,95,,110,KNYC,,4,27,7,0,,,1,2,10,2,0,0,2,61,
2026-08-24 12:00:00,2026-08-25 12:00:00,NBS,67,57,270,3,1.0,1.0,0.0,0.0,,1.0,,3.0,-88,100,5,7,0,0,0,0,0,0.0,95,0.0,90,KNYC,0.0,9,27,8,20,63.0,1.0,1,2,9,2,0,0,1,63,
2026-08-24 12:00:00,2026-08-25 15:00:00,NBS,74,57,270,4,,,,,,,,,-88,100,3,10,0,0,0,0,0,,96,,80,KNYC,,40,27,10,70,,,2,2,6,3,0,0,2,70,
2026-08-24 12:00:00,2026-08-25 18:00:00,NBS,79,58,270,5,1.0,,0.0,,,1.0,,,-88,100,42,12,1,0,0,0,0,0.0,99,0.0,50,KNYC,,54,28,13,66,,,3,2,35,2,0,0,2,74,
2026-08-24 12:00:00,2026-08-25 21:00:00,NBS,80,59,280,4,,,,,,,,,-88,100,43,12,4,0,0,0,4,,98,,50,KNYC,,45,27,12,25,,,2,2,28,2,0,0,2,72,
2026-08-24 12:00:00,2026-08-26 00:00:00,NBS,74,59,290,0,7.0,1.0,0.0,0.0,,10.0,,10.0,-88,100,37,8,5,0,0,0,0,0.0,97,0.0,60,KNYC,1.0,9,28,9,6,80.0,2.0,3,1,27,3,0,0,2,68,
2026-08-24 12:00:00,2026-08-26 03:00:00,NBS,70,59,310,3,,,,,,,,,-88,100,5,8,2,0,0,0,0,,96,,80,KNYC,,10,33,9,0,,,2,1,6,2,0,0,2,66,
2026-08-24 12:00:00,2026-08-26 06:00:00,NBS,68,59,320,3,0.0,,0.0,,,4.0,,,-88,100,14,8,0,0,0,0,0,0.0,92,0.0,100,KNYC,,8,33,9,0,,,1,1,24,2,0,0,2,63,
2026-08-24 12:00:00,2026-08-26 09:00:00,NBS,66,59,320,0,,,,,,,,,-88,100,10,6,0,0,0,0,0,,90,,170,KNYC,,7,33,7,0,,,1,1,22,2,2,0,2,62,
2026-08-24 12:00:00,2026-08-26 12:00:00,NBS,68,60,330,0,0.0,2.0,0.0,0.0,,1.0,,4.0,-88,100,5,4,0,0,0,0,0,0.0,89,0.0,230,KNYC,0.0,11,34,7,18,64.0,1.0,1,1,6,2,0,0,1,65,
2026-08-24 12:00:00,2026-08-26 15:00:00,NBS,77,60,290,0,,,,,,,,,-88,100,20,3,0,0,0,0,0,,91,,260,KNYC,,33,31,6,64,,,2,2,20,2,0,0,1,73,
2026-08-24 12:00:00,2026-08-26 18:00:00,NBS,82,60,240,0,0.0,,0.0,,,0.0,,,-88,100,32,7,0,0,0,0,0,0.0,91,0.0,170,KNYC,,56,28,7,67,,,2,2,32,2,0,0,2,76,
2026-08-24 12:00:00,2026-08-26 21:00:00,NBS,82,60,190,2,,,,,,,,,-88,100,33,10,0,0,0,0,0,,93,,60,KNYC,,42,24,9,63,,,2,2,17,4,0,0,3,75,
2026-08-24 12:00:00,2026-08-27 00:00:00,NBS,75,62,170,3,0.0,0.0,0.0,0.0,,3.0,,3.0,-88,100,55,11,1,0,0,0,0,0.0,93,0.0,60,KNYC,0.0,9,16,8,37,82.0,2.0,2,2,29,3,2,0,2,69,
2026-08-24 12:00:00,2026-08-27 03:00:00,NBS,73,64,180,4,,,,,,,,,-88,100,34,9,1,0,0,0,1,,94,,130,KNYC,,8,19,8,0,,,2,2,24,3,3,0,2,68,
2026-08-24 12:00:00,2026-08-27 06:00:00,NBS,72,64,190,3,1.0,,0.0,,,3.0,,,-88,100,60,8,1,0,0,0,2,0.0,96,0.0,110,KNYC,,8,20,7,0,,,1,2,22,2,4,3,2,68,
2026-08-24 12:00:00,2026-08-27 09:00:00,NBS,71,64,190,3,,,,,,,,,-88,100,72,7,2,0,0,0,10,,99,,120,KNYC,,9,21,8,0,,,1,2,16,3,2,1,2,68,
2026-08-24 12:00:00,2026-08-27 12:00:00,NBS,73,67,180,3,6.0,8.0,0.0,0.0,,7.0,,9.0,-88,100,68,8,4,0,0,0,16,0.0,100,0.0,60,KNYC,0.0,13,18,9,2,68.0,1.0,2,2,25,3,6,3,2,70,
2026-08-24 18:00:00,2026-08-25 00:00:00,NBS,73,54,260,4,16.0,,2.0,,20.0,9.0,10.0,,-88,100,22,12,2,0,0,0,3,0.0,85,0.0,80,KNYC,,10,27,9,6,,,2,3,16,3,0,0,2,66,20/9
2026-08-24 18:00:00,2026-08-25 03:00:00,NBS,69,54,270,3,,,,,,,,,-88,100,13,9,1,0,0,0,0,,86,,100,KNYC,,4,28,8,0,,,2,2,15,2,0,0,1,63,
2026-08-24 18:00:00,2026-08-25 06:00:00,NBS,66,55,280,3,1.0,,0.0,,,2.0,,,-88,100,9,8,0,0,0,0,0,0.0,93,0.0,100,KNYC,,4,28,7,0,,,1,1,22,2,0,0,1,62,
2026-08-24 18:00:00,2026-08-25 09:00:00,NBS,65,55,270,4,,,,,,,,,-88,100,3,8,0,0,0,0,0,,94,,130,KNYC,,4,28,6,0,,,1,2,5,2,0,0,1,60,
2026-08-24 18:00:00,2026-08-25 12:00:00,NBS,66,56,270,4,1.0,1.0,0.0,0.0,,1.0,,2.0,-88,100,0,9,0,0,0,0,0,0.0,93,0.0,210,KNYC,0.0,8,29,7,21,63.0,1.0,1,2,0,2,0,0,1,63,
2026-08-24 18:00:00,2026-08-25 15:00:00,NBS,73,57,280,5,,,,,,,,,-88,100,10,11,0,0,0,0,0,,96,,70,KNYC,,41,28,10,70,,,2,2,16,2,0,0,1,70,
2026-08-24 18:00:00,2026-08-25 18:00:00,NBS,78,58,290,5,2.0,,0.0,,,1.0,,,-88,100,50,13,1,0,0,0,13,0.0,98,0.0,50,KNYC,,50,29,13,61,,,3,2,33,2,0,0,1,73,
2026-08-24 18:00:00,2026-08-25 21:00:00,NBS,79,59,290,4,,,,,,,,,-88,100,50,13,2,0,0,0,0,,98,,50,KNYC,,54,28,12,37,,,2,2,38,2,0,0,2,72,
2026-08-24 18:00:00,2026-08-26 00:00:00,NBS,74,59,300,2,7.0,7.0,1.0,1.0,,8.0,,8.0,-88,100,25,10,3,0,0,0,0,0.0,95,0.0,60,KNYC,1.0,10,31,8,5,80.0,2.0,2,2,24,3,0,0,2,67,
2026-08-24 18:00:00,2026-08-26 03:00:00,NBS,70,59,300,4,,,,,,,,,-88,100,18,9,0,0,0,0,0,,94,,70,KNYC,,4,32,9,0,,,2,2,26,2,0,0,2,65,
2026-08-24 18:00:00,2026-08-26 06:00:00,NBS,68,59,320,3,1.0,,0.0,,,2.0,,,-88,100,11,8,0,0,0,0,0,0.0,91,0.0,80,KNYC,,5,33,8,0,,,1,1,24,2,0,0,2,64,
2026-08-24 18:00:00,2026-08-26 09:00:00,NBS,66,59,320,2,,,,,,,,,-88,100,7,6,0,0,0,0,0,,89,,90,KNYC,,6,34,7,0,,,1,1,8,2,0,0,2,62,
2026-08-24 18:00:00,2026-08-26 12:00:00,NBS,68,60,320,0,0.0,1.0,0.0,0.0,,1.0,,2.0,-88,100,14,4,0,0,0,0,0,0.0,87,0.0,180,KNYC,0.0,9,34,6,20,65.0,1.0,1,1,31,2,2,0,1,65,
2026-08-24 18:00:00,2026-08-26 15:00:00,NBS,75,60,320,0,,,,,,,,,-88,100,27,2,0,0,0,0,0,,85,,110,KNYC,,30,31,5,68,,,2,2,29,3,0,0,1,72,
2026-08-24 18:00:00,2026-08-26 18:00:00,NBS,81,60,230,0,0.0,,0.0,,,0.0,,,-88,100,27,7,0,0,0,0,0,0.0,88,0.0,230,KNYC,,55,27,7,78,,,2,2,24,2,0,0,2,76,
2026-08-24 18:00:00,2026-08-26 21:00:00,NBS,81,60,200,3,,,,,,,,,-88,100,34,10,0,0,0,0,0,,88,,180,KNYC,,45,24,8,52,,,2,3,30,3,0,0,2,73,
2026-08-24 18:00:00,2026-08-27 00:00:00,NBS,74,62,170,3,0.0,0.0,0.0,0.0,,3.0,,3.0,-88,100,54,11,1,0,0,0,0,0.0,88,0.0,200,KNYC,0.0,10,17,8,20,82.0,2.0,2,2,30,3,2,0,2,69,
2026-08-24 18:00:00,2026-08-27 03:00:00,NBS,72,64,180,4,,,,,,,,,-88,100,34,10,1,0,0,0,1,,95,,50,KNYC,,9,19,9,0,,,2,2,18,3,3,0,2,69,
2026-08-24 18:00:00,2026-08-27 06:00:00,NBS,72,64,190,3,0.0,,0.0,,,2.0,,,-88,100,58,8,1,0,0,0,2,0.0,96,0.0,60,KNYC,,8,20,8,0,,,2,2,17,3,2,0,2,68,
2026-08-24 18:00:00,2026-08-27 09:00:00,NBS,70,64,190,3,,,,,,,,,-88,100,70,7,2,0,0,0,15,,100,,70,KNYC,,8,20,7,0,,,1,2,15,3,1,0,2,68,
2026-08-24 18:00:00,2026-08-27 12:00:00,NBS,73,67,180,4,10.0,10.0,0.0,0.0,,8.0,,10.0,80,100,62,9,4,0,0,0,23,0.0,110,0.0,80,KNYC,0.0,13,19,9,1,69.0,1.0,1,2,25,4,6,6,2,70,
2026-08-24 18:00:00,2026-08-27 15:00:00,NBS,77,68,180,6,,,,,,,,,50,100,80,15,5,0,0,0,38,,120,,50,KNYC,,25,19,13,25,,,4,3,12,3,11,4,2,74,
2026-08-24 18:00:00,2026-08-27 18:00:00,NBS,79,69,180,8,44.0,,12.0,,,20.0,,,80,100,82,18,11,0,0,0,53,0.0,120,0.0,50,KNYC,,30,19,15,38,,,4,3,11,3,6,7,2,77,
2026-08-25 00:00:00,2026-08-25 06:00:00,NBS,67,55,280,3,1.0,,0.0,,35.0,1.0,,,-88,100,22,8,0,0,0,0,0,0.0,91,0.0,120,KNYC,,5,28,7,0,,,1,1,18,2,0,0,1,62,35/1
2026-08-25 00:00:00,2026-08-25 09:00:00,NBS,65,55,260,4,,,,,,,,,-88,100,4,8,0,0,0,0,0,,93,,200,KNYC,,4,28,6,0,,,1,1,6,2,0,0,1,60,
2026-08-25 00:00:00,2026-08-25 12:00:00,NBS,66,56,270,4,0.0,1.0,0.0,0.0,,0.0,,2.0,-88,100,0,8,0,0,0,0,0,0.0,92,0.0,210,KNYC,0.0,8,27,6,22,63.0,1.0,1,1,0,2,0,0,1,63,
2026-08-25 00:00:00,2026-08-25 15:00:00,NBS,73,57,280,4,,,,,,,,,-88,100,10,11,0,0,0,0,0,,96,,50,KNYC,,41,28,9,72,,,2,2,17,2,0,0,1,70,
2026-08-25 00:00:00,2026-08-25 18:00:00,NBS,78,58,290,5,1.0,,0.0,,,1.0,,,-88,100,41,13,1,0,0,0,12,0.0,98,0.0,50,KNYC,,49,29,13,58,,,3,2,31,2,0,0,1,73,
2026-08-25 00:00:00,2026-08-25 21:00:00,NBS,79,59,290,4,,,,,,,,,-88,100,51,13,1,0,0,0,0,,96,,50,KNYC,,47,28,12,24,,,2,2,32,2,0,0,1,72,
2026-08-25 00:00:00,2026-08-26 00:00:00,NBS,74,59,300,3,3.0,1.0,0.0,0.0,,6.0,,6.0,-88,100,20,9,1,0,0,0,0,0.0,95,0.0,60,KNYC,1.0,10,31,9,6,80.0,2.0,2,2,22,2,0,0,2,68,
2026-08-25 00:00:00,2026-08-26 03:00:00,NBS,70,59,300,4,,,,,,,,,-88,100,10,9,0,0,0,0,0,,94,,90,KNYC,,5,32,9,0,,,2,2,8,2,0,0,1,65,
2026-08-25 00:00:00,2026-08-26 06:00:00,NBS,68,59,310,3,1.0,,0.0,,,2.0,,,-88,100,2,8,0,0,0,0,0,0.0,92,0.0,170,KNYC,,4,33,8,0,,,1,1,5,2,0,0,2,64,
2026-08-25 00:00:00,2026-08-26 09:00:00,NBS,66,58,310,2,,,,,,,,,-88,100,4,6,0,0,0,0,0,,89,,270,KNYC,,4,34,7,0,,,1,1,5,2,0,0,2,62,
2026-08-25 00:00:00,2026-08-26 12:00:00,NBS,68,60,330,0,0.0,1.0,0.0,0.0,,1.0,,2.0,-88,100,5,4,0,0,0,0,0,0.0,86,0.0,280,KNYC,0.0,9,34,5,20,65.0,1.0,1,1,8,2,0,0,1,65,
2026-08-25 00:00:00,2026-08-26 15:00:00,NBS,75,60,310,0,,,,,,,,,-88,100,44,2,0,0,0,0,0,,83,,160,KNYC,,30,30,4,69,,,2,2,29,2,0,0,1,72,
2026-08-25 00:00:00,2026-08-26 18:00:00,NBS,81,59,220,0,0.0,,0.0,,,0.0,,,-88,100,35,7,0,0,0,0,0,0.0,86,0.0,180,KNYC,,55,26,6,78,,,2,3,25,2,0,0,2,76,
2026-08-25 00:00:00,2026-08-26 21:00:00,NBS,81,60,190,3,,,,,,,,,-88,100,47,10,0,0,0,0,0,,87,,60,KNYC,,43,24,8,46,,,2,2,43,3,0,0,2,73,
2026-08-25 00:00:00,2026-08-27 00:00:00,NBS,74,63,160,4,0.0,0.0,0.0,0.0,,2.0,,2.0,-88,100,57,11,0,0,0,0,0,0.0,88,0.0,250,KNYC,0.0,11,17,9,13,82.0,2.0,3,2,29,3,0,0,2,69,
2026-08-25 00:00:00,2026-08-27 03:00:00,NBS,73,64,170,4,,,,,,,,,-88,100,39,10,1,0,0,0,1,,92,,150,KNYC,,8,17,8,0,,,2,2,19,3,2,0,2,69,
2026-08-25 00:00:00,2026-08-27 06:00:00,NBS,72,65,190,3,1.0,,0.0,,,2.0,,,-88,100,63,8,1,0,0,0,2,0.0,92,0.0,160,KNYC,,7,20,7,0,,,2,1,28,3,2,0,2,68,
2026-08-25 00:00:00,2026-08-27 09:00:00,NBS,71,65,190,3,,,,,,,,,-88,100,72,7,2,0,0,0,9,,100,,60,KNYC,,9,19,7,0,,,1,2,14,3,1,0,2,68,
2026-08-25 00:00:00,2026-08-27 12:00:00,NBS,73,67,180,4,10.0,12.0,0.0,0.0,,8.0,,10.0,100,100,61,9,5,0,0,0,14,0.0,110,0.0,47,KNYC,0.0,11,18,9,1,69.0,1.0,2,2,12,4,8,9,2,70,
2026-08-25 00:00:00,2026-08-27 15:00:00,NBS,77,68,180,6,,,,,,,,,50,100,60,16,6,0,0,0,68,,120,,42,KNYC,,33,19,16,30,,,4,2,29,3,11,6,1,76,
2026-08-25 00:00:00,2026-08-27 18:00:00,NBS,79,68,180,8,52.0,,11.0,,,21.0,,,80,100,72,18,13,0,0,0,70,0.0,120,0.0,40,KNYC,,24,19,16,32,,,4,2,23,3,6,6,2,77,
2026-08-25 00:00:00,2026-08-27 21:00:00,NBS,78,70,180,7,,,,,,,,,80,100,78,18,19,0,0,0,84,,120,,80,KNYC,,26,20,15,22,,,3,2,28,3,4,6,2,74,
2026-08-25 00:00:00,2026-08-28 00:00:00,NBS,74,68,170,5,71.0,77.0,41.0,52.0,,35.0,,35.0,90,100,79,14,16,0,0,0,71,0.0,120,0.0,90,KNYC,7.0,12,18,12,14,81.0,3.0,2,2,25,4,8,6,2,71,
2026-08-25 06:00:00,2026-08-25 12:00:00,NBS,67,56,270,3,0.0,,0.0,,28.0,0.0,32.0,,-88,100,1,8,0,0,0,0,0,0.0,95,0.0,130,KNYC,,8,28,7,22,,,1,1,3,1,0,0,1,63,28/0
2026-08-25 06:00:00,2026-08-25 15:00:00,NBS,73,57,280,4,,,,,,,,,-88,100,14,10,0,0,0,0,0,,97,,70,KNYC,,41,28,10,69,,,2,2,16,2,0,0,1,70,
2026-08-25 06:00:00,2026-08-25 18:00:00,NBS,78,58,290,5,0.0,,0.0,,,2.0,,,-88,100,54,13,1,0,0,0,0,0.0,98,0.0,48,KNYC,,52,28,12,50,,,3,2,32,2,0,0,1,73,
2026-08-25 06:00:00,2026-08-25 21:00:00,NBS,79,59,300,4,,,,,,,,,-88,100,38,12,3,0,0,0,12,,95,,50,KNYC,,49,29,11,29,,,3,2,26,2,0,0,1,72,
2026-08-25 06:00:00,2026-08-26 00:00:00,NBS,75,59,290,2,6.0,6.0,1.0,1.0,,7.0,,7.0,-88,100,14,9,1,0,0,0,0,0.0,96,0.0,50,KNYC,0.0,8,29,8,3,79.0,2.0,2,2,11,2,0,0,2,68,
2026-08-25 06:00:00,2026-08-26 03:00:00,NBS,70,59,300,4,,,,,,,,,-88,100,9,9,0,0,0,0,0,,94,,200,KNYC,,5,33,8,0,,,2,2,13,2,0,0,1,65,
2026-08-25 06:00:00,2026-08-26 06:00:00,NBS,68,59,320,3,0.0,,0.0,,,1.0,,,-88,100,2,8,0,0,0,0,0,0.0,91,0.0,280,KNYC,,4,33,7,0,,,1,1,4,2,0,0,1,64,
2026-08-25 06:00:00,2026-08-26 09:00:00,NBS,66,58,320,2,,,,,,,,,-88,100,20,6,0,0,0,0,0,,89,,170,KNYC,,4,33,6,0,,,1,2,36,2,0,0,2,62,
2026-08-25 06:00:00,2026-08-26 12:00:00,NBS,68,59,330,0,0.0,0.0,0.0,0.0,,0.0,,1.0,-88,100,20,4,0,0,0,0,0,0.0,85,0.0,180,KNYC,0.0,7,34,5,20,64.0,1.0,1,1,32,2,0,0,1,65,
2026-08-25 06:00:00,2026-08-26 15:00:00,NBS,75,59,300,0,,,,,,,,,-88,100,41,2,0,0,0,0,0,,83,,260,KNYC,,33,29,5,64,,,2,2,33,2,0,0,1,72,
2026-08-25 06:00:00,2026-08-26 18:00:00,NBS,81,59,240,0,0.0,,0.0,,,0.0,,,-88,100,29,6,0,0,0,0,0,0.0,84,0.0,240,KNYC,,52,27,7,78,,,2,2,34,2,0,0,1,76,
2026-08-25 06:00:00,2026-08-26 21:00:00,NBS,81,60,190,3,,,,,,,,,-88,100,23,10,0,0,0,0,0,,88,,120,KNYC,,42,22,9,49,,,2,3,30,3,0,0,2,73,
2026-08-25 06:00:00,2026-08-27 00:00:00,NBS,74,62,170,4,0.0,0.0,0.0,0.0,,2.0,,2.0,-88,100,49,11,0,0,0,0,0,0.0,91,0.0,140,KNYC,0.0,10,18,11,10,82.0,2.0,2,2,29,3,1,0,2,69,
2026-08-25 06:00:00,2026-08-27 03:00:00,NBS,73,64,170,4,,,,,,,,,-88,100,42,10,1,0,0,0,0,,91,,32,KNYC,,9,18,8,0,,,1,2,31,3,2,0,1,69,
2026-08-25 06:00:00,2026-08-27 06:00:00,NBS,72,64,190,3,1.0,,0.0,,,4.0,,,-88,100,36,8,1,0,0,0,2,0.0,91,0.0,80,KNYC,,8,20,8,0,,,2,2,26,3,4,0,2,68,
2026-08-25 06:00:00,2026-08-27 09:00:00,NBS,71,65,200,3,,,,,,,,,-88,100,54,8,2,0,0,0,30,,100,,50,KNYC,,9,19,8,0,,,2,2,26,3,0,0,2,68,
2026-08-25 06:00:00,2026-08-27 12:00:00,NBS,73,67,180,4,22.0,23.0,2.0,2.0,,5.0,,8.0,-88,100,55,10,3,0,0,0,32,0.0,110,0.0,50,KNYC,1.0,13,19,11,10,69.0,1.0,1,2,20,4,3,3,2,70,
2026-08-25 06:00:00,2026-08-27 15:00:00,NBS,77,67,180,6,,,,,,,,,100,100,73,15,5,0,0,0,32,,110,,50,KNYC,,31,20,14,39,,,4,2,13,3,4,1,2,75,
2026-08-25 06:00:00,2026-08-27 18:00:00,NBS,79,68,170,8,50.0,,11.0,,,19.0,,,80,100,74,18,12,0,0,0,39,0.0,120,0.0,32,KNYC,,32,19,14,42,,,4,2,14,4,3,3,2,77,
2026-08-25 06:00:00,2026-08-27 21:00:00,NBS,78,69,180,7,,,,,,,,,80,100,82,18,19,0,0,0,74,,120,,45,KNYC,,22,18,13,32,,,3,2,10,4,4,4,2,75,
2026-08-25 06:00:00,2026-08-28 00:00:00,NBS,74,68,170,5,75.0,82.0,30.0,41.0,,32.0,,32.0,90,100,80,14,16,0,0,0,69,0.0,120,0.0,60,KNYC,6.0,11,18,11,20,80.0,3.0,3,2,25,4,4,6,2,71,
2026-08-25 06:00:00,2026-08-28 03:00:00,NBS,72,68,180,3,,,,,,,,,50,100,73,10,14,0,0,0,49,,120,,46,KNYC,,7,18,8,0,,,2,2,24,4,8,10,2,70,
2026-08-25 06:00:00,2026-08-28 06:00:00,NBS,72,68,180,0,62.0,,13.0,,,28.0,,,60,90,73,6,13,0,0,0,49,0.0,120,0.0,41,KNYC,,5,20,7,0,,,2,2,17,4,15,11,2,70,
2026-08-25 12:00:00,2026-08-25 18:00:00,NBS,78,58,290,5,0.0,,0.0,,21.0,2.0,,,-88,100,49,13,1,0,0,0,5,0.0,99,0.0,60,KNYC,,53,28,12,44,,,3,3,32,2,0,0,1,73,21/2
2026-08-25 12:00:00,2026-08-25 21:00:00,NBS,79,59,290,4,,,,,,,,,-88,100,30,12,4,0,0,0,0,,95,,60,KNYC,,54,29,11,31,,,3,2,17,2,0,0,1,72,
2026-08-25 12:00:00,2026-08-26 00:00:00,NBS,75,59,290,2,14.0,14.0,0.0,0.0,,10.0,,10.0,-88,100,26,9,3,0,0,0,0,0.0,96,0.0,80,KNYC,0.0,9,29,8,2,79.0,2.0,2,2,17,2,0,0,2,67,
2026-08-25 12:00:00,2026-08-26 03:00:00,NBS,71,59,310,4,,,,,,,,,-88,100,22,9,0,0,0,0,3,,94,,50,KNYC,,5,34,7,0,,,2,2,31,2,0,0,1,66,
2026-08-25 12:00:00,2026-08-26 06:00:00,NBS,68,59,310,4,1.0,,0.0,,,1.0,,,-88,100,13,9,0,0,0,0,0,0.0,90,0.0,80,KNYC,,5,34,7,0,,,1,2,24,2,0,0,1,64,
2026-08-25 12:00:00,2026-08-26 09:00:00,NBS,66,58,320,3,,,,,,,,,-88,100,18,7,0,0,0,0,0,,87,,140,KNYC,,4,33,5,0,,,1,1,35,2,0,0,1,62,
2026-08-25 12:00:00,2026-08-26 12:00:00,NBS,68,59,340,0,0.0,1.0,0.0,0.0,,0.0,,1.0,-88,100,18,4,0,0,0,0,0,0.0,85,0.0,190,KNYC,0.0,8,35,5,20,64.0,1.0,1,1,33,2,0,0,1,65,
2026-08-25 12:00:00,2026-08-26 15:00:00,NBS,76,60,300,0,,,,,,,,,-88,100,31,2,0,0,0,0,0,,84,,170,KNYC,,31,29,3,70,,,2,2,33,3,0,0,1,72,
2026-08-25 12:00:00,2026-08-26 18:00:00,NBS,82,60,250,0,0.0,,0.0,,,0.0,,,-88,100,34,7,0,0,0,0,0,0.0,83,0.0,170,KNYC,,53,27,6,80,,,2,2,36,2,0,0,1,76,
2026-08-25 12:00:00,2026-08-26 21:00:00,NBS,82,61,190,2,,,,,,,,,-88,100,31,10,0,0,0,0,0,,88,,150,KNYC,,44,21,7,49,,,2,3,37,3,0,0,2,74,
2026-08-25 12:00:00,2026-08-27 00:00:00,NBS,75,62,170,4,0.0,0.0,0.0,0.0,,2.0,,2.0,-88,100,51,11,1,0,0,0,0,0.0,90,0.0,170,KNYC,0.0,8,18,10,10,83.0,2.0,2,2,34,3,0,0,2,69,
2026-08-25 12:00:00,2026-08-27 03:00:00,NBS,73,64,170,4,,,,,,,,,-88,100,57,10,1,0,0,0,0,,91,,130,KNYC,,8,18,8,0,,,2,2,29,3,2,0,1,69,
2026-08-25 12:00:00,2026-08-27 06:00:00,NBS,72,64,200,3,1.0,,0.0,,,3.0,,,-88,100,48,8,1,0,0,0,1,0.0,92,0.0,60,KNYC,,8,19,8,0,,,1,2,21,2,2,0,2,68,
2026-08-25 12:00:00,2026-08-27 09:00:00,NBS,71,65,190,3,,,,,,,,,-88,100,47,8,1,0,0,0,32,,99,,33,KNYC,,8,19,8,0,,,2,2,23,3,1,1,2,68,
2026-08-25 12:00:00,2026-08-27 12:00:00,NBS,73,67,180,4,7.0,8.0,0.0,0.0,,7.0,,9.0,-88,100,45,10,4,0,0,0,28,0.0,110,0.0,40,KNYC,0.0,12,19,11,14,69.0,1.0,1,2,26,4,4,9,2,70,
2026-08-25 12:00:00,2026-08-27 15:00:00,NBS,79,67,190,6,,,,,,,,,100,100,62,16,8,0,0,0,27,,120,,34,KNYC,,36,21,15,45,,,4,2,20,3,7,4,2,76,
2026-08-25 12:00:00,2026-08-27 18:00:00,NBS,81,68,170,8,44.0,,6.0,,,24.0,,,90,100,66,19,14,0,0,0,47,0.0,110,0.0,32,KNYC,,29,19,14,42,,,4,2,15,4,4,3,2,78,
2026-08-25 12:00:00,2026-08-27 21:00:00,NBS,79,69,180,7,,,,,,,,,90,100,71,19,22,0,0,0,78,,120,,45,KNYC,,25,19,14,36,,,3,2,24,4,5,6,3,75,
2026-08-25 12:00:00,2026-08-28 00:00:00,NBS,74,68,180,4,72.0,77.0,12.0,18.0,,38.0,,38.0,100,100,77,14,20,0,0,0,71,0.0,120,0.0,100,KNYC,4.0,10,18,13,21,81.0,3.0,3,2,25,5,8,7,3,71,
2026-08-25 12:00:00,2026-08-28 03:00:00,NBS,73,68,180,3,,,,,,,,,100,100,75,10,14,0,0,0,28,,120,,50,KNYC,,10,19,11,0,,,2,2,11,4,8,10,2,71,
2026-08-25 12:00:00,2026-08-28 06:00:00,NBS,72,68,190,0,56.0,,6.0,,,25.0,,,60,100,76,5,11,0,0,0,41,0.0,120,0.0,60,KNYC,,10,19,8,0,,,2,2,17,4,17,13,2,70,
2026-08-25 12:00:00,2026-08-28 09:00:00,NBS,72,68,190,0,,,,,,,,,100,70,80,4,11,0,0,0,12,,120,,50,KNYC,,7,20,5,0,,,2,2,17,3,17,16,2,70,
2026-08-25 12:00:00,2026-08-28 12:00:00,NBS,73,69,200,0,20.0,64.0,1.0,7.0,,21.0,,27.0,100,60,72,3,8,0,0,0,12,0.0,120,0.0,60,KNYC,2.0,9,18,5,1,69.0,2.0,2,2,17,3,15,16,2,71,
2026-08-25 18:00:00,2026-08-26 00:00:00,NBS,74,59,290,0,2.0,,0.0,,16.0,6.0,24.0,,-88,100,45,8,1,0,0,0,0,0.0,98,0.0,60,KNYC,,9,29,9,3,,,2,2,31,2,0,0,2,67,16/6
2026-08-25 18:00:00,2026-08-26 03:00:00,NBS,70,59,300,3,,,,,,,,,-88,100,16,9,0,0,0,0,16,,96,,50,KNYC,,4,32,7,0,,,2,2,24,2,0,0,2,66,
2026-08-25 18:00:00,2026-08-26 06:00:00,NBS,68,59,320,3,2.0,,0.0,,,1.0,,,-88,100,19,8,0,0,0,0,0,0.0,93,0.0,100,KNYC,,4,34,7,0,,,1,1,29,2,0,0,1,64,
2026-08-25 18:00:00,2026-08-26 09:00:00,NBS,66,58,320,2,,,,,,,,,-88,100,3,6,0,0,0,0,0,,90,,150,KNYC,,4,32,6,0,,,1,1,6,2,0,0,2,62,
2026-08-25 18:00:00,2026-08-26 12:00:00,NBS,67,59,330,0,0.0,2.0,0.0,0.0,,0.0,,2.0,-88,100,15,4,0,0,0,0,0,0.0,87,0.0,290,KNYC,0.0,7,34,5,21,65.0,1.0,1,2,31,2,0,0,1,65,
2026-08-25 18:00:00,2026-08-26 15:00:00,NBS,76,59,300,0,,,,,,,,,-88,100,20,2,0,0,0,0,0,,85,,170,KNYC,,37,29,4,71,,,2,3,33,2,0,0,1,72,
2026-08-25 18:00:00,2026-08-26 18:00:00,NBS,82,59,260,0,0.0,,0.0,,,0.0,,,-88,100,19,7,0,0,0,0,0,0.0,84,0.0,180,KNYC,,52,27,7,79,,,2,3,22,2,0,0,1,76,
2026-08-25 18:00:00,2026-08-26 21:00:00,NBS,82,61,200,3,,,,,,,,,-88,100,37,10,0,0,0,0,0,,86,,110,KNYC,,50,24,8,46,,,2,3,29,3,0,0,2,74,
2026-08-25 18:00:00,2026-08-27 00:00:00,NBS,74,63,180,4,0.0,0.0,0.0,0.0,,2.0,,2.0,-88,100,46,12,1,0,0,0,0,0.0,88,0.0,120,KNYC,0.0,8,18,9,10,83.0,1.0,2,3,31,3,0,0,2,69,
2026-08-25 18:00:00,2026-08-27 03:00:00,NBS,73,65,180,4,,,,,,,,,240,100,60,10,1,0,0,0,0,,89,,180,KNYC,,4,18,9,0,,,1,2,28,3,0,0,2,69,
2026-08-25 18:00:00,2026-08-27 06:00:00,NBS,72,64,200,3,0.0,,0.0,,,3.0,,,-88,100,51,8,1,0,0,0,0,0.0,92,0.0,180,KNYC,,4,20,7,0,,,1,2,30,2,0,0,1,68,
2026-08-25 18:00:00,2026-08-27 09:00:00,NBS,71,65,190,3,,,,,,,,,-88,100,41,8,2,0,0,0,2,,94,,33,KNYC,,7,19,7,0,,,1,2,39,3,1,0,2,68,
2026-08-25 18:00:00,2026-08-27 12:00:00,NBS,73,67,190,4,2.0,2.0,0.0,0.0,,10.0,,11.0,-88,100,50,9,5,0,0,0,19,0.0,100,0.0,37,KNYC,0.0,12,19,9,8,70.0,1.0,1,2,29,3,7,11,2,71,
2026-08-25 18:00:00,2026-08-27 15:00:00,NBS,79,68,190,6,,,,,,,,,50,100,61,15,8,0,0,0,20,,110,,30,KNYC,,33,20,14,40,,,3,3,15,3,11,7,1,76,
2026-08-25 18:00:00,2026-08-27 18:00:00,NBS,81,69,170,8,44.0,,4.0,,,24.0,,,50,100,68,18,14,0,0,0,30,0.0,110,0.0,25,KNYC,,28,19,15,46,,,3,2,16,3,5,0,2,78,
2026-08-25 18:00:00,2026-08-27 21:00:00,NBS,79,70,170,7,,,,,,,,,90,100,71,19,21,0,0,0,51,,120,,48,KNYC,,26,19,15,39,,,3,2,25,4,3,4,2,76,
2026-08-25 18:00:00,2026-08-28 00:00:00,NBS,74,68,170,5,74.0,81.0,13.0,17.0,,37.0,,37.0,-88,100,82,14,19,0,0,0,25,0.0,120,0.0,43,KNYC,4.0,12,18,12,13,81.0,2.0,2,2,23,4,6,8,2,71,
2026-08-25 18:00:00,2026-08-28 03:00:00,NBS,73,69,190,4,,,,,,,,,100,100,70,11,14,0,0,0,21,,120,,60,KNYC,,10,20,10,0,,,2,2,21,4,9,9,2,71,
2026-08-25 18:00:00,2026-08-28 06:00:00,NBS,72,69,200,0,46.0,,4.0,,,22.0,,,100,100,77,7,8,0,0,0,22,0.0,120,0.0,60,KNYC,,10,21,7,0,,,2,2,7,4,8,10,2,71,
2026-08-25 18:00:00,2026-08-28 09:00:00,NBS,71,68,210,0,,,,,,,,,90,100,81,4,8,0,0,0,40,,120,,46,KNYC,,6,21,5,0,,,1,2,9,3,8,10,2,70,
2026-08-25 18:00:00,2026-08-28 12:00:00,NBS,72,70,240,0,36.0,66.0,6.0,10.0,,15.0,,24.0,90,100,72,4,7,0,0,0,27,0.0,120,0.0,41,KNYC,3.0,8,24,5,0,69.0,1.0,1,2,8,3,11,10,2,71,
2026-08-25 18:00:00,2026-08-28 15:00:00,NBS,77,70,240,0,,,,,,,,,60,100,74,5,7,0,0,0,25,,120,,44,KNYC,,19,24,5,3,,,3,1,13,3,11,13,2,75,
2026-08-25 18:00:00,2026-08-28 18:00:00,NBS,81,70,220,0,32.0,,9.0,,,16.0,,,60,100,74,7,8,0,0,0,40,0.0,120,0.0,60,KNYC,,28,22,6,7,,,3,2,15,3,10,4,2,78,
2026-08-26 00:00:00,2026-08-26 06:00:00,NBS,68,59,320,4,0.0,,0.0,,20.0,1.0,,,-88,100,21,9,0,0,0,0,0,0.0,92,0.0,190,KNYC,,5,34,8,0,,,1,2,25,2,0,0,1,64,20/1
2026-08-26 00:00:00,2026-08-26 09:00:00,NBS,66,59,310,3,,,,,,,,,-88,100,8,6,0,0,0,0,0,,89,,280,KNYC,,4,33,6,0,,,1,1,15,2,0,0,2,63,
2026-08-26 00:00:00,2026-08-26 12:00:00,NBS,68,60,330,0,0.0,0.0,0.0,0.0,,0.0,,1.0,-88,100,36,4,0,0,0,0,0,0.0,87,0.0,180,KNYC,0.0,7,34,6,22,65.0,1.0,1,1,38,1,0,0,1,65,
2026-08-26 00:00:00,2026-08-26 15:00:00,NBS,76,60,300,0,,,,,,,,,-88,100,35,2,0,0,0,0,0,,86,,140,KNYC,,33,29,3,71,,,2,3,39,2,0,0,1,72,
2026-08-26 00:00:00,2026-08-26 18:00:00,NBS,81,59,260,0,0.0,,0.0,,,0.0,,,-88,100,9,7,0,0,0,0,0,0.0,85,0.0,240,KNYC,,54,27,6,79,,,2,3,21,2,0,0,1,76,
2026-08-26 00:00:00,2026-08-26 21:00:00,NBS,82,61,220,3,,,,,,,,,-88,100,36,10,0,0,0,0,0,,87,,140,KNYC,,51,23,7,48,,,2,3,36,3,0,0,2,74,
2026-08-26 00:00:00,2026-08-27 00:00:00,NBS,75,63,170,4,0.0,0.0,0.0,0.0,,1.0,,1.0,160,100,66,12,0,0,0,0,0,0.0,88,0.0,160,KNYC,0.0,8,18,9,10,83.0,1.0,2,3,27,3,0,0,2,69,
2026-08-26 00:00:00,2026-08-27 03:00:00,NBS,73,65,180,4,,,,,,,,,130,100,62,11,1,0,0,0,0,,90,,120,KNYC,,5,18,9,0,,,1,2,28,2,0,0,1,70,
2026-08-26 00:00:00,2026-08-27 06:00:00,NBS,73,65,200,3,1.0,,0.0,,,2.0,,,-88,100,34,8,1,0,0,0,0,0.0,92,0.0,160,KNYC,,5,20,7,0,,,1,2,28,3,0,0,1,69,
2026-08-26 00:00:00,2026-08-27 09:00:00,NBS,72,65,190,3,,,,,,,,,-88,100,38,8,1,0,0,0,1,,95,,130,KNYC,,4,19,7,0,,,1,2,36,3,0,0,2,68,
2026-08-26 00:00:00,2026-08-27 12:00:00,NBS,73,67,190,4,6.0,4.0,0.0,0.0,,6.0,,8.0,-88,100,46,10,3,0,0,0,29,0.0,110,0.0,80,KNYC,0.0,10,19,9,12,70.0,1.0,1,2,35,4,5,6,2,71,
2026-08-26 00:00:00,2026-08-27 15:00:00,NBS,79,68,180,6,,,,,,,,,90,100,70,16,8,0,0,0,33,,110,,27,KNYC,,30,19,14,25,,,3,3,18,3,6,3,2,77,
2026-08-26 00:00:00,2026-08-27 18:00:00,NBS,81,69,170,8,42.0,,4.0,,,25.0,,,90,100,71,19,15,0,0,0,41,0.0,120,0.0,25,KNYC,,32,19,16,39,,,3,2,18,3,3,2,2,78,
2026-08-26 00:00:00,2026-08-27 21:00:00,NBS,80,69,170,8,,,,,,,,,100,100,89,19,23,0,0,0,58,,120,,33,KNYC,,22,19,16,29,,,3,2,14,4,4,3,3,75,
2026-08-26 00:00:00,2026-08-28 00:00:00,NBS,75,68,180,5,60.0,71.0,7.0,11.0,,41.0,,41.0,-88,100,88,14,20,0,0,0,31,0.0,120,0.0,40,KNYC,3.0,10,18,13,9,82.0,2.0,2,2,18,4,4,6,2,71,
2026-08-26 00:00:00,2026-08-28 03:00:00,NBS,73,69,190,4,,,,,,,,,-88,100,69,10,15,0,0,0,21,,120,,60,KNYC,,10,20,9,0,,,2,2,29,4,3,3,2,71,
2026-08-26 00:00:00,2026-08-28 06:00:00,NBS,72,68,210,0,41.0,,1.0,,,24.0,,,-88,100,71,6,11,0,0,0,53,0.0,120,0.0,48,KNYC,,9,20,8,0,,,2,2,19,3,7,10,2,71,
2026-08-26 00:00:00,2026-08-28 09:00:00,NBS,72,68,230,0,,,,,,,,,-88,100,56,3,6,0,0,0,14,,120,,120,KNYC,,9,23,6,0,,,1,2,26,3,5,8,2,70,
2026-08-26 00:00:00,2026-08-28 12:00:00,NBS,72,69,260,0,29.0,57.0,3.0,4.0,,10.0,,24.0,-88,100,54,3,5,0,0,0,14,0.0,120,0.0,60,KNYC,1.0,9,25,4,2,70.0,1.0,1,1,28,2,4,7,1,71,
2026-08-26 00:00:00,2026-08-28 15:00:00,NBS,78,70,280,0,,,,,,,,,-88,100,62,5,5,0,0,0,34,,120,,44,KNYC,,27,26,6,37,,,3,1,26,3,5,0,2,76,
2026-08-26 00:00:00,2026-08-28 18:00:00,NBS,81,69,240,0,19.0,,0.0,,,11.0,,,-88,100,60,7,6,0,0,0,36,0.0,120,0.0,50,KNYC,,47,26,8,47,,,3,2,28,3,2,0,2,79,
2026-08-26 00:00:00,2026-08-28 21:00:00,NBS,81,69,250,0,,,,,,,,,-88,100,61,7,11,0,0,0,20,,110,,70,KNYC,,43,26,8,54,,,3,2,18,3,3,0,2,76,
2026-08-26 00:00:00,2026-08-29 00:00:00,NBS,76,67,300,0,36.0,44.0,3.0,3.0,,20.0,,20.0,-88,100,77,5,10,0,0,0,34,0.0,110,0.0,70,KNYC,1.0,7,32,7,29,82.0,2.0,3,3,15,3,0,0,2,72,
2026-08-26 06:00:00,2026-08-26 12:00:00,NBS,68,60,330,0,0.0,,0.0,,10.0,0.0,21.0,,-88,100,33,4,0,0,0,0,0,0.0,84,0.0,230,KNYC,,6,33,6,21,,,1,1,33,1,0,0,1,65,10/0
2026-08-26 06:00:00,2026-08-26 15:00:00,NBS,76,60,290,0,,,,,,,,,-88,100,23,3,0,0,0,0,0,,84,,150,KNYC,,31,30,4,71,,,2,3,38,2,0,0,1,72,
2026-08-26 06:00:00,2026-08-26 18:00:00,NBS,81,59,240,0,0.0,,0.0,,,0.0,,,-88,100,8,6,0,0,0,0,0,0.0,84,0.0,270,KNYC,,55,27,6,82,,,2,2,10,2,0,0,1,76,
2026-08-26 06:00:00,2026-08-26 21:00:00,NBS,82,60,200,3,,,,,,,,,-88,100,36,10,0,0,0,0,0,,86,,110,KNYC,,50,23,8,46,,,2,3,35,3,0,0,2,73,
2026-08-26 06:00:00,2026-08-27 00:00:00,NBS,74,63,170,4,0.0,0.0,0.0,0.0,,1.0,,1.0,180,100,64,11,0,0,0,0,0,0.0,88,0.0,180,KNYC,0.0,8,18,10,8,82.0,2.0,2,2,28,3,0,0,2,69,
2026-08-26 06:00:00,2026-08-27 03:00:00,NBS,73,65,190,4,,,,,,,,,-88,100,51,10,1,0,0,0,0,,95,,160,KNYC,,5,18,8,0,,,1,2,35,2,0,0,1,70,
2026-08-26 06:00:00,2026-08-27 06:00:00,NBS,73,64,200,3,3.0,,0.0,,,3.0,,,190,100,71,8,1,0,0,0,0,0.0,93,0.0,130,KNYC,,5,19,8,0,,,1,2,22,2,0,0,1,68,
2026-08-26 06:00:00,2026-08-27 09:00:00,NBS,72,65,200,3,,,,,,,,,-88,100,49,8,1,0,0,0,1,,98,,150,KNYC,,5,19,8,0,,,1,1,39,3,0,0,2,68,
2026-08-26 06:00:00,2026-08-27 12:00:00,NBS,74,67,190,4,4.0,9.0,0.0,0.0,,4.0,,5.0,-88,100,56,9,2,0,0,0,4,0.0,110,0.0,80,KNYC,0.0,11,19,9,15,70.0,1.0,1,2,31,3,5,5,2,71,
2026-08-26 06:00:00,2026-08-27 15:00:00,NBS,80,68,190,7,,,,,,,,,90,100,63,15,9,0,0,0,19,,110,,60,KNYC,,34,19,14,38,,,3,2,27,3,2,3,2,77,
2026-08-26 06:00:00,2026-08-27 18:00:00,NBS,81,69,170,8,52.0,,42.0,,,27.0,,,70,100,95,19,16,0,0,0,46,0.0,120,0.0,42,KNYC,,26,18,15,38,,,3,2,9,3,1,0,2,76,
2026-08-26 06:00:00,2026-08-27 21:00:00,NBS,80,70,170,8,,,,,,,,,100,100,77,19,24,0,0,0,64,,120,,22,KNYC,,17,18,13,20,,,2,2,33,4,3,3,3,76,
2026-08-26 06:00:00,2026-08-28 00:00:00,NBS,75,69,180,5,66.0,81.0,13.0,55.0,,40.0,,40.0,-88,100,81,14,16,0,0,0,21,0.0,120,0.0,12,KNYC,7.0,12,19,11,5,82.0,2.0,2,1,24,5,4,4,3,72,
2026-08-26 06:00:00,2026-08-28 03:00:00,NBS,73,69,190,3,,,,,,,,,-88,100,85,8,13,0,0,0,23,,120,,23,KNYC,,10,19,8,0,,,2,1,31,4,4,7,2,71,
2026-08-26 06:00:00,2026-08-28 06:00:00,NBS,72,69,210,0,37.0,,2.0,,,24.0,,,-88,100,80,5,13,0,0,0,23,0.0,120,0.0,29,KNYC,,8,21,7,0,,,2,1,28,4,7,12,2,71,
2026-08-26 06:00:00,2026-08-28 09:00:00,NBS,72,68,230,0,,,,,,,,,-88,100,71,3,8,0,0,0,9,,120,,120,KNYC,,5,24,5,0,,,1,1,17,3,7,7,2,70,
2026-08-26 06:00:00,2026-08-28 12:00:00,NBS,72,69,270,0,15.0,50.0,1.0,3.0,,10.0,,24.0,-88,100,50,4,3,0,0,0,9,0.0,110,0.0,140,KNYC,1.0,8,28,5,13,69.0,1.0,1,2,27,2,8,8,2,71,
2026-08-26 06:00:00,2026-08-28 15:00:00,NBS,78,69,290,0,,,,,,,,,-88,100,57,5,4,0,0,0,14,,110,,60,KNYC,,28,29,5,51,,,2,2,28,3,2,0,2,77,
2026-08-26 06:00:00,2026-08-28 18:00:00,NBS,82,69,260,0,7.0,,0.0,,,10.0,,,-88,100,44,7,6,0,0,0,15,0.0,100,0.0,45,KNYC,,46,28,8,67,,,3,2,30,3,2,0,2,80,
2026-08-26 06:00:00,2026-08-28 21:00:00,NBS,82,68,270,0,,,,,,,,,-88,100,58,7,10,0,0,0,12,,110,,50,KNYC,,44,29,8,58,,,2,2,21,3,2,0,2,76,
2026-08-26 06:00:00,2026-08-29 00:00:00,NBS,76,67,310,0,22.0,24.0,2.0,2.0,,21.0,,21.0,-88,100,66,5,8,0,0,0,26,0.0,100,0.0,47,KNYC,1.0,11,33,7,36,82.0,2.0,2,3,32,3,2,0,2,72,
2026-08-26 06:00:00,2026-08-29 03:00:00,NBS,74,65,360,0,,,,,,,,,-88,100,48,5,5,0,0,0,1,,100,,50,KNYC,,8,1,7,0,,,2,4,32,4,3,0,2,70,
2026-08-26 06:00:00,2026-08-29 06:00:00,NBS,71,63,10,3,8.0,,0.0,,,10.0,,,-88,100,40,9,2,0,0,0,1,0.0,100,0.0,50,KNYC,,11,1,9,0,,,2,5,27,4,2,0,2,67,
2026-08-26 12:00:00,2026-08-26 18:00:00,NBS,81,60,250,0,0.0,,0.0,,2.0,0.0,,,-88,100,7,6,0,0,0,0,0,0.0,85,0.0,260,KNYC,,56,28,6,77,,,1,2,6,2,0,0,1,77,2/0
2026-08-26 12:00:00,2026-08-26 21:00:00,NBS,82,61,200,3,,,,,,,,,-88,100,25,10,0,0,0,0,0,,88,,150,KNYC,,50,23,7,45,,,1,3,31,3,0,0,2,73,
2026-08-26 12:00:00,2026-08-27 00:00:00,NBS,75,63,180,4,0.0,0.0,0.0,0.0,,1.0,,1.0,130,100,70,11,0,0,0,0,0,0.0,89,0.0,130,KNYC,0.0,8,18,10,7,82.0,2.0,2,2,30,3,0,0,2,70,
2026-08-26 12:00:00,2026-08-27 03:00:00,NBS,74,66,180,4,,,,,,,,,190,100,80,10,0,0,0,0,0,,91,,140,KNYC,,6,18,8,0,,,1,2,19,2,0,0,1,70,
2026-08-26 12:00:00,2026-08-27 06:00:00,NBS,73,65,200,3,0.0,,0.0,,,2.0,,,260,100,73,9,1,0,0,0,0,0.0,91,0.0,200,KNYC,,5,19,8,0,,,1,2,20,2,0,0,1,70,
2026-08-26 12:00:00,2026-08-27 09:00:00,NBS,72,65,200,3,,,,,,,,,230,100,81,8,1,0,0,0,2,,96,,180,KNYC,,5,19,7,0,,,1,1,25,3,0,0,1,68,
2026-08-26 12:00:00,2026-08-27 12:00:00,NBS,74,68,180,4,3.0,1.0,0.0,0.0,,5.0,,6.0,-88,100,48,9,2,0,0,0,8,0.0,110,0.0,150,KNYC,0.0,12,19,9,16,70.0,1.0,1,2,29,3,6,4,2,72,
2026-08-26 12:00:00,2026-08-27 15:00:00,NBS,80,69,180,7,,,,,,,,,-88,100,51,16,6,0,0,0,21,,110,,60,KNYC,,35,19,15,58,,,3,2,33,3,2,2,2,77,
2026-08-26 12:00:00,2026-08-27 18:00:00,NBS,80,70,170,8,57.0,,23.0,,,23.0,,,70,100,71,18,14,0,0,0,40,0.0,120,0.0,60,KNYC,,30,18,16,59,,,3,2,27,4,1,2,2,78,
2026-08-26 12:00:00,2026-08-27 21:00:00,NBS,79,71,170,7,,,,,,,,,80,100,57,18,21,0,0,0,59,,120,,60,KNYC,,19,18,15,36,,,2,2,39,4,1,3,3,76,
2026-08-26 12:00:00,2026-08-28 00:00:00,NBS,75,70,170,5,67.0,77.0,42.0,65.0,,38.0,,38.0,90,80,68,14,17,0,0,0,21,0.0,120,0.0,90,KNYC,7.0,10,19,14,4,81.0,2.0,2,1,35,4,4,6,3,72,
2026-08-26 12:00:00,2026-08-28 03:00:00,NBS,74,70,180,3,,,,,,,,,60,70,81,9,13,0,0,0,30,,120,,10,KNYC,,10,19,8,0,,,2,1,28,4,12,15,2,72,
2026-08-26 12:00:00,2026-08-28 06:00:00,NBS,73,69,200,0,35.0,,5.0,,,26.0,,,100,60,91,4,13,0,0,0,25,0.0,120,0.0,16,KNYC,,8,20,6,0,,,1,1,13,3,12,15,2,71,
2026-08-26 12:00:00,2026-08-28 09:00:00,NBS,72,69,230,0,,,,,,,,,-88,60,82,3,10,0,0,0,32,,120,,20,KNYC,,8,21,5,0,,,1,1,16,2,10,17,1,69,
2026-08-26 12:00:00,2026-08-28 12:00:00,NBS,72,69,260,0,13.0,40.0,0.0,5.0,,18.0,,28.0,-88,100,69,3,9,0,0,0,9,0.0,110,0.0,44,KNYC,1.0,10,24,5,4,69.0,1.0,1,2,26,2,7,11,2,71,
2026-08-26 12:00:00,2026-08-28 15:00:00,NBS,78,69,290,0,,,,,,,,,-88,100,51,5,6,0,0,0,3,,110,,50,KNYC,,30,26,6,48,,,2,2,21,3,4,1,2,77,
2026-08-26 12:00:00,2026-08-28 18:00:00,NBS,82,69,270,0,4.0,,0.0,,,15.0,,,-88,100,43,7,8,0,0,0,3,0.0,100,0.0,35,KNYC,,53,26,8,47,,,2,2,23,3,1,0,2,80,
2026-08-26 12:00:00,2026-08-28 21:00:00,NBS,82,68,260,0,,,,,,,,,-88,100,38,7,11,0,0,0,5,,100,,70,KNYC,,54,28,8,58,,,2,3,22,3,3,0,2,77,
2026-08-26 12:00:00,2026-08-29 00:00:00,NBS,77,66,310,0,15.0,17.0,2.0,2.0,,20.0,,21.0,-88,100,54,5,8,0,0,0,5,0.0,98,0.0,48,KNYC,1.0,7,32,7,35,82.0,2.0,2,3,32,4,3,0,2,72,
2026-08-26 12:00:00,2026-08-29 03:00:00,NBS,74,65,0,1,,,,,,,,,-88,100,44,7,4,0,0,0,2,,98,,50,KNYC,,12,2,9,0,,,2,4,32,4,4,0,3,70,
2026-08-26 12:00:00,2026-08-29 06:00:00,NBS,72,62,0,4,10.0,,0.0,,,8.0,,,-88,100,32,10,2,0,0,0,2,0.0,97,0.0,80,KNYC,,11,1,8,0,,,2,5,27,4,5,0,2,67,
2026-08-26 12:00:00,2026-08-29 09:00:00,NBS,69,60,10,5,,,,,,,,,-88,100,28,11,1,0,0,0,1,,95,,80,KNYC,,9,2,10,0,,,3,5,29,3,4,0,2,64,
2026-08-26 12:00:00,2026-08-29 12:00:00,NBS,69,59,10,4,2.0,10.0,0.0,0.0,,2.0,,8.0,-88,100,19,10,0,0,0,0,1,0.0,93,0.0,180,KNYC,0.0,13,3,9,2,67.0,3.0,3,4,27,3,4,0,1,65,
2026-08-26 18:00:00,2026-08-27 00:00:00,NBS,75,63,170,4,0.0,,0.0,,0.0,1.0,14.0,,130,100,66,12,0,0,0,0,0,0.0,86,0.0,130,KNYC,,8,18,10,7,,,2,2,31,3,0,0,2,69,0/1
2026-08-26 18:00:00,2026-08-27 03:00:00,NBS,74,65,180,4,,,,,,,,,250,100,74,11,0,0,0,0,0,,92,,170,KNYC,,4,18,9,0,,,1,2,23,2,0,0,1,70,
2026-08-26 18:00:00,2026-08-27 06:00:00,NBS,73,64,190,3,1.0,,0.0,,,1.0,,,130,100,77,9,1,0,0,0,0,0.0,92,0.0,100,KNYC,,4,19,8,0,,,1,2,21,2,0,0,1,69,
2026-08-26 18:00:00,2026-08-27 09:00:00,NBS,71,65,200,3,,,,,,,,,190,100,61,8,1,0,0,0,1,,99,,130,KNYC,,5,19,8,0,,,1,1,24,3,0,0,2,68,
2026-08-26 18:00:00,2026-08-27 12:00:00,NBS,74,68,190,4,6.0,1.0,0.0,0.0,,6.0,,8.0,-88,100,45,10,4,0,0,0,5,0.0,110,0.0,90,KNYC,0.0,11,19,10,16,70.0,1.0,1,2,24,3,2,2,2,72,
2026-08-26 18:00:00,2026-08-27 15:00:00,NBS,79,69,180,7,,,,,,,,,80,100,75,16,11,0,0,0,26,,120,,50,KNYC,,27,18,14,41,,,3,2,24,3,2,3,2,76,
2026-08-26 18:00:00,2026-08-27 18:00:00,NBS,80,70,170,9,45.0,,8.0,,,32.0,,,70,100,71,19,19,0,0,0,61,0.0,120,0.0,50,KNYC,,24,18,16,36,,,3,2,21,4,1,1,2,78,
2026-08-26 18:00:00,2026-08-27 21:00:00,NBS,79,71,180,7,,,,,,,,,-88,100,55,19,24,0,0,0,55,,120,,80,KNYC,,18,18,13,21,,,2,2,41,5,0,2,3,76,
2026-08-26 18:00:00,2026-08-28 00:00:00,NBS,75,70,180,5,65.0,77.0,18.0,26.0,,45.0,,45.0,70,90,66,14,17,0,0,0,30,0.0,120,0.0,70,KNYC,9.0,9,18,13,6,81.0,2.0,2,2,34,5,4,5,3,72,
2026-08-26 18:00:00,2026-08-28 03:00:00,NBS,73,70,190,3,,,,,,,,,90,40,68,8,12,0,0,0,33,,120,,46,KNYC,,4,19,7,0,,,2,2,31,4,10,10,2,72,
2026-08-26 18:00:00,2026-08-28 06:00:00,NBS,72,69,200,0,28.0,,1.0,,,19.0,,,70,30,86,5,8,0,0,0,23,0.0,120,0.0,44,KNYC,,4,19,6,0,,,2,2,12,3,11,14,2,71,
2026-08-26 18:00:00,2026-08-28 09:00:00,NBS,71,69,240,0,,,,,,,,,-88,100,90,3,7,0,0,0,9,,120,,19,KNYC,,6,21,5,0,,,1,2,13,3,6,10,1,69,
2026-08-26 18:00:00,2026-08-28 12:00:00,NBS,72,69,300,0,19.0,53.0,1.0,2.0,,13.0,,22.0,-88,100,48,4,7,0,0,0,9,0.0,110,0.0,18,KNYC,1.0,8,26,4,7,70.0,1.0,1,2,30,2,9,12,1,71,
2026-08-26 18:00:00,2026-08-28 15:00:00,NBS,78,69,290,0,,,,,,,,,-88,100,40,5,7,0,0,0,8,,110,,31,KNYC,,24,26,4,37,,,2,1,27,3,4,0,2,77,
2026-08-26 18:00:00,2026-08-28 18:00:00,NBS,82,69,250,0,6.0,,0.0,,,14.0,,,-88,100,51,7,8,0,0,0,8,0.0,110,0.0,110,KNYC,,43,25,6,44,,,2,2,25,3,1,0,2,80,
2026-08-26 18:00:00,2026-08-28 21:00:00,NBS,83,68,230,0,,,,,,,,,-88,100,44,8,13,0,0,0,2,,99,,120,KNYC,,43,26,7,26,,,2,3,25,3,3,0,2,77,
2026-08-26 18:00:00,2026-08-29 00:00:00,NBS,78,66,250,0,12.0,14.0,0.0,0.0,,24.0,,24.0,-88,100,67,5,10,0,0,0,26,0.0,100,0.0,36,KNYC,0.0,8,33,5,11,83.0,2.0,2,3,29,3,2,0,2,72,
2026-08-26 18:00:00,2026-08-29 03:00:00,NBS,74,65,340,3,,,,,,,,,-88,100,45,9,9,0,0,0,0,,98,,60,KNYC,,11,34,7,0,,,2,4,27,4,4,0,2,70,
2026-08-26 18:00:00,2026-08-29 06:00:00,NBS,71,62,360,4,4.0,,0.0,,,14.0,,,-88,100,39,10,4,0,0,0,0,0.0,98,0.0,80,KNYC,,9,1,9,0,,,2,4,27,3,4,0,2,66,
2026-08-26 18:00:00,2026-08-29 09:00:00,NBS,68,59,360,5,,,,,,,,,-88,100,36,11,1,0,0,0,1,,94,,80,KNYC,,9,0,9,0,,,3,4,28,3,3,0,2,64,
2026-08-26 18:00:00,2026-08-29 12:00:00,NBS,68,59,0,5,1.0,5.0,0.0,0.0,,2.0,,14.0,-88,100,23,10,0,0,0,0,1,0.0,93,0.0,-88,KNYC,0.0,12,1,8,2,67.0,3.0,3,4,27,3,2,0,2,65,
2026-08-26 18:00:00,2026-08-29 15:00:00,NBS,74,59,360,3,,,,,,,,,-88,100,33,8,0,0,0,0,0,,92,,-88,KNYC,,24,36,8,46,,,3,5,31,3,1,0,2,71,
2026-08-26 18:00:00,2026-08-29 18:00:00,NBS,79,59,320,0,0.0,,0.0,,,0.0,,,-88,100,25,5,0,0,0,0,0,0.0,89,0.0,-88,KNYC,,41,30,7,65,,,2,5,24,2,0,0,1,75,
2026-08-27 00:00:00,2026-08-27 06:00:00,NBS,73,64,190,3,1.0,,0.0,,6.0,1.0,,,130,100,66,9,1,0,0,0,0,0.0,93,0.0,90,KNYC,,5,19,7,0,,,1,2,31,2,0,0,1,69,6/1
2026-08-27 00:00:00,2026-08-27 09:00:00,NBS,72,64,200,3,,,,,,,,,-88,100,44,8,1,0,0,0,1,,100,,80,KNYC,,4,19,8,0,,,1,2,29,3,0,0,1,68,
2026-08-27 00:00:00,2026-08-27 12:00:00,NBS,74,67,190,4,2.0,1.0,0.0,0.0,,3.0,,5.0,-88,100,51,10,2,0,0,0,4,0.0,110,0.0,90,KNYC,0.0,10,19,11,14,70.0,1.0,1,2,27,3,0,1,2,71,
2026-08-27 00:00:00,2026-08-27 15:00:00,NBS,79,68,180,7,,,,,,,,,90,100,69,16,7,0,0,0,42,,120,,70,KNYC,,30,19,14,40,,,3,3,25,3,1,1,2,76,
2026-08-27 00:00:00,2026-08-27 18:00:00,NBS,80,69,170,8,42.0,,4.0,,,21.0,,,70,100,82,19,13,0,0,0,60,0.0,120,0.0,50,KNYC,,29,18,15,30,,,3,2,22,3,2,0,2,76,
2026-08-27 00:00:00,2026-08-27 21:00:00,NBS,79,70,180,6,,,,,,,,,70,100,68,17,26,0,0,0,34,,120,,60,KNYC,,22,18,17,38,,,3,2,37,5,0,2,3,75,
2026-08-27 00:00:00,2026-08-28 00:00:00,NBS,75,69,180,4,77.0,86.0,31.0,35.0,,45.0,,45.0,70,80,74,13,20,0,0,0,25,0.0,120,0.0,70,KNYC,4.0,9,18,13,9,81.0,2.0,2,1,30,5,5,5,3,72,
2026-08-27 00:00:00,2026-08-28 03:00:00,NBS,74,69,180,3,,,,,,,,,130,70,72,8,11,0,0,0,30,,120,,50,KNYC,,5,19,8,0,,,2,1,32,4,5,6,2,71,
2026-08-27 00:00:00,2026-08-28 06:00:00,NBS,73,68,190,0,27.0,,2.0,,,21.0,,,110,20,85,4,11,0,0,0,18,0.0,120,0.0,11,KNYC,,5,21,7,0,,,2,2,15,3,12,14,2,71,
2026-08-27 00:00:00,2026-08-28 09:00:00,NBS,72,68,230,0,,,,,,,,,90,60,88,3,6,0,0,0,12,,120,,60,KNYC,,5,22,5,0,,,1,2,11,2,17,15,1,69,
2026-08-27 00:00:00,2026-08-28 12:00:00,NBS,73,69,300,0,12.0,36.0,0.0,2.0,,9.0,,21.0,-88,90,56,3,4,0,0,0,12,0.0,120,0.0,60,KNYC,0.0,9,25,4,7,70.0,1.0,1,2,32,2,9,8,1,72,
2026-08-27 00:00:00,2026-08-28 15:00:00,NBS,78,69,280,0,,,,,,,,,-88,100,70,5,4,0,0,0,16,,110,,24,KNYC,,25,28,3,43,,,2,2,32,2,3,0,2,75,
2026-08-27 00:00:00,2026-08-28 18:00:00,NBS,82,69,240,0,10.0,,0.0,,,15.0,,,110,100,62,6,10,0,0,0,11,0.0,110,0.0,28,KNYC,,42,28,5,52,,,3,2,23,3,3,0,2,78,
2026-08-27 00:00:00,2026-08-28 21:00:00,NBS,82,68,230,0,,,,,,,,,-88,100,49,7,14,0,0,0,12,,110,,37,KNYC,,40,27,6,29,,,2,2,27,2,3,0,2,76,
2026-08-27 00:00:00,2026-08-29 00:00:00,NBS,77,66,270,0,23.0,28.0,0.0,0.0,,25.0,,25.0,-88,100,68,5,10,0,0,0,12,0.0,110,0.0,50,KNYC,0.0,11,34,8,12,83.0,2.0,2,2,25,3,3,0,1,72,
2026-08-27 00:00:00,2026-08-29 03:00:00,NBS,74,65,350,0,,,,,,,,,-88,100,56,7,7,0,0,0,0,,100,,35,KNYC,,12,2,6,0,,,2,3,30,4,5,0,2,70,
2026-08-27 00:00:00,2026-08-29 06:00:00,NBS,71,63,360,3,8.0,,0.0,,,12.0,,,-88,100,43,8,4,0,0,0,0,0.0,100,0.0,39,KNYC,,12,1,7,0,,,2,4,29,3,3,1,2,67,
2026-08-27 00:00:00,2026-08-29 09:00:00,NBS,69,60,360,4,,,,,,,,,-88,100,40,9,2,0,0,0,0,,98,,34,KNYC,,10,1,7,0,,,3,5,35,3,3,1,2,65,
2026-08-27 00:00:00,2026-08-29 12:00:00,NBS,69,61,10,4,1.0,8.0,0.0,0.0,,4.0,,12.0,-88,100,30,9,1,0,0,0,0,0.0,95,0.0,34,KNYC,0.0,14,3,8,3,68.0,3.0,3,4,25,3,2,0,2,66,
2026-08-27 00:00:00,2026-08-29 15:00:00,NBS,75,60,360,2,,,,,,,,,-88,100,21,7,0,0,0,0,0,,92,,19,KNYC,,25,2,7,53,,,3,4,32,2,0,0,2,72,
2026-08-27 00:00:00,2026-08-29 18:00:00,NBS,80,61,340,0,0.0,,0.0,,,2.0,,,-88,100,23,5,1,0,0,0,0,0.0,91,0.0,19,KNYC,,42,33,6,69,,,3,4,31,2,0,0,1,76,
2026-08-27 00:00:00,2026-08-29 21:00:00,NBS,81,61,290,0,,,,,,,,,-88,100,24,7,2,0,0,0,1,,94,,19,KNYC,,43,29,6,68,,,2,4,21,3,0,0,2,73,
2026-08-27 00:00:00,2026-08-30 00:00:00,NBS,75,61,200,0,1.0,1.0,0.0,0.0,,6.0,,6.0,-88,100,35,6,2,0,0,0,1,0.0,94,0.0,160,KNYC,0.0,11,19,6,42,81.0,2.0,3,4,21,3,0,0,2,68,
2026-08-27 06:00:00,2026-08-27 12:00:00,NBS,74,66,190,4,1.0,,0.0,,3.0,4.0,6.0,,-88,100,38,10,1,0,0,0,6,0.0,110,0.0,90,KNYC,,9,19,10,19,,,1,2,26,3,0,0,1,71,3/4
2026-08-27 06:00:00,2026-08-27 15:00:00,NBS,79,67,180,7,,,,,,,,,80,100,60,15,6,0,0,0,25,,120,,60,KNYC,,30,19,14,48,,,3,3,22,3,0,0,1,76,
2026-08-27 06:00:00,2026-08-27 18:00:00,NBS,80,69,180,8,33.0,,2.0,,,21.0,,,60,100,76,18,14,0,0,0,65,0.0,120,0.0,50,KNYC,,25,18,15,55,,,3,2,21,3,0,0,2,77,
2026-08-27 06:00:00,2026-08-27 21:00:00,NBS,79,70,170,6,,,,,,,,,80,100,70,17,27,0,0,0,49,,120,,70,KNYC,,21,17,15,25,,,3,2,28,5,2,2,3,75,
2026-08-27 06:00:00,2026-08-28 00:00:00,NBS,75,69,180,4,66.0,73.0,19.0,21.0,,46.0,,46.0,110,100,87,13,21,0,0,0,48,0.0,120,0.0,80,KNYC,9.0,6,18,10,5,81.0,2.0,2,1,21,5,4,4,3,72,
2026-08-27 06:00:00,2026-08-28 03:00:00,NBS,74,69,210,3,,,,,,,,,110,70,86,8,12,0,0,0,20,,120,,90,KNYC,,5,21,6,0,,,2,1,21,4,6,3,2,71,
2026-08-27 06:00:00,2026-08-28 06:00:00,NBS,73,68,200,0,24.0,,1.0,,,25.0,,,160,60,84,5,12,0,0,0,12,0.0,120,0.0,110,KNYC,,5,22,6,0,,,1,1,19,3,10,12,2,71,
2026-08-27 06:00:00,2026-08-28 09:00:00,NBS,72,68,280,0,,,,,,,,,130,70,77,3,5,0,0,0,8,,120,,44,KNYC,,4,24,4,0,,,1,2,22,3,14,12,2,69,
2026-08-27 06:00:00,2026-08-28 12:00:00,NBS,73,69,320,0,13.0,33.0,0.0,1.0,,8.0,,25.0,180,90,63,3,3,0,0,0,11,0.0,120,0.0,130,KNYC,3.0,9,27,4,10,70.0,1.0,1,1,27,2,9,7,1,72,
2026-08-27 06:00:00,2026-08-28 15:00:00,NBS,78,69,320,0,,,,,,,,,-88,100,53,4,3,0,0,0,7,,110,,170,KNYC,,23,27,4,50,,,3,2,37,2,0,0,1,77,
2026-08-27 06:00:00,2026-08-28 18:00:00,NBS,81,69,330,0,12.0,,0.0,,,12.0,,,-88,100,57,6,8,0,0,0,11,0.0,110,0.0,50,KNYC,,37,28,5,44,,,3,2,35,3,0,0,2,79,
2026-08-27 06:00:00,2026-08-28 21:00:00,NBS,81,69,300,0,,,,,,,,,-88,100,67,7,13,0,0,0,6,,110,,27,KNYC,,31,29,6,26,,,3,2,30,3,3,0,2,77,
2026-08-27 06:00:00,2026-08-29 00:00:00,NBS,77,67,230,0,28.0,38.0,3.0,3.0,,21.0,,21.0,-88,100,87,4,10,0,0,0,10,0.0,100,0.0,29,KNYC,1.0,8,28,5,5,82.0,2.0,3,2,25,3,3,0,2,73,
2026-08-27 06:00:00,2026-08-29 03:00:00,NBS,74,67,340,0,,,,,,,,,-88,100,76,4,5,0,0,0,6,,100,,29,KNYC,,7,1,6,0,,,2,2,22,3,5,0,2,70,
2026-08-27 06:00:00,2026-08-29 06:00:00,NBS,72,65,360,2,3.0,,0.0,,,8.0,,,-88,100,63,7,3,0,0,0,5,0.0,100,0.0,42,KNYC,,10,0,8,0,,,1,3,22,3,5,0,2,69,
2026-08-27 06:00:00,2026-08-29 09:00:00,NBS,70,63,0,3,,,,,,,,,-88,100,46,8,2,0,0,0,0,,93,,50,KNYC,,10,0,9,0,,,2,4,29,3,3,0,2,67,
2026-08-27 06:00:00,2026-08-29 12:00:00,NBS,70,63,0,4,1.0,4.0,0.0,0.0,,4.0,,8.0,-88,100,30,8,1,0,0,0,0,0.0,89,0.0,50,KNYC,0.0,11,1,9,6,68.0,2.0,2,4,24,2,1,0,2,68,
2026-08-27 06:00:00,2026-08-29 15:00:00,NBS,77,62,10,1,,,,,,,,,-88,100,31,6,0,0,0,0,0,,92,,70,KNYC,,23,36,7,47,,,2,5,19,3,1,0,2,73,
2026-08-27 06:00:00,2026-08-29 18:00:00,NBS,81,62,340,0,0.0,,0.0,,,1.0,,,-88,100,24,5,1,0,0,0,0,0.0,91,0.0,-88,KNYC,,43,30,7,64,,,2,5,15,2,1,0,1,77,
2026-08-27 06:00:00,2026-08-29 21:00:00,NBS,82,62,230,0,,,,,,,,,-88,100,23,7,2,0,0,0,0,,92,,70,KNYC,,42,27,7,65,,,2,5,16,3,0,0,2,74,
2026-08-27 06:00:00,2026-08-30 00:00:00,NBS,75,62,190,0,2.0,2.0,0.0,0.0,,6.0,,6.0,-88,100,33,6,2,0,0,0,0,0.0,93,0.0,70,KNYC,0.0,8,20,7,40,82.0,2.0,2,4,18,3,0,0,2,70,
2026-08-27 06:00:00,2026-08-30 03:00:00,NBS,72,63,200,0,,,,,,,,,-88,100,25,5,1,0,0,0,0,,94,,280,KNYC,,6,22,7,0,,,2,4,17,3,1,0,2,68,
2026-08-27 06:00:00,2026-08-30 06:00:00,NBS,71,63,230,0,2.0,,0.0,,,3.0,,,-88,100,15,4,1,0,0,0,0,0.0,94,0.0,220,KNYC,,6,27,5,0,,,2,4,12,3,0,0,2,67,
2026-08-27 12:00:00,2026-08-27 18:00:00,NBS,80,69,170,8,44.0,,5.0,,1.0,17.0,,,60,100,77,17,12,0,0,0,52,0.0,120,0.0,43,KNYC,,23,18,16,52,,,3,2,23,3,0,0,2,78,1/17
2026-08-27 12:00:00,2026-08-27 21:00:00,NBS,79,70,170,7,,,,,,,,,100,100,62,17,23,0,0,0,49,,110,,80,KNYC,,22,17,16,29,,,3,2,39,4,0,1,3,76,
2026-08-27 12:00:00,2026-08-28 00:00:00,NBS,75,69,210,4,72.0,78.0,22.0,27.0,,40.0,,40.0,110,100,83,13,21,0,0,0,59,0.0,120,0.0,70,KNYC,9.0,5,19,10,2,81.0,1.0,2,1,37,5,4,2,3,72,
2026-08-27 12:00:00,2026-08-28 03:00:00,NBS,74,69,160,2,,,,,,,,,190,90,82,8,12,0,0,0,16,,120,,140,KNYC,,5,21,6,0,,,2,2,28,3,2,2,2,72,
2026-08-27 12:00:00,2026-08-28 06:00:00,NBS,73,69,240,0,33.0,,1.0,,,22.0,,,150,100,71,5,9,0,0,0,19,0.0,120,0.0,100,KNYC,,5,23,5,0,,,1,1,37,3,3,8,2,71,
2026-08-27 12:00:00,2026-08-28 09:00:00,NBS,72,69,300,0,,,,,,,,,130,50,84,3,8,0,0,0,7,,120,,80,KNYC,,4,24,3,0,,,1,1,19,3,11,16,2,71,
2026-08-27 12:00:00,2026-08-28 12:00:00,NBS,73,70,270,0,10.0,38.0,0.0,1.0,,12.0,,22.0,130,100,67,3,5,0,0,0,11,0.0,110,0.0,60,KNYC,1.0,8,24,3,10,70.0,1.0,1,1,26,2,9,8,1,72,
2026-08-27 12:00:00,2026-08-28 15:00:00,NBS,78,70,300,0,,,,,,,,,-88,100,33,4,5,0,0,0,9,,110,,47,KNYC,,24,28,4,50,,,3,2,24,2,0,0,1,77,
2026-08-27 12:00:00,2026-08-28 18:00:00,NBS,81,70,340,0,9.0,,1.0,,,12.0,,,-88,100,51,6,7,0,0,0,16,0.0,110,0.0,80,KNYC,,43,27,5,58,,,3,2,27,3,0,0,2,79,
2026-08-27 12:00:00,2026-08-28 21:00:00,NBS,81,70,230,0,,,,,,,,,70,100,64,6,12,0,0,0,10,,110,,43,KNYC,,36,27,5,32,,,3,2,31,3,0,0,1,77,
2026-08-27 12:00:00,2026-08-29 00:00:00,NBS,77,68,230,0,24.0,31.0,7.0,8.0,,25.0,,25.0,90,100,95,4,12,0,0,0,33,0.0,100,0.0,60,KNYC,4.0,8,28,5,6,82.0,2.0,3,2,7,3,2,0,1,73,
2026-08-27 12:00:00,2026-08-29 03:00:00,NBS,74,67,340,0,,,,,,,,,-88,100,73,4,8,0,0,0,20,,99,,21,KNYC,,7,1,4,0,,,2,2,28,3,5,0,2,71,
2026-08-27 12:00:00,2026-08-29 06:00:00,NBS,72,66,0,3,22.0,,0.0,,,15.0,,,-88,100,63,7,6,0,0,0,0,0.0,96,0.0,27,KNYC,,11,2,10,0,,,1,3,30,3,3,1,2,69,
2026-08-27 12:00:00,2026-08-29 09:00:00,NBS,70,64,0,4,,,,,,,,,-88,100,38,9,3,0,0,0,0,,90,,50,KNYC,,9,1,9,0,,,1,3,35,3,4,0,2,67,
2026-08-27 12:00:00,2026-08-29 12:00:00,NBS,70,63,10,4,0.0,22.0,0.0,0.0,,6.0,,15.0,-88,100,27,10,0,0,0,0,0,0.0,90,0.0,-88,KNYC,0.0,13,3,9,11,68.0,2.0,2,3,30,2,4,0,2,68,
2026-08-27 12:00:00,2026-08-29 15:00:00,NBS,76,62,20,3,,,,,,,,,-88,100,36,8,0,0,0,0,0,,91,,27,KNYC,,25,3,6,60,,,2,4,29,3,4,0,2,73,
2026-08-27 12:00:00,2026-08-29 18:00:00,NBS,81,62,10,0,0.0,,0.0,,,1.0,,,-88,100,26,5,0,0,0,0,0,0.0,89,0.0,70,KNYC,,49,32,6,74,,,2,4,24,3,1,0,1,77,
2026-08-27 12:00:00,2026-08-29 21:00:00,NBS,82,61,210,0,,,,,,,,,-88,100,29,6,1,0,0,0,0,,90,,60,KNYC,,48,25,7,64,,,2,4,26,3,1,0,1,74,
2026-08-27 12:00:00,2026-08-30 00:00:00,NBS,75,61,180,0,0.0,0.0,0.0,0.0,,4.0,,4.0,-88,100,37,6,1,0,0,0,0,0.0,91,0.0,60,KNYC,0.0,8,17,7,40,82.0,1.0,2,4,24,3,0,0,1,69,
2026-08-27 12:00:00,2026-08-30 03:00:00,NBS,73,63,190,0,,,,,,,,,-88,100,19,5,1,0,0,0,0,,93,,220,KNYC,,9,19,6,0,,,2,4,14,2,0,0,1,68,
2026-08-27 12:00:00,2026-08-30 06:00:00,NBS,71,63,220,0,1.0,,0.0,,,3.0,,,-88,100,13,4,1,0,0,0,0,0.0,93,0.0,130,KNYC,,8,22,5,0,,,2,4,21,2,3,0,1,68,
2026-08-27 12:00:00,2026-08-30 09:00:00,NBS,70,63,250,0,,,,,,,,,-88,100,20,3,0,0,0,0,0,,94,,120,KNYC,,6,25,4,0,,,2,4,26,2,3,0,1,66,
2026-08-27 12:00:00,2026-08-30 12:00:00,NBS,71,64,250,0,0.0,1.0,0.0,0.0,,1.0,,3.0,-88,100,14,3,0,0,0,0,0,0.0,96,0.0,120,KNYC,0.0,7,26,3,3,68.0,2.0,2,4,22,3,2,1,2,68,
2026-08-27 18:00:00,2026-08-28 00:00:00,NBS,75,69,200,3,84.0,,50.0,,2.0,45.0,3.0,,110,90,92,11,25,0,0,0,61,0.0,120,0.0,100,KNYC,,7,20,8,6,,,2,1,15,5,5,5,3,72,2/45
2026-08-27 18:00:00,2026-08-28 03:00:00,NBS,74,69,200,1,,,,,,,,,190,60,95,7,15,0,0,0,25,,120,,130,KNYC,,4,21,5,0,,,2,2,5,4,4,9,2,72,
2026-08-27 18:00:00,2026-08-28 06:00:00,NBS,73,69,190,0,23.0,,1.0,,,25.0,,,130,20,82,4,9,0,0,0,29,0.0,120,0.0,80,KNYC,,4,20,4,0,,,2,1,12,3,11,18,2,71,
2026-08-27 18:00:00,2026-08-28 09:00:00,NBS,72,68,360,0,,,,,,,,,110,8,67,3,10,0,0,0,23,,120,,90,KNYC,,4,24,3,0,,,1,1,32,2,25,27,1,69,
2026-08-27 18:00:00,2026-08-28 12:00:00,NBS,72,69,250,0,17.0,31.0,0.0,1.0,,17.0,,28.0,100,60,65,3,8,0,0,0,13,0.0,110,0.0,70,KNYC,6.0,9,22,4,10,70.0,1.0,1,1,34,2,20,17,1,71,
2026-08-27 18:00:00,2026-08-28 15:00:00,NBS,77,70,300,0,,,,,,,,,-88,100,41,5,8,0,0,0,12,,120,,24,KNYC,,24,25,5,46,,,3,2,27,2,6,2,1,77,
2026-08-27 18:00:00,2026-08-28 18:00:00,NBS,81,70,290,0,15.0,,0.0,,,16.0,,,-88,100,53,6,10,0,0,0,15,0.0,110,0.0,60,KNYC,,34,26,6,34,,,3,2,28,3,1,0,2,79,
2026-08-27 18:00:00,2026-08-28 21:00:00,NBS,81,70,280,0,,,,,,,,,110,100,73,6,17,0,0,0,29,,110,,39,KNYC,,30,31,7,27,,,3,2,17,3,0,0,1,77,
2026-08-27 18:00:00,2026-08-29 00:00:00,NBS,77,68,320,0,49.0,57.0,12.0,12.0,,27.0,,27.0,130,100,68,4,12,0,0,0,13,0.0,110,0.0,60,KNYC,2.0,6,34,5,5,82.0,2.0,3,2,31,3,1,1,1,73,
2026-08-27 18:00:00,2026-08-29 03:00:00,NBS,74,68,0,0,,,,,,,,,130,100,59,5,5,0,0,0,0,,100,,60,KNYC,,4,36,8,0,,,2,3,27,3,2,1,2,71,
2026-08-27 18:00:00,2026-08-29 06:00:00,NBS,72,65,10,3,10.0,,1.0,,,10.0,,,-88,100,48,8,3,0,0,0,0,0.0,99,0.0,80,KNYC,,5,0,9,0,,,1,3,35,3,2,2,2,69,
2026-08-27 18:00:00,2026-08-29 09:00:00,NBS,69,62,10,4,,,,,,,,,-88,100,39,10,1,0,0,0,0,,90,,24,KNYC,,9,0,10,0,,,2,3,32,3,2,0,1,66,
2026-08-27 18:00:00,2026-08-29 12:00:00,NBS,69,61,10,4,1.0,10.0,0.0,1.0,,3.0,,10.0,-88,100,32,9,0,0,0,0,0,0.0,88,0.0,20,KNYC,0.0,10,1,11,15,68.0,2.0,2,3,35,2,1,0,1,66,
2026-08-27 18:00:00,2026-08-29 15:00:00,NBS,75,60,10,3,,,,,,,,,-88,100,37,8,0,0,0,0,0,,89,,15,KNYC,,23,1,8,63,,,2,4,37,3,0,0,2,72,
2026-08-27 18:00:00,2026-08-29 18:00:00,NBS,80,61,350,0,0.0,,0.0,,,0.0,,,-88,100,43,5,0,0,0,0,0,0.0,89,0.0,-88,KNYC,,41,33,5,76,,,2,4,38,2,0,0,1,76,
2026-08-27 18:00:00,2026-08-29 21:00:00,NBS,81,60,250,0,,,,,,,,,-88,100,24,6,1,0,0,0,0,,90,,280,KNYC,,44,28,7,52,,,2,4,27,3,0,0,1,73,
2026-08-27 18:00:00,2026-08-30 00:00:00,NBS,75,61,190,0,1.0,1.0,0.0,0.0,,3.0,,3.0,-88,100,29,6,1,0,0,0,0,0.0,90,0.0,190,KNYC,0.0,8,18,5,21,81.0,2.0,2,4,17,3,0,0,1,68,
2026-08-27 18:00:00,2026-08-30 03:00:00,NBS,72,62,200,0,,,,,,,,,-88,100,21,4,1,0,0,0,0,,93,,230,KNYC,,7,20,6,0,,,2,4,25,2,0,0,1,68,
2026-08-27 18:00:00,2026-08-30 06:00:00,NBS,70,62,230,0,1.0,,0.0,,,3.0,,,-88,100,15,4,1,0,0,0,0,0.0,91,0.0,180,KNYC,,5,24,5,0,,,2,4,24,2,0,0,1,66,
2026-08-27 18:00:00,2026-08-30 09:00:00,NBS,68,62,260,0,,,,,,,,,-88,100,20,3,0,0,0,0,0,,92,,170,KNYC,,4,28,4,0,,,2,4,25,2,1,0,1,65,
2026-08-27 18:00:00,2026-08-30 12:00:00,NBS,70,64,260,0,0.0,1.0,0.0,0.0,,2.0,,3.0,-88,100,18,3,0,0,0,0,0,0.0,94,0.0,70,KNYC,0.0,7,26,5,3,67.0,2.0,2,5,22,2,0,0,1,68,
2026-08-27 18:00:00,2026-08-30 15:00:00,NBS,79,65,230,0,,,,,,,,,-88,100,26,6,0,0,0,0,5,,95,,100,KNYC,,24,25,7,52,,,2,5,27,3,0,0,2,76,
2026-08-27 18:00:00,2026-08-30 18:00:00,NBS,83,65,220,4,0.0,,0.0,,,2.0,,,-88,100,31,12,1,0,0,0,5,0.0,99,0.0,70,KNYC,,38,24,10,54,,,2,5,17,3,0,0,2,79,
2026-08-28 00:00:00,2026-08-28 06:00:00,NBS,72,68,160,0,44.0,,0.0,,7.0,28.0,,,13,7,80,4,10,0,0,0,9,0.0,120,0.0,13,KNYC,,5,18,4,0,,,1,2,28,3,26,30,1,70,7/28
2026-08-28 00:00:00,2026-08-28 09:00:00,NBS,72,68,190,0,,,,,,,,,9,20,80,3,6,0,0,0,5,,120,,9,KNYC,,4,20,3,0,,,1,2,23,2,29,22,1,69,
2026-08-28 00:00:00,2026-08-28 12:00:00,NBS,72,69,260,0,8.0,48.0,0.0,0.0,,8.0,,28.0,4,50,63,3,3,0,0,0,8,0.0,120,0.0,4,KNYC,4.0,8,24,3,12,70.0,1.0,1,1,26,2,40,16,1,71,
2026-08-28 00:00:00,2026-08-28 15:00:00,NBS,77,69,320,0,,,,,,,,,-88,100,54,5,2,0,0,0,11,,110,,60,KNYC,,24,30,4,45,,,3,1,31,2,5,2,1,75,
2026-08-28 00:00:00,2026-08-28 18:00:00,NBS,80,69,290,0,14.0,,0.0,,,8.0,,,45,100,65,6,6,0,0,0,16,0.0,110,0.0,39,KNYC,,42,29,5,40,,,3,2,23,3,2,0,1,78,
2026-08-28 00:00:00,2026-08-28 21:00:00,NBS,81,69,290,0,,,,,,,,,70,100,77,6,9,0,0,0,25,,110,,41,KNYC,,31,32,7,24,,,3,2,16,2,2,0,1,77,
2026-08-28 00:00:00,2026-08-29 00:00:00,NBS,77,68,320,0,45.0,55.0,7.0,7.0,,16.0,,16.0,130,100,68,4,8,0,0,0,6,0.0,110,0.0,80,KNYC,2.0,6,33,5,5,82.0,2.0,2,2,28,3,2,0,2,73,
2026-08-28 00:00:00,2026-08-29 03:00:00,NBS,74,66,360,0,,,,,,,,,130,100,63,6,4,0,0,0,0,,100,,70,KNYC,,5,36,10,0,,,2,3,26,4,2,0,2,70,
2026-08-28 00:00:00,2026-08-29 06:00:00,NBS,71,63,10,3,4.0,,0.0,,,7.0,,,-88,100,35,8,2,0,0,0,0,0.0,96,0.0,60,KNYC,,5,1,10,0,,,2,5,37,3,2,0,2,67,
2026-08-28 00:00:00,2026-08-29 09:00:00,NBS,68,59,10,5,,,,,,,,,-88,100,24,11,0,0,0,0,0,,90,,60,KNYC,,5,0,11,0,,,2,5,34,3,2,0,1,64,
2026-08-28 00:00:00,2026-08-29 12:00:00,NBS,68,58,10,5,0.0,4.0,0.0,0.0,,1.0,,7.0,-88,100,13,10,0,0,0,0,0,0.0,87,0.0,21,KNYC,0.0,10,1,11,14,67.0,2.0,2,4,24,2,2,0,1,64,
2026-08-28 00:00:00,2026-08-29 15:00:00,NBS,74,58,10,3,,,,,,,,,-88,100,30,8,0,0,0,0,0,,86,,-88,KNYC,,28,2,7,71,,,2,5,33,2,0,0,2,71,
2026-08-28 00:00:00,2026-08-29 18:00:00,NBS,80,58,350,0,0.0,,0.0,,,0.0,,,-88,100,26,5,0,0,0,0,0,0.0,86,0.0,-88,KNYC,,47,33,5,81,,,2,5,33,2,0,0,1,75,
2026-08-28 00:00:00,2026-08-29 21:00:00,NBS,81,58,280,0,,,,,,,,,-88,100,15,6,0,0,0,0,0,,88,,100,KNYC,,52,30,6,50,,,1,5,31,2,0,0,1,73,
2026-08-28 00:00:00,2026-08-30 00:00:00,NBS,75,59,190,0,0.0,0.0,0.0,0.0,,0.0,,0.0,-88,100,18,6,0,0,0,0,0,0.0,88,0.0,220,KNYC,0.0,9,20,4,14,81.0,2.0,2,5,11,3,0,0,1,68,
2026-08-28 00:00:00,2026-08-30 03:00:00,NBS,71,60,220,0,,,,,,,,,-88,100,14,5,0,0,0,0,0,,89,,210,KNYC,,7,23,5,0,,,2,5,12,3,0,0,2,66,
2026-08-28 00:00:00,2026-08-30 06:00:00,NBS,69,60,250,0,0.0,,0.0,,,1.0,,,-88,100,16,4,0,0,0,0,0,0.0,88,0.0,190,KNYC,,5,27,4,0,,,2,5,15,2,0,0,1,65,
2026-08-28 00:00:00,2026-08-30 09:00:00,NBS,68,60,250,0,,,,,,,,,-88,100,15,4,0,0,0,0,0,,90,,190,KNYC,,4,28,4,0,,,2,5,19,2,0,0,1,64,
2026-08-28 00:00:00,2026-08-30 12:00:00,NBS,69,62,250,0,0.0,0.0,0.0,0.0,,1.0,,1.0,-88,100,12,3,0,0,0,0,0,0.0,92,0.0,120,KNYC,0.0,7,26,5,3,67.0,2.0,2,5,14,2,0,0,1,67,
2026-08-28 00:00:00,2026-08-30 15:00:00,NBS,78,63,230,2,,,,,,,,,-88,100,23,7,0,0,0,0,7,,96,,100,KNYC,,27,24,9,42,,,2,5,21,3,1,0,2,75,
2026-08-28 00:00:00,2026-08-30 18:00:00,NBS,82,65,220,4,1.0,,0.0,,,2.0,,,-88,100,36,12,1,0,0,0,7,0.0,99,0.0,50,KNYC,,52,23,13,54,,,2,4,22,3,3,0,2,79,
2026-08-28 00:00:00,2026-08-30 21:00:00,NBS,82,66,210,4,,,,,,,,,-88,100,43,14,2,0,0,0,9,,110,,90,KNYC,,38,24,14,39,,,2,4,22,3,2,1,2,76,
2026-08-28 00:00:00,2026-08-31 00:00:00,NBS,78,66,210,1,10.0,7.0,0.0,0.0,,7.0,,7.0,-88,100,58,10,3,0,0,0,10,0.0,120,0.0,120,KNYC,0.0,7,22,9,27,83.0,2.0,3,3,25,4,4,0,2,72,
2026-08-28 06:00:00,2026-08-28 12:00:00,NBS,72,69,290,0,24.0,,0.0,,19.0,11.0,14.0,,210,100,70,3,2,0,0,0,2,0.0,120,0.0,140,KNYC,,6,29,4,12,,,1,1,25,2,2,3,1,71,19/11
2026-08-28 06:00:00,2026-08-28 15:00:00,NBS,77,69,320,0,,,,,,,,,-88,100,45,5,4,0,0,0,5,,110,,60,KNYC,,23,31,5,45,,,3,1,32,2,0,0,2,76,
2026-08-28 06:00:00,2026-08-28 18:00:00,NBS,81,69,330,0,10.0,,0.0,,,15.0,,,60,100,71,7,10,0,0,0,5,0.0,110,0.0,60,KNYC,,40,31,6,68,,,3,2,19,2,0,0,1,78,
2026-08-28 06:00:00,2026-08-28 21:00:00,NBS,81,68,330,0,,,,,,,,,90,100,78,6,16,0,0,0,9,,110,,70,KNYC,,32,30,5,31,,,2,2,18,3,0,0,2,76,
2026-08-28 06:00:00,2026-08-29 00:00:00,NBS,77,67,330,0,28.0,38.0,2.0,2.0,,27.0,,27.0,130,100,71,5,13,0,0,0,5,0.0,100,0.0,80,KNYC,2.0,6,35,7,4,82.0,2.0,2,3,28,3,0,0,2,72,
2026-08-28 06:00:00,2026-08-29 03:00:00,NBS,73,64,350,4,,,,,,,,,-88,100,54,10,6,0,0,0,0,,96,,70,KNYC,,6,36,9,0,,,2,4,32,4,0,0,2,69,
2026-08-28 06:00:00,2026-08-29 06:00:00,NBS,70,59,10,5,1.0,,0.0,,,11.0,,,-88,100,14,10,2,0,0,0,0,0.0,90,0.0,34,KNYC,,5,0,10,0,,,2,5,17,3,0,0,2,66,
2026-08-28 06:00:00,2026-08-29 09:00:00,NBS,67,55,10,5,,,,,,,,,-88,100,8,12,0,0,0,0,0,,87,,190,KNYC,,5,1,10,0,,,2,4,9,2,0,0,1,62,
2026-08-28 06:00:00,2026-08-29 12:00:00,NBS,67,55,10,5,0.0,1.0,0.0,0.0,,1.0,,11.0,-88,100,7,11,0,0,0,0,0,0.0,88,0.0,-88,KNYC,0.0,10,1,11,20,65.0,2.0,2,4,27,2,0,0,1,62,
2026-08-28 06:00:00,2026-08-29 15:00:00,NBS,73,55,10,4,,,,,,,,,-88,100,10,9,0,0,0,0,0,,87,,-88,KNYC,,27,1,7,71,,,2,4,14,2,0,0,2,69,
2026-08-28 06:00:00,2026-08-29 18:00:00,NBS,79,55,360,0,0.0,,0.0,,,0.0,,,-88,100,14,5,0,0,0,0,0,0.0,85,0.0,330,KNYC,,45,33,4,79,,,2,5,17,2,0,0,1,73,
2026-08-28 06:00:00,2026-08-29 21:00:00,NBS,80,54,330,0,,,,,,,,,-88,100,18,5,0,0,0,0,0,,85,,100,KNYC,,48,29,5,45,,,2,4,22,2,0,0,1,71,
2026-08-28 06:00:00,2026-08-30 00:00:00,NBS,74,56,180,0,0.0,0.0,0.0,0.0,,1.0,,1.0,-88,100,25,5,0,0,0,0,0,0.0,87,0.0,90,KNYC,0.0,6,20,6,8,80.0,2.0,2,4,29,3,0,0,1,67,
2026-08-28 06:00:00,2026-08-30 03:00:00,NBS,70,57,200,0,,,,,,,,,-88,100,18,5,0,0,0,0,0,,86,,110,KNYC,,7,19,6,0,,,2,4,14,2,0,0,1,65,
2026-08-28 06:00:00,2026-08-30 06:00:00,NBS,68,58,230,0,0.0,,0.0,,,1.0,,,-88,100,34,4,0,0,0,0,0,0.0,84,0.0,200,KNYC,,5,23,6,0,,,2,4,35,2,1,0,1,63,
2026-08-28 06:00:00,2026-08-30 09:00:00,NBS,66,57,240,0,,,,,,,,,-88,100,31,4,0,0,0,0,0,,88,,70,KNYC,,5,25,5,0,,,2,4,24,2,1,0,1,63,
2026-08-28 06:00:00,2026-08-30 12:00:00,NBS,68,60,240,0,0.0,0.0,0.0,0.0,,0.0,,1.0,-88,100,37,3,0,0,0,0,0,0.0,90,0.0,50,KNYC,0.0,6,24,6,4,64.0,2.0,2,4,27,2,1,1,1,65,
2026-08-28 06:00:00,2026-08-30 15:00:00,NBS,77,61,230,3,,,,,,,,,-88,100,39,8,0,0,0,0,3,,95,,60,KNYC,,20,23,8,17,,,2,4,24,3,3,0,2,73,
2026-08-28 06:00:00,2026-08-30 18:00:00,NBS,82,63,210,5,2.0,,0.0,,,2.0,,,-88,100,52,14,1,0,0,0,4,0.0,96,0.0,50,KNYC,,40,23,12,49,,,2,4,19,3,2,0,2,77,
2026-08-28 06:00:00,2026-08-30 21:00:00,NBS,82,65,200,5,,,,,,,,,-88,100,44,15,3,0,0,0,10,,110,,60,KNYC,,24,20,12,41,,,2,3,13,3,3,2,2,76,
2026-08-28 06:00:00,2026-08-31 00:00:00,NBS,77,65,200,3,10.0,8.0,0.0,0.0,,14.0,,14.0,-88,100,61,11,7,0,0,0,11,0.0,120,0.0,100,KNYC,0.0,10,21,10,27,82.0,2.0,3,3,22,4,4,1,2,71,
2026-08-28 06:00:00,2026-08-31 03:00:00,NBS,75,65,210,4,,,,,,,,,-88,100,64,11,9,0,0,0,12,,130,,47,KNYC,,12,23,9,0,,,2,3,24,4,5,0,2,71,
2026-08-28 06:00:00,2026-08-31 06:00:00,NBS,73,65,250,4,16.0,,0.0,,,19.0,,,-88,100,53,10,8,0,0,0,12,0.0,130,0.0,41,KNYC,,12,28,9,0,,,2,4,22,3,3,3,2,70,
2026-08-28 12:00:00,2026-08-28 18:00:00,NBS,82,69,320,0,6.0,,0.0,,10.0,13.0,,,90,100,66,7,8,0,0,0,8,0.0,110,0.0,70,KNYC,,42,31,6,76,,,2,2,22,2,0,0,1,78,10/13
2026-08-28 12:00:00,2026-08-28 21:00:00,NBS,82,68,330,0,,,,,,,,,90,100,63,6,14,0,0,0,7,,110,,70,KNYC,,36,32,7,36,,,2,2,33,2,0,0,1,76,
2026-08-28 12:00:00,2026-08-29 00:00:00,NBS,77,67,320,0,17.0,23.0,0.0,0.0,,24.0,,24.0,230,100,63,5,12,0,0,0,7,0.0,100,0.0,140,KNYC,2.0,6,34,8,3,82.0,2.0,2,3,35,3,0,0,2,72,
2026-08-28 12:00:00,2026-08-29 03:00:00,NBS,74,64,350,4,,,,,,,,,-88,100,38,11,3,0,0,0,0,,95,,110,KNYC,,6,35,10,0,,,2,4,30,3,0,0,2,69,
2026-08-28 12:00:00,2026-08-29 06:00:00,NBS,71,59,0,5,1.0,,0.0,,,5.0,,,-88,100,2,11,1,0,0,0,0,0.0,92,0.0,50,KNYC,,6,36,9,0,,,2,4,4,2,0,0,1,66,
2026-08-28 12:00:00,2026-08-29 09:00:00,NBS,67,55,10,6,,,,,,,,,-88,100,5,13,0,0,0,0,0,,89,,-88,KNYC,,5,1,9,0,,,2,3,6,2,0,0,1,62,
2026-08-28 12:00:00,2026-08-29 12:00:00,NBS,67,55,10,5,0.0,1.0,0.0,0.0,,1.0,,5.0,-88,100,7,11,0,0,0,0,0,0.0,88,0.0,50,KNYC,0.0,11,1,11,20,66.0,2.0,2,3,25,2,0,0,1,63,
2026-08-28 12:00:00,2026-08-29 15:00:00,NBS,73,54,20,4,,,,,,,,,-88,100,10,9,0,0,0,0,0,,87,,43,KNYC,,28,1,7,71,,,2,4,14,2,0,0,1,68,
2026-08-28 12:00:00,2026-08-29 18:00:00,NBS,79,54,340,0,0.0,,0.0,,,0.0,,,-88,100,4,5,0,0,0,0,0,0.0,85,0.0,140,KNYC,,43,31,4,81,,,2,4,3,2,0,0,1,72,
2026-08-28 12:00:00,2026-08-29 21:00:00,NBS,80,54,230,0,,,,,,,,,-88,100,11,5,0,0,0,0,0,,86,,280,KNYC,,51,28,6,49,,,2,4,18,2,0,0,1,71,
2026-08-28 12:00:00,2026-08-30 00:00:00,NBS,74,56,180,0,0.0,0.0,0.0,0.0,,0.0,,0.0,-88,100,25,5,0,0,0,0,0,0.0,87,0.0,260,KNYC,0.0,5,20,5,10,80.0,2.0,2,4,30,2,0,0,1,67,
2026-08-28 12:00:00,2026-08-30 03:00:00,NBS,70,58,200,0,,,,,,,,,-88,100,13,5,0,0,0,0,0,,87,,70,KNYC,,7,21,6,0,,,2,4,12,2,0,0,1,65,
2026-08-28 12:00:00,2026-08-30 06:00:00,NBS,68,59,230,0,0.0,,0.0,,,1.0,,,-88,100,42,5,0,0,0,0,0,0.0,87,0.0,90,KNYC,,6,23,5,0,,,2,4,31,2,0,0,1,64,
2026-08-28 12:00:00,2026-08-30 09:00:00,NBS,66,58,240,0,,,,,,,,,-88,100,62,4,0,0,0,0,0,,90,,90,KNYC,,6,24,6,0,,,3,4,29,2,0,0,1,63,
2026-08-28 12:00:00,2026-08-30 12:00:00,NBS,68,61,240,0,0.0,0.0,0.0,0.0,,0.0,,1.0,-88,100,44,4,0,0,0,0,11,0.0,94,0.0,100,KNYC,0.0,7,23,5,8,64.0,3.0,3,4,34,2,0,0,1,66,
2026-08-28 12:00:00,2026-08-30 15:00:00,NBS,78,62,220,3,,,,,,,,,43,100,47,9,1,0,0,0,8,,96,,36,KNYC,,20,22,9,46,,,3,4,25,3,4,0,2,74,
2026-08-28 12:00:00,2026-08-30 18:00:00,NBS,83,64,220,5,1.0,,0.0,,,5.0,,,-88,100,54,14,2,0,0,0,17,0.0,100,0.0,34,KNYC,,44,23,14,62,,,2,3,22,3,2,0,2,77,
2026-08-28 12:00:00,2026-08-30 21:00:00,NBS,83,65,230,5,,,,,,,,,-88,100,49,15,8,0,0,0,16,,100,,42,KNYC,,28,23,13,36,,,3,3,20,3,3,0,2,76,
2026-08-28 12:00:00,2026-08-31 00:00:00,NBS,78,66,220,3,12.0,11.0,0.0,0.0,,19.0,,19.0,90,100,65,11,13,0,0,0,16,0.0,120,0.0,47,KNYC,0.0,11,23,9,24,83.0,2.0,3,3,25,3,4,0,2,72,
2026-08-28 12:00:00,2026-08-31 03:00:00,NBS,76,66,230,4,,,,,,,,,80,100,66,11,13,0,0,0,10,,130,,31,KNYC,,11,26,9,0,,,2,3,29,4,4,0,2,71,
2026-08-28 12:00:00,2026-08-31 06:00:00,NBS,74,66,260,4,29.0,,7.0,,,24.0,,,-88,100,51,10,13,0,0,0,10,0.0,130,0.0,90,KNYC,,9,32,7,0,,,2,3,26,3,5,0,2,70,
2026-08-28 12:00:00,2026-08-31 09:00:00,NBS,73,66,280,3,,,,,,,,,90,100,63,7,6,0,0,0,6,,130,,60,KNYC,,11,32,8,0,,,2,3,25,4,3,0,2,69,
2026-08-28 12:00:00,2026-08-31 12:00:00,NBS,74,67,310,0,10.0,39.0,0.0,7.0,,10.0,,24.0,90,100,57,5,2,0,0,0,6,0.0,130,0.0,60,KNYC,3.0,9,33,7,0,70.0,2.0,2,3,22,4,6,0,3,72,
2026-08-28 18:00:00,2026-08-29 00:00:00,NBS,77,66,320,0,11.0,,0.0,,2.0,21.0,22.0,,-88,100,47,5,9,0,0,0,4,0.0,98,0.0,70,KNYC,,8,34,8,3,,,2,3,34,3,0,0,2,72,2/21
2026-08-28 18:00:00,2026-08-29 03:00:00,NBS,74,61,350,5,,,,,,,,,-88,100,21,12,2,0,0,0,0,,93,,200,KNYC,,4,35,11,0,,,2,4,34,3,0,0,2,68,
2026-08-28 18:00:00,2026-08-29 06:00:00,NBS,70,57,360,5,1.0,,0.0,,,3.0,,,-88,100,1,11,0,0,0,0,0,0.0,91,0.0,70,KNYC,,4,36,9,0,,,2,4,2,2,0,0,1,64,
2026-08-28 18:00:00,2026-08-29 09:00:00,NBS,66,54,0,6,,,,,,,,,-88,100,3,12,0,0,0,0,0,,89,,60,KNYC,,5,0,10,0,,,2,3,5,2,0,0,1,61,
2026-08-28 18:00:00,2026-08-29 12:00:00,NBS,66,54,10,5,0.0,1.0,0.0,0.0,,0.0,,3.0,-88,100,0,11,0,0,0,0,0,0.0,86,0.0,-88,KNYC,0.0,10,1,10,21,64.0,2.0,2,3,1,2,0,0,1,62,
2026-08-28 18:00:00,2026-08-29 15:00:00,NBS,72,53,20,4,,,,,,,,,-88,100,18,9,0,0,0,0,0,,82,,-88,KNYC,,31,2,8,72,,,2,3,30,2,0,0,1,68,
2026-08-28 18:00:00,2026-08-29 18:00:00,NBS,79,53,340,0,0.0,,0.0,,,0.0,,,-88,100,37,5,0,0,0,0,0,0.0,84,0.0,-88,KNYC,,44,33,5,80,,,2,4,36,2,0,0,1,73,
2026-08-28 18:00:00,2026-08-29 21:00:00,NBS,80,54,270,0,,,,,,,,,-88,100,17,5,0,0,0,0,0,,85,,280,KNYC,,44,29,6,49,,,1,4,17,2,0,0,1,71,
2026-08-28 18:00:00,2026-08-30 00:00:00,NBS,74,55,180,0,0.0,0.0,0.0,0.0,,0.0,,0.0,-88,100,29,4,0,0,0,0,0,0.0,86,0.0,240,KNYC,0.0,5,19,6,10,80.0,1.0,2,4,24,2,0,0,1,66,
2026-08-28 18:00:00,2026-08-30 03:00:00,NBS,70,57,210,0,,,,,,,,,-88,100,33,5,0,0,0,0,0,,86,,130,KNYC,,4,22,6,0,,,2,4,29,2,0,0,2,65,
2026-08-28 18:00:00,2026-08-30 06:00:00,NBS,68,58,240,0,0.0,,0.0,,,1.0,,,-88,100,24,5,0,0,0,0,0,0.0,87,0.0,160,KNYC,,4,23,6,0,,,2,4,23,2,0,0,2,63,
2026-08-28 18:00:00,2026-08-30 09:00:00,NBS,66,58,240,0,,,,,,,,,-88,100,30,5,0,0,0,0,0,,89,,170,KNYC,,4,24,6,0,,,2,4,31,2,0,0,1,63,
2026-08-28 18:00:00,2026-08-30 12:00:00,NBS,68,60,240,0,0.0,0.0,0.0,0.0,,0.0,,1.0,-88,100,26,4,0,0,0,0,0,0.0,91,0.0,100,KNYC,0.0,6,24,6,13,64.0,2.0,2,4,32,2,0,0,1,65,
2026-08-28 18:00:00,2026-08-30 15:00:00,NBS,77,62,220,4,,,,,,,,,-88,100,50,10,1,0,0,0,4,,97,,34,KNYC,,21,23,10,40,,,2,5,24,3,2,0,2,74,
2026-08-28 18:00:00,2026-08-30 18:00:00,NBS,82,64,220,6,0.0,,0.0,,,4.0,,,-88,100,60,15,2,0,0,0,4,0.0,100,0.0,43,KNYC,,42,23,14,61,,,2,4,8,3,2,0,2,78,
2026-08-28 18:00:00,2026-08-30 21:00:00,NBS,83,66,230,5,,,,,,,,,-88,100,47,15,6,0,0,0,35,,110,,37,KNYC,,22,24,12,43,,,2,3,28,3,2,2,2,77,
2026-08-28 18:00:00,2026-08-31 00:00:00,NBS,78,66,240,2,20.0,19.0,0.0,0.0,,17.0,,17.0,80,100,68,10,10,0,0,0,17,0.0,130,0.0,39,KNYC,0.0,8,23,9,17,83.0,2.0,2,3,29,3,3,0,2,73,
2026-08-28 18:00:00,2026-08-31 03:00:00,NBS,76,66,260,4,,,,,,,,,50,100,60,11,10,0,0,0,18,,120,,37,KNYC,,15,32,9,0,,,2,3,30,4,5,0,2,72,
2026-08-28 18:00:00,2026-08-31 06:00:00,NBS,74,66,250,4,31.0,,15.0,,,22.0,,,-88,100,51,10,11,0,0,0,27,0.0,130,0.0,36,KNYC,,12,29,8,0,,,2,3,24,4,5,2,2,70,
2026-08-28 18:00:00,2026-08-31 09:00:00,NBS,73,67,270,3,,,,,,,,,90,100,59,7,6,0,0,0,5,,130,,41,KNYC,,9,30,6,0,,,2,3,33,3,3,2,2,70,
2026-08-28 18:00:00,2026-08-31 12:00:00,NBS,73,68,310,0,9.0,39.0,0.0,15.0,,9.0,,22.0,-88,100,62,5,2,0,0,0,5,0.0,130,0.0,31,KNYC,4.0,8,32,6,0,71.0,2.0,2,3,10,3,1,0,2,71,
2026-08-28 18:00:00,2026-08-31 15:00:00,NBS,79,67,340,0,,,,,,,,,-88,100,64,5,1,0,0,0,11,,130,,60,KNYC,,23,33,6,36,,,3,2,24,4,3,0,2,76,
2026-08-28 18:00:00,2026-08-31 18:00:00,NBS,82,67,330,0,3.0,,0.0,,,2.0,,,-88,100,60,6,1,0,0,0,12,0.0,130,0.0,70,KNYC,,38,32,7,59,,,3,2,27,4,1,0,2,79,
2026-08-29 00:00:00,2026-08-29 06:00:00,NBS,69,55,360,5,1.0,,0.0,,5.0,5.0,,,-88,100,1,11,0,0,0,0,0,0.0,93,0.0,70,KNYC,,6,36,10,0,,,2,4,2,2,0,0,1,63,5/5
2026-08-29 00:00:00,2026-08-29 09:00:00,NBS,65,53,0,6,,,,,,,,,-88,100,5,13,0,0,0,0,0,,91,,60,KNYC,,5,0,11,0,,,2,2,6,2,0,0,1,60,
2026-08-29 00:00:00,2026-08-29 12:00:00,NBS,65,53,10,5,0.0,1.0,0.0,0.0,,0.0,,5.0,-88,100,5,11,0,0,0,0,0,0.0,85,0.0,-88,KNYC,0.0,9,1,10,22,64.0,2.0,2,3,19,2,0,0,1,62,
2026-08-29 00:00:00,2026-08-29 15:00:00,NBS,72,52,20,4,,,,,,,,,-88,100,31,9,0,0,0,0,0,,83,,150,KNYC,,30,2,7,73,,,2,3,38,2,0,0,1,68,
2026-08-29 00:00:00,2026-08-29 18:00:00,NBS,78,51,350,0,0.0,,0.0,,,0.0,,,-88,100,17,5,0,0,0,0,0,0.0,84,0.0,-88,KNYC,,49,33,5,81,,,2,4,26,2,0,0,1,71,
2026-08-29 00:00:00,2026-08-29 21:00:00,NBS,80,52,210,0,,,,,,,,,-88,100,20,5,0,0,0,0,0,,85,,320,KNYC,,51,29,5,48,,,1,4,28,2,0,0,1,70,
2026-08-29 00:00:00,2026-08-30 00:00:00,NBS,74,54,170,0,0.0,0.0,0.0,0.0,,0.0,,0.0,-88,100,19,5,0,0,0,0,0,0.0,87,0.0,250,KNYC,0.0,6,20,5,10,80.0,2.0,2,4,21,3,0,0,1,66,
2026-08-29 00:00:00,2026-08-30 03:00:00,NBS,70,57,200,0,,,,,,,,,-88,100,21,6,0,0,0,0,0,,87,,230,KNYC,,5,21,5,0,,,2,4,25,2,0,0,2,64,
2026-08-29 00:00:00,2026-08-30 06:00:00,NBS,68,57,240,0,0.0,,0.0,,,1.0,,,-88,100,23,6,0,0,0,0,0,0.0,87,0.0,150,KNYC,,4,23,6,0,,,2,4,30,2,0,0,2,63,
2026-08-29 00:00:00,2026-08-30 09:00:00,NBS,66,57,240,0,,,,,,,,,-88,100,45,5,0,0,0,0,0,,89,,190,KNYC,,4,24,7,0,,,2,4,30,2,0,0,2,61,
2026-08-29 00:00:00,2026-08-30 12:00:00,NBS,68,59,240,0,1.0,0.0,0.0,0.0,,1.0,,1.0,-88,100,37,5,0,0,0,0,0,0.0,92,0.0,100,KNYC,0.0,6,23,6,12,64.0,2.0,2,4,36,2,0,0,2,65,
2026-08-29 00:00:00,2026-08-30 15:00:00,NBS,77,61,230,4,,,,,,,,,-88,100,48,11,1,0,0,0,9,,99,,80,KNYC,,22,23,11,38,,,2,5,28,3,2,0,2,73,
2026-08-29 00:00:00,2026-08-30 18:00:00,NBS,82,63,220,6,0.0,,0.0,,,4.0,,,-88,100,49,15,2,0,0,0,10,0.0,110,0.0,60,KNYC,,46,22,15,55,,,2,4,24,3,1,0,2,77,
2026-08-29 00:00:00,2026-08-30 21:00:00,NBS,83,65,230,5,,,,,,,,,100,100,60,15,7,0,0,0,38,,120,,23,KNYC,,40,25,15,26,,,2,4,25,3,3,0,2,76,
2026-08-29 00:00:00,2026-08-31 00:00:00,NBS,78,66,230,3,24.0,32.0,0.0,0.0,,21.0,,21.0,80,100,77,10,13,0,0,0,20,0.0,130,0.0,60,KNYC,0.0,13,23,9,8,83.0,2.0,3,3,14,3,5,0,2,72,
2026-08-29 00:00:00,2026-08-31 03:00:00,NBS,76,66,240,4,,,,,,,,,90,100,62,11,12,0,0,0,12,,130,,32,KNYC,,12,24,7,0,,,2,3,33,4,7,1,2,71,
2026-08-29 00:00:00,2026-08-31 06:00:00,NBS,73,66,260,3,36.0,,16.0,,,18.0,,,-88,100,55,9,7,0,0,0,38,0.0,130,0.0,32,KNYC,,11,27,8,0,,,2,3,29,3,8,2,2,70,
2026-08-29 00:00:00,2026-08-31 09:00:00,NBS,72,66,280,3,,,,,,,,,90,100,58,7,4,0,0,0,5,,130,,37,KNYC,,10,31,5,0,,,2,3,23,3,3,0,2,69,
2026-08-29 00:00:00,2026-08-31 12:00:00,NBS,73,67,310,0,10.0,39.0,0.0,16.0,,7.0,,18.0,90,100,62,5,3,0,0,0,12,0.0,130,0.0,27,KNYC,4.0,11,32,6,0,70.0,2.0,2,2,10,3,4,1,2,71,
2026-08-29 00:00:00,2026-08-31 15:00:00,NBS,78,66,340,0,,,,,,,,,41,100,73,5,2,0,0,0,43,,130,,41,KNYC,,26,36,5,20,,,3,3,21,3,3,0,2,74,
2026-08-29 00:00:00,2026-08-31 18:00:00,NBS,82,66,290,0,9.0,,0.0,,,4.0,,,44,100,71,6,2,0,0,0,45,0.0,130,0.0,42,KNYC,,44,31,5,42,,,3,3,24,3,3,0,2,78,
2026-08-29 00:00:00,2026-08-31 21:00:00,NBS,82,66,280,0,,,,,,,,,-88,100,62,7,3,0,0,0,45,,130,,42,KNYC,,38,31,6,29,,,3,3,31,3,2,0,2,75,
2026-08-29 00:00:00,2026-09-01 00:00:00,NBS,77,66,180,0,26.0,30.0,2.0,2.0,,5.0,,7.0,-88,100,67,6,3,0,0,0,45,0.0,130,0.0,80,KNYC,1.0,7,23,7,17,82.0,3.0,2,3,21,3,2,0,1,72,
2026-08-29 06:00:00,2026-08-29 12:00:00,NBS,65,53,10,5,0.0,,0.0,,7.0,0.0,7.0,,-88,100,2,11,0,0,0,0,0,0.0,84,0.0,-88,KNYC,,9,1,11,22,,,1,2,4,2,0,0,1,62,7/0
2026-08-29 06:00:00,2026-08-29 15:00:00,NBS,72,51,10,4,,,,,,,,,-88,100,8,9,0,0,0,0,0,,81,,-88,KNYC,,32,1,9,74,,,1,2,9,2,0,0,1,68,
2026-08-29 06:00:00,2026-08-29 18:00:00,NBS,78,50,350,0,0.0,,0.0,,,0.0,,,-88,100,11,5,0,0,0,0,0,0.0,83,0.0,-88,KNYC,,51,33,6,83,,,2,3,23,2,0,0,1,72,
2026-08-29 06:00:00,2026-08-29 21:00:00,NBS,80,51,270,0,,,,,,,,,-88,100,6,5,0,0,0,0,0,,83,,140,KNYC,,55,29,6,48,,,2,3,6,2,0,0,1,70,
2026-08-29 06:00:00,2026-08-30 00:00:00,NBS,74,54,180,0,0.0,0.0,0.0,0.0,,0.0,,0.0,-88,100,17,5,0,0,0,0,0,0.0,85,0.0,270,KNYC,0.0,5,19,6,8,80.0,2.0,1,3,20,3,0,0,1,66,
2026-08-29 06:00:00,2026-08-30 03:00:00,NBS,70,56,210,0,,,,,,,,,-88,100,34,6,0,0,0,0,0,,88,,290,KNYC,,4,22,6,0,,,2,3,35,2,0,0,2,64,
2026-08-29 06:00:00,2026-08-30 06:00:00,NBS,68,56,230,0,0.0,,0.0,,,1.0,,,-88,100,23,6,0,0,0,0,0,0.0,87,0.0,210,KNYC,,4,23,6,0,,,2,3,34,2,0,0,2,63,
2026-08-29 06:00:00,2026-08-30 09:00:00,NBS,65,57,240,0,,,,,,,,,-88,100,32,6,0,0,0,0,0,,89,,130,KNYC,,4,24,6,0,,,2,3,34,2,0,0,2,61,
2026-08-29 06:00:00,2026-08-30 12:00:00,NBS,68,59,230,0,0.0,0.0,0.0,0.0,,1.0,,1.0,-88,100,42,5,0,0,0,0,16,0.0,92,0.0,110,KNYC,0.0,6,24,7,14,63.0,2.0,2,4,28,2,0,0,2,65,
2026-08-29 06:00:00,2026-08-30 15:00:00,NBS,77,61,220,5,,,,,,,,,-88,100,36,11,0,0,0,0,12,,95,,80,KNYC,,22,24,11,49,,,2,4,34,3,0,0,2,73,
2026-08-29 06:00:00,2026-08-30 18:00:00,NBS,83,64,230,6,15.0,,0.0,,,3.0,,,-88,100,56,15,2,0,0,0,16,0.0,96,0.0,37,KNYC,,49,25,15,40,,,2,4,32,3,0,0,2,77,
2026-08-29 06:00:00,2026-08-30 21:00:00,NBS,83,66,200,5,,,,,,,,,-88,100,66,14,5,0,0,0,30,,110,,28,KNYC,,27,21,13,28,,,2,3,31,4,4,0,2,77,
2026-08-29 06:00:00,2026-08-31 00:00:00,NBS,78,66,220,3,41.0,41.0,1.0,1.0,,19.0,,19.0,80,100,77,10,12,0,0,0,30,0.0,130,0.0,36,KNYC,1.0,9,21,9,7,84.0,2.0,3,3,19,4,4,0,2,73,
2026-08-29 06:00:00,2026-08-31 03:00:00,NBS,76,67,240,4,,,,,,,,,50,100,77,11,14,0,0,0,12,,130,,23,KNYC,,11,28,9,0,,,2,2,25,4,4,0,2,72,
2026-08-29 06:00:00,2026-08-31 06:00:00,NBS,74,67,230,3,40.0,,6.0,,,22.0,,,-88,100,55,8,10,0,0,0,12,0.0,130,0.0,30,KNYC,,8,25,6,0,,,2,3,21,4,13,4,2,70,
2026-08-29 06:00:00,2026-08-31 09:00:00,NBS,72,66,270,2,,,,,,,,,90,100,73,6,6,0,0,0,27,,130,,22,KNYC,,9,31,5,0,,,2,3,16,3,6,6,2,69,
2026-08-29 06:00:00,2026-08-31 12:00:00,NBS,73,66,350,0,9.0,44.0,0.0,6.0,,11.0,,22.0,90,100,65,6,3,0,0,0,7,0.0,130,0.0,22,KNYC,2.0,10,0,5,4,70.0,2.0,2,3,17,3,6,3,2,71,
2026-08-29 06:00:00,2026-08-31 15:00:00,NBS,78,66,360,0,,,,,,,,,110,100,76,6,2,0,0,0,25,,130,,39,KNYC,,24,2,6,22,,,3,3,15,3,5,0,2,74,
2026-08-29 06:00:00,2026-08-31 18:00:00,NBS,81,66,340,0,11.0,,0.0,,,4.0,,,110,100,75,6,1,0,0,0,25,0.0,130,0.0,29,KNYC,,36,32,6,43,,,3,3,18,4,3,0,2,76,
2026-08-29 06:00:00,2026-08-31 21:00:00,NBS,81,66,230,0,,,,,,,,,100,100,68,7,3,0,0,0,26,,130,,60,KNYC,,36,28,7,60,,,3,3,24,3,3,0,2,75,
2026-08-29 06:00:00,2026-09-01 00:00:00,NBS,76,66,150,0,18.0,22.0,0.0,0.0,,5.0,,7.0,90,100,74,6,3,0,0,0,28,0.0,130,0.0,27,KNYC,0.0,12,20,7,34,81.0,3.0,2,3,16,3,3,0,2,72,
2026-08-29 06:00:00,2026-09-01 03:00:00,NBS,74,67,170,0,,,,,,,,,90,100,78,4,4,0,0,0,14,,130,,27,KNYC,,11,21,6,0,,,2,3,16,3,4,0,2,70,
2026-08-29 06:00:00,2026-09-01 06:00:00,NBS,72,67,190,0,23.0,,9.0,,,7.0,,,50,100,65,4,4,0,0,0,14,0.0,130,0.0,31,KNYC,,10,20,5,0,,,2,3,18,2,6,0,2,70,
2026-08-29 12:00:00,2026-08-29 18:00:00,NBS,78,50,350,0,0.0,,0.0,,6.0,0.0,,,-88,100,11,5,0,0,0,0,0,0.0,80,0.0,43,KNYC,,54,34,6,83,,,1,3,23,2,0,0,0,71,6/0
2026-08-29 12:00:00,2026-08-29 21:00:00,NBS,80,50,290,0,,,,,,,,,-88,100,9,5,0,0,0,0,0,,81,,110,KNYC,,57,30,6,48,,,1,3,13,2,0,0,1,70,
2026-08-29 12:00:00,2026-08-30 00:00:00,NBS,74,53,190,0,0.0,0.0,0.0,0.0,,0.0,,0.0,-88,100,16,5,0,0,0,0,0,0.0,79,0.0,200,KNYC,0.0,7,20,5,7,80.0,2.0,1,3,17,3,0,0,1,65,
2026-08-29 12:00:00,2026-08-30 03:00:00,NBS,70,55,210,0,,,,,,,,,-88,100,18,6,0,0,0,0,0,,87,,240,KNYC,,5,22,5,0,,,2,3,24,2,0,0,2,64,
2026-08-29 12:00:00,2026-08-30 06:00:00,NBS,68,56,240,0,0.0,,0.0,,,1.0,,,-88,100,29,6,0,0,0,0,0,0.0,88,0.0,190,KNYC,,4,23,6,0,,,2,3,25,2,0,0,2,63,
2026-08-29 12:00:00,2026-08-30 09:00:00,NBS,66,56,240,0,,,,,,,,,-88,100,31,6,0,0,0,0,0,,88,,240,KNYC,,4,24,6,0,,,2,3,33,2,0,0,2,61,
2026-08-29 12:00:00,2026-08-30 12:00:00,NBS,68,58,240,0,0.0,0.0,0.0,0.0,,0.0,,1.0,-88,100,42,5,0,0,0,0,0,0.0,91,0.0,70,KNYC,0.0,6,24,7,14,63.0,2.0,2,3,31,2,0,0,2,64,
2026-08-29 12:00:00,2026-08-30 15:00:00,NBS,77,61,220,4,,,,,,,,,-88,100,32,11,1,0,0,0,5,,92,,80,KNYC,,22,24,11,45,,,2,4,30,3,0,0,2,73,
2026-08-29 12:00:00,2026-08-30 18:00:00,NBS,83,64,230,6,13.0,,0.0,,,7.0,,,60,100,62,15,3,0,0,0,13,0.0,98,0.0,41,KNYC,,50,25,15,52,,,2,3,34,3,0,0,2,77,
2026-08-29 12:00:00,2026-08-30 21:00:00,NBS,82,67,210,4,,,,,,,,,-88,100,51,13,9,0,0,0,34,,120,,70,KNYC,,26,22,13,32,,,2,3,30,4,0,0,2,76,
2026-08-29 12:00:00,2026-08-31 00:00:00,NBS,78,67,240,0,46.0,46.0,0.0,0.0,,23.0,,23.0,60,100,88,9,13,0,0,0,38,0.0,130,0.0,48,KNYC,2.0,6,22,8,7,83.0,2.0,2,2,13,3,3,0,2,73,
2026-08-29 12:00:00,2026-08-31 03:00:00,NBS,76,67,250,3,,,,,,,,,50,100,85,9,13,0,0,0,18,,130,,44,KNYC,,10,24,10,0,,,2,2,10,3,4,0,2,72,
2026-08-29 12:00:00,2026-08-31 06:00:00,NBS,74,67,250,2,36.0,,6.0,,,21.0,,,90,100,73,7,9,0,0,0,25,0.0,130,0.0,24,KNYC,,9,29,6,0,,,2,3,11,3,11,7,2,70,
2026-08-29 12:00:00,2026-08-31 09:00:00,NBS,72,66,320,0,,,,,,,,,90,100,89,5,3,0,0,0,30,,130,,27,KNYC,,11,34,6,0,,,2,3,10,2,8,11,2,69,
2026-08-29 12:00:00,2026-08-31 12:00:00,NBS,73,66,350,0,30.0,51.0,18.0,24.0,,5.0,,21.0,-88,100,84,5,1,0,0,0,8,0.0,130,0.0,43,KNYC,4.0,12,36,6,4,70.0,2.0,2,2,12,2,4,4,2,70,
2026-08-29 12:00:00,2026-08-31 15:00:00,NBS,77,65,0,0,,,,,,,,,110,100,67,5,2,0,0,0,16,,130,,60,KNYC,,26,2,5,41,,,3,2,34,3,4,0,2,73,
2026-08-29 12:00:00,2026-08-31 18:00:00,NBS,81,65,350,0,14.0,,0.0,,,4.0,,,90,100,70,5,2,0,0,0,17,0.0,130,0.0,47,KNYC,,40,32,4,48,,,3,2,18,3,3,0,2,76,
2026-08-29 12:00:00,2026-08-31 21:00:00,NBS,81,66,190,0,,,,,,,,,90,100,64,7,3,0,0,0,14,,130,,39,KNYC,,45,26,7,42,,,3,3,24,3,4,0,2,75,
2026-08-29 12:00:00,2026-09-01 00:00:00,NBS,76,66,180,0,11.0,22.0,0.0,0.0,,5.0,,7.0,90,100,83,6,3,0,0,0,16,0.0,130,0.0,39,KNYC,0.0,9,19,7,26,81.0,2.0,2,2,15,3,5,0,2,72,
2026-08-29 12:00:00,2026-09-01 03:00:00,NBS,74,67,180,0,,,,,,,,,90,100,76,5,3,0,0,0,34,,130,,40,KNYC,,8,20,6,0,,,2,2,12,2,3,0,2,70,
2026-08-29 12:00:00,2026-09-01 06:00:00,NBS,72,67,180,0,8.0,,0.0,,,7.0,,,90,100,64,4,4,0,0,0,16,0.0,130,0.0,35,KNYC,,9,21,7,0,,,2,2,20,2,6,0,2,70,
2026-08-29 12:00:00,2026-09-01 09:00:00,NBS,72,68,200,0,,,,,,,,,90,100,82,4,3,0,0,0,39,,130,,36,KNYC,,10,22,7,0,,,2,2,15,3,4,0,2,69,
2026-08-29 12:00:00,2026-09-01 12:00:00,NBS,73,69,200,0,33.0,43.0,7.0,7.0,,6.0,,9.0,90,100,76,4,3,0,0,0,40,0.0,130,0.0,27,KNYC,3.0,11,22,8,0,69.0,2.0,2,2,14,3,6,3,2,71,
2026-08-29 18:00:00,2026-08-30 00:00:00,NBS,74,52,230,0,0.0,,0.0,,9.0,0.0,9.0,,-88,100,13,5,0,0,0,0,0,0.0,78,0.0,280,KNYC,,6,26,4,7,,,1,3,14,3,0,0,1,65,9/0
2026-08-29 18:00:00,2026-08-30 03:00:00,NBS,70,55,210,0,,,,,,,,,-88,100,41,7,0,0,0,0,0,,87,,160,KNYC,,4,22,6,0,,,2,3,31,3,0,0,2,64,
2026-08-29 18:00:00,2026-08-30 06:00:00,NBS,68,55,240,1,0.0,,0.0,,,1.0,,,-88,100,23,6,0,0,0,0,0,0.0,88,0.0,160,KNYC,,4,24,7,0,,,2,3,32,2,0,1,2,63,
2026-08-29 18:00:00,2026-08-30 09:00:00,NBS,66,56,240,0,,,,,,,,,-88,100,20,6,0,0,0,0,0,,88,,210,KNYC,,4,25,6,0,,,2,3,25,2,0,0,2,61,
2026-08-29 18:00:00,2026-08-30 12:00:00,NBS,68,58,240,0,0.0,0.0,0.0,0.0,,0.0,,1.0,-88,100,39,5,0,0,0,0,0,0.0,91,0.0,120,KNYC,0.0,6,24,6,15,64.0,2.0,2,4,31,2,0,0,2,65,
2026-08-29 18:00:00,2026-08-30 15:00:00,NBS,77,61,220,5,,,,,,,,,-88,100,49,11,1,0,0,0,7,,97,,70,KNYC,,22,23,10,53,,,2,4,30,3,0,0,2,73,
2026-08-29 18:00:00,2026-08-30 18:00:00,NBS,82,64,230,6,22.0,,0.0,,,6.0,,,60,100,70,16,3,0,0,0,20,0.0,110,0.0,43,KNYC,,38,24,14,37,,,3,4,28,3,0,0,2,77,
2026-08-29 18:00:00,2026-08-30 21:00:00,NBS,82,67,200,5,,,,,,,,,-88,100,48,14,13,0,0,0,29,,130,,35,KNYC,,27,23,12,28,,,3,3,30,4,1,0,2,76,
2026-08-29 18:00:00,2026-08-31 00:00:00,NBS,78,67,180,0,53.0,53.0,4.0,4.0,,28.0,,28.0,90,100,80,9,17,0,0,0,36,0.0,130,0.0,70,KNYC,6.0,6,20,7,7,84.0,2.0,3,2,22,4,2,1,2,73,
2026-08-29 18:00:00,2026-08-31 03:00:00,NBS,75,67,240,2,,,,,,,,,70,90,84,8,12,0,0,0,40,,130,,60,KNYC,,4,21,7,0,,,2,2,17,4,1,1,2,72,
2026-08-29 18:00:00,2026-08-31 06:00:00,NBS,73,67,250,0,42.0,,4.0,,,21.0,,,70,100,71,6,9,0,0,0,9,0.0,130,0.0,40,KNYC,,4,27,5,0,,,2,3,20,3,0,1,2,70,
2026-08-29 18:00:00,2026-08-31 09:00:00,NBS,72,66,320,0,,,,,,,,,70,100,71,4,5,0,0,0,22,,130,,32,KNYC,,8,31,6,0,,,2,3,15,3,3,4,2,69,
2026-08-29 18:00:00,2026-08-31 12:00:00,NBS,72,67,360,0,17.0,54.0,1.0,5.0,,8.0,,21.0,-88,100,60,4,2,0,0,0,5,0.0,130,0.0,27,KNYC,1.0,11,0,6,12,70.0,2.0,1,3,34,2,4,0,2,71,
2026-08-29 18:00:00,2026-08-31 15:00:00,NBS,77,66,20,0,,,,,,,,,-88,100,52,4,2,0,0,0,3,,120,,21,KNYC,,25,2,5,57,,,3,3,34,2,4,0,1,74,
2026-08-29 18:00:00,2026-08-31 18:00:00,NBS,80,66,0,0,4.0,,0.0,,,4.0,,,90,100,68,5,2,0,0,0,4,0.0,120,0.0,35,KNYC,,41,29,5,52,,,3,3,23,3,2,0,2,76,
2026-08-29 18:00:00,2026-08-31 21:00:00,NBS,80,66,200,0,,,,,,,,,100,100,62,8,3,0,0,0,4,,120,,43,KNYC,,37,20,7,41,,,3,3,20,3,3,0,2,75,
2026-08-29 18:00:00,2026-09-01 00:00:00,NBS,76,67,190,0,16.0,23.0,0.0,0.0,,5.0,,7.0,90,100,75,7,3,0,0,0,5,0.0,120,0.0,29,KNYC,0.0,14,18,7,13,82.0,2.0,2,2,22,3,4,0,2,71,
2026-08-29 18:00:00,2026-09-01 03:00:00,NBS,74,68,180,0,,,,,,,,,50,100,73,5,3,0,0,0,9,,130,,31,KNYC,,11,21,7,0,,,2,2,17,2,5,0,2,71,
2026-08-29 18:00:00,2026-09-01 06:00:00,NBS,73,69,190,0,18.0,,0.0,,,7.0,,,50,100,66,4,4,0,0,0,9,0.0,130,0.0,22,KNYC,,10,20,6,0,,,2,2,22,3,6,0,2,71,
2026-08-29 18:00:00,2026-09-01 09:00:00,NBS,72,69,200,0,,,,,,,,,90,100,80,4,3,0,0,0,14,,130,,31,KNYC,,8,21,5,0,,,2,2,15,3,1,0,2,71,
2026-08-29 18:00:00,2026-09-01 12:00:00,NBS,73,70,200,0,22.0,42.0,5.0,5.0,,6.0,,9.0,90,100,73,4,3,0,0,0,14,0.0,140,0.0,41,KNYC,1.0,10,22,6,0,70.0,2.0,2,2,16,3,8,5,2,72,
2026-08-29 18:00:00,2026-09-01 15:00:00,NBS,78,70,210,0,,,,,,,,,100,100,72,6,3,0,0,0,25,,140,,50,KNYC,,20,22,9,26,,,5,2,14,3,6,0,2,76,
2026-08-29 18:00:00,2026-09-01 18:00:00,NBS,82,70,210,3,10.0,,0.0,,,9.0,,,100,100,66,10,4,0,0,0,27,0.0,140,0.0,40,KNYC,,39,23,13,47,,,6,2,19,3,2,3,2,79,
2026-08-30 00:00:00,2026-08-30 06:00:00,NBS,68,55,240,2,0.0,,0.0,,25.0,1.0,,,-88,100,21,6,0,0,0,0,0,0.0,88,0.0,130,KNYC,,4,24,6,0,,,2,3,33,2,0,1,2,63,25/1
2026-08-30 00:00:00,2026-08-30 09:00:00,NBS,66,56,240,2,,,,,,,,,-88,100,42,6,0,0,0,0,0,,89,,170,KNYC,,4,24,6,0,,,2,3,35,2,0,0,2,61,
2026-08-30 00:00:00,2026-08-30 12:00:00,NBS,68,58,240,0,0.0,0.0,0.0,0.0,,0.0,,1.0,-88,100,50,5,0,0,0,0,0,0.0,90,0.0,120,KNYC,0.0,5,24,6,15,64.0,2.0,2,4,30,2,0,0,2,64,
2026-08-30 00:00:00,2026-08-30 15:00:00,NBS,77,60,230,5,,,,,,,,,60,100,59,12,2,0,0,0,12,,100,,60,KNYC,,21,23,10,42,,,2,5,27,3,0,0,2,72,
2026-08-30 00:00:00,2026-08-30 18:00:00,NBS,81,65,230,6,14.0,,1.0,,,5.0,,,60,100,62,15,3,0,0,0,29,0.0,110,0.0,46,KNYC,,41,24,14,55,,,3,4,30,3,0,0,2,77,
2026-08-30 00:00:00,2026-08-30 21:00:00,NBS,82,67,220,4,,,,,,,,,-88,100,52,14,10,0,0,0,44,,130,,50,KNYC,,35,24,13,35,,,3,3,32,4,1,1,2,76,
2026-08-30 00:00:00,2026-08-31 00:00:00,NBS,78,67,200,1,46.0,55.0,4.0,5.0,,23.0,,23.0,80,100,88,9,14,0,0,0,48,0.0,130,0.0,70,KNYC,5.0,5,22,8,8,83.0,2.0,3,2,18,3,1,1,2,73,
2026-08-30 00:00:00,2026-08-31 03:00:00,NBS,75,67,230,1,,,,,,,,,60,90,92,7,16,0,0,0,58,,140,,50,KNYC,,5,22,6,0,,,2,2,7,4,0,0,2,72,
2026-08-30 00:00:00,2026-08-31 06:00:00,NBS,74,67,300,0,39.0,,2.0,,,25.0,,,60,100,75,5,11,0,0,0,26,0.0,130,0.0,50,KNYC,,5,30,6,0,,,2,3,21,3,6,0,2,70,
2026-08-30 00:00:00,2026-08-31 09:00:00,NBS,72,67,310,0,,,,,,,,,70,100,67,4,4,0,0,0,22,,130,,60,KNYC,,4,30,5,0,,,2,3,21,3,6,3,2,69,
2026-08-30 00:00:00,2026-08-31 12:00:00,NBS,72,67,360,0,25.0,53.0,1.0,3.0,,8.0,,25.0,-88,100,45,4,2,0,0,0,13,0.0,130,0.0,60,KNYC,5.0,11,0,6,9,70.0,2.0,2,2,35,2,2,0,2,71,
2026-08-30 00:00:00,2026-08-31 15:00:00,NBS,76,66,30,0,,,,,,,,,-88,100,40,4,3,0,0,0,12,,130,,41,KNYC,,30,4,5,48,,,3,2,29,3,5,0,2,75,
2026-08-30 00:00:00,2026-08-31 18:00:00,NBS,79,66,150,0,7.0,,0.0,,,5.0,,,44,100,64,5,2,0,0,0,13,0.0,130,0.0,33,KNYC,,44,27,4,50,,,4,2,20,2,4,0,1,77,
2026-08-30 00:00:00,2026-08-31 21:00:00,NBS,79,67,180,0,,,,,,,,,49,100,82,8,4,0,0,0,10,,130,,25,KNYC,,35,21,6,25,,,4,2,8,3,4,0,2,75,
2026-08-30 00:00:00,2026-09-01 00:00:00,NBS,75,66,180,0,14.0,19.0,0.0,0.0,,6.0,,9.0,50,100,83,8,5,0,0,0,16,0.0,130,0.0,33,KNYC,0.0,13,19,7,8,81.0,3.0,2,2,11,3,8,4,2,71,
2026-08-30 00:00:00,2026-09-01 03:00:00,NBS,74,68,180,0,,,,,,,,,23,100,73,6,6,0,0,0,14,,130,,23,KNYC,,12,20,6,0,,,2,2,20,3,15,5,2,71,
2026-08-30 00:00:00,2026-09-01 06:00:00,NBS,73,69,190,0,30.0,,2.0,,,11.0,,,27,90,70,5,5,0,0,0,22,0.0,140,0.0,25,KNYC,,11,21,6,0,,,2,2,20,2,17,7,2,70,
2026-08-30 00:00:00,2026-09-01 09:00:00,NBS,72,69,210,0,,,,,,,,,47,100,84,4,5,0,0,0,27,,140,,37,KNYC,,11,24,6,0,,,2,2,16,3,6,4,2,71,
2026-08-30 00:00:00,2026-09-01 12:00:00,NBS,73,70,220,0,28.0,47.0,2.0,4.0,,10.0,,14.0,49,100,71,5,5,0,0,0,27,0.0,130,0.0,26,KNYC,1.0,11,23,7,0,70.0,2.0,2,1,19,3,8,6,2,72,
2026-08-30 00:00:00,2026-09-01 15:00:00,NBS,79,71,220,0,,,,,,,,,27,100,58,7,4,0,0,0,34,,140,,20,KNYC,,20,21,8,13,,,4,2,24,3,13,5,2,77,
2026-08-30 00:00:00,2026-09-01 18:00:00,NBS,82,71,200,3,12.0,,0.0,,,8.0,,,50,100,63,10,4,0,0,0,24,0.0,130,0.0,50,KNYC,,32,20,8,17,,,6,2,21,3,5,0,2,80,
2026-08-30 00:00:00,2026-09-01 21:00:00,NBS,82,72,170,3,,,,,,,,,90,100,60,11,12,0,0,0,26,,130,,46,KNYC,,31,19,10,34,,,7,3,26,4,5,2,3,77,
2026-08-30 00:00:00,2026-09-02 00:00:00,NBS,78,70,170,0,43.0,49.0,7.0,7.0,,25.0,,25.0,60,100,75,8,13,0,0,0,38,0.0,130,0.0,37,KNYC,3.0,10,18,10,23,83.0,6.0,6,3,28,4,14,6,2,73,
2026-08-30 06:00:00,2026-08-30 12:00:00,NBS,68,56,230,0,0.0,,0.0,,24.0,0.0,28.0,,-88,100,44,6,0,0,0,0,0,0.0,91,0.0,120,KNYC,,5,24,6,17,,,2,3,32,2,0,0,2,64,24/0
2026-08-30 06:00:00,2026-08-30 15:00:00,NBS,77,59,230,5,,,,,,,,,90,100,57,12,1,0,0,0,4,,97,,80,KNYC,,20,24,10,59,,,3,4,27,3,0,0,1,72,
2026-08-30 06:00:00,2026-08-30 18:00:00,NBS,81,64,230,6,3.0,,0.0,,,5.0,,,60,100,64,16,3,0,0,0,10,0.0,100,0.0,50,KNYC,,41,25,12,55,,,3,3,25,3,0,0,2,77,
2026-08-30 06:00:00,2026-08-30 21:00:00,NBS,81,67,230,4,,,,,,,,,80,100,60,14,9,0,0,0,11,,120,,60,KNYC,,35,25,12,32,,,3,3,29,4,1,1,2,76,
2026-08-30 06:00:00,2026-08-31 00:00:00,NBS,77,66,220,1,55.0,57.0,14.0,14.0,,22.0,,22.0,90,100,85,10,15,0,0,0,14,0.0,140,0.0,80,KNYC,2.0,6,23,7,7,82.0,2.0,3,2,14,4,2,0,2,72,
2026-08-30 06:00:00,2026-08-31 03:00:00,NBS,75,66,260,1,,,,,,,,,80,100,89,7,15,0,0,0,23,,140,,60,KNYC,,5,26,7,0,,,2,2,9,4,2,0,2,72,
2026-08-30 06:00:00,2026-08-31 06:00:00,NBS,73,66,310,0,46.0,,34.0,,,29.0,,,70,100,75,5,15,0,0,0,24,0.0,130,0.0,60,KNYC,,5,29,6,0,,,1,3,20,3,0,0,2,70,
2026-08-30 06:00:00,2026-08-31 09:00:00,NBS,72,66,350,0,,,,,,,,,60,100,79,4,11,0,0,0,41,,130,,50,KNYC,,4,36,6,0,,,1,3,14,3,0,0,2,69,
2026-08-30 06:00:00,2026-08-31 12:00:00,NBS,72,66,10,0,28.0,52.0,1.0,35.0,,15.0,,29.0,70,100,63,4,4,0,0,0,22,0.0,130,0.0,50,KNYC,8.0,8,2,4,8,69.0,1.0,1,2,28,2,0,0,2,69,
2026-08-30 06:00:00,2026-08-31 15:00:00,NBS,76,66,60,0,,,,,,,,,-88,100,45,4,3,0,0,0,9,,130,,60,KNYC,,24,5,4,57,,,3,3,36,3,0,0,2,73,
2026-08-30 06:00:00,2026-08-31 18:00:00,NBS,79,66,180,0,14.0,,0.0,,,5.0,,,70,100,68,5,3,0,0,0,10,0.0,130,0.0,38,KNYC,,35,26,5,49,,,3,3,32,3,1,0,1,75,
2026-08-30 06:00:00,2026-08-31 21:00:00,NBS,79,67,170,0,,,,,,,,,70,100,59,8,4,0,0,0,14,,130,,27,KNYC,,29,22,6,20,,,3,3,27,3,3,2,2,74,
2026-08-30 06:00:00,2026-09-01 00:00:00,NBS,75,66,160,0,19.0,29.0,0.0,0.0,,7.0,,10.0,48,100,89,8,5,0,0,0,25,0.0,140,0.0,21,KNYC,0.0,10,19,7,5,81.0,2.0,2,2,10,3,6,2,2,71,
2026-08-30 06:00:00,2026-09-01 03:00:00,NBS,74,68,180,0,,,,,,,,,47,100,96,6,5,0,0,0,38,,140,,14,KNYC,,10,20,6,0,,,2,2,8,3,5,0,2,71,
2026-08-30 06:00:00,2026-09-01 06:00:00,NBS,73,68,210,0,23.0,,0.0,,,10.0,,,90,100,84,5,5,0,0,0,17,0.0,140,0.0,25,KNYC,,11,24,7,0,,,2,2,15,3,7,2,2,71,
2026-08-30 06:00:00,2026-09-01 09:00:00,NBS,72,69,230,0,,,,,,,,,90,100,81,5,5,0,0,0,44,,140,,28,KNYC,,8,26,6,0,,,1,1,17,3,3,3,2,71,
2026-08-30 06:00:00,2026-09-01 12:00:00,NBS,73,70,220,0,43.0,60.0,2.0,2.0,,11.0,,11.0,70,100,73,6,6,0,0,0,16,0.0,140,0.0,70,KNYC,1.0,9,26,6,7,70.0,2.0,2,1,12,3,3,4,2,72,
2026-08-30 06:00:00,2026-09-01 15:00:00,NBS,79,72,230,3,,,,,,,,,100,100,70,8,4,0,0,0,40,,140,,60,KNYC,,20,26,8,18,,,4,2,14,3,5,0,2,77,
2026-08-30 06:00:00,2026-09-01 18:00:00,NBS,83,72,220,3,27.0,,1.0,,,8.0,,,80,100,67,10,5,0,0,0,24,0.0,130,0.0,40,KNYC,,34,23,9,48,,,6,2,17,4,3,0,2,81,
2026-08-30 06:00:00,2026-09-01 21:00:00,NBS,83,72,200,3,,,,,,,,,100,100,60,12,14,0,0,0,46,,130,,37,KNYC,,25,21,9,40,,,6,2,24,4,4,0,3,79,
2026-08-30 06:00:00,2026-09-02 00:00:00,NBS,79,70,200,0,54.0,62.0,13.0,14.0,,28.0,,28.0,60,100,83,9,16,0,0,0,46,0.0,130,0.0,26,KNYC,4.0,10,20,8,21,84.0,4.0,5,2,14,4,13,7,2,74,
2026-08-30 06:00:00,2026-09-02 03:00:00,NBS,76,70,170,2,,,,,,,,,28,70,68,8,15,0,0,0,45,,130,,28,KNYC,,7,20,7,0,,,4,2,24,4,19,12,2,73,
2026-08-30 06:00:00,2026-09-02 06:00:00,NBS,74,69,140,0,36.0,,7.0,,,24.0,,,11,40,44,6,10,0,0,0,43,0.0,130,0.0,11,KNYC,,7,26,7,0,,,3,2,30,4,29,16,2,72,
2026-08-30 12:00:00,2026-08-30 18:00:00,NBS,81,65,230,6,8.0,,0.0,,8.0,3.0,,,60,100,83,15,2,0,0,0,16,0.0,110,0.0,44,KNYC,,41,25,15,52,,,3,3,22,3,5,0,2,76,8/3
2026-08-30 12:00:00,2026-08-30 21:00:00,NBS,81,68,240,4,,,,,,,,,90,100,60,14,9,0,0,0,17,,130,,80,KNYC,,32,25,14,31,,,3,2,29,4,1,0,2,76,
2026-08-30 12:00:00,2026-08-31 00:00:00,NBS,77,66,220,2,38.0,38.0,5.0,5.0,,21.0,,21.0,90,100,90,9,12,0,0,0,17,0.0,130,0.0,70,KNYC,3.0,5,25,6,6,82.0,2.0,3,2,13,3,1,0,2,72,
2026-08-30 12:00:00,2026-08-31 03:00:00,NBS,75,66,250,0,,,,,,,,,70,100,92,7,11,0,0,0,8,,140,,70,KNYC,,5,24,6,0,,,2,3,7,3,0,0,2,71,
2026-08-30 12:00:00,2026-08-31 06:00:00,NBS,74,65,260,0,41.0,,6.0,,,24.0,,,60,100,75,5,14,0,0,0,23,0.0,130,0.0,50,KNYC,,5,27,5,0,,,2,3,17,3,0,0,2,69,
2026-08-30 12:00:00,2026-08-31 09:00:00,NBS,72,65,10,0,,,,,,,,,60,100,75,5,6,0,0,0,19,,130,,60,KNYC,,4,36,5,0,,,1,3,17,3,0,0,2,68,
2026-08-30 12:00:00,2026-08-31 12:00:00,NBS,72,65,30,0,21.0,57.0,1.0,7.0,,8.0,,24.0,60,100,76,5,2,0,0,0,19,0.0,130,0.0,50,KNYC,9.0,9,4,4,6,70.0,1.0,1,3,28,2,0,0,2,69,
2026-08-30 12:00:00,2026-08-31 15:00:00,NBS,76,64,70,0,,,,,,,,,35,100,57,4,2,0,0,0,10,,130,,35,KNYC,,18,7,4,35,,,3,3,30,2,2,0,1,73,
2026-08-30 12:00:00,2026-08-31 18:00:00,NBS,79,65,150,0,9.0,,0.0,,,4.0,,,35,100,67,5,3,0,0,0,3,0.0,130,0.0,35,KNYC,,30,23,4,50,,,3,3,38,3,4,0,1,75,
2026-08-30 12:00:00,2026-08-31 21:00:00,NBS,79,66,160,0,,,,,,,,,35,100,44,8,5,0,0,0,6,,140,,35,KNYC,,27,20,6,22,,,3,3,31,3,4,0,2,74,
2026-08-30 12:00:00,2026-09-01 00:00:00,NBS,75,66,160,0,13.0,13.0,0.0,0.0,,8.0,,8.0,45,100,71,8,5,0,0,0,15,0.0,140,0.0,39,KNYC,2.0,8,18,7,4,80.0,3.0,2,2,27,3,4,0,2,71,
2026-08-30 12:00:00,2026-09-01 03:00:00,NBS,73,67,200,0,,,,,,,,,46,100,68,6,6,0,0,0,8,,140,,26,KNYC,,10,21,7,0,,,2,2,31,2,3,0,2,70,
2026-08-30 12:00:00,2026-09-01 06:00:00,NBS,73,68,220,0,37.0,,4.0,,,16.0,,,46,100,63,6,9,0,0,0,13,0.0,140,0.0,17,KNYC,,9,24,7,0,,,2,2,22,3,5,2,2,71,
2026-08-30 12:00:00,2026-09-01 09:00:00,NBS,72,69,240,0,,,,,,,,,50,100,93,6,8,0,0,0,32,,140,,15,KNYC,,6,25,7,0,,,2,2,13,3,6,4,2,70,
2026-08-30 12:00:00,2026-09-01 12:00:00,NBS,74,70,220,2,24.0,61.0,1.0,5.0,,14.0,,17.0,100,100,79,7,5,0,0,0,15,0.0,140,0.0,25,KNYC,1.0,7,24,6,4,70.0,2.0,2,1,9,4,7,8,2,72,
2026-08-30 12:00:00,2026-09-01 15:00:00,NBS,80,71,230,3,,,,,,,,,100,100,68,8,6,0,0,0,9,,140,,70,KNYC,,27,27,10,53,,,4,2,15,3,9,3,2,78,
2026-08-30 12:00:00,2026-09-01 18:00:00,NBS,85,72,220,4,9.0,,0.0,,,14.0,,,50,100,58,11,8,0,0,0,9,0.0,130,0.0,41,KNYC,,42,27,10,67,,,4,2,18,3,5,2,2,82,
2026-08-30 12:00:00,2026-09-01 21:00:00,NBS,84,72,210,3,,,,,,,,,50,100,61,12,17,0,0,0,25,,130,,33,KNYC,,28,24,9,30,,,5,2,25,4,7,4,3,79,
2026-08-30 12:00:00,2026-09-02 00:00:00,NBS,80,70,120,0,46.0,50.0,12.0,12.0,,38.0,,38.0,13,40,85,8,25,0,0,0,34,0.0,130,0.0,13,KNYC,3.0,10,10,7,16,85.0,4.0,5,2,12,4,26,17,2,75,
2026-08-30 12:00:00,2026-09-02 03:00:00,NBS,77,70,140,3,,,,,,,,,6,30,69,8,19,0,0,0,44,,120,,6,KNYC,,10,13,6,0,,,4,2,32,4,37,23,2,73,
2026-08-30 12:00:00,2026-09-02 06:00:00,NBS,75,70,110,1,36.0,,2.0,,,29.0,,,7,40,47,7,11,0,0,0,15,0.0,120,0.0,7,KNYC,,10,11,6,0,,,3,2,33,4,39,19,2,72,
2026-08-30 12:00:00,2026-09-02 09:00:00,NBS,73,69,80,2,,,,,,,,,10,40,63,6,5,0,0,0,9,,120,,8,KNYC,,9,8,6,0,,,3,3,23,4,31,20,2,71,
2026-08-30 12:00:00,2026-09-02 12:00:00,NBS,74,70,90,0,10.0,40.0,0.0,2.0,,8.0,,29.0,12,30,74,6,3,0,0,0,25,0.0,120,0.0,8,KNYC,1.0,12,8,8,1,71.0,3.0,3,3,12,4,32,28,3,72,
2026-08-30 18:00:00,2026-08-31 00:00:00,NBS,77,66,230,1,38.0,,4.0,,14.0,21.0,29.0,,70,100,72,9,12,0,0,0,7,0.0,130,0.0,70,KNYC,,6,22,7,6,,,3,2,26,3,2,0,2,72,14/21
2026-08-30 18:00:00,2026-08-31 03:00:00,NBS,75,66,270,3,,,,,,,,,70,100,79,8,12,0,0,0,4,,130,,70,KNYC,,4,26,6,0,,,2,3,25,3,0,0,2,71,
2026-08-30 18:00:00,2026-08-31 06:00:00,NBS,73,65,290,0,50.0,,6.0,,,22.0,,,60,100,76,5,12,0,0,0,10,0.0,130,0.0,60,KNYC,,4,30,5,0,,,1,3,15,3,0,1,2,69,
2026-08-30 18:00:00,2026-08-31 09:00:00,NBS,72,65,330,0,,,,,,,,,60,100,65,5,5,0,0,0,27,,130,,60,KNYC,,4,34,4,0,,,1,3,30,2,0,0,2,68,
2026-08-30 18:00:00,2026-08-31 12:00:00,NBS,72,65,30,0,10.0,50.0,0.0,6.0,,6.0,,22.0,-88,100,53,5,2,0,0,0,10,0.0,130,0.0,50,KNYC,1.0,9,3,5,8,70.0,1.0,1,2,29,3,0,0,2,70,
2026-08-30 18:00:00,2026-08-31 15:00:00,NBS,77,64,50,0,,,,,,,,,45,100,65,5,2,0,0,0,5,,130,,45,KNYC,,26,2,5,36,,,3,3,34,3,0,0,2,73,
2026-08-30 18:00:00,2026-08-31 18:00:00,NBS,80,65,160,0,10.0,,0.0,,,2.0,,,45,100,71,6,2,0,0,0,1,0.0,130,0.0,43,KNYC,,32,26,4,49,,,3,3,25,2,0,0,2,75,
2026-08-30 18:00:00,2026-08-31 21:00:00,NBS,79,66,180,0,,,,,,,,,45,100,58,9,4,0,0,0,3,,130,,45,KNYC,,27,20,6,29,,,3,3,25,3,2,0,2,74,
2026-08-30 18:00:00,2026-09-01 00:00:00,NBS,74,66,160,0,10.0,10.0,0.0,0.0,,6.0,,6.0,35,100,71,8,4,0,0,0,11,0.0,140,0.0,35,KNYC,0.0,9,17,7,4,81.0,2.0,2,2,28,3,3,1,2,70,
2026-08-30 18:00:00,2026-09-01 03:00:00,NBS,73,67,180,0,,,,,,,,,35,80,88,6,7,0,0,0,14,,140,,33,KNYC,,4,19,6,0,,,2,2,12,2,0,1,2,70,
2026-08-30 18:00:00,2026-09-01 06:00:00,NBS,73,68,210,0,29.0,,0.0,,,14.0,,,27,60,85,6,7,0,0,0,37,0.0,140,0.0,18,KNYC,,5,21,7,0,,,1,2,20,2,7,7,2,71,
2026-08-30 18:00:00,2026-09-01 09:00:00,NBS,72,69,220,0,,,,,,,,,50,100,88,5,6,0,0,0,26,,140,,32,KNYC,,6,25,6,0,,,1,2,14,3,8,12,2,70,
2026-08-30 18:00:00,2026-09-01 12:00:00,NBS,73,70,230,0,22.0,43.0,0.0,0.0,,13.0,,18.0,90,100,79,6,7,0,0,0,17,0.0,140,0.0,28,KNYC,0.0,10,26,8,7,70.0,2.0,1,1,19,3,10,9,2,72,
2026-08-30 18:00:00,2026-09-01 15:00:00,NBS,80,71,230,3,,,,,,,,,-88,100,53,8,5,0,0,0,18,,130,,43,KNYC,,19,26,8,54,,,4,2,34,3,5,0,2,79,
2026-08-30 18:00:00,2026-09-01 18:00:00,NBS,84,72,230,4,8.0,,0.0,,,12.0,,,42,100,39,11,6,0,0,0,19,0.0,130,0.0,42,KNYC,,40,27,10,54,,,5,2,20,3,5,1,2,82,
2026-08-30 18:00:00,2026-09-01 21:00:00,NBS,84,72,170,4,,,,,,,,,49,100,79,12,17,0,0,0,44,,130,,33,KNYC,,26,26,8,15,,,5,3,15,4,9,8,3,79,
2026-08-30 18:00:00,2026-09-02 00:00:00,NBS,79,70,110,0,60.0,64.0,74.0,74.0,,41.0,,41.0,13,50,83,9,25,0,0,0,34,0.0,130,0.0,12,KNYC,9.0,11,10,10,6,84.0,4.0,5,2,10,4,28,15,2,75,
2026-08-30 18:00:00,2026-09-02 03:00:00,NBS,76,71,120,1,,,,,,,,,6,40,80,7,17,0,0,0,48,,130,,6,KNYC,,10,11,7,0,,,4,2,16,3,34,18,2,73,
2026-08-30 18:00:00,2026-09-02 06:00:00,NBS,74,70,100,0,56.0,,12.0,,,29.0,,,6,40,67,6,9,0,0,0,22,0.0,120,0.0,6,KNYC,,8,9,6,0,,,3,2,17,3,36,17,2,72,
2026-08-30 18:00:00,2026-09-02 09:00:00,NBS,72,70,90,0,,,,,,,,,10,40,70,5,6,0,0,0,16,,120,,8,KNYC,,8,9,6,0,,,2,3,17,3,28,17,2,71,
2026-08-30 18:00:00,2026-09-02 12:00:00,NBS,73,70,100,0,9.0,59.0,1.0,13.0,,14.0,,29.0,10,40,75,7,6,0,0,0,16,0.0,120,0.0,10,KNYC,3.0,10,10,8,0,70.0,3.0,2,3,12,4,29,25,3,72,
2026-08-30 18:00:00,2026-09-02 15:00:00,NBS,77,70,130,1,,,,,,,,,6,40,80,7,7,0,0,0,41,,130,,6,KNYC,,14,12,9,4,,,4,3,13,4,39,19,3,76,
2026-08-30 18:00:00,2026-09-02 18:00:00,NBS,80,71,150,3,17.0,,1.0,,,14.0,,,6,40,80,11,6,0,0,0,26,0.0,130,0.0,6,KNYC,,20,16,8,15,,,5,3,10,3,28,15,3,78,
2026-08-31 00:00:00,2026-08-31 06:00:00,NBS,73,66,300,0,26.0,,1.0,,15.0,22.0,,,60,100,67,6,11,0,0,0,22,0.0,130,0.0,60,KNYC,,5,33,7,0,,,2,3,21,2,5,0,2,70,15/22
2026-08-31 00:00:00,2026-08-31 09:00:00,NBS,72,65,340,0,,,,,,,,,60,100,78,5,3,0,0,0,16,,130,,50,KNYC,,4,1,6,0,,,1,3,23,2,0,0,2,69,
2026-08-31 00:00:00,2026-08-31 12:00:00,NBS,72,65,30,1,12.0,27.0,0.0,1.0,,5.0,,22.0,70,100,64,6,2,0,0,0,0,0.0,130,0.0,60,KNYC,1.0,10,4,6,13,70.0,2.0,1,2,25,3,0,0,2,69,
2026-08-31 00:00:00,2026-08-31 15:00:00,NBS,77,64,60,0,,,,,,,,,60,100,69,5,2,0,0,0,13,,130,,50,KNYC,,23,6,3,38,,,2,2,26,2,0,0,2,73,
2026-08-31 00:00:00,2026-08-31 18:00:00,NBS,80,65,140,0,15.0,,0.0,,,4.0,,,60,100,75,6,4,0,0,0,1,0.0,130,0.0,50,KNYC,,27,23,3,35,,,3,2,25,2,0,0,1,75,
2026-08-31 00:00:00,2026-08-31 21:00:00,NBS,79,66,170,0,,,,,,,,,-88,100,56,9,4,0,0,0,7,,130,,50,KNYC,,24,21,5,30,,,3,2,27,3,3,0,2,74,
2026-08-31 00:00:00,2026-09-01 00:00:00,NBS,74,66,160,1,13.0,15.0,0.0,0.0,,8.0,,8.0,45,100,66,9,7,0,0,0,10,0.0,140,0.0,43,KNYC,0.0,8,18,6,6,81.0,2.0,2,2,27,3,3,3,2,70,
2026-08-31 00:00:00,2026-09-01 03:00:00,NBS,73,68,170,0,,,,,,,,,35,80,78,6,12,0,0,0,16,,140,,33,KNYC,,5,18,6,0,,,2,2,18,2,2,0,2,70,
2026-08-31 00:00:00,2026-09-01 06:00:00,NBS,73,69,190,0,35.0,,1.0,,,23.0,,,9,60,83,5,11,0,0,0,20,0.0,140,0.0,9,KNYC,,5,19,6,0,,,2,2,33,3,25,3,2,71,
2026-08-31 00:00:00,2026-09-01 09:00:00,NBS,72,69,220,0,,,,,,,,,4,30,86,5,10,0,0,0,47,,140,,4,KNYC,,4,24,7,0,,,1,1,14,3,35,17,2,70,
2026-08-31 00:00:00,2026-09-01 12:00:00,NBS,73,70,220,0,43.0,67.0,2.0,3.0,,15.0,,23.0,45,70,85,6,7,0,0,0,27,0.0,140,0.0,29,KNYC,8.0,10,25,8,8,70.0,2.0,1,1,13,3,17,10,2,72,
2026-08-31 00:00:00,2026-09-01 15:00:00,NBS,80,72,230,3,,,,,,,,,-88,100,46,8,6,0,0,0,27,,140,,39,KNYC,,20,26,10,55,,,4,2,21,3,7,1,2,79,
2026-08-31 00:00:00,2026-09-01 18:00:00,NBS,83,72,230,3,13.0,,1.0,,,18.0,,,43,100,70,11,11,0,0,0,45,0.0,140,0.0,35,KNYC,,39,28,10,33,,,6,2,13,3,5,1,2,80,
2026-08-31 00:00:00,2026-09-01 21:00:00,NBS,82,72,140,4,,,,,,,,,47,100,63,12,18,0,0,0,67,,140,,26,KNYC,,20,27,8,25,,,6,2,25,3,5,0,2,78,
2026-08-31 00:00:00,2026-09-02 00:00:00,NBS,78,71,60,0,69.0,72.0,26.0,27.0,,36.0,,36.0,15,90,90,8,21,0,0,0,48,0.0,130,0.0,15,KNYC,4.0,12,9,12,5,83.0,5.0,5,2,11,4,23,13,2,74,
2026-08-31 00:00:00,2026-09-02 03:00:00,NBS,75,70,80,0,,,,,,,,,6,30,86,7,13,0,0,0,81,,130,,6,KNYC,,14,8,9,0,,,4,2,18,4,39,20,2,73,
2026-08-31 00:00:00,2026-09-02 06:00:00,NBS,74,70,70,0,59.0,,38.0,,,23.0,,,6,30,78,6,9,0,0,0,56,0.0,130,0.0,6,KNYC,,15,8,10,0,,,3,2,18,3,38,23,2,72,
2026-08-31 00:00:00,2026-09-02 09:00:00,NBS,72,70,80,2,,,,,,,,,6,50,74,7,5,0,0,0,42,,120,,6,KNYC,,14,8,8,0,,,3,3,11,3,33,18,2,71,
2026-08-31 00:00:00,2026-09-02 12:00:00,NBS,73,70,90,3,37.0,70.0,10.0,48.0,,11.0,,23.0,7,30,82,7,4,0,0,0,52,0.0,120,0.0,7,KNYC,7.0,14,9,9,0,70.0,3.0,3,3,9,4,34,28,2,72,
2026-08-31 00:00:00,2026-09-02 15:00:00,NBS,76,71,120,2,,,,,,,,,6,20,86,8,8,0,0,0,77,,140,,6,KNYC,,17,11,10,3,,,4,3,8,4,41,26,3,74,
2026-08-31 00:00:00,2026-09-02 18:00:00,NBS,79,72,140,3,46.0,,10.0,,,18.0,,,6,20,85,10,10,0,0,0,62,0.0,140,0.0,6,KNYC,,15,13,11,5,,,5,3,10,4,37,24,2,77,
2026-08-31 00:00:00,2026-09-02 21:00:00,NBS,79,72,140,3,,,,,,,,,6,40,81,11,9,0,0,0,28,,130,,6,KNYC,,16,13,8,16,,,5,3,10,3,31,22,2,75,
2026-08-31 00:00:00,2026-09-03 00:00:00,NBS,75,71,130,0,45.0,73.0,1.0,11.0,,15.0,,23.0,7,40,74,9,8,0,0,0,42,0.0,130,0.0,7,KNYC,3.0,7,14,8,10,80.0,5.0,4,3,24,3,32,16,2,73,
2026-08-31 06:00:00,2026-08-31 12:00:00,NBS,72,65,40,0,6.0,,0.0,,21.0,5.0,20.0,,70,100,64,5,2,0,0,0,19,0.0,130,0.0,60,KNYC,,9,3,6,13,,,1,2,25,2,0,0,2,70,21/5
2026-08-31 06:00:00,2026-08-31 15:00:00,NBS,75,64,60,0,,,,,,,,,45,100,72,5,2,0,0,0,12,,130,,45,KNYC,,20,6,4,32,,,3,2,28,2,0,0,1,73,
2026-08-31 06:00:00,2026-08-31 18:00:00,NBS,79,65,140,0,11.0,,0.0,,,3.0,,,35,100,74,5,3,0,0,0,4,0.0,130,0.0,35,KNYC,,32,23,3,29,,,4,2,17,2,4,0,1,75,
2026-08-31 06:00:00,2026-08-31 21:00:00,NBS,79,66,170,1,,,,,,,,,35,100,67,9,3,0,0,0,20,,130,,31,KNYC,,27,20,5,20,,,3,2,22,3,4,2,2,74,
2026-08-31 06:00:00,2026-09-01 00:00:00,NBS,74,66,160,0,17.0,13.0,0.0,0.0,,6.0,,6.0,35,90,79,8,6,0,0,0,8,0.0,130,0.0,35,KNYC,2.0,8,18,6,2,79.0,3.0,2,2,26,3,8,4,2,70,
2026-08-31 06:00:00,2026-09-01 03:00:00,NBS,73,67,170,2,,,,,,,,,35,70,82,7,12,0,0,0,27,,140,,35,KNYC,,5,18,7,0,,,2,2,24,2,10,2,2,70,
2026-08-31 06:00:00,2026-09-01 06:00:00,NBS,73,69,180,1,50.0,,1.0,,,23.0,,,7,40,84,6,11,0,0,0,51,0.0,140,0.0,7,KNYC,,5,19,6,0,,,2,1,17,3,33,8,2,71,
2026-08-31 06:00:00,2026-09-01 09:00:00,NBS,72,70,200,0,,,,,,,,,13,50,94,6,7,0,0,0,38,,140,,13,KNYC,,5,20,6,0,,,2,1,9,3,24,12,2,71,
2026-08-31 06:00:00,2026-09-01 12:00:00,NBS,73,71,230,0,43.0,77.0,1.0,2.0,,10.0,,23.0,27,70,84,6,4,0,0,0,23,0.0,140,0.0,23,KNYC,9.0,9,25,8,3,70.0,2.0,2,1,10,3,17,13,2,72,
2026-08-31 06:00:00,2026-09-01 15:00:00,NBS,80,71,250,0,,,,,,,,,45,100,59,7,3,0,0,0,22,,140,,44,KNYC,,18,25,8,26,,,4,1,34,3,2,0,2,79,
2026-08-31 06:00:00,2026-09-01 18:00:00,NBS,84,71,330,2,17.0,,0.0,,,13.0,,,35,100,57,10,7,0,0,0,19,0.0,130,0.0,31,KNYC,,33,27,8,47,,,5,2,27,3,1,0,2,81,
2026-08-31 06:00:00,2026-09-01 21:00:00,NBS,82,72,50,3,,,,,,,,,50,100,65,11,16,0,0,0,49,,130,,15,KNYC,,25,7,8,23,,,5,2,35,3,7,2,2,78,
2026-08-31 06:00:00,2026-09-02 00:00:00,NBS,77,71,60,0,64.0,70.0,23.0,23.0,,34.0,,34.0,15,50,84,9,20,0,0,0,23,0.0,130,0.0,10,KNYC,4.0,10,7,10,4,84.0,4.0,5,3,32,4,26,18,2,74,
2026-08-31 06:00:00,2026-09-02 03:00:00,NBS,74,69,60,3,,,,,,,,,6,30,86,8,14,0,0,0,58,,130,,3,KNYC,,15,9,9,0,,,4,3,14,4,46,25,2,72,
2026-08-31 06:00:00,2026-09-02 06:00:00,NBS,73,68,70,4,38.0,,3.0,,,25.0,,,5,20,85,8,9,0,0,0,52,0.0,120,0.0,5,KNYC,,13,9,9,0,,,3,4,6,3,44,25,2,71,
2026-08-31 06:00:00,2026-09-02 09:00:00,NBS,72,68,70,4,,,,,,,,,5,40,92,9,7,0,0,0,56,,130,,5,KNYC,,13,9,8,0,,,3,4,5,3,42,19,2,70,
2026-08-31 06:00:00,2026-09-02 12:00:00,NBS,72,68,80,4,33.0,60.0,3.0,6.0,,11.0,,25.0,6,40,87,8,3,0,0,0,56,0.0,120,0.0,6,KNYC,2.0,16,9,10,1,69.0,3.0,3,4,6,3,42,26,2,70,
2026-08-31 06:00:00,2026-09-02 15:00:00,NBS,74,69,100,3,,,,,,,,,7,60,87,9,6,0,0,0,53,,130,,7,KNYC,,20,11,10,7,,,4,4,8,4,40,16,2,72,
2026-08-31 06:00:00,2026-09-02 18:00:00,NBS,76,69,110,4,46.0,,16.0,,,15.0,,,10,90,87,11,8,0,0,0,53,0.0,130,0.0,10,KNYC,,19,12,9,9,,,4,4,8,3,28,13,2,75,
2026-08-31 06:00:00,2026-09-02 21:00:00,NBS,77,70,120,3,,,,,,,,,11,100,84,12,7,0,0,0,30,,130,,11,KNYC,,19,13,10,18,,,5,4,9,3,23,13,2,73,
2026-08-31 06:00:00,2026-09-03 00:00:00,NBS,73,69,120,3,30.0,58.0,1.0,17.0,,14.0,,20.0,11,60,89,10,7,0,0,0,30,0.0,130,0.0,11,KNYC,4.0,13,13,10,11,77.0,4.0,4,4,12,4,27,16,2,71,
2026-08-31 06:00:00,2026-09-03 03:00:00,NBS,73,69,130,1,,,,,,,,,6,40,89,8,9,0,0,0,60,,130,,6,KNYC,,9,14,8,0,,,4,4,10,4,36,16,2,71,
2026-08-31 06:00:00,2026-09-03 06:00:00,NBS,73,70,150,0,47.0,,31.0,,,21.0,,,6,30,82,6,12,0,0,0,60,0.0,130,0.0,6,KNYC,,8,17,7,0,,,3,3,13,4,40,20,2,71,
2026-08-31 12:00:00,2026-08-31 18:00:00,NBS,77,64,170,0,7.0,,0.0,,16.0,2.0,,,35,100,80,5,2,0,0,0,14,0.0,130,0.0,34,KNYC,,34,21,4,24,,,5,2,22,2,0,0,1,73,16/2
2026-08-31 12:00:00,2026-08-31 21:00:00,NBS,77,65,160,0,,,,,,,,,35,100,82,8,5,0,0,0,23,,140,,32,KNYC,,25,19,6,14,,,4,2,22,3,1,0,2,72,
2026-08-31 12:00:00,2026-09-01 00:00:00,NBS,73,65,150,0,29.0,9.0,0.0,0.0,,8.0,,8.0,35,100,82,8,7,0,0,0,31,0.0,140,0.0,34,KNYC,2.0,7,16,6,4,78.0,4.0,3,2,26,3,5,2,2,69,
2026-08-31 12:00:00,2026-09-01 03:00:00,NBS,72,67,160,0,,,,,,,,,27,80,83,7,11,0,0,0,51,,140,,27,KNYC,,6,17,6,0,,,3,2,21,2,3,1,2,70,
2026-08-31 12:00:00,2026-09-01 06:00:00,NBS,72,69,190,0,46.0,,1.0,,,24.0,,,13,50,80,6,14,0,0,0,34,0.0,140,0.0,13,KNYC,,5,19,6,0,,,2,1,18,3,21,5,2,70,
2026-08-31 12:00:00,2026-09-01 09:00:00,NBS,72,70,200,0,,,,,,,,,7,40,91,5,10,0,0,0,32,,140,,7,KNYC,,5,20,6,0,,,2,1,11,3,30,16,2,70,
2026-08-31 12:00:00,2026-09-01 12:00:00,NBS,73,71,240,1,52.0,65.0,8.0,9.0,,14.0,,24.0,4,30,85,6,6,0,0,0,13,0.0,140,0.0,4,KNYC,7.0,9,26,6,8,69.0,2.0,2,1,9,3,37,20,2,72,
2026-08-31 12:00:00,2026-09-01 15:00:00,NBS,79,72,250,2,,,,,,,,,27,100,61,8,5,0,0,0,34,,140,,27,KNYC,,18,26,7,16,,,4,2,34,3,8,4,2,79,
2026-08-31 12:00:00,2026-09-01 18:00:00,NBS,84,72,230,2,29.0,,7.0,,,15.0,,,35,100,72,9,9,0,0,0,20,0.0,130,0.0,35,KNYC,,28,25,8,49,,,5,2,32,3,3,0,2,81,
2026-08-31 12:00:00,2026-09-01 21:00:00,NBS,82,72,110,2,,,,,,,,,27,70,70,10,18,0,0,0,35,,130,,27,KNYC,,23,21,5,18,,,5,2,30,3,11,6,2,78,
2026-08-31 12:00:00,2026-09-02 00:00:00,NBS,77,70,80,1,49.0,63.0,7.0,14.0,,41.0,,41.0,8,30,86,9,22,0,0,0,29,0.0,130,0.0,8,KNYC,4.0,8,8,8,3,84.0,4.0,5,3,28,4,26,12,3,73,
2026-08-31 12:00:00,2026-09-02 03:00:00,NBS,74,70,70,3,,,,,,,,,6,10,90,8,15,0,0,0,32,,120,,3,KNYC,,12,10,8,0,,,3,3,11,3,44,29,2,72,
2026-08-31 12:00:00,2026-09-02 06:00:00,NBS,72,68,60,3,27.0,,1.0,,,25.0,,,6,10,71,8,8,0,0,0,50,0.0,120,0.0,3,KNYC,,11,8,9,0,,,3,4,17,3,47,29,2,70,
2026-08-31 12:00:00,2026-09-02 09:00:00,NBS,71,67,50,4,,,,,,,,,5,30,95,9,6,0,0,0,41,,110,,4,KNYC,,14,8,9,0,,,2,4,11,3,41,24,2,68,
2026-08-31 12:00:00,2026-09-02 12:00:00,NBS,71,67,60,4,8.0,52.0,0.0,1.0,,9.0,,25.0,6,20,91,10,2,0,0,0,36,0.0,110,0.0,6,KNYC,0.0,16,8,9,3,68.0,3.0,2,4,10,3,40,31,2,69,
2026-08-31 12:00:00,2026-09-02 15:00:00,NBS,73,68,70,4,,,,,,,,,6,40,91,10,3,0,0,0,28,,120,,6,KNYC,,19,7,8,7,,,3,4,10,3,44,21,2,72,
2026-08-31 12:00:00,2026-09-02 18:00:00,NBS,75,69,90,4,47.0,,8.0,,,10.0,,,13,100,88,11,5,0,0,0,28,0.0,120,0.0,13,KNYC,,25,10,9,17,,,4,3,9,3,28,12,2,74,
2026-08-31 12:00:00,2026-09-02 21:00:00,NBS,76,69,120,4,,,,,,,,,11,100,85,12,5,0,0,0,14,,130,,11,KNYC,,23,14,10,20,,,3,3,27,3,21,14,2,73,
2026-08-31 12:00:00,2026-09-03 00:00:00,NBS,73,68,120,3,14.0,54.0,1.0,9.0,,12.0,,16.0,14,100,91,10,8,0,0,0,15,0.0,130,0.0,12,KNYC,3.0,15,14,9,11,77.0,3.0,3,3,8,3,24,15,2,70,
2026-08-31 12:00:00,2026-09-03 03:00:00,NBS,72,69,130,3,,,,,,,,,14,50,94,8,11,0,0,0,48,,130,,8,KNYC,,10,14,9,0,,,3,3,5,3,31,20,2,71,
2026-08-31 12:00:00,2026-09-03 06:00:00,NBS,72,70,150,0,39.0,,2.0,,,22.0,,,6,30,87,6,12,0,0,0,50,0.0,130,0.0,6,KNYC,,9,17,8,0,,,2,2,8,3,39,21,2,71,
2026-08-31 12:00:00,2026-09-03 09:00:00,NBS,72,70,190,2,,,,,,,,,6,30,85,6,10,0,0,0,51,,130,,6,KNYC,,9,22,8,0,,,2,2,8,4,35,21,2,70,
2026-08-31 12:00:00,2026-09-03 12:00:00,NBS,73,71,210,3,45.0,65.0,17.0,19.0,,16.0,,22.0,7,20,79,8,7,0,0,0,51,0.0,130,0.0,7,KNYC,4.0,13,25,8,1,69.0,2.0,2,2,15,4,33,29,2,72,
2026-08-31 18:00:00,2026-09-01 00:00:00,NBS,73,65,150,1,21.0,,1.0,,11.0,8.0,20.0,,60,100,84,9,6,0,0,0,6,0.0,140,0.0,45,KNYC,,8,16,7,3,,,2,2,25,3,0,1,2,70,11/8
2026-08-31 18:00:00,2026-09-01 03:00:00,NBS,72,67,170,3,,,,,,,,,35,60,91,8,13,0,0,0,26,,140,,31,KNYC,,4,17,7,0,,,2,2,7,3,9,2,2,70,
2026-08-31 18:00:00,2026-09-01 06:00:00,NBS,72,68,200,2,59.0,,5.0,,,28.0,,,8,50,82,7,17,0,0,0,52,0.0,140,0.0,8,KNYC,,4,21,7,0,,,2,2,14,3,46,5,2,70,
2026-08-31 18:00:00,2026-09-01 09:00:00,NBS,72,70,210,0,,,,,,,,,7,30,86,6,14,0,0,0,18,,140,,7,KNYC,,5,22,6,0,,,2,1,9,3,34,17,2,70,
2026-08-31 18:00:00,2026-09-01 12:00:00,NBS,73,71,220,0,60.0,79.0,9.0,14.0,,21.0,,28.0,6,40,76,5,9,0,0,0,19,0.0,140,0.0,6,KNYC,7.0,10,24,5,8,70.0,2.0,1,1,15,3,43,17,2,72,
2026-08-31 18:00:00,2026-09-01 15:00:00,NBS,78,72,210,0,,,,,,,,,13,100,82,7,6,0,0,0,44,,140,,13,KNYC,,16,24,6,19,,,3,2,17,3,19,5,2,76,
2026-08-31 18:00:00,2026-09-01 18:00:00,NBS,82,72,220,0,43.0,,2.0,,,14.0,,,35,100,72,9,7,0,0,0,29,0.0,130,0.0,35,KNYC,,28,23,10,41,,,4,1,23,3,4,0,2,80,
2026-08-31 18:00:00,2026-09-01 21:00:00,NBS,81,73,190,0,,,,,,,,,35,90,61,8,21,0,0,0,41,,130,,35,KNYC,,21,25,9,25,,,4,2,29,3,8,5,2,78,
2026-08-31 18:00:00,2026-09-02 00:00:00,NBS,76,71,80,0,54.0,78.0,10.0,12.0,,41.0,,41.0,8,30,90,8,20,0,0,0,53,0.0,130,0.0,8,KNYC,10.0,6,9,7,5,83.0,3.0,4,2,22,4,27,11,3,74,
2026-08-31 18:00:00,2026-09-02 03:00:00,NBS,74,70,60,3,,,,,,,,,3,20,88,8,16,0,0,0,23,,120,,3,KNYC,,4,7,5,0,,,3,3,31,4,55,17,2,72,
2026-08-31 18:00:00,2026-09-02 06:00:00,NBS,72,70,60,3,54.0,,22.0,,,29.0,,,2,10,85,7,11,0,0,0,31,0.0,120,0.0,2,KNYC,,5,7,8,0,,,2,3,17,3,59,23,2,70,
2026-08-31 18:00:00,2026-09-02 09:00:00,NBS,71,69,50,4,,,,,,,,,5,20,88,8,7,0,0,0,14,,110,,5,KNYC,,11,7,10,0,,,2,3,13,3,43,25,2,69,
2026-08-31 18:00:00,2026-09-02 12:00:00,NBS,71,69,60,4,13.0,57.0,1.0,23.0,,12.0,,29.0,5,20,79,9,3,0,0,0,18,0.0,100,0.0,5,KNYC,3.0,12,7,9,4,69.0,2.0,2,3,19,3,52,31,2,69,
2026-08-31 18:00:00,2026-09-02 15:00:00,NBS,73,69,70,4,,,,,,,,,6,40,92,10,2,0,0,0,21,,110,,6,KNYC,,20,6,9,19,,,3,3,12,3,50,22,2,72,
2026-08-31 18:00:00,2026-09-02 18:00:00,NBS,75,70,80,4,11.0,,1.0,,,6.0,,,7,70,67,11,2,0,0,0,22,0.0,120,0.0,7,KNYC,,24,8,8,28,,,3,3,18,3,36,15,2,75,
2026-08-31 18:00:00,2026-09-02 21:00:00,NBS,76,70,100,4,,,,,,,,,10,50,85,12,3,0,0,0,20,,120,,10,KNYC,,27,10,8,10,,,3,3,12,3,29,21,2,73,
2026-08-31 18:00:00,2026-09-03 00:00:00,NBS,73,68,110,3,19.0,29.0,0.0,1.0,,10.0,,11.0,6,70,89,10,6,0,0,0,15,0.0,130,0.0,6,KNYC,1.0,18,12,8,4,77.0,3.0,2,3,10,3,34,16,2,71,
2026-08-31 18:00:00,2026-09-03 03:00:00,NBS,72,69,120,3,,,,,,,,,6,40,95,8,10,0,0,0,35,,130,,6,KNYC,,13,13,7,0,,,2,3,6,3,37,18,2,71,
2026-08-31 18:00:00,2026-09-03 06:00:00,NBS,72,70,150,0,24.0,,2.0,,,20.0,,,6,30,82,6,11,0,0,0,46,0.0,130,0.0,6,KNYC,,11,16,7,0,,,2,2,8,4,37,18,2,70,
2026-08-31 18:00:00,2026-09-03 09:00:00,NBS,72,71,160,3,,,,,,,,,12,40,85,7,11,0,0,0,54,,130,,3,KNYC,,11,17,6,0,,,2,2,8,4,31,19,2,71,
2026-08-31 18:00:00,2026-09-03 12:00:00,NBS,73,71,200,4,40.0,55.0,1.0,3.0,,17.0,,20.0,6,30,74,9,7,0,0,0,54,0.0,130,0.0,3,KNYC,1.0,12,21,7,0,70.0,2.0,2,1,12,4,37,29,2,73,
2026-08-31 18:00:00,2026-09-03 15:00:00,NBS,79,73,220,4,,,,,,,,,6,70,65,12,5,0,0,0,38,,130,,6,KNYC,,19,23,10,8,,,3,1,20,4,34,14,2,78,
2026-08-31 18:00:00,2026-09-03 18:00:00,NBS,84,73,230,5,24.0,,1.0,,,11.0,,,120,100,60,15,4,0,0,0,38,0.0,130,0.0,60,KNYC,,29,24,11,21,,,4,2,21,3,7,4,2,82,
2026-09-01 00:00:00,2026-09-01 06:00:00,NBS,72,68,200,3,59.0,,5.0,,32.0,22.0,,,35,100,86,7,13,0,0,0,79,0.0,140,0.0,25,KNYC,,5,20,6,0,,,1,2,12,3,3,2,2,70,32/22
2026-09-01 00:00:00,2026-09-01 09:00:00,NBS,72,69,220,2,,,,,,,,,13,90,80,7,13,0,0,0,30,,140,,13,KNYC,,4,22,7,0,,,1,1,15,3,23,8,2,70,
2026-09-01 00:00:00,2026-09-01 12:00:00,NBS,73,70,220,0,53.0,88.0,1.0,6.0,,22.0,,24.0,11,80,74,6,9,0,0,0,17,0.0,140,0.0,6,KNYC,7.0,11,24,7,7,70.0,1.0,1,1,21,3,27,9,2,72,
2026-09-01 00:00:00,2026-09-01 15:00:00,NBS,78,72,220,0,,,,,,,,,18,100,81,7,5,0,0,0,42,,140,,18,KNYC,,18,25,6,30,,,3,2,15,3,9,3,2,76,
2026-09-01 00:00:00,2026-09-01 18:00:00,NBS,82,72,210,1,34.0,,2.0,,,13.0,,,45,100,70,9,9,0,0,0,29,0.0,140,0.0,38,KNYC,,28,23,8,50,,,4,2,23,3,0,0,2,80,
2026-09-01 00:00:00,2026-09-01 21:00:00,NBS,81,73,120,0,,,,,,,,,45,100,73,8,22,0,0,0,51,,130,,38,KNYC,,20,26,6,24,,,4,2,27,3,7,5,2,78,
2026-09-01 00:00:00,2026-09-02 00:00:00,NBS,77,71,80,0,58.0,77.0,14.0,16.0,,40.0,,40.0,13,50,88,7,23,0,0,0,54,0.0,130,0.0,13,KNYC,7.0,8,8,10,4,83.0,3.0,3,2,19,4,22,9,2,74,
2026-09-01 00:00:00,2026-09-02 03:00:00,NBS,74,70,60,3,,,,,,,,,5,20,94,8,16,0,0,0,25,,120,,5,KNYC,,5,7,7,0,,,3,3,8,4,38,13,2,72,
2026-09-01 00:00:00,2026-09-02 06:00:00,NBS,72,69,60,3,40.0,,5.0,,,26.0,,,2,8,87,8,9,0,0,0,40,0.0,120,0.0,2,KNYC,,13,7,9,0,,,3,3,16,3,57,28,2,70,
2026-09-01 00:00:00,2026-09-02 09:00:00,NBS,71,68,50,4,,,,,,,,,2,8,92,8,3,0,0,0,26,,110,,2,KNYC,,13,7,10,0,,,3,3,11,3,57,29,2,69,
2026-09-01 00:00:00,2026-09-02 12:00:00,NBS,71,68,50,5,5.0,40.0,0.0,5.0,,5.0,,26.0,4,20,85,9,1,0,0,0,18,0.0,100,0.0,4,KNYC,3.0,13,7,10,4,69.0,3.0,3,4,19,3,44,23,2,69,
2026-09-01 00:00:00,2026-09-02 15:00:00,NBS,73,68,70,4,,,,,,,,,7,100,88,10,1,0,0,0,16,,110,,7,KNYC,,22,8,8,13,,,3,4,13,3,34,16,2,72,
2026-09-01 00:00:00,2026-09-02 18:00:00,NBS,76,69,60,4,22.0,,10.0,,,3.0,,,13,100,86,10,1,0,0,0,26,0.0,120,0.0,12,KNYC,,29,9,8,27,,,4,4,13,3,18,7,2,75,
2026-09-01 00:00:00,2026-09-02 21:00:00,NBS,76,69,90,4,,,,,,,,,26,100,77,11,3,0,0,0,6,,120,,12,KNYC,,27,9,9,12,,,4,4,13,3,13,5,2,74,
2026-09-01 00:00:00,2026-09-03 00:00:00,NBS,73,68,110,3,15.0,45.0,0.0,10.0,,10.0,,10.0,24,100,91,9,8,0,0,0,6,0.0,130,0.0,22,KNYC,3.0,18,12,7,4,78.0,4.0,3,3,11,3,11,2,2,70,
2026-09-01 00:00:00,2026-09-03 03:00:00,NBS,72,68,130,2,,,,,,,,,13,40,89,7,10,0,0,0,18,,130,,13,KNYC,,13,13,7,0,,,2,3,16,3,31,18,2,70,
2026-09-01 00:00:00,2026-09-03 06:00:00,NBS,72,69,140,0,46.0,,5.0,,,21.0,,,7,30,86,6,12,0,0,0,59,0.0,130,0.0,6,KNYC,,9,14,7,0,,,2,3,6,3,39,22,2,70,
2026-09-01 00:00:00,2026-09-03 09:00:00,NBS,72,70,180,0,,,,,,,,,7,30,87,6,14,0,0,0,46,,130,,3,KNYC,,6,18,5,0,,,2,2,9,4,36,23,2,71,
2026-09-01 00:00:00,2026-09-03 12:00:00,NBS,73,71,210,3,48.0,67.0,14.0,19.0,,23.0,,24.0,15,40,72,7,10,0,0,0,38,0.0,130,0.0,15,KNYC,4.0,9,21,8,0,69.0,2.0,2,2,15,4,30,26,2,72,
2026-09-01 00:00:00,2026-09-03 15:00:00,NBS,78,73,250,4,,,,,,,,,-88,100,70,11,5,0,0,0,29,,130,,100,KNYC,,15,27,13,10,,,4,2,13,4,9,5,2,77,
2026-09-01 00:00:00,2026-09-03 18:00:00,NBS,82,73,240,5,10.0,,1.0,,,13.0,,,-88,100,71,14,5,0,0,0,30,0.0,130,0.0,130,KNYC,,27,26,14,20,,,4,2,23,4,1,0,3,81,
2026-09-01 00:00:00,2026-09-03 21:00:00,NBS,82,73,250,4,,,,,,,,,-88,100,62,13,13,0,0,0,58,,130,,280,KNYC,,30,27,13,47,,,4,2,26,5,2,0,3,78,
2026-09-01 00:00:00,2026-09-04 00:00:00,NBS,79,70,250,0,48.0,54.0,7.0,8.0,,32.0,,32.0,-88,100,58,10,21,0,0,0,60,0.0,130,0.0,70,KNYC,3.0,4,23,7,30,84.0,3.0,3,2,19,4,4,0,3,74,
2026-09-01 06:00:00,2026-09-01 12:00:00,NBS,73,70,220,1,56.0,,2.0,,19.0,21.0,33.0,,13,90,80,6,9,0,0,0,13,0.0,130,0.0,13,KNYC,,10,23,7,13,,,1,1,22,3,21,9,2,72,19/21
2026-09-01 06:00:00,2026-09-01 15:00:00,NBS,77,71,210,0,,,,,,,,,22,100,89,6,6,0,0,0,68,,140,,22,KNYC,,18,24,7,35,,,3,1,9,3,4,2,2,76,
2026-09-01 06:00:00,2026-09-01 18:00:00,NBS,81,72,210,0,18.0,,1.0,,,12.0,,,35,100,70,8,6,0,0,0,18,0.0,140,0.0,35,KNYC,,32,23,9,51,,,4,2,27,3,1,0,2,79,
2026-09-01 06:00:00,2026-09-01 21:00:00,NBS,81,73,170,0,,,,,,,,,45,100,70,8,20,0,0,0,36,,130,,43,KNYC,,24,20,9,28,,,3,2,34,3,2,4,2,77,
2026-09-01 06:00:00,2026-09-02 00:00:00,NBS,76,71,130,0,90.0,93.0,29.0,30.0,,41.0,,41.0,22,60,89,6,25,0,0,0,79,0.0,130,0.0,22,KNYC,6.0,7,17,6,5,83.0,3.0,2,2,16,4,14,11,2,74,
2026-09-01 06:00:00,2026-09-02 03:00:00,NBS,74,70,60,2,,,,,,,,,6,20,72,7,21,0,0,0,18,,130,,6,KNYC,,5,7,4,0,,,2,2,20,4,41,14,2,72,
2026-09-01 06:00:00,2026-09-02 06:00:00,NBS,72,69,50,4,57.0,,4.0,,,32.0,,,2,5,86,8,9,0,0,0,28,0.0,120,0.0,2,KNYC,,5,7,5,0,,,2,3,9,3,52,32,2,71,
2026-09-01 06:00:00,2026-09-02 09:00:00,NBS,71,68,60,5,,,,,,,,,2,5,94,10,4,0,0,0,18,,110,,2,KNYC,,5,6,8,0,,,2,3,8,4,63,32,2,69,
2026-09-01 06:00:00,2026-09-02 12:00:00,NBS,71,67,60,5,7.0,57.0,0.0,4.0,,7.0,,32.0,6,30,77,10,1,0,0,0,18,0.0,110,0.0,6,KNYC,2.0,13,7,10,3,69.0,2.0,2,4,15,3,39,18,2,69,
2026-09-01 06:00:00,2026-09-02 15:00:00,NBS,73,68,70,5,,,,,,,,,11,100,88,11,1,0,0,0,14,,110,,10,KNYC,,20,7,9,19,,,3,4,10,3,27,7,2,71,
2026-09-01 06:00:00,2026-09-02 18:00:00,NBS,75,68,80,4,25.0,,4.0,,,3.0,,,18,100,82,11,2,0,0,0,14,0.0,120,0.0,13,KNYC,,25,8,9,18,,,3,3,30,3,7,2,2,74,
2026-09-01 06:00:00,2026-09-02 21:00:00,NBS,76,69,90,3,,,,,,,,,24,100,88,11,7,0,0,0,14,,120,,10,KNYC,,23,9,9,14,,,3,3,21,3,11,4,2,73,
2026-09-01 06:00:00,2026-09-03 00:00:00,NBS,73,67,110,2,11.0,25.0,0.0,4.0,,15.0,,15.0,23,100,87,9,12,0,0,0,29,0.0,130,0.0,10,KNYC,0.0,14,10,9,4,77.0,3.0,2,3,26,3,11,0,2,70,
2026-09-01 06:00:00,2026-09-03 03:00:00,NBS,72,67,120,3,,,,,,,,,14,100,94,8,13,0,0,0,32,,130,,7,KNYC,,14,15,8,0,,,2,3,10,3,22,8,2,70,
2026-09-01 06:00:00,2026-09-03 06:00:00,NBS,72,68,110,0,28.0,,0.0,,,30.0,,,6,30,87,6,17,0,0,0,61,0.0,130,0.0,6,KNYC,,11,16,8,0,,,2,3,9,3,40,21,2,70,
2026-09-01 06:00:00,2026-09-03 09:00:00,NBS,71,69,180,0,,,,,,,,,6,30,89,6,13,0,0,0,51,,130,,6,KNYC,,8,20,5,0,,,2,3,6,3,38,23,2,71,
2026-09-01 06:00:00,2026-09-03 12:00:00,NBS,72,70,210,3,50.0,68.0,23.0,23.0,,21.0,,30.0,15,40,82,8,8,0,0,0,51,0.0,130,0.0,15,KNYC,4.0,12,22,8,2,69.0,2.0,2,2,10,4,24,24,2,72,
2026-09-01 06:00:00,2026-09-03 15:00:00,NBS,77,72,240,4,,,,,,,,,110,100,64,11,3,0,0,0,40,,130,,110,KNYC,,21,26,11,39,,,3,2,16,4,5,4,2,77,
2026-09-01 06:00:00,2026-09-03 18:00:00,NBS,82,73,250,4,13.0,,1.0,,,9.0,,,-88,100,70,13,5,0,0,0,39,0.0,130,0.0,90,KNYC,,38,28,14,53,,,4,2,14,4,4,0,3,80,
2026-09-01 06:00:00,2026-09-03 21:00:00,NBS,83,73,260,4,,,,,,,,,-88,100,57,13,15,0,0,0,44,,130,,45,KNYC,,33,28,12,49,,,4,3,19,6,4,0,3,78,
2026-09-01 06:00:00,2026-09-04 00:00:00,NBS,79,70,290,0,50.0,57.0,7.0,8.0,,33.0,,33.0,-88,100,52,9,19,0,0,0,48,0.0,130,0.0,160,KNYC,3.0,6,31,7,31,84.0,3.0,4,2,21,5,4,2,2,75,
2026-09-01 06:00:00,2026-09-04 03:00:00,NBS,76,69,300,3,,,,,,,,,-88,100,58,8,11,0,0,0,29,,120,,60,KNYC,,6,33,7,0,,,3,3,19,4,4,0,2,72,
2026-09-01 06:00:00,2026-09-04 06:00:00,NBS,74,67,300,4,42.0,,7.0,,,19.0,,,-88,100,46,10,7,0,0,0,26,0.0,120,0.0,50,KNYC,,7,30,7,0,,,2,4,23,4,8,4,2,70,
2026-09-01 12:00:00,2026-09-01 18:00:00,NBS,82,72,220,2,18.0,,1.0,,9.0,19.0,,,70,100,75,9,11,0,0,0,16,0.0,130,0.0,60,KNYC,,32,24,10,34,,,3,2,27,3,2,6,2,79,9/19
2026-09-01 12:00:00,2026-09-01 21:00:00,NBS,81,73,250,0,,,,,,,,,45,100,71,9,28,0,0,0,38,,130,,45,KNYC,,24,25,10,28,,,3,2,29,3,2,8,2,77,
2026-09-01 12:00:00,2026-09-02 00:00:00,NBS,76,71,60,0,93.0,94.0,46.0,47.0,,49.0,,49.0,27,20,96,6,27,0,0,0,77,0.0,130,0.0,27,KNYC,8.0,6,12,7,5,83.0,3.0,3,1,4,3,15,26,2,74,
2026-09-01 12:00:00,2026-09-02 03:00:00,NBS,74,70,50,0,,,,,,,,,5,30,79,5,15,0,0,0,27,,120,,5,KNYC,,6,6,10,0,,,2,2,22,4,56,13,2,72,
2026-09-01 12:00:00,2026-09-02 06:00:00,NBS,73,70,50,3,62.0,,4.0,,,24.0,,,3,7,87,7,6,0,0,0,32,0.0,120,0.0,3,KNYC,,10,6,10,0,,,2,3,11,4,65,30,2,71,
2026-09-01 12:00:00,2026-09-02 09:00:00,NBS,71,68,50,5,,,,,,,,,2,8,91,10,1,0,0,0,10,,110,,2,KNYC,,13,6,10,0,,,2,3,9,4,81,30,2,70,
2026-09-01 12:00:00,2026-09-02 12:00:00,NBS,71,68,60,5,8.0,62.0,1.0,5.0,,3.0,,24.0,4,30,81,10,0,0,0,0,18,0.0,110,0.0,4,KNYC,3.0,15,7,11,3,69.0,2.0,2,3,15,3,54,22,2,69,
2026-09-01 12:00:00,2026-09-02 15:00:00,NBS,73,68,70,5,,,,,,,,,6,50,89,11,1,0,0,0,11,,110,,6,KNYC,,21,8,10,19,,,3,3,9,3,46,11,2,72,
2026-09-01 12:00:00,2026-09-02 18:00:00,NBS,75,69,80,4,16.0,,1.0,,,3.0,,,13,100,73,11,2,0,0,0,11,0.0,120,0.0,13,KNYC,,28,9,8,25,,,3,3,29,3,14,2,2,75,
2026-09-01 12:00:00,2026-09-02 21:00:00,NBS,76,69,100,3,,,,,,,,,18,100,82,11,3,0,0,0,12,,120,,17,KNYC,,27,11,7,10,,,3,3,24,3,6,1,2,72,
2026-09-01 12:00:00,2026-09-03 00:00:00,NBS,73,67,120,2,26.0,31.0,0.0,1.0,,5.0,,6.0,15,100,87,9,4,0,0,0,16,0.0,120,0.0,15,KNYC,0.0,12,11,9,3,77.0,3.0,2,3,26,3,8,0,2,70,
2026-09-01 12:00:00,2026-09-03 03:00:00,NBS,72,67,120,2,,,,,,,,,24,100,87,7,5,0,0,0,34,,130,,24,KNYC,,11,15,7,0,,,2,3,19,3,13,3,2,70,
2026-09-01 12:00:00,2026-09-03 06:00:00,NBS,72,68,140,0,29.0,,0.0,,,18.0,,,13,40,79,5,11,0,0,0,44,0.0,130,0.0,12,KNYC,,8,16,6,0,,,2,3,14,3,28,17,2,70,
2026-09-01 12:00:00,2026-09-03 09:00:00,NBS,71,69,180,0,,,,,,,,,7,30,88,5,13,0,0,0,82,,130,,4,KNYC,,7,18,7,0,,,2,3,8,3,35,24,2,70,
2026-09-01 12:00:00,2026-09-03 12:00:00,NBS,72,70,210,3,53.0,69.0,12.0,12.0,,21.0,,23.0,7,20,88,8,9,0,0,0,51,0.0,130,0.0,7,KNYC,3.0,13,21,10,1,69.0,2.0,2,2,13,4,37,32,2,71,
2026-09-01 12:00:00,2026-09-03 15:00:00,NBS,77,72,230,4,,,,,,,,,11,100,73,11,5,0,0,0,29,,120,,11,KNYC,,17,23,12,24,,,3,2,16,4,22,9,2,77,
2026-09-01 12:00:00,2026-09-03 18:00:00,NBS,82,73,240,4,20.0,,2.0,,,11.0,,,-88,100,72,13,5,0,0,0,21,0.0,130,0.0,23,KNYC,,30,25,12,47,,,4,2,14,4,4,0,2,80,
2026-09-01 12:00:00,2026-09-03 21:00:00,NBS,82,73,240,4,,,,,,,,,-88,100,50,12,10,0,0,0,31,,130,,110,KNYC,,27,25,12,33,,,4,2,27,5,4,0,3,79,
2026-09-01 12:00:00,2026-09-04 00:00:00,NBS,78,71,260,0,50.0,60.0,9.0,11.0,,28.0,,28.0,-88,100,63,10,19,0,0,0,22,0.0,120,0.0,60,KNYC,3.0,7,26,9,21,84.0,3.0,4,2,26,5,4,0,2,74,
2026-09-01 12:00:00,2026-09-04 03:00:00,NBS,76,70,280,2,,,,,,,,,-88,100,67,8,18,0,0,0,16,,120,,60,KNYC,,5,28,8,0,,,3,2,22,4,3,1,2,73,
2026-09-01 12:00:00,2026-09-04 06:00:00,NBS,74,68,290,3,41.0,,10.0,,,25.0,,,-88,100,55,9,9,0,0,0,14,0.0,120,0.0,50,KNYC,,5,28,7,0,,,2,3,23,4,7,2,2,71,
2026-09-01 12:00:00,2026-09-04 09:00:00,NBS,72,66,300,4,,,,,,,,,-88,100,45,10,6,0,0,0,14,,120,,60,KNYC,,8,32,8,0,,,2,4,25,4,7,2,2,69,
2026-09-01 12:00:00,2026-09-04 12:00:00,NBS,72,65,300,4,5.0,44.0,0.0,10.0,,9.0,,25.0,-88,100,38,9,3,0,0,0,1,0.0,120,0.0,80,KNYC,3.0,13,31,9,2,70.0,2.0,2,4,29,3,8,10,2,70,
2026-09-01 18:00:00,2026-09-02 00:00:00,NBS,75,71,70,0,82.0,,43.0,,2.0,52.0,22.0,,35,20,82,5,30,0,0,0,54,0.0,130,0.0,31,KNYC,,8,6,6,4,,,3,1,20,4,19,34,2,73,2/52
2026-09-01 18:00:00,2026-09-02 03:00:00,NBS,73,70,60,3,,,,,,,,,5,20,89,8,16,0,0,0,42,,120,,5,KNYC,,13,7,11,0,,,2,2,19,5,59,34,3,71,
2026-09-01 18:00:00,2026-09-02 06:00:00,NBS,71,68,50,5,52.0,,10.0,,,24.0,,,3,5,82,10,7,0,0,0,4,0.0,120,0.0,3,KNYC,,5,7,11,0,,,2,3,11,3,60,39,2,70,
2026-09-01 18:00:00,2026-09-02 09:00:00,NBS,70,67,50,5,,,,,,,,,4,30,86,10,1,0,0,0,3,,110,,4,KNYC,,5,7,10,0,,,2,3,18,3,66,23,2,68,
2026-09-01 18:00:00,2026-09-02 12:00:00,NBS,70,66,60,5,3.0,59.0,1.0,11.0,,3.0,,24.0,4,30,80,10,0,0,0,0,24,0.0,110,0.0,4,KNYC,3.0,15,8,10,6,68.0,2.0,2,4,11,3,59,20,1,68,
2026-09-01 18:00:00,2026-09-02 15:00:00,NBS,72,67,70,5,,,,,,,,,9,90,83,11,1,0,0,0,7,,120,,9,KNYC,,23,8,10,19,,,2,3,14,3,33,2,2,71,
2026-09-01 18:00:00,2026-09-02 18:00:00,NBS,75,67,70,4,10.0,,0.0,,,3.0,,,15,100,87,10,1,0,0,0,30,0.0,120,0.0,15,KNYC,,29,9,8,18,,,2,3,18,3,12,0,2,73,
2026-09-01 18:00:00,2026-09-02 21:00:00,NBS,75,67,110,4,,,,,,,,,27,100,86,11,2,0,0,0,19,,130,,24,KNYC,,25,11,9,17,,,2,4,27,3,5,0,2,72,
2026-09-01 18:00:00,2026-09-03 00:00:00,NBS,72,65,120,3,16.0,21.0,0.0,0.0,,3.0,,4.0,22,100,99,9,2,0,0,0,15,0.0,120,0.0,20,KNYC,3.0,13,12,8,6,75.0,2.0,1,4,3,2,8,0,2,68,
2026-09-01 18:00:00,2026-09-03 03:00:00,NBS,71,66,120,3,,,,,,,,,18,100,93,7,5,0,0,0,14,,130,,17,KNYC,,4,13,8,0,,,2,4,10,3,12,2,2,68,
2026-09-01 18:00:00,2026-09-03 06:00:00,NBS,71,67,160,0,30.0,,4.0,,,20.0,,,7,40,90,5,12,0,0,0,54,0.0,130,0.0,7,KNYC,,4,17,5,0,,,2,4,14,3,31,12,2,68,
2026-09-01 18:00:00,2026-09-03 09:00:00,NBS,71,68,230,0,,,,,,,,,15,80,93,5,11,0,0,0,36,,130,,15,KNYC,,10,21,6,0,,,2,3,10,4,24,13,2,69,
2026-09-01 18:00:00,2026-09-03 12:00:00,NBS,72,70,210,3,63.0,73.0,12.0,16.0,,19.0,,22.0,17,40,78,8,8,0,0,0,35,0.0,130,0.0,17,KNYC,4.0,13,23,9,7,68.0,2.0,1,2,15,4,25,26,2,71,
2026-09-01 18:00:00,2026-09-03 15:00:00,NBS,76,72,220,5,,,,,,,,,13,100,65,12,5,0,0,0,26,,130,,8,KNYC,,23,24,10,28,,,2,2,24,4,20,9,2,76,
2026-09-01 18:00:00,2026-09-03 18:00:00,NBS,80,74,240,5,39.0,,3.0,,,15.0,,,49,100,51,14,9,0,0,0,15,0.0,130,0.0,26,KNYC,,31,26,10,54,,,3,2,22,3,6,0,2,81,
2026-09-01 18:00:00,2026-09-03 21:00:00,NBS,82,74,240,4,,,,,,,,,-88,100,53,13,15,0,0,0,22,,130,,31,KNYC,,31,24,10,33,,,3,2,19,4,5,2,3,79,
2026-09-01 18:00:00,2026-09-04 00:00:00,NBS,77,71,240,0,41.0,52.0,11.0,14.0,,29.0,,29.0,-88,100,61,10,16,0,0,0,46,0.0,130,0.0,110,KNYC,4.0,11,28,7,10,82.0,3.0,3,2,22,4,4,3,2,74,
2026-09-01 18:00:00,2026-09-04 03:00:00,NBS,75,70,280,2,,,,,,,,,-88,100,67,8,12,0,0,0,24,,120,,60,KNYC,,6,27,6,0,,,2,2,19,4,5,5,2,73,
2026-09-01 18:00:00,2026-09-04 06:00:00,NBS,73,69,290,4,48.0,,27.0,,,22.0,,,-88,100,51,10,9,0,0,0,32,0.0,120,0.0,50,KNYC,,6,29,6,0,,,2,3,23,4,8,7,2,71,
2026-09-01 18:00:00,2026-09-04 09:00:00,NBS,72,67,300,4,,,,,,,,,-88,100,54,9,7,0,0,0,3,,120,,45,KNYC,,6,30,7,0,,,2,3,19,3,6,10,2,70,
2026-09-01 18:00:00,2026-09-04 12:00:00,NBS,73,67,320,4,4.0,51.0,1.0,28.0,,11.0,,22.0,-88,100,29,9,3,0,0,0,3,0.0,120,0.0,40,KNYC,4.0,12,33,8,2,70.0,2.0,2,4,19,3,4,5,2,71,
2026-09-01 18:00:00,2026-09-04 15:00:00,NBS,78,67,320,5,,,,,,,,,-88,100,24,12,1,0,0,0,5,,120,,60,KNYC,,38,33,10,49,,,2,4,25,3,1,0,2,76,
2026-09-01 18:00:00,2026-09-04 18:00:00,NBS,82,65,310,5,3.0,,0.0,,,2.0,,,-88,100,21,14,1,0,0,0,5,0.0,110,0.0,50,KNYC,,56,31,13,64,,,2,4,10,3,1,0,2,78,
2026-09-02 00:00:00,2026-09-02 06:00:00,NBS,71,67,50,5,49.0,,2.0,,10.0,31.0,,,3,8,78,11,10,0,0,0,1,0.0,120,0.0,3,KNYC,,13,7,10,0,,,2,3,21,3,70,35,1,69,10/31
2026-09-02 00:00:00,2026-09-02 09:00:00,NBS,70,66,60,5,,,,,,,,,3,8,91,11,2,0,0,0,2,,110,,3,KNYC,,12,8,10,0,,,2,3,8,2,92,35,1,67,
2026-09-02 00:00:00,2026-09-02 12:00:00,NBS,70,65,60,5,1.0,49.0,0.0,2.0,,4.0,,31.0,5,30,80,11,0,0,0,0,20,0.0,110,0.0,5,KNYC,1.0,14,7,10,6,68.0,2.0,2,3,16,2,62,22,1,68,
2026-09-02 00:00:00,2026-09-02 15:00:00,NBS,72,66,70,5,,,,,,,,,7,40,86,12,0,0,0,0,5,,120,,7,KNYC,,21,8,9,20,,,2,3,12,2,46,15,1,71,
2026-09-02 00:00:00,2026-09-02 18:00:00,NBS,74,67,90,4,9.0,,0.0,,,2.0,,,8,90,88,11,1,0,0,0,10,0.0,130,0.0,8,KNYC,,27,10,8,17,,,2,2,16,3,32,10,2,73,
2026-09-02 00:00:00,2026-09-02 21:00:00,NBS,74,67,110,4,,,,,,,,,11,60,85,11,2,0,0,0,23,,130,,11,KNYC,,25,10,9,15,,,2,3,26,3,24,9,2,72,
2026-09-02 00:00:00,2026-09-03 00:00:00,NBS,71,64,120,3,41.0,45.0,6.0,6.0,,4.0,,5.0,8,50,95,10,2,0,0,0,30,0.0,130,0.0,8,KNYC,1.0,12,13,7,2,75.0,3.0,1,4,6,2,31,10,2,67,
2026-09-02 00:00:00,2026-09-03 03:00:00,NBS,70,64,130,3,,,,,,,,,3,20,88,8,3,0,0,0,17,,130,,3,KNYC,,6,12,7,0,,,2,4,17,3,54,19,2,67,
2026-09-02 00:00:00,2026-09-03 06:00:00,NBS,70,66,150,0,31.0,,1.0,,,14.0,,,2,7,89,6,9,0,0,0,46,0.0,130,0.0,2,KNYC,,5,17,6,0,,,2,3,13,3,57,25,2,68,
2026-09-02 00:00:00,2026-09-03 09:00:00,NBS,71,68,200,1,,,,,,,,,2,8,92,6,11,0,0,0,51,,130,,2,KNYC,,5,19,6,0,,,2,2,10,5,67,30,3,69,
2026-09-02 00:00:00,2026-09-03 12:00:00,NBS,72,69,190,4,62.0,76.0,17.0,18.0,,28.0,,28.0,3,7,82,9,16,0,0,0,45,0.0,130,0.0,3,KNYC,6.0,11,22,11,2,68.0,2.0,1,2,15,4,51,29,2,71,
2026-09-02 00:00:00,2026-09-03 15:00:00,NBS,76,71,220,5,,,,,,,,,28,100,59,12,8,0,0,0,23,,130,,8,KNYC,,20,22,11,29,,,2,2,30,4,18,7,2,76,
2026-09-02 00:00:00,2026-09-03 18:00:00,NBS,80,73,240,5,27.0,,2.0,,,16.0,,,-88,100,77,14,7,0,0,0,18,0.0,130,0.0,29,KNYC,,32,25,14,43,,,3,2,15,3,3,0,2,79,
2026-09-02 00:00:00,2026-09-03 21:00:00,NBS,82,75,240,4,,,,,,,,,-88,100,52,13,11,0,0,0,26,,120,,26,KNYC,,33,24,14,32,,,3,2,29,4,4,0,3,79,
2026-09-02 00:00:00,2026-09-04 00:00:00,NBS,78,71,240,0,42.0,51.0,18.0,20.0,,35.0,,35.0,-88,100,94,9,22,0,0,0,26,0.0,130,0.0,27,KNYC,4.0,9,26,9,11,82.0,3.0,3,3,10,4,5,0,2,74,
2026-09-02 00:00:00,2026-09-04 03:00:00,NBS,75,70,300,0,,,,,,,,,-88,100,55,7,12,0,0,0,16,,110,,32,KNYC,,4,30,5,0,,,2,3,25,4,5,3,2,73,
2026-09-02 00:00:00,2026-09-04 06:00:00,NBS,73,68,310,3,42.0,,2.0,,,18.0,,,-88,100,43,8,5,0,0,0,8,0.0,110,0.0,140,KNYC,,5,33,8,0,,,2,3,26,4,7,7,2,71,
2026-09-02 00:00:00,2026-09-04 09:00:00,NBS,72,67,310,4,,,,,,,,,-88,100,52,9,3,0,0,0,1,,120,,90,KNYC,,5,32,7,0,,,2,3,11,3,3,9,2,70,
2026-09-02 00:00:00,2026-09-04 12:00:00,NBS,73,67,320,4,3.0,43.0,0.0,2.0,,6.0,,18.0,-88,100,39,9,3,0,0,0,1,0.0,130,0.0,80,KNYC,1.0,12,33,8,0,70.0,2.0,2,3,26,3,2,7,2,71,
2026-09-02 00:00:00,2026-09-04 15:00:00,NBS,78,66,310,5,,,,,,,,,-88,100,32,11,1,0,0,0,4,,120,,150,KNYC,,36,32,10,44,,,2,4,21,3,2,0,2,76,
2026-09-02 00:00:00,2026-09-04 18:00:00,NBS,82,66,310,5,3.0,,0.0,,,5.0,,,-88,100,40,14,3,0,0,0,5,0.0,110,0.0,130,KNYC,,50,31,11,52,,,3,4,26,3,2,0,2,78,
2026-09-02 00:00:00,2026-09-04 21:00:00,NBS,82,65,300,5,,,,,,,,,-88,100,30,14,5,0,0,0,6,,110,,50,KNYC,,55,31,13,19,,,2,5,24,4,2,0,2,75,
2026-09-02 00:00:00,2026-09-05 00:00:00,NBS,77,62,320,2,7.0,10.0,0.0,0.0,,10.0,,10.0,-88,100,38,10,6,0,0,0,6,0.0,110,0.0,90,KNYC,0.0,8,32,10,13,82.0,2.0,2,5,24,4,4,0,3,70,
2026-09-02 06:00:00,2026-09-02 12:00:00,NBS,70,65,60,5,6.0,,0.0,,2.0,5.0,9.0,,7,40,89,11,1,0,0,0,36,0.0,110,0.0,7,KNYC,,13,7,9,4,,,1,3,10,2,43,17,1,68,2/5
2026-09-02 06:00:00,2026-09-02 15:00:00,NBS,72,66,70,5,,,,,,,,,11,100,93,12,1,0,0,0,5,,110,,11,KNYC,,20,9,8,20,,,2,3,10,2,27,9,1,70,
2026-09-02 06:00:00,2026-09-02 18:00:00,NBS,74,67,90,4,9.0,,0.0,,,2.0,,,11,80,93,11,2,0,0,0,5,0.0,120,0.0,11,KNYC,,26,10,7,18,,,2,2,8,2,22,5,2,72,
2026-09-02 06:00:00,2026-09-02 21:00:00,NBS,74,68,110,4,,,,,,,,,13,100,90,12,3,0,0,0,40,,130,,13,KNYC,,23,11,9,12,,,2,3,18,3,15,5,2,71,
2026-09-02 06:00:00,2026-09-03 00:00:00,NBS,72,65,120,3,26.0,33.0,2.0,2.0,,4.0,,5.0,15,100,96,10,2,0,0,0,11,0.0,130,0.0,15,KNYC,0.0,10,12,8,3,74.0,3.0,2,4,5,3,14,1,2,68,
2026-09-02 06:00:00,2026-09-03 03:00:00,NBS,71,66,110,3,,,,,,,,,11,70,94,8,4,0,0,0,34,,130,,10,KNYC,,5,14,6,0,,,1,4,7,3,22,0,2,68,
2026-09-02 06:00:00,2026-09-03 06:00:00,NBS,72,68,180,1,31.0,,0.0,,,20.0,,,3,20,88,6,12,0,0,0,33,0.0,130,0.0,3,KNYC,,4,17,7,0,,,2,3,14,4,50,19,2,70,
2026-09-02 06:00:00,2026-09-03 09:00:00,NBS,72,69,230,3,,,,,,,,,2,20,94,7,14,0,0,0,48,,130,,2,KNYC,,5,20,8,0,,,2,2,8,4,63,23,2,69,
2026-09-02 06:00:00,2026-09-03 12:00:00,NBS,72,70,210,4,68.0,78.0,20.0,20.0,,28.0,,29.0,2,10,74,10,13,0,0,0,37,0.0,130,0.0,2,KNYC,7.0,10,23,10,6,68.0,1.0,1,2,16,4,64,28,2,72,
2026-09-02 06:00:00,2026-09-03 15:00:00,NBS,77,72,230,5,,,,,,,,,8,70,59,14,5,0,0,0,16,,130,,8,KNYC,,18,25,11,22,,,2,2,35,4,31,9,2,77,
2026-09-02 06:00:00,2026-09-03 18:00:00,NBS,82,74,240,5,18.0,,1.0,,,12.0,,,45,100,53,14,6,0,0,0,12,0.0,120,0.0,37,KNYC,,36,27,13,50,,,3,2,31,4,2,0,2,81,
2026-09-02 06:00:00,2026-09-03 21:00:00,NBS,83,75,270,4,,,,,,,,,-88,100,49,13,16,0,0,0,9,,120,,28,KNYC,,31,27,11,31,,,3,2,33,4,4,0,2,80,
2026-09-02 06:00:00,2026-09-04 00:00:00,NBS,78,72,280,0,39.0,52.0,6.0,7.0,,39.0,,39.0,-88,100,47,9,23,0,0,0,32,0.0,110,0.0,160,KNYC,2.0,5,32,8,8,84.0,3.0,3,2,32,4,6,5,3,75,
2026-09-02 06:00:00,2026-09-04 03:00:00,NBS,76,70,310,0,,,,,,,,,-88,100,38,7,9,0,0,0,4,,110,,110,KNYC,,7,29,8,0,,,2,2,33,4,5,5,2,73,
2026-09-02 06:00:00,2026-09-04 06:00:00,NBS,74,68,310,3,44.0,,13.0,,,13.0,,,-88,100,19,8,5,0,0,0,4,0.0,110,0.0,150,KNYC,,6,29,8,0,,,2,3,9,3,9,5,2,71,
2026-09-02 06:00:00,2026-09-04 09:00:00,NBS,72,66,300,4,,,,,,,,,-88,100,31,9,1,0,0,0,1,,120,,110,KNYC,,5,32,6,0,,,2,4,27,3,9,9,2,69,
2026-09-02 06:00:00,2026-09-04 12:00:00,NBS,73,66,310,4,4.0,35.0,0.0,13.0,,1.0,,13.0,-88,100,26,8,1,0,0,0,1,0.0,120,0.0,100,KNYC,1.0,11,31,6,13,70.0,2.0,2,4,29,3,5,6,2,71,
2026-09-02 06:00:00,2026-09-04 15:00:00,NBS,78,67,310,4,,,,,,,,,-88,100,16,11,1,0,0,0,0,,120,,70,KNYC,,33,32,9,48,,,2,4,16,3,3,0,2,76,
2026-09-02 06:00:00,2026-09-04 18:00:00,NBS,81,66,300,5,3.0,,0.0,,,3.0,,,45,100,47,13,2,0,0,0,2,0.0,110,0.0,45,KNYC,,47,30,11,52,,,3,5,32,3,4,0,2,78,
2026-09-02 06:00:00,2026-09-04 21:00:00,NBS,82,64,300,5,,,,,,,,,-88,100,31,14,5,0,0,0,5,,110,,43,KNYC,,51,31,12,28,,,2,5,20,4,4,2,2,76,
2026-09-02 06:00:00,2026-09-05 00:00:00,NBS,77,62,310,3,6.0,7.0,0.0,0.0,,9.0,,9.0,-88,100,25,11,4,0,0,0,5,0.0,110,0.0,-88,KNYC,0.0,8,32,9,21,82.0,2.0,2,4,17,4,0,0,3,70,
2026-09-02 06:00:00,2026-09-05 03:00:00,NBS,73,59,330,5,,,,,,,,,-88,100,17,12,1,0,0,0,1,,100,,230,KNYC,,10,34,10,0,,,2,4,13,3,1,0,2,67,
2026-09-02 06:00:00,2026-09-05 06:00:00,NBS,70,59,330,5,2.0,,0.0,,,2.0,,,-88,100,8,10,0,0,0,0,1,0.0,93,0.0,240,KNYC,,10,33,9,0,,,2,3,10,3,0,0,1,65,
2026-09-02 12:00:00,2026-09-02 18:00:00,NBS,74,67,100,4,18.0,,0.0,,1.0,2.0,,,13,100,84,11,2,0,0,0,10,0.0,120,0.0,13,KNYC,,28,11,6,24,,,2,2,15,3,14,4,2,73,1/2
2026-09-02 12:00:00,2026-09-02 21:00:00,NBS,75,67,120,4,,,,,,,,,18,100,90,12,3,0,0,0,9,,130,,18,KNYC,,23,11,8,11,,,2,3,18,2,6,3,2,72,
2026-09-02 12:00:00,2026-09-03 00:00:00,NBS,72,66,120,2,21.0,31.0,0.0,0.0,,10.0,,10.0,13,100,96,9,7,0,0,0,21,0.0,130,0.0,13,KNYC,0.0,9,11,8,2,75.0,2.0,1,4,4,3,10,2,2,69,
2026-09-02 12:00:00,2026-09-03 03:00:00,NBS,72,66,130,3,,,,,,,,,13,70,92,8,4,0,0,0,30,,130,,12,KNYC,,6,14,6,0,,,2,4,9,2,15,3,2,69,
2026-09-02 12:00:00,2026-09-03 06:00:00,NBS,72,68,180,3,33.0,,0.0,,,24.0,,,5,20,86,8,15,0,0,0,38,0.0,130,0.0,5,KNYC,,5,18,7,0,,,2,3,15,4,40,18,2,70,
2026-09-02 12:00:00,2026-09-03 09:00:00,NBS,72,70,230,3,,,,,,,,,5,30,91,9,17,0,0,0,52,,130,,5,KNYC,,5,21,8,0,,,1,2,9,4,45,17,2,71,
2026-09-02 12:00:00,2026-09-03 12:00:00,NBS,73,70,220,4,64.0,75.0,16.0,16.0,,31.0,,31.0,3,20,89,11,13,0,0,0,34,0.0,130,0.0,3,KNYC,10.0,12,24,11,7,69.0,1.0,1,2,11,4,59,27,2,72,
2026-09-02 12:00:00,2026-09-03 15:00:00,NBS,77,72,230,5,,,,,,,,,7,40,65,14,7,0,0,0,15,,130,,7,KNYC,,20,26,14,30,,,2,2,36,4,37,13,2,77,
2026-09-02 12:00:00,2026-09-03 18:00:00,NBS,83,74,250,5,22.0,,3.0,,,16.0,,,27,100,53,14,6,0,0,0,19,0.0,130,0.0,27,KNYC,,35,27,14,57,,,3,2,26,3,2,0,2,82,
2026-09-02 12:00:00,2026-09-03 21:00:00,NBS,84,74,270,4,,,,,,,,,-88,100,40,13,10,0,0,0,10,,130,,46,KNYC,,31,28,11,39,,,3,2,27,4,3,0,3,81,
2026-09-02 12:00:00,2026-09-04 00:00:00,NBS,79,71,260,0,40.0,44.0,3.0,6.0,,25.0,,25.0,-88,100,44,9,16,0,0,0,25,0.0,120,0.0,160,KNYC,4.0,5,30,8,9,84.0,3.0,3,3,34,4,4,2,2,75,
2026-09-02 12:00:00,2026-09-04 03:00:00,NBS,76,70,310,1,,,,,,,,,-88,100,52,7,11,0,0,0,24,,120,,37,KNYC,,6,28,6,0,,,2,3,30,4,5,5,2,73,
2026-09-02 12:00:00,2026-09-04 06:00:00,NBS,74,68,300,3,13.0,,0.0,,,16.0,,,-88,100,45,9,8,0,0,0,28,0.0,120,0.0,45,KNYC,,7,29,6,0,,,2,3,26,3,5,9,2,71,
2026-09-02 12:00:00,2026-09-04 09:00:00,NBS,72,66,310,3,,,,,,,,,-88,100,39,9,3,0,0,0,34,,110,,43,KNYC,,5,32,6,0,,,2,4,30,3,5,12,2,69,
2026-09-02 12:00:00,2026-09-04 12:00:00,NBS,73,66,310,3,4.0,15.0,0.0,0.0,,7.0,,16.0,-88,100,39,8,3,0,0,0,6,0.0,110,0.0,70,KNYC,0.0,8,31,6,11,70.0,2.0,2,4,35,3,3,6,2,71,
2026-09-02 12:00:00,2026-09-04 15:00:00,NBS,79,67,300,4,,,,,,,,,-88,100,32,11,2,0,0,0,2,,120,,140,KNYC,,34,31,8,55,,,2,4,31,3,2,0,2,76,
2026-09-02 12:00:00,2026-09-04 18:00:00,NBS,82,66,290,5,5.0,,0.0,,,6.0,,,-88,100,52,13,4,0,0,0,2,0.0,120,0.0,80,KNYC,,43,29,13,64,,,2,4,25,3,7,3,2,78,
2026-09-02 12:00:00,2026-09-04 21:00:00,NBS,82,64,310,4,,,,,,,,,-88,100,48,14,8,0,0,0,2,,110,,27,KNYC,,25,31,11,6,,,2,4,26,3,9,8,2,75,
2026-09-02 12:00:00,2026-09-05 00:00:00,NBS,77,62,320,3,6.0,9.0,0.0,0.0,,14.0,,14.0,-88,100,31,10,8,0,0,0,2,0.0,110,0.0,70,KNYC,0.0,12,33,9,3,82.0,2.0,2,4,25,4,5,0,3,71,
2026-09-02 12:00:00,2026-09-05 03:00:00,NBS,73,60,320,5,,,,,,,,,-88,100,26,12,3,0,0,0,1,,100,,240,KNYC,,7,32,9,0,,,2,4,31,3,1,3,2,67,
2026-09-02 12:00:00,2026-09-05 06:00:00,NBS,70,58,330,4,2.0,,0.0,,,3.0,,,-88,100,20,10,0,0,0,0,1,0.0,95,0.0,110,KNYC,,7,34,9,0,,,2,3,26,3,2,3,1,65,
2026-09-02 12:00:00,2026-09-05 09:00:00,NBS,67,58,330,5,,,,,,,,,-88,100,8,10,0,0,0,0,0,,90,,100,KNYC,,7,34,8,0,,,2,2,8,3,0,0,2,63,
2026-09-02 12:00:00,2026-09-05 12:00:00,NBS,68,59,330,5,0.0,1.0,0.0,0.0,,1.0,,3.0,-88,100,3,10,0,0,0,0,0,0.0,89,0.0,-88,KNYC,0.0,14,35,10,2,66.0,2.0,2,2,5,3,0,0,2,65,
2026-09-02 18:00:00,2026-09-03 00:00:00,NBS,72,66,120,1,26.0,,1.0,,1.0,10.0,2.0,,22,100,91,8,7,0,0,0,28,0.0,130,0.0,19,KNYC,,10,15,8,2,,,1,2,21,2,3,0,2,69,1/10
2026-09-02 18:00:00,2026-09-03 03:00:00,NBS,72,67,130,3,,,,,,,,,15,100,94,8,5,0,0,0,27,,130,,12,KNYC,,4,15,6,0,,,2,2,5,2,13,1,2,69,
2026-09-02 18:00:00,2026-09-03 06:00:00,NBS,72,69,190,3,46.0,,4.0,,,25.0,,,7,30,84,9,15,0,0,0,37,0.0,130,0.0,7,KNYC,,4,18,9,0,,,2,2,10,3,38,12,2,71,
2026-09-02 18:00:00,2026-09-03 09:00:00,NBS,72,70,200,4,,,,,,,,,3,20,91,10,16,0,0,0,48,,130,,3,KNYC,,5,22,7,0,,,2,2,9,4,59,24,2,71,
2026-09-02 18:00:00,2026-09-03 12:00:00,NBS,73,71,220,5,66.0,84.0,28.0,32.0,,28.0,,29.0,3,20,75,11,14,0,0,0,38,0.0,130,0.0,3,KNYC,5.0,12,24,11,7,69.0,2.0,1,2,17,4,63,26,2,72,
2026-09-02 18:00:00,2026-09-03 15:00:00,NBS,77,73,240,6,,,,,,,,,7,40,80,14,8,0,0,0,18,,130,,7,KNYC,,19,25,11,30,,,2,2,29,4,42,14,2,77,
2026-09-02 18:00:00,2026-09-03 18:00:00,NBS,82,74,240,6,23.0,,1.0,,,18.0,,,35,100,68,14,7,0,0,0,11,0.0,130,0.0,35,KNYC,,30,26,12,48,,,3,2,27,3,5,0,2,82,
2026-09-02 18:00:00,2026-09-03 21:00:00,NBS,84,74,240,4,,,,,,,,,250,100,57,13,13,0,0,0,9,,130,,180,KNYC,,31,26,11,40,,,3,2,26,4,4,0,2,80,
2026-09-02 18:00:00,2026-09-04 00:00:00,NBS,80,72,260,0,25.0,37.0,2.0,3.0,,27.0,,27.0,-88,100,48,9,17,0,0,0,9,0.0,120,0.0,90,KNYC,0.0,7,26,8,8,84.0,2.0,3,3,34,4,5,2,2,75,
2026-09-02 18:00:00,2026-09-04 03:00:00,NBS,77,70,270,1,,,,,,,,,-88,80,45,7,10,0,0,0,4,,120,,50,KNYC,,4,27,7,0,,,2,3,32,4,6,5,2,73,
2026-09-02 18:00:00,2026-09-04 06:00:00,NBS,75,69,280,2,17.0,,1.0,,,16.0,,,-88,60,46,7,9,0,0,0,8,0.0,120,0.0,100,KNYC,,4,30,8,0,,,2,3,35,3,10,9,2,72,
2026-09-02 18:00:00,2026-09-04 09:00:00,NBS,73,68,290,2,,,,,,,,,-88,100,65,7,5,0,0,0,1,,120,,46,KNYC,,6,29,7,0,,,2,3,35,3,0,9,2,70,
2026-09-02 18:00:00,2026-09-04 12:00:00,NBS,74,68,320,2,4.0,20.0,0.0,1.0,,9.0,,16.0,-88,100,10,7,4,0,0,0,1,0.0,130,0.0,34,KNYC,0.0,10,32,7,17,71.0,2.0,2,3,11,3,4,7,2,72,
2026-09-02 18:00:00,2026-09-04 15:00:00,NBS,79,69,310,4,,,,,,,,,-88,100,62,10,3,0,0,0,7,,130,,31,KNYC,,32,33,9,56,,,2,3,35,3,4,0,2,77,
2026-09-02 18:00:00,2026-09-04 18:00:00,NBS,82,68,290,4,5.0,,0.0,,,6.0,,,-88,100,55,12,4,0,0,0,5,0.0,120,0.0,60,KNYC,,43,30,11,56,,,3,4,33,3,3,0,2,78,
2026-09-02 18:00:00,2026-09-04 21:00:00,NBS,82,67,300,5,,,,,,,,,-88,100,56,13,8,0,0,0,7,,120,,60,KNYC,,43,29,10,19,,,3,4,22,3,4,2,2,76,
2026-09-02 18:00:00,2026-09-05 00:00:00,NBS,78,64,300,3,13.0,16.0,0.0,0.0,,13.0,,13.0,-88,100,39,11,6,0,0,0,7,0.0,110,0.0,200,KNYC,0.0,9,32,8,4,83.0,2.0,2,4,28,3,2,2,2,72,
2026-09-02 18:00:00,2026-09-05 03:00:00,NBS,74,61,330,5,,,,,,,,,-88,100,38,11,1,0,0,0,1,,100,,180,KNYC,,9,33,9,0,,,2,4,38,3,0,0,2,68,
2026-09-02 18:00:00,2026-09-05 06:00:00,NBS,71,59,330,4,2.0,,0.0,,,2.0,,,-88,100,14,10,0,0,0,0,1,0.0,100,0.0,190,KNYC,,8,34,8,0,,,2,3,27,2,3,1,1,66,
2026-09-02 18:00:00,2026-09-05 09:00:00,NBS,68,59,330,4,,,,,,,,,-88,100,5,10,0,0,0,0,0,,93,,-88,KNYC,,6,33,7,0,,,1,2,8,3,0,0,1,63,
2026-09-02 18:00:00,2026-09-05 12:00:00,NBS,68,59,330,4,0.0,2.0,0.0,0.0,,1.0,,2.0,-88,100,0,10,0,0,0,0,0,0.0,88,0.0,-88,KNYC,0.0,12,34,8,2,66.0,2.0,1,2,1,3,0,0,2,65,
2026-09-02 18:00:00,2026-09-05 15:00:00,NBS,74,59,340,6,,,,,,,,,-88,100,4,14,0,0,0,0,1,,88,,-88,KNYC,,40,35,11,51,,,2,2,9,3,0,0,2,71,
2026-09-02 18:00:00,2026-09-05 18:00:00,NBS,78,58,340,6,0.0,,0.0,,,1.0,,,-88,100,19,14,0,0,0,0,1,0.0,90,0.0,50,KNYC,,57,34,11,66,,,2,2,15,3,1,0,2,73,
2026-09-03 00:00:00,2026-09-03 06:00:00,NBS,72,69,200,3,24.0,,3.0,,5.0,24.0,,,6,20,86,8,14,0,0,0,40,0.0,130,0.0,6,KNYC,,5,18,6,0,,,2,2,11,3,45,22,2,71,5/24
2026-09-03 00:00:00,2026-09-03 09:00:00,NBS,72,70,210,4,,,,,,,,,3,20,90,10,12,0,0,0,45,,130,,3,KNYC,,5,21,9,0,,,2,1,8,4,69,32,2,71,
2026-09-03 00:00:00,2026-09-03 12:00:00,NBS,73,70,230,5,80.0,87.0,22.0,25.0,,20.0,,24.0,4,20,71,11,10,0,0,0,47,0.0,130,0.0,4,KNYC,6.0,9,24,9,5,69.0,2.0,1,1,17,4,57,27,2,72,
2026-09-03 00:00:00,2026-09-03 15:00:00,NBS,77,72,240,5,,,,,,,,,13,100,62,14,5,0,0,0,25,,130,,13,KNYC,,18,25,12,41,,,2,2,28,4,18,6,2,77,
2026-09-03 00:00:00,2026-09-03 18:00:00,NBS,82,73,250,5,20.0,,1.0,,,15.0,,,45,100,70,14,6,0,0,0,18,0.0,130,0.0,45,KNYC,,30,26,12,50,,,3,2,30,3,0,0,2,81,
2026-09-03 00:00:00,2026-09-03 21:00:00,NBS,84,73,250,4,,,,,,,,,-88,100,41,13,20,0,0,0,8,,130,,90,KNYC,,31,26,11,39,,,3,3,29,4,2,0,2,80,
2026-09-03 00:00:00,2026-09-04 00:00:00,NBS,80,72,270,0,17.0,27.0,0.0,1.0,,41.0,,41.0,-88,100,55,8,21,0,0,0,9,0.0,130,0.0,70,KNYC,2.0,6,25,5,8,84.0,2.0,3,3,32,4,4,4,2,76,
2026-09-03 00:00:00,2026-09-04 03:00:00,NBS,77,71,270,1,,,,,,,,,-88,70,55,7,15,0,0,0,16,,130,,60,KNYC,,4,27,6,0,,,2,3,30,5,2,7,2,74,
2026-09-03 00:00:00,2026-09-04 06:00:00,NBS,75,69,280,2,18.0,,1.0,,,27.0,,,-88,70,44,7,11,0,0,0,8,0.0,120,0.0,110,KNYC,,4,28,7,0,,,2,2,34,4,6,9,2,72,
2026-09-03 00:00:00,2026-09-04 09:00:00,NBS,73,68,280,2,,,,,,,,,110,70,60,7,8,0,0,0,1,,120,,90,KNYC,,4,28,6,0,,,2,2,36,4,9,12,2,71,
2026-09-03 00:00:00,2026-09-04 12:00:00,NBS,74,68,310,3,8.0,23.0,0.0,1.0,,13.0,,27.0,-88,90,46,7,4,0,0,0,1,0.0,130,0.0,120,KNYC,2.0,9,32,7,13,71.0,2.0,2,2,34,4,7,9,2,72,
2026-09-03 00:00:00,2026-09-04 15:00:00,NBS,79,69,310,4,,,,,,,,,-88,100,61,10,3,0,0,0,2,,130,,23,KNYC,,31,31,9,56,,,2,3,21,4,4,0,2,77,
2026-09-03 00:00:00,2026-09-04 18:00:00,NBS,82,68,300,4,6.0,,0.0,,,8.0,,,44,100,79,12,4,0,0,0,20,0.0,120,0.0,28,KNYC,,41,30,10,56,,,3,3,15,4,5,2,2,78,
2026-09-03 00:00:00,2026-09-04 21:00:00,NBS,82,68,310,4,,,,,,,,,41,100,73,13,10,0,0,0,16,,120,,41,KNYC,,31,30,10,21,,,3,4,27,4,4,4,3,76,
2026-09-03 00:00:00,2026-09-05 00:00:00,NBS,78,66,320,3,17.0,20.0,1.0,1.0,,19.0,,19.0,90,100,59,10,9,0,0,0,22,0.0,120,0.0,80,KNYC,1.0,11,33,9,3,83.0,2.0,2,4,29,4,5,4,2,72,
2026-09-03 00:00:00,2026-09-05 03:00:00,NBS,74,63,330,4,,,,,,,,,-88,100,47,11,5,0,0,0,6,,120,,180,KNYC,,8,34,8,0,,,2,5,33,4,1,3,2,69,
2026-09-03 00:00:00,2026-09-05 06:00:00,NBS,71,61,340,4,9.0,,0.0,,,6.0,,,-88,100,28,10,3,0,0,0,6,0.0,100,0.0,160,KNYC,,7,35,8,0,,,2,4,31,3,3,6,1,67,
2026-09-03 00:00:00,2026-09-05 09:00:00,NBS,68,60,330,5,,,,,,,,,-88,100,10,10,0,0,0,0,0,,100,,-88,KNYC,,7,34,8,0,,,2,3,10,3,0,2,1,65,
2026-09-03 00:00:00,2026-09-05 12:00:00,NBS,69,60,330,5,0.0,8.0,0.0,0.0,,1.0,,6.0,-88,100,3,11,0,0,0,0,0,0.0,89,0.0,-88,KNYC,0.0,11,34,8,2,67.0,2.0,2,3,5,3,0,0,1,65,
2026-09-03 00:00:00,2026-09-05 15:00:00,NBS,74,60,340,6,,,,,,,,,-88,100,8,14,0,0,0,0,1,,87,,-88,KNYC,,49,35,13,50,,,2,3,5,3,0,0,2,70,
2026-09-03 00:00:00,2026-09-05 18:00:00,NBS,77,59,340,6,0.0,,0.0,,,0.0,,,-88,100,30,14,0,0,0,0,1,0.0,90,0.0,46,KNYC,,64,34,12,64,,,2,2,17,3,0,0,2,73,
2026-09-03 00:00:00,2026-09-05 21:00:00,NBS,78,59,360,5,,,,,,,,,-88,100,32,13,1,0,0,0,2,,92,,50,KNYC,,52,35,11,43,,,2,2,25,3,0,0,2,71,
2026-09-03 00:00:00,2026-09-06 00:00:00,NBS,73,58,20,3,1.0,1.0,0.0,0.0,,5.0,,5.0,-88,100,50,10,2,0,0,0,2,0.0,93,0.0,49,KNYC,0.0,14,4,9,24,79.0,1.0,2,2,28,3,3,0,2,66,
2026-09-03 06:00:00,2026-09-03 12:00:00,NBS,72,70,230,5,78.0,,25.0,,6.0,22.0,3.0,,7,30,72,12,13,0,0,0,30,0.0,130,0.0,7,KNYC,,10,23,11,8,,,1,1,24,4,48,19,2,72,6/22
2026-09-03 06:00:00,2026-09-03 15:00:00,NBS,77,72,250,5,,,,,,,,,11,100,71,13,4,0,0,0,11,,130,,11,KNYC,,21,26,12,48,,,2,1,31,4,28,7,2,77,
2026-09-03 06:00:00,2026-09-03 18:00:00,NBS,82,73,260,5,22.0,,2.0,,,12.0,,,45,100,52,13,6,0,0,0,8,0.0,120,0.0,42,KNYC,,32,26,10,56,,,3,2,37,3,0,0,2,81,
2026-09-03 06:00:00,2026-09-03 21:00:00,NBS,84,74,250,3,,,,,,,,,-88,100,50,12,16,0,0,0,6,,120,,48,KNYC,,37,27,10,38,,,3,2,25,4,1,1,2,80,
2026-09-03 06:00:00,2026-09-04 00:00:00,NBS,80,72,240,0,22.0,40.0,2.0,4.0,,41.0,,41.0,110,100,75,6,27,0,0,0,11,0.0,130,0.0,70,KNYC,1.0,5,24,7,6,84.0,2.0,3,2,26,4,5,6,2,76,
2026-09-03 06:00:00,2026-09-04 03:00:00,NBS,77,72,260,3,,,,,,,,,-88,60,56,8,20,0,0,0,18,,130,,100,KNYC,,4,26,7,0,,,2,2,32,4,8,6,2,75,
2026-09-03 06:00:00,2026-09-04 06:00:00,NBS,75,70,280,3,36.0,,1.0,,,34.0,,,-88,60,47,8,15,0,0,0,7,0.0,130,0.0,100,KNYC,,5,28,7,0,,,2,2,33,4,11,12,2,72,
2026-09-03 06:00:00,2026-09-04 09:00:00,NBS,73,68,260,1,,,,,,,,,-88,50,41,6,9,0,0,0,1,,130,,80,KNYC,,4,28,6,0,,,1,2,36,4,15,14,2,71,
2026-09-03 06:00:00,2026-09-04 12:00:00,NBS,74,69,280,2,13.0,36.0,0.0,1.0,,13.0,,34.0,-88,80,50,6,3,0,0,0,5,0.0,130,0.0,80,KNYC,5.0,7,29,7,13,71.0,1.0,1,2,36,3,7,10,2,72,
2026-09-03 06:00:00,2026-09-04 15:00:00,NBS,79,70,310,3,,,,,,,,,-88,100,54,9,1,0,0,0,3,,130,,110,KNYC,,30,31,10,48,,,3,2,33,3,0,0,2,77,
2026-09-03 06:00:00,2026-09-04 18:00:00,NBS,82,70,300,3,18.0,,0.0,,,3.0,,,70,100,61,11,2,0,0,0,25,0.0,130,0.0,47,KNYC,,40,29,13,42,,,3,3,41,3,0,0,2,79,
2026-09-03 06:00:00,2026-09-04 21:00:00,NBS,81,70,310,3,,,,,,,,,-88,100,76,11,6,0,0,0,22,,120,,37,KNYC,,32,30,10,25,,,3,3,27,4,4,0,3,76,
2026-09-03 06:00:00,2026-09-05 00:00:00,NBS,78,68,310,0,29.0,36.0,4.0,4.0,,16.0,,16.0,-88,100,40,9,12,0,0,0,10,0.0,120,0.0,15,KNYC,1.0,7,33,9,8,83.0,2.0,2,3,33,4,4,2,2,73,
2026-09-03 06:00:00,2026-09-05 03:00:00,NBS,75,66,330,4,,,,,,,,,80,100,68,10,8,0,0,0,5,,110,,33,KNYC,,9,34,8,0,,,2,4,30,3,4,0,2,71,
2026-09-03 06:00:00,2026-09-05 06:00:00,NBS,72,63,340,4,10.0,,0.0,,,8.0,,,-88,100,24,10,3,0,0,0,5,0.0,100,0.0,70,KNYC,,9,35,8,0,,,2,4,27,2,4,3,1,68,
2026-09-03 06:00:00,2026-09-05 09:00:00,NBS,69,60,340,5,,,,,,,,,-88,100,14,10,0,0,0,0,0,,94,,70,KNYC,,9,35,8,0,,,2,3,22,2,1,0,1,65,
2026-09-03 06:00:00,2026-09-05 12:00:00,NBS,69,60,340,5,0.0,11.0,0.0,0.0,,1.0,,8.0,-88,100,5,10,0,0,0,0,0,0.0,84,0.0,190,KNYC,0.0,13,35,9,13,67.0,2.0,1,2,7,3,0,0,1,66,
2026-09-03 06:00:00,2026-09-05 15:00:00,NBS,75,60,340,6,,,,,,,,,-88,100,5,13,0,0,0,0,0,,87,,-88,KNYC,,47,35,11,51,,,2,3,6,3,0,0,1,72,
2026-09-03 06:00:00,2026-09-05 18:00:00,NBS,78,59,350,5,0.0,,0.0,,,0.0,,,-88,100,35,14,0,0,0,0,1,0.0,91,0.0,60,KNYC,,60,34,12,66,,,2,2,29,3,3,0,2,74,
2026-09-03 06:00:00,2026-09-05 21:00:00,NBS,78,59,350,5,,,,,,,,,-88,100,33,13,0,0,0,0,3,,93,,50,KNYC,,46,35,12,47,,,2,2,22,3,2,0,2,71,
2026-09-03 06:00:00,2026-09-06 00:00:00,NBS,73,59,0,3,1.0,1.0,0.0,0.0,,3.0,,3.0,-88,100,27,10,1,0,0,0,4,0.0,95,0.0,70,KNYC,0.0,16,0,9,27,78.0,2.0,2,2,20,3,1,0,2,67,
2026-09-03 06:00:00,2026-09-06 03:00:00,NBS,69,58,20,5,,,,,,,,,-88,100,28,11,2,0,0,0,3,,95,,140,KNYC,,13,2,9,0,,,2,2,17,4,2,0,2,64,
2026-09-03 06:00:00,2026-09-06 06:00:00,NBS,67,57,20,4,5.0,,0.0,,,6.0,,,-88,100,24,9,2,0,0,0,3,0.0,97,0.0,48,KNYC,,15,3,9,0,,,2,3,16,3,3,0,2,63,
2026-09-03 12:00:00,2026-09-03 18:00:00,NBS,83,73,260,5,18.0,,0.0,,3.0,15.0,,,-88,100,46,13,8,0,0,0,7,0.0,120,0.0,41,KNYC,,37,27,11,66,,,3,2,25,3,2,1,2,81,3/15
2026-09-03 12:00:00,2026-09-03 21:00:00,NBS,84,74,260,3,,,,,,,,,60,100,62,12,17,0,0,0,8,,120,,44,KNYC,,33,27,9,33,,,3,2,31,4,2,2,2,80,
2026-09-03 12:00:00,2026-09-04 00:00:00,NBS,80,72,250,0,22.0,27.0,2.0,2.0,,37.0,,37.0,110,100,68,8,21,0,0,0,16,0.0,120,0.0,60,KNYC,4.0,5,25,5,5,85.0,2.0,3,2,29,4,4,4,2,76,
2026-09-03 12:00:00,2026-09-04 03:00:00,NBS,77,72,240,0,,,,,,,,,200,60,66,7,16,0,0,0,10,,130,,130,KNYC,,4,25,4,0,,,2,2,28,3,5,3,2,74,
2026-09-03 12:00:00,2026-09-04 06:00:00,NBS,75,70,260,3,25.0,,3.0,,,29.0,,,-88,50,48,7,13,0,0,0,22,0.0,130,0.0,29,KNYC,,5,27,7,0,,,2,2,29,3,11,12,2,72,
2026-09-03 12:00:00,2026-09-04 09:00:00,NBS,73,68,290,3,,,,,,,,,70,40,61,7,11,0,0,0,18,,130,,70,KNYC,,4,28,7,0,,,2,2,34,4,13,16,2,71,
2026-09-03 12:00:00,2026-09-04 12:00:00,NBS,74,69,280,1,24.0,32.0,1.0,4.0,,18.0,,29.0,-88,100,47,6,9,0,0,0,12,0.0,130,0.0,34,KNYC,7.0,9,29,7,11,71.0,2.0,1,2,35,3,16,11,2,72,
2026-09-03 12:00:00,2026-09-04 15:00:00,NBS,80,69,320,3,,,,,,,,,-88,100,54,8,2,0,0,0,10,,130,,70,KNYC,,26,32,9,49,,,2,2,38,3,1,0,2,78,
2026-09-03 12:00:00,2026-09-04 18:00:00,NBS,82,69,310,3,12.0,,0.0,,,7.0,,,-88,100,30,11,4,0,0,0,27,0.0,130,0.0,50,KNYC,,41,30,11,64,,,3,3,36,3,0,0,2,80,
2026-09-03 12:00:00,2026-09-04 21:00:00,NBS,82,68,310,3,,,,,,,,,-88,100,43,11,12,0,0,0,10,,120,,70,KNYC,,39,30,11,38,,,3,4,37,4,2,0,3,77,
2026-09-03 12:00:00,2026-09-05 00:00:00,NBS,77,66,320,1,45.0,54.0,35.0,35.0,,23.0,,23.0,-88,100,35,9,12,0,0,0,5,0.0,110,0.0,80,KNYC,3.0,5,33,9,7,83.0,2.0,2,4,36,4,3,0,3,72,
2026-09-03 12:00:00,2026-09-05 03:00:00,NBS,74,64,330,4,,,,,,,,,-88,100,41,10,3,0,0,0,1,,110,,50,KNYC,,10,34,10,0,,,2,4,30,3,3,1,2,70,
2026-09-03 12:00:00,2026-09-05 06:00:00,NBS,71,61,340,4,6.0,,0.0,,,4.0,,,-88,100,11,10,1,0,0,0,1,0.0,110,0.0,28,KNYC,,10,35,9,0,,,2,3,11,2,1,3,1,67,
2026-09-03 12:00:00,2026-09-05 09:00:00,NBS,69,59,340,5,,,,,,,,,-88,100,12,10,0,0,0,0,0,,96,,-88,KNYC,,8,35,9,0,,,2,3,10,2,3,0,1,65,
2026-09-03 12:00:00,2026-09-05 12:00:00,NBS,69,59,340,5,0.0,7.0,0.0,0.0,,1.0,,4.0,-88,100,27,10,0,0,0,0,0,0.0,94,0.0,160,KNYC,0.0,13,35,10,14,67.0,2.0,1,2,36,3,0,0,1,66,
2026-09-03 12:00:00,2026-09-05 15:00:00,NBS,75,59,340,6,,,,,,,,,-88,100,14,13,0,0,0,0,0,,98,,110,KNYC,,42,35,10,62,,,2,3,27,3,1,0,2,71,
2026-09-03 12:00:00,2026-09-05 18:00:00,NBS,78,58,350,5,0.0,,0.0,,,0.0,,,38,100,23,13,0,0,0,0,0,0.0,98,0.0,38,KNYC,,62,35,10,73,,,2,2,14,3,0,0,2,74,
2026-09-03 12:00:00,2026-09-05 21:00:00,NBS,78,58,350,4,,,,,,,,,-88,100,40,13,0,0,0,0,2,,92,,60,KNYC,,55,35,11,31,,,2,2,19,3,2,0,2,71,
2026-09-03 12:00:00,2026-09-06 00:00:00,NBS,74,58,10,3,1.0,1.0,0.0,0.0,,3.0,,3.0,-88,100,29,10,0,0,0,0,3,0.0,94,0.0,100,KNYC,0.0,14,1,9,21,79.0,2.0,2,2,14,3,2,0,2,67,
2026-09-03 12:00:00,2026-09-06 03:00:00,NBS,69,58,20,5,,,,,,,,,-88,100,23,11,1,0,0,0,4,,95,,60,KNYC,,13,2,10,0,,,2,2,16,3,2,0,2,64,
2026-09-03 12:00:00,2026-09-06 06:00:00,NBS,67,57,30,4,4.0,,0.0,,,5.0,,,-88,100,24,10,2,0,0,0,4,0.0,94,0.0,30,KNYC,,14,4,9,0,,,2,2,17,3,2,0,2,63,
2026-09-03 12:00:00,2026-09-06 09:00:00,NBS,65,57,30,5,,,,,,,,,44,100,57,10,1,0,0,0,1,,91,,20,KNYC,,20,5,9,0,,,2,2,38,3,5,0,2,62,
2026-09-03 12:00:00,2026-09-06 12:00:00,NBS,65,57,20,5,1.0,6.0,0.0,0.0,,3.0,,6.0,-88,100,47,10,1,0,0,0,1,0.0,86,0.0,37,KNYC,0.0,18,4,8,2,63.0,2.0,2,2,29,3,5,0,2,62,
2026-09-03 18:00:00,2026-09-04 00:00:00,NBS,79,72,250,0,22.0,,1.0,,2.0,31.0,7.0,,130,100,71,5,22,0,0,0,15,0.0,130,0.0,70,KNYC,,4,26,5,6,,,2,2,30,4,0,1,2,76,2/31
2026-09-03 18:00:00,2026-09-04 03:00:00,NBS,76,72,250,0,,,,,,,,,110,90,74,7,22,0,0,0,35,,130,,90,KNYC,,4,26,6,0,,,2,2,29,4,4,5,2,74,
2026-09-03 18:00:00,2026-09-04 06:00:00,NBS,74,70,270,3,44.0,,6.0,,,37.0,,,90,100,72,7,16,0,0,0,40,0.0,130,0.0,70,KNYC,,4,29,6,0,,,1,2,25,4,3,6,2,72,
2026-09-03 18:00:00,2026-09-04 09:00:00,NBS,73,68,280,3,,,,,,,,,130,90,63,7,10,0,0,0,34,,130,,90,KNYC,,4,30,6,0,,,1,1,32,4,6,11,2,71,
2026-09-03 18:00:00,2026-09-04 12:00:00,NBS,74,69,290,1,36.0,56.0,1.0,7.0,,15.0,,37.0,-88,100,39,6,3,0,0,0,1,0.0,130,0.0,43,KNYC,3.0,9,30,8,14,71.0,1.0,1,2,30,3,2,4,2,72,
2026-09-03 18:00:00,2026-09-04 15:00:00,NBS,79,69,330,3,,,,,,,,,-88,100,48,8,1,0,0,0,3,,120,,36,KNYC,,29,34,10,54,,,2,2,27,3,0,0,2,77,
2026-09-03 18:00:00,2026-09-04 18:00:00,NBS,82,69,310,3,7.0,,0.0,,,5.0,,,-88,100,39,10,4,0,0,0,7,0.0,110,0.0,50,KNYC,,50,32,11,61,,,2,3,31,3,0,0,2,80,
2026-09-03 18:00:00,2026-09-04 21:00:00,NBS,82,68,300,3,,,,,,,,,-88,100,40,11,12,0,0,0,10,,110,,80,KNYC,,38,32,10,37,,,3,4,27,4,2,0,3,77,
2026-09-03 18:00:00,2026-09-05 00:00:00,NBS,77,66,320,1,31.0,34.0,4.0,4.0,,23.0,,23.0,60,100,60,9,12,0,0,0,7,0.0,110,0.0,60,KNYC,0.0,7,34,8,7,83.0,2.0,2,4,30,4,2,2,2,72,
2026-09-03 18:00:00,2026-09-05 03:00:00,NBS,74,64,340,4,,,,,,,,,-88,100,41,10,3,0,0,0,8,,110,,70,KNYC,,5,35,9,0,,,2,4,33,3,0,1,2,70,
2026-09-03 18:00:00,2026-09-05 06:00:00,NBS,71,61,350,4,18.0,,0.0,,,4.0,,,-88,100,17,10,1,0,0,0,0,0.0,110,0.0,100,KNYC,,5,35,9,0,,,1,3,22,2,0,0,1,67,
2026-09-03 18:00:00,2026-09-05 09:00:00,NBS,69,60,340,4,,,,,,,,,-88,100,32,10,0,0,0,0,0,,100,,70,KNYC,,8,35,8,0,,,2,2,32,2,1,2,1,65,
2026-09-03 18:00:00,2026-09-05 12:00:00,NBS,69,60,340,4,0.0,18.0,0.0,0.0,,1.0,,4.0,-88,100,13,10,0,0,0,0,0,0.0,99,0.0,60,KNYC,0.0,12,35,9,18,67.0,2.0,1,2,27,3,0,0,1,66,
2026-09-03 18:00:00,2026-09-05 15:00:00,NBS,75,59,350,6,,,,,,,,,-88,100,10,12,0,0,0,0,0,,90,,70,KNYC,,41,36,10,64,,,2,2,14,3,1,0,1,71,
2026-09-03 18:00:00,2026-09-05 18:00:00,NBS,78,58,350,5,0.0,,0.0,,,0.0,,,37,100,20,13,0,0,0,0,0,0.0,93,0.0,37,KNYC,,59,35,10,72,,,2,2,7,3,0,0,2,73,
2026-09-03 18:00:00,2026-09-05 21:00:00,NBS,79,58,350,4,,,,,,,,,-88,100,35,12,0,0,0,0,6,,94,,50,KNYC,,53,36,10,42,,,2,2,16,3,0,0,2,71,
2026-09-03 18:00:00,2026-09-06 00:00:00,NBS,73,58,20,2,0.0,0.0,0.0,0.0,,4.0,,4.0,-88,100,34,9,1,0,0,0,6,0.0,95,0.0,43,KNYC,0.0,18,1,9,14,79.0,2.0,2,2,18,3,2,0,2,67,
2026-09-03 18:00:00,2026-09-06 03:00:00,NBS,70,58,30,5,,,,,,,,,-88,100,33,11,3,0,0,0,12,,95,,60,KNYC,,16,4,9,0,,,2,3,26,3,2,0,2,64,
2026-09-03 18:00:00,2026-09-06 06:00:00,NBS,67,57,30,5,7.0,,0.0,,,7.0,,,-88,100,27,10,2,0,0,0,12,0.0,94,0.0,48,KNYC,,16,5,9,0,,,2,3,22,3,4,0,2,63,
2026-09-03 18:00:00,2026-09-06 09:00:00,NBS,65,57,30,5,,,,,,,,,-88,100,47,10,1,0,0,0,18,,91,,36,KNYC,,14,4,9,0,,,2,3,31,3,4,0,2,61,
2026-09-03 18:00:00,2026-09-06 12:00:00,NBS,65,57,20,5,2.0,9.0,0.0,0.0,,1.0,,7.0,-88,100,30,11,0,0,0,0,18,0.0,86,0.0,50,KNYC,0.0,17,3,8,2,63.0,2.0,2,3,17,3,4,0,2,62,
2026-09-03 18:00:00,2026-09-06 15:00:00,NBS,69,56,30,5,,,,,,,,,-88,100,34,12,1,0,0,0,19,,84,,44,KNYC,,36,3,10,50,,,2,3,17,4,0,0,2,66,
2026-09-03 18:00:00,2026-09-06 18:00:00,NBS,72,55,30,4,7.0,,0.0,,,2.0,,,-88,100,40,11,1,0,0,0,19,0.0,84,0.0,41,KNYC,,44,3,9,66,,,3,3,27,4,0,0,3,69,
2026-09-04 00:00:00,2026-09-04 06:00:00,NBS,75,70,270,3,34.0,,1.0,,7.0,30.0,,,90,100,65,7,16,0,0,0,38,0.0,130,0.0,80,KNYC,,5,29,6,0,,,1,2,29,4,2,6,2,73,7/30
2026-09-04 00:00:00,2026-09-04 09:00:00,NBS,73,70,280,3,,,,,,,,,70,100,61,7,6,0,0,0,24,,130,,70,KNYC,,5,30,6,0,,,1,2,31,4,6,7,2,72,
2026-09-04 00:00:00,2026-09-04 12:00:00,NBS,74,70,290,3,24.0,58.0,2.0,3.0,,10.0,,30.0,-88,100,32,7,5,0,0,0,7,0.0,130,0.0,80,KNYC,4.0,8,30,8,11,72.0,1.0,1,1,25,3,2,3,2,72,
2026-09-04 00:00:00,2026-09-04 15:00:00,NBS,79,70,330,3,,,,,,,,,-88,100,25,8,3,0,0,0,10,,120,,38,KNYC,,31,33,10,63,,,2,2,31,3,1,0,2,78,
2026-09-04 00:00:00,2026-09-04 18:00:00,NBS,82,70,320,4,6.0,,0.0,,,6.0,,,-88,100,35,11,4,0,0,0,3,0.0,120,0.0,60,KNYC,,48,32,13,69,,,2,3,26,3,0,0,2,80,
2026-09-04 00:00:00,2026-09-04 21:00:00,NBS,82,69,310,4,,,,,,,,,-88,100,42,12,6,0,0,0,3,,110,,90,KNYC,,47,32,13,40,,,3,4,26,4,1,0,2,77,
2026-09-04 00:00:00,2026-09-05 00:00:00,NBS,77,66,330,1,17.0,20.0,2.0,2.0,,10.0,,11.0,-88,100,52,9,4,0,0,0,3,0.0,120,0.0,120,KNYC,0.0,7,35,9,9,83.0,2.0,2,4,35,4,0,0,2,72,
2026-09-04 00:00:00,2026-09-05 03:00:00,NBS,74,63,340,4,,,,,,,,,-88,100,50,10,2,0,0,0,4,,110,,120,KNYC,,5,35,9,0,,,2,4,31,3,0,0,2,69,
2026-09-04 00:00:00,2026-09-05 06:00:00,NBS,71,61,350,4,18.0,,5.0,,,3.0,,,-88,100,23,10,1,0,0,0,4,0.0,100,0.0,60,KNYC,,5,36,9,0,,,2,3,28,2,0,0,1,67,
2026-09-04 00:00:00,2026-09-05 09:00:00,NBS,69,60,350,4,,,,,,,,,-88,100,14,10,0,0,0,0,8,,100,,100,KNYC,,4,35,8,0,,,2,2,31,2,0,0,1,65,
2026-09-04 00:00:00,2026-09-05 12:00:00,NBS,69,60,340,4,8.0,18.0,0.0,5.0,,1.0,,3.0,-88,100,14,9,0,0,0,0,0,0.0,95,0.0,90,KNYC,1.0,9,35,8,14,67.0,2.0,1,2,29,3,0,0,2,66,
2026-09-04 00:00:00,2026-09-05 15:00:00,NBS,75,60,350,5,,,,,,,,,-88,100,13,12,0,0,0,0,0,,88,,80,KNYC,,44,36,9,68,,,2,2,29,3,1,0,1,72,
2026-09-04 00:00:00,2026-09-05 18:00:00,NBS,78,59,360,5,0.0,,0.0,,,0.0,,,-88,100,29,13,0,0,0,0,0,0.0,89,0.0,25,KNYC,,63,35,10,71,,,2,2,20,3,1,0,2,73,
2026-09-04 00:00:00,2026-09-05 21:00:00,NBS,79,59,20,4,,,,,,,,,-88,100,40,12,0,0,0,0,1,,92,,29,KNYC,,58,0,9,35,,,2,2,33,3,1,0,2,72,
2026-09-04 00:00:00,2026-09-06 00:00:00,NBS,74,58,30,2,0.0,1.0,0.0,0.0,,4.0,,4.0,-88,100,35,9,2,0,0,0,1,0.0,92,0.0,42,KNYC,0.0,19,3,9,12,79.0,2.0,2,2,31,3,1,0,2,67,
2026-09-04 00:00:00,2026-09-06 03:00:00,NBS,70,58,40,5,,,,,,,,,-88,100,43,11,3,0,0,0,33,,95,,28,KNYC,,26,7,10,0,,,2,2,32,3,3,0,2,65,
2026-09-04 00:00:00,2026-09-06 06:00:00,NBS,67,58,40,5,7.0,,0.0,,,8.0,,,-88,100,33,10,3,0,0,0,8,0.0,96,0.0,31,KNYC,,18,6,10,0,,,2,3,28,3,4,0,2,63,
2026-09-04 00:00:00,2026-09-06 09:00:00,NBS,65,58,30,5,,,,,,,,,49,100,43,10,1,0,0,0,1,,93,,23,KNYC,,19,5,9,0,,,2,3,27,3,5,0,2,62,
2026-09-04 00:00:00,2026-09-06 12:00:00,NBS,65,57,30,5,2.0,10.0,0.0,0.0,,3.0,,8.0,44,100,34,11,1,0,0,0,0,0.0,88,0.0,42,KNYC,0.0,20,5,10,0,63.0,2.0,2,3,25,3,5,0,1,63,
2026-09-04 00:00:00,2026-09-06 15:00:00,NBS,69,57,40,5,,,,,,,,,38,100,36,12,1,0,0,0,2,,84,,38,KNYC,,33,5,11,13,,,2,3,24,3,3,0,2,67,
2026-09-04 00:00:00,2026-09-06 18:00:00,NBS,73,55,50,4,1.0,,0.0,,,3.0,,,41,100,38,11,1,0,0,0,2,0.0,83,0.0,41,KNYC,,52,4,10,38,,,2,3,22,3,1,0,2,69,
2026-09-04 00:00:00,2026-09-06 21:00:00,NBS,74,55,50,2,,,,,,,,,-88,100,31,10,3,0,0,0,1,,83,,45,KNYC,,47,2,8,24,,,2,4,29,4,0,0,3,67,
2026-09-04 00:00:00,2026-09-07 00:00:00,NBS,69,54,80,0,3.0,4.0,0.0,0.0,,7.0,,7.0,-88,100,34,6,1,0,0,0,1,0.0,82,0.0,70,KNYC,0.0,9,4,5,13,75.0,2.0,1,4,29,4,0,0,2,64,
2026-09-04 06:00:00,2026-09-04 12:00:00,NBS,74,71,300,3,32.0,,0.0,,3.0,20.0,4.0,,-88,100,26,7,6,0,0,0,17,0.0,130,0.0,26,KNYC,,11,30,8,16,,,1,1,30,3,2,1,2,73,3/20
2026-09-04 06:00:00,2026-09-04 15:00:00,NBS,80,71,330,4,,,,,,,,,-88,100,10,9,4,0,0,0,2,,120,,90,KNYC,,33,34,11,64,,,2,2,12,3,0,0,2,79,
2026-09-04 06:00:00,2026-09-04 18:00:00,NBS,83,70,310,4,6.0,,0.0,,,8.0,,,-88,100,21,12,4,0,0,0,2,0.0,110,0.0,120,KNYC,,49,31,13,76,,,3,3,27,3,0,0,2,81,
2026-09-04 06:00:00,2026-09-04 21:00:00,NBS,83,68,310,4,,,,,,,,,-88,100,29,13,5,0,0,0,1,,110,,160,KNYC,,47,31,12,38,,,2,4,32,4,0,0,3,77,
2026-09-04 06:00:00,2026-09-05 00:00:00,NBS,78,64,320,2,10.0,14.0,0.0,0.0,,10.0,,14.0,-88,100,48,10,3,0,0,0,2,0.0,110,0.0,120,KNYC,0.0,6,34,9,8,84.0,2.0,2,4,38,3,0,0,2,73,
2026-09-04 06:00:00,2026-09-05 03:00:00,NBS,75,62,350,4,,,,,,,,,-88,100,42,11,2,0,0,0,0,,110,,130,KNYC,,5,35,8,0,,,2,4,32,3,0,0,2,69,
2026-09-04 06:00:00,2026-09-05 06:00:00,NBS,72,60,350,4,4.0,,0.0,,,2.0,,,-88,100,30,9,1,0,0,0,0,0.0,110,0.0,150,KNYC,,5,35,8,0,,,2,3,32,2,0,0,1,67,
2026-09-04 06:00:00,2026-09-05 09:00:00,NBS,69,59,340,4,,,,,,,,,-88,100,16,10,0,0,0,0,8,,100,,100,KNYC,,5,35,8,0,,,1,2,34,2,0,0,1,65,
2026-09-04 06:00:00,2026-09-05 12:00:00,NBS,69,60,340,4,12.0,17.0,0.0,0.0,,1.0,,2.0,-88,100,6,9,0,0,0,0,0,0.0,94,0.0,70,KNYC,0.0,9,35,9,17,67.0,2.0,1,2,28,3,0,0,1,66,
2026-09-04 06:00:00,2026-09-05 15:00:00,NBS,75,59,360,5,,,,,,,,,-88,100,10,11,0,0,0,0,0,,89,,130,KNYC,,41,36,11,64,,,1,2,18,3,0,0,1,72,
2026-09-04 06:00:00,2026-09-05 18:00:00,NBS,79,58,0,4,0.0,,0.0,,,0.0,,,-88,100,13,12,0,0,0,0,0,0.0,90,0.0,60,KNYC,,58,36,11,74,,,1,2,16,3,0,0,2,74,
2026-09-04 06:00:00,2026-09-05 21:00:00,NBS,80,59,10,4,,,,,,,,,-88,100,24,11,0,0,0,0,0,,91,,31,KNYC,,51,36,11,34,,,2,2,20,3,2,0,2,72,
2026-09-04 06:00:00,2026-09-06 00:00:00,NBS,74,58,20,0,2.0,2.0,0.0,0.0,,2.0,,2.0,-88,100,13,8,0,0,0,0,0,0.0,93,0.0,90,KNYC,0.0,11,1,9,7,80.0,2.0,2,2,10,3,1,0,2,67,
2026-09-04 06:00:00,2026-09-06 03:00:00,NBS,71,59,30,4,,,,,,,,,-88,100,9,9,1,0,0,0,5,,93,,31,KNYC,,12,2,9,0,,,2,2,6,3,3,0,2,65,
2026-09-04 06:00:00,2026-09-06 06:00:00,NBS,68,58,50,4,14.0,,0.0,,,7.0,,,48,100,34,10,3,0,0,0,0,0.0,92,0.0,10,KNYC,,15,6,9,0,,,2,3,29,3,2,0,2,64,
2026-09-04 06:00:00,2026-09-06 09:00:00,NBS,66,59,40,5,,,,,,,,,45,100,59,10,2,0,0,0,6,,90,,21,KNYC,,20,4,10,0,,,2,3,35,3,4,0,2,63,
2026-09-04 06:00:00,2026-09-06 12:00:00,NBS,66,58,40,5,3.0,8.0,0.0,0.0,,4.0,,8.0,44,100,49,10,1,0,0,0,6,0.0,87,0.0,36,KNYC,0.0,21,3,10,4,64.0,2.0,2,2,30,3,4,0,1,63,
2026-09-04 06:00:00,2026-09-06 15:00:00,NBS,70,57,40,5,,,,,,,,,-88,100,48,12,1,0,0,0,2,,84,,40,KNYC,,36,4,10,50,,,3,2,28,3,0,0,2,67,
2026-09-04 06:00:00,2026-09-06 18:00:00,NBS,73,56,30,4,2.0,,0.0,,,2.0,,,-88,100,44,11,1,0,0,0,2,0.0,82,0.0,60,KNYC,,51,3,10,61,,,3,3,24,3,1,0,2,70,
2026-09-04 06:00:00,2026-09-06 21:00:00,NBS,74,56,30,2,,,,,,,,,-88,100,38,10,2,0,0,0,3,,84,,50,KNYC,,44,2,10,58,,,2,4,26,3,0,0,3,68,
2026-09-04 06:00:00,2026-09-07 00:00:00,NBS,69,55,40,0,3.0,6.0,0.0,0.0,,4.0,,4.0,-88,100,22,5,1,0,0,0,3,0.0,84,0.0,60,KNYC,0.0,13,3,7,35,74.0,2.0,2,4,16,4,0,0,2,64,
2026-09-04 06:00:00,2026-09-07 03:00:00,NBS,67,54,360,0,,,,,,,,,-88,100,16,4,1,0,0,0,1,,82,,60,KNYC,,7,3,5,0,,,2,4,20,3,0,0,2,62,
2026-09-04 06:00:00,2026-09-07 06:00:00,NBS,65,54,340,0,2.0,,0.0,,,3.0,,,-88,100,2,5,1,0,0,0,1,0.0,81,0.0,70,KNYC,,7,1,5,0,,,2,4,4,3,0,0,2,61,
2026-09-04 12:00:00,2026-09-04 18:00:00,NBS,83,68,310,5,4.0,,0.0,,0.0,6.0,,,-88,100,22,12,0,0,0,0,2,0.0,110,0.0,60,KNYC,,53,31,13,68,,,2,4,25,3,0,0,2,80,0/6
2026-09-04 12:00:00,2026-09-04 21:00:00,NBS,83,65,310,5,,,,,,,,,-88,100,20,13,1,0,0,0,1,,110,,210,KNYC,,52,31,15,42,,,2,5,28,3,0,0,2,76,
2026-09-04 12:00:00,2026-09-05 00:00:00,NBS,79,63,330,3,5.0,8.0,0.0,0.0,,1.0,,9.0,-88,100,23,10,0,0,0,0,1,0.0,110,0.0,260,KNYC,0.0,6,33,10,6,84.0,1.0,2,4,32,3,0,0,2,72,
2026-09-04 12:00:00,2026-09-05 03:00:00,NBS,75,61,340,4,,,,,,,,,-88,100,29,11,0,0,0,0,0,,120,,90,KNYC,,5,34,9,0,,,2,3,30,3,0,0,1,69,
2026-09-04 12:00:00,2026-09-05 06:00:00,NBS,72,59,340,4,2.0,,0.0,,,1.0,,,-88,100,33,9,1,0,0,0,0,0.0,110,0.0,90,KNYC,,5,35,8,0,,,2,3,36,2,0,0,1,66,
2026-09-04 12:00:00,2026-09-05 09:00:00,NBS,69,58,340,4,,,,,,,,,-88,100,20,9,1,0,0,0,0,,110,,240,KNYC,,4,35,8,0,,,1,2,25,2,0,0,1,65,
2026-09-04 12:00:00,2026-09-05 12:00:00,NBS,69,59,340,4,6.0,6.0,0.0,0.0,,1.0,,1.0,-88,100,9,9,0,0,0,0,0,0.0,99,0.0,90,KNYC,0.0,10,35,9,16,67.0,2.0,1,2,18,3,0,0,1,66,
2026-09-04 12:00:00,2026-09-05 15:00:00,NBS,75,58,360,5,,,,,,,,,-88,100,20,12,0,0,0,0,0,,92,,90,KNYC,,37,36,11,63,,,2,2,26,3,1,0,1,71,
2026-09-04 12:00:00,2026-09-05 18:00:00,NBS,79,58,0,5,0.0,,0.0,,,0.0,,,-88,100,21,12,0,0,0,0,0,0.0,89,0.0,60,KNYC,,55,35,12,67,,,2,2,15,2,1,0,2,74,
2026-09-04 12:00:00,2026-09-05 21:00:00,NBS,80,58,10,4,,,,,,,,,-88,100,28,11,0,0,0,0,0,,90,,100,KNYC,,56,36,10,42,,,2,2,16,3,2,0,2,72,
2026-09-04 12:00:00,2026-09-06 00:00:00,NBS,75,58,20,0,1.0,0.0,0.0,0.0,,3.0,,3.0,-88,100,16,8,1,0,0,0,4,0.0,92,0.0,45,KNYC,0.0,9,1,8,8,80.0,2.0,2,2,16,3,0,0,2,68,
2026-09-04 12:00:00,2026-09-06 03:00:00,NBS,71,58,40,4,,,,,,,,,-88,100,27,10,1,0,0,0,5,,92,,24,KNYC,,17,2,9,0,,,2,2,27,3,3,0,2,65,
2026-09-04 12:00:00,2026-09-06 06:00:00,NBS,68,58,70,4,6.0,,0.0,,,10.0,,,49,100,21,10,4,0,0,0,5,0.0,92,0.0,17,KNYC,,16,8,9,0,,,2,3,25,3,2,0,1,63,
2026-09-04 12:00:00,2026-09-06 09:00:00,NBS,66,58,50,5,,,,,,,,,43,100,75,9,2,0,0,0,6,,90,,14,KNYC,,17,4,9,0,,,2,3,34,3,5,0,2,63,
2026-09-04 12:00:00,2026-09-06 12:00:00,NBS,66,57,40,5,2.0,9.0,0.0,0.0,,4.0,,10.0,43,100,25,10,0,0,0,0,0,0.0,86,0.0,31,KNYC,0.0,22,4,10,15,64.0,2.0,2,3,25,3,8,0,1,63,
2026-09-04 12:00:00,2026-09-06 15:00:00,NBS,70,57,40,5,,,,,,,,,39,100,44,11,0,0,0,0,8,,84,,34,KNYC,,37,4,9,45,,,2,3,29,3,3,0,2,68,
2026-09-04 12:00:00,2026-09-06 18:00:00,NBS,74,56,40,3,3.0,,0.0,,,2.0,,,37,100,35,10,1,0,0,0,8,0.0,84,0.0,37,KNYC,,58,1,8,62,,,3,3,26,3,0,0,3,71,
2026-09-04 12:00:00,2026-09-06 21:00:00,NBS,75,55,30,2,,,,,,,,,-88,100,41,10,2,0,0,0,23,,86,,120,KNYC,,57,35,9,20,,,2,4,29,3,0,0,2,68,
2026-09-04 12:00:00,2026-09-07 00:00:00,NBS,70,55,50,0,4.0,8.0,0.0,0.0,,5.0,,5.0,-88,100,34,6,1,0,0,0,23,0.0,84,0.0,60,KNYC,0.0,13,3,5,12,75.0,2.0,2,4,27,3,0,0,2,63,
2026-09-04 12:00:00,2026-09-07 03:00:00,NBS,67,54,340,0,,,,,,,,,-88,100,18,4,0,0,0,0,1,,84,,70,KNYC,,7,36,6,0,,,2,4,11,3,0,0,2,62,
2026-09-04 12:00:00,2026-09-07 06:00:00,NBS,65,54,340,0,3.0,,0.0,,,3.0,,,-88,100,9,4,0,0,0,0,1,0.0,82,0.0,60,KNYC,,9,1,7,0,,,2,4,12,3,0,0,2,61,
2026-09-04 12:00:00,2026-09-07 09:00:00,NBS,63,54,340,0,,,,,,,,,-88,100,9,5,0,0,0,0,0,,80,,70,KNYC,,8,36,8,0,,,2,4,9,3,0,0,2,59,
2026-09-04 12:00:00,2026-09-07 12:00:00,NBS,64,54,340,0,0.0,3.0,0.0,0.0,,0.0,,3.0,-88,100,3,5,0,0,0,0,0,0.0,79,0.0,270,KNYC,0.0,11,35,8,2,61.0,2.0,2,4,4,3,0,0,2,61,
2026-09-04 18:00:00,2026-09-05 00:00:00,NBS,78,61,330,3,0.0,,0.0,,0.0,0.0,2.0,,-88,100,30,10,0,0,0,0,0,0.0,120,0.0,230,KNYC,,7,34,9,6,,,2,3,30,3,0,0,2,71,0/0
2026-09-04 18:00:00,2026-09-05 03:00:00,NBS,74,60,340,4,,,,,,,,,140,100,67,10,0,0,0,0,0,,120,,130,KNYC,,4,34,8,0,,,2,2,35,2,0,0,1,68,
2026-09-04 18:00:00,2026-09-05 06:00:00,NBS,71,59,340,3,1.0,,0.0,,,1.0,,,-88,100,25,8,1,0,0,0,1,0.0,120,0.0,100,KNYC,,4,35,8,0,,,2,2,27,2,0,0,2,66,
2026-09-04 18:00:00,2026-09-05 09:00:00,NBS,69,59,340,3,,,,,,,,,-88,100,35,8,0,0,0,0,1,,120,,80,KNYC,,4,34,7,0,,,2,2,39,3,0,0,2,65,
2026-09-04 18:00:00,2026-09-05 12:00:00,NBS,69,59,340,4,2.0,3.0,0.0,0.0,,1.0,,1.0,-88,100,5,8,0,0,0,0,0,0.0,110,0.0,100,KNYC,0.0,8,35,7,18,68.0,2.0,1,2,8,3,0,0,2,66,
2026-09-04 18:00:00,2026-09-05 15:00:00,NBS,75,59,350,4,,,,,,,,,-88,100,12,10,0,0,0,0,0,,94,,120,KNYC,,41,35,11,66,,,2,2,15,3,0,0,2,71,
2026-09-04 18:00:00,2026-09-05 18:00:00,NBS,78,58,10,4,1.0,,0.0,,,0.0,,,-88,100,21,11,0,0,0,0,0,0.0,88,0.0,50,KNYC,,58,35,11,70,,,2,2,18,3,0,0,2,74,
2026-09-04 18:00:00,2026-09-05 21:00:00,NBS,78,58,360,3,,,,,,,,,-88,100,25,10,0,0,0,0,1,,91,,60,KNYC,,52,35,11,38,,,2,2,27,3,0,0,2,71,
2026-09-04 18:00:00,2026-09-06 00:00:00,NBS,74,58,20,0,1.0,1.0,0.0,0.0,,3.0,,3.0,-88,100,17,7,1,0,0,0,1,0.0,93,0.0,80,KNYC,0.0,10,1,8,6,80.0,1.0,2,2,12,3,0,0,2,68,
2026-09-04 18:00:00,2026-09-06 03:00:00,NBS,70,59,20,3,,,,,,,,,-88,100,13,9,2,0,0,0,5,,94,,50,KNYC,,5,1,8,0,,,2,2,10,3,0,0,2,65,
2026-09-04 18:00:00,2026-09-06 06:00:00,NBS,67,59,40,4,8.0,,0.0,,,10.0,,,45,100,49,9,3,0,0,0,8,0.0,93,0.0,26,KNYC,,6,4,9,0,,,2,2,40,3,0,0,2,63,
2026-09-04 18:00:00,2026-09-06 09:00:00,NBS,65,58,40,4,,,,,,,,,110,100,59,8,1,0,0,0,11,,90,,18,KNYC,,13,3,9,0,,,2,3,39,2,5,0,2,62,
2026-09-04 18:00:00,2026-09-06 12:00:00,NBS,65,58,30,4,2.0,14.0,0.0,0.0,,3.0,,10.0,-88,100,33,9,0,0,0,0,11,0.0,87,0.0,22,KNYC,0.0,17,3,9,9,64.0,2.0,2,3,28,2,7,1,1,63,
2026-09-04 18:00:00,2026-09-06 15:00:00,NBS,68,56,30,4,,,,,,,,,43,100,36,10,0,0,0,0,5,,83,,18,KNYC,,42,3,9,63,,,2,3,38,3,2,0,2,66,
2026-09-04 18:00:00,2026-09-06 18:00:00,NBS,72,55,20,3,3.0,,0.0,,,2.0,,,37,100,30,9,1,0,0,0,10,0.0,80,0.0,37,KNYC,,53,1,9,65,,,3,3,26,3,0,0,2,70,
2026-09-04 18:00:00,2026-09-06 21:00:00,NBS,72,55,20,0,,,,,,,,,-88,100,42,9,2,0,0,0,5,,80,,50,KNYC,,55,36,9,28,,,2,3,22,4,0,0,3,66,
2026-09-04 18:00:00,2026-09-07 00:00:00,NBS,69,54,30,0,6.0,11.0,0.0,0.0,,4.0,,4.0,-88,100,32,5,1,0,0,0,5,0.0,79,0.0,60,KNYC,0.0,12,1,7,6,75.0,2.0,2,4,25,3,0,0,2,64,
2026-09-04 18:00:00,2026-09-07 03:00:00,NBS,66,54,350,0,,,,,,,,,-88,100,24,4,0,0,0,0,0,,82,,70,KNYC,,6,2,6,0,,,1,4,21,3,0,0,2,61,
2026-09-04 18:00:00,2026-09-07 06:00:00,NBS,64,54,330,0,3.0,,0.0,,,2.0,,,-88,100,8,5,0,0,0,0,0,0.0,80,0.0,60,KNYC,,8,36,7,0,,,2,4,10,3,0,0,2,59,
2026-09-04 18:00:00,2026-09-07 09:00:00,NBS,62,53,340,3,,,,,,,,,-88,100,14,6,0,0,0,0,0,,78,,60,KNYC,,7,36,7,0,,,2,4,13,2,0,0,2,59,
2026-09-04 18:00:00,2026-09-07 12:00:00,NBS,63,54,330,3,0.0,2.0,0.0,0.0,,1.0,,2.0,-88,100,6,7,0,0,0,0,0,0.0,76,0.0,60,KNYC,0.0,9,34,7,2,61.0,2.0,2,3,7,2,0,0,2,60,
2026-09-04 18:00:00,2026-09-07 15:00:00,NBS,70,53,350,3,,,,,,,,,-88,100,3,8,0,0,0,0,0,,75,,240,KNYC,,40,35,10,51,,,2,4,4,3,0,0,2,66,
2026-09-04 18:00:00,2026-09-07 18:00:00,NBS,75,51,340,0,0.0,,0.0,,,0.0,,,-88,100,7,7,0,0,0,0,0,0.0,79,0.0,280,KNYC,,61,34,9,67,,,2,4,6,3,0,0,2,70,
2026-09-05 00:00:00,2026-09-05 06:00:00,NBS,72,60,340,4,1.0,,0.0,,1.0,1.0,,,-88,100,34,8,1,0,0,0,1,0.0,130,0.0,90,KNYC,,5,35,9,0,,,2,2,39,2,0,0,2,66,1/1
2026-09-05 00:00:00,2026-09-05 09:00:00,NBS,69,59,340,3,,,,,,,,,-88,100,43,8,0,0,0,0,1,,120,,100,KNYC,,5,35,7,0,,,2,2,40,2,0,0,2,65,
2026-09-05 00:00:00,2026-09-05 12:00:00,NBS,70,59,340,4,2.0,2.0,0.0,0.0,,0.0,,1.0,-88,100,4,8,0,0,0,0,0,0.0,110,0.0,100,KNYC,0.0,8,35,8,19,68.0,2.0,2,2,8,2,0,0,2,66,
2026-09-05 00:00:00,2026-09-05 15:00:00,NBS,75,59,350,5,,,,,,,,,-88,100,8,11,0,0,0,0,0,,100,,120,KNYC,,41,36,11,66,,,2,2,10,2,0,0,2,71,
2026-09-05 00:00:00,2026-09-05 18:00:00,NBS,78,58,0,4,0.0,,0.0,,,0.0,,,-88,100,23,11,0,0,0,0,0,0.0,89,0.0,60,KNYC,,62,35,12,68,,,2,2,17,2,0,0,2,74,
2026-09-05 00:00:00,2026-09-05 21:00:00,NBS,78,58,360,3,,,,,,,,,-88,100,35,10,1,0,0,0,4,,91,,60,KNYC,,53,35,11,31,,,2,2,25,2,0,0,2,71,
2026-09-05 00:00:00,2026-09-06 00:00:00,NBS,75,59,20,0,1.0,0.0,0.0,0.0,,6.0,,6.0,-88,100,19,8,3,0,0,0,1,0.0,93,0.0,80,KNYC,0.0,10,1,10,4,80.0,2.0,2,2,17,3,0,0,2,68,
2026-09-05 00:00:00,2026-09-06 03:00:00,NBS,70,60,20,3,,,,,,,,,-88,100,20,9,3,0,0,0,5,,95,,60,KNYC,,6,2,9,0,,,2,2,24,3,0,0,2,66,
2026-09-05 00:00:00,2026-09-06 06:00:00,NBS,67,60,30,4,7.0,,0.0,,,12.0,,,-88,100,41,8,4,0,0,0,1,0.0,93,0.0,20,KNYC,,5,4,7,0,,,1,2,35,3,0,0,2,64,
2026-09-05 00:00:00,2026-09-06 09:00:00,NBS,66,59,40,4,,,,,,,,,35,100,35,8,3,0,0,0,5,,91,,35,KNYC,,13,3,7,0,,,2,2,34,3,0,3,2,62,
2026-09-05 00:00:00,2026-09-06 12:00:00,NBS,65,58,30,4,12.0,15.0,0.0,0.0,,7.0,,13.0,45,100,28,9,2,0,0,0,5,0.0,87,0.0,41,KNYC,0.0,14,2,9,14,64.0,2.0,1,2,28,3,0,0,2,63,
2026-09-05 00:00:00,2026-09-06 15:00:00,NBS,69,57,40,4,,,,,,,,,35,100,44,10,2,0,0,0,6,,84,,18,KNYC,,44,3,9,51,,,2,3,25,3,1,0,2,66,
2026-09-05 00:00:00,2026-09-06 18:00:00,NBS,73,56,30,3,11.0,,0.0,,,6.0,,,31,100,31,9,2,0,0,0,1,0.0,81,0.0,21,KNYC,,59,1,7,62,,,3,3,24,3,1,0,3,69,
2026-09-05 00:00:00,2026-09-06 21:00:00,NBS,72,55,20,1,,,,,,,,,-88,100,24,10,2,0,0,0,0,,82,,21,KNYC,,55,0,9,32,,,2,3,22,4,0,0,3,67,
2026-09-05 00:00:00,2026-09-07 00:00:00,NBS,70,55,10,0,4.0,15.0,0.0,0.0,,8.0,,9.0,-88,100,56,6,2,0,0,0,6,0.0,80,0.0,60,KNYC,0.0,11,0,6,4,76.0,2.0,2,4,41,3,0,0,2,64,
2026-09-05 00:00:00,2026-09-07 03:00:00,NBS,66,54,0,0,,,,,,,,,-88,100,28,4,2,0,0,0,0,,81,,70,KNYC,,8,35,6,0,,,1,4,24,3,0,0,2,61,
2026-09-05 00:00:00,2026-09-07 06:00:00,NBS,64,54,340,0,3.0,,0.0,,,6.0,,,-88,100,7,6,0,0,0,0,0,0.0,79,0.0,180,KNYC,,6,0,6,0,,,2,5,7,3,1,1,2,59,
2026-09-05 00:00:00,2026-09-07 09:00:00,NBS,62,53,340,3,,,,,,,,,-88,100,10,7,0,0,0,0,0,,81,,190,KNYC,,8,1,7,0,,,2,4,12,2,1,0,2,59,
2026-09-05 00:00:00,2026-09-07 12:00:00,NBS,63,54,340,3,0.0,3.0,0.0,0.0,,0.0,,6.0,-88,100,4,7,0,0,0,0,0,0.0,79,0.0,240,KNYC,0.0,8,35,7,2,61.0,2.0,2,4,7,2,0,0,2,60,
2026-09-05 00:00:00,2026-09-07 15:00:00,NBS,70,53,340,3,,,,,,,,,-88,100,2,8,0,0,0,0,0,,75,,-88,KNYC,,50,35,11,51,,,2,3,3,3,0,0,2,66,
2026-09-05 00:00:00,2026-09-07 18:00:00,NBS,75,50,340,0,0.0,,0.0,,,0.0,,,-88,100,10,7,0,0,0,0,0,0.0,79,0.0,240,KNYC,,67,35,9,67,,,2,4,7,3,0,0,2,70,
2026-09-05 00:00:00,2026-09-07 21:00:00,NBS,76,50,320,0,,,,,,,,,-88,100,10,7,0,0,0,0,0,,83,,220,KNYC,,67,33,7,64,,,2,3,8,3,0,0,2,68,
2026-09-05 00:00:00,2026-09-08 00:00:00,NBS,72,53,290,0,0.0,0.0,0.0,0.0,,1.0,,1.0,-88,100,28,5,0,0,0,0,0,0.0,85,0.0,280,KNYC,0.0,5,36,4,38,79.0,1.0,2,3,23,3,0,0,2,64,
2026-09-05 06:00:00,2026-09-05 12:00:00,NBS,70,59,340,4,0.0,,0.0,,1.0,0.0,1.0,,-88,100,2,9,0,0,0,0,0,0.0,110,0.0,110,KNYC,,8,35,9,18,,,1,1,4,2,0,0,1,66,1/0
2026-09-05 06:00:00,2026-09-05 15:00:00,NBS,75,59,360,5,,,,,,,,,-88,100,20,12,0,0,0,0,0,,99,,80,KNYC,,42,35,10,67,,,2,2,29,2,0,0,1,71,
2026-09-05 06:00:00,2026-09-05 18:00:00,NBS,79,58,360,5,0.0,,0.0,,,0.0,,,-88,100,34,12,0,0,0,0,0,0.0,90,0.0,60,KNYC,,58,35,11,68,,,2,2,32,2,0,0,1,74,
2026-09-05 06:00:00,2026-09-05 21:00:00,NBS,78,58,360,3,,,,,,,,,-88,100,27,10,1,0,0,0,3,,92,,80,KNYC,,52,35,10,36,,,2,2,18,2,0,0,2,71,
2026-09-05 06:00:00,2026-09-06 00:00:00,NBS,75,59,30,0,2.0,0.0,0.0,0.0,,5.0,,5.0,-88,100,23,7,2,0,0,0,1,0.0,94,0.0,50,KNYC,0.0,8,2,7,4,80.0,1.0,2,2,25,3,0,0,2,68,
2026-09-05 06:00:00,2026-09-06 03:00:00,NBS,70,60,60,3,,,,,,,,,-88,100,31,8,3,0,0,0,1,,96,,42,KNYC,,6,6,9,0,,,2,2,31,3,0,0,2,65,
2026-09-05 06:00:00,2026-09-06 06:00:00,NBS,68,60,60,3,6.0,,0.0,,,12.0,,,-88,100,46,8,5,0,0,0,1,0.0,97,0.0,34,KNYC,,6,8,8,0,,,1,2,26,3,0,0,2,64,
2026-09-05 06:00:00,2026-09-06 09:00:00,NBS,66,60,40,4,,,,,,,,,-88,100,52,8,3,0,0,0,4,,95,,33,KNYC,,6,6,6,0,,,1,2,33,3,0,0,2,63,
2026-09-05 06:00:00,2026-09-06 12:00:00,NBS,66,59,40,4,18.0,16.0,0.0,0.0,,8.0,,13.0,45,100,28,9,2,0,0,0,0,0.0,89,0.0,40,KNYC,1.0,12,6,8,10,64.0,1.0,1,2,31,3,0,0,2,63,
2026-09-05 06:00:00,2026-09-06 15:00:00,NBS,69,57,50,4,,,,,,,,,27,100,42,10,2,0,0,0,0,,86,,27,KNYC,,36,4,9,32,,,2,3,30,3,0,0,2,67,
2026-09-05 06:00:00,2026-09-06 18:00:00,NBS,73,56,40,3,7.0,,0.0,,,6.0,,,45,100,36,9,2,0,0,0,0,0.0,83,0.0,45,KNYC,,47,2,7,52,,,3,3,28,3,0,0,2,70,
2026-09-05 06:00:00,2026-09-06 21:00:00,NBS,73,56,30,1,,,,,,,,,-88,100,28,9,3,0,0,0,0,,83,,32,KNYC,,47,36,7,24,,,3,3,28,3,0,0,2,67,
2026-09-05 06:00:00,2026-09-07 00:00:00,NBS,70,56,20,0,3.0,7.0,0.0,0.0,,10.0,,10.0,-88,100,43,6,3,0,0,0,0,0.0,80,0.0,26,KNYC,0.0,9,35,5,4,76.0,2.0,2,4,42,3,0,0,2,64,
2026-09-05 06:00:00,2026-09-07 03:00:00,NBS,66,55,360,0,,,,,,,,,-88,100,30,4,3,0,0,0,0,,81,,20,KNYC,,9,33,6,0,,,1,4,28,3,0,0,2,62,
2026-09-05 06:00:00,2026-09-07 06:00:00,NBS,64,54,340,2,1.0,,0.0,,,7.0,,,-88,100,29,7,1,0,0,0,6,0.0,79,0.0,70,KNYC,,6,35,7,0,,,2,4,27,3,2,2,2,60,
2026-09-05 06:00:00,2026-09-07 09:00:00,NBS,62,53,350,3,,,,,,,,,-88,100,12,7,0,0,0,0,0,,76,,190,KNYC,,8,36,7,0,,,2,4,15,2,1,0,2,58,
2026-09-05 06:00:00,2026-09-07 12:00:00,NBS,63,53,340,3,0.0,2.0,0.0,0.0,,0.0,,7.0,-88,100,1,7,0,0,0,0,0,0.0,73,0.0,140,KNYC,0.0,9,35,7,13,61.0,2.0,1,3,2,2,0,0,2,60,
2026-09-05 06:00:00,2026-09-07 15:00:00,NBS,71,52,340,3,,,,,,,,,-88,100,0,8,0,0,0,0,0,,78,,270,KNYC,,48,35,10,51,,,2,3,1,3,0,0,2,67,
2026-09-05 06:00:00,2026-09-07 18:00:00,NBS,76,50,340,0,0.0,,0.0,,,0.0,,,-88,100,6,8,0,0,0,0,0,0.0,79,0.0,-88,KNYC,,64,34,9,67,,,2,3,7,2,0,0,2,70,
2026-09-05 06:00:00,2026-09-07 21:00:00,NBS,77,50,320,0,,,,,,,,,-88,100,10,7,0,0,0,0,0,,83,,280,KNYC,,61,32,7,63,,,2,3,9,2,1,0,2,68,
2026-09-05 06:00:00,2026-09-08 00:00:00,NBS,73,52,300,0,0.0,0.0,0.0,0.0,,1.0,,1.0,-88,100,19,4,0,0,0,0,0,0.0,86,0.0,80,KNYC,0.0,5,29,5,38,79.0,2.0,1,3,19,3,0,0,1,65,
2026-09-05 06:00:00,2026-09-08 03:00:00,NBS,68,54,290,0,,,,,,,,,-88,100,26,5,0,0,0,0,0,,87,,280,KNYC,,6,30,5,0,,,2,2,18,2,0,0,1,62,
2026-09-05 06:00:00,2026-09-08 06:00:00,NBS,66,54,300,0,0.0,,0.0,,,1.0,,,-88,100,12,6,0,0,0,0,0,0.0,87,0.0,220,KNYC,,6,30,7,0,,,2,2,15,2,0,0,2,61,
2026-09-05 12:00:00,2026-09-05 18:00:00,NBS,79,57,360,4,0.0,,0.0,,1.0,0.0,,,-88,100,35,11,0,0,0,0,0,0.0,90,0.0,50,KNYC,,59,36,11,74,,,2,2,33,2,0,0,1,73,1/0
2026-09-05 12:00:00,2026-09-05 21:00:00,NBS,79,57,0,3,,,,,,,,,-88,100,26,10,0,0,0,0,0,,92,,80,KNYC,,52,36,10,36,,,2,2,20,2,0,0,2,71,
2026-09-05 12:00:00,2026-09-06 00:00:00,NBS,75,58,30,0,1.0,0.0,0.0,0.0,,3.0,,3.0,-88,100,18,7,1,0,0,0,0,0.0,93,0.0,70,KNYC,0.0,8,1,8,3,80.0,2.0,2,3,21,3,0,0,2,68,
2026-09-05 12:00:00,2026-09-06 03:00:00,NBS,70,59,40,4,,,,,,,,,-88,100,14,9,2,0,0,0,0,,95,,60,KNYC,,6,5,7,0,,,2,3,21,3,0,0,2,66,
2026-09-05 12:00:00,2026-09-06 06:00:00,NBS,68,60,50,4,6.0,,0.0,,,9.0,,,-88,100,39,8,3,0,0,0,15,0.0,95,0.0,30,KNYC,,7,7,7,0,,,2,2,26,3,0,0,2,64,
2026-09-05 12:00:00,2026-09-06 09:00:00,NBS,66,59,60,4,,,,,,,,,45,100,48,8,4,0,0,0,0,,95,,38,KNYC,,5,6,6,0,,,2,2,37,3,0,0,2,63,
2026-09-05 12:00:00,2026-09-06 12:00:00,NBS,66,59,40,4,11.0,9.0,0.0,0.0,,7.0,,11.0,27,100,24,9,2,0,0,0,0,0.0,89,0.0,27,KNYC,2.0,15,6,8,15,64.0,2.0,1,2,22,2,0,0,1,64,
2026-09-05 12:00:00,2026-09-06 15:00:00,NBS,70,57,50,4,,,,,,,,,27,100,39,10,3,0,0,0,4,,86,,27,KNYC,,35,3,8,40,,,3,3,30,3,0,0,2,67,
2026-09-05 12:00:00,2026-09-06 18:00:00,NBS,74,56,40,2,4.0,,0.0,,,7.0,,,45,100,40,9,2,0,0,0,4,0.0,83,0.0,45,KNYC,,48,2,7,59,,,3,3,25,3,0,0,2,70,
2026-09-05 12:00:00,2026-09-06 21:00:00,NBS,74,56,50,2,,,,,,,,,-88,100,49,9,4,0,0,0,4,,83,,47,KNYC,,44,2,6,26,,,3,3,31,3,0,0,2,67,
2026-09-05 12:00:00,2026-09-07 00:00:00,NBS,71,55,120,0,5.0,6.0,0.0,0.0,,10.0,,11.0,-88,100,44,6,3,0,0,0,8,0.0,79,0.0,45,KNYC,1.0,7,7,4,3,76.0,3.0,2,3,36,3,0,0,2,64,
2026-09-05 12:00:00,2026-09-07 03:00:00,NBS,67,54,350,0,,,,,,,,,-88,100,6,4,1,0,0,0,0,,76,,80,KNYC,,7,33,5,0,,,1,4,6,3,0,0,2,62,
2026-09-05 12:00:00,2026-09-07 06:00:00,NBS,65,53,340,0,1.0,,0.0,,,4.0,,,-88,100,10,7,0,0,0,0,0,0.0,78,0.0,180,KNYC,,7,35,8,0,,,2,4,26,3,0,4,2,59,
2026-09-05 12:00:00,2026-09-07 09:00:00,NBS,63,52,350,4,,,,,,,,,-88,100,12,8,0,0,0,0,0,,74,,160,KNYC,,7,0,8,0,,,2,3,30,2,2,0,2,59,
2026-09-05 12:00:00,2026-09-07 12:00:00,NBS,63,52,340,3,0.0,11.0,0.0,0.0,,0.0,,4.0,-88,100,10,7,0,0,0,0,0,0.0,71,0.0,210,KNYC,0.0,9,36,8,16,61.0,2.0,1,3,29,2,0,0,1,59,
2026-09-05 12:00:00,2026-09-07 15:00:00,NBS,72,51,350,4,,,,,,,,,-88,100,1,9,0,0,0,0,0,,67,,270,KNYC,,45,35,10,63,,,2,3,2,3,0,0,2,66,
2026-09-05 12:00:00,2026-09-07 18:00:00,NBS,77,49,340,0,0.0,,0.0,,,0.0,,,-88,100,5,8,0,0,0,0,0,0.0,70,0.0,220,KNYC,,61,35,10,74,,,2,3,6,2,0,0,2,70,
2026-09-05 12:00:00,2026-09-07 21:00:00,NBS,78,49,330,0,,,,,,,,,-88,100,9,7,0,0,0,0,0,,81,,-88,KNYC,,63,33,8,64,,,2,3,8,3,0,0,2,68,
2026-09-05 12:00:00,2026-09-08 00:00:00,NBS,73,50,330,0,0.0,0.0,0.0,0.0,,1.0,,1.0,-88,100,18,4,0,0,0,0,0,0.0,85,0.0,280,KNYC,0.0,4,35,4,38,79.0,2.0,1,3,15,2,0,0,1,64,
2026-09-05 12:00:00,2026-09-08 03:00:00,NBS,68,53,300,0,,,,,,,,,-88,100,32,4,0,0,0,0,0,,84,,180,KNYC,,4,31,3,0,,,1,3,29,2,0,0,1,62,
2026-09-05 12:00:00,2026-09-08 06:00:00,NBS,66,53,310,0,0.0,,0.0,,,1.0,,,-88,100,18,6,0,0,0,0,0,0.0,85,0.0,170,KNYC,,6,31,6,0,,,2,2,27,2,0,0,2,61,
2026-09-05 12:00:00,2026-09-08 09:00:00,NBS,63,54,310,0,,,,,,,,,-88,100,13,5,0,0,0,0,0,,93,,250,KNYC,,5,32,6,0,,,2,2,25,2,0,0,2,59,
2026-09-05 12:00:00,2026-09-08 12:00:00,NBS,65,55,310,0,0.0,0.0,0.0,0.0,,1.0,,1.0,-88,100,19,5,0,0,0,0,0,0.0,97,0.0,220,KNYC,0.0,7,33,6,2,62.0,2.0,2,2,30,2,0,0,2,62,
2026-09-05 18:00:00,2026-09-06 00:00:00,NBS,74,57,20,0,1.0,,0.0,,1.0,5.0,1.0,,-88,100,18,7,2,0,0,0,0,0.0,95,0.0,70,KNYC,,8,1,8,3,,,2,2,13,3,0,0,2,67,1/5
2026-09-05 18:00:00,2026-09-06 03:00:00,NBS,70,59,40,3,,,,,,,,,-88,100,15,8,3,0,0,0,0,,98,,70,KNYC,,4,4,7,0,,,2,2,16,3,0,0,2,65,
2026-09-05 18:00:00,2026-09-06 06:00:00,NBS,68,60,50,4,4.0,,0.0,,,12.0,,,-88,100,40,8,5,0,0,0,0,0.0,97,0.0,27,KNYC,,5,8,7,0,,,2,2,28,3,0,1,2,64,
2026-09-05 18:00:00,2026-09-06 09:00:00,NBS,66,60,50,4,,,,,,,,,45,100,61,7,5,0,0,0,0,,95,,31,KNYC,,5,7,7,0,,,2,2,29,3,0,0,2,63,
2026-09-05 18:00:00,2026-09-06 12:00:00,NBS,66,59,40,4,13.0,12.0,0.0,0.0,,9.0,,14.0,35,100,54,8,3,0,0,0,18,0.0,89,0.0,19,KNYC,3.0,13,5,6,7,64.0,2.0,1,2,25,2,0,0,2,63,
2026-09-05 18:00:00,2026-09-06 15:00:00,NBS,70,57,50,4,,,,,,,,,27,100,48,9,3,0,0,0,18,,85,,24,KNYC,,31,3,8,33,,,3,2,28,3,0,0,2,67,
2026-09-05 18:00:00,2026-09-06 18:00:00,NBS,74,57,50,1,17.0,,0.0,,,8.0,,,35,100,45,8,3,0,0,0,9,0.0,84,0.0,35,KNYC,,42,2,7,53,,,3,2,26,3,0,0,2,70,
2026-09-05 18:00:00,2026-09-06 21:00:00,NBS,74,56,50,0,,,,,,,,,-88,100,56,8,4,0,0,0,5,,82,,43,KNYC,,36,4,6,23,,,3,3,28,3,0,0,2,67,
2026-09-05 18:00:00,2026-09-07 00:00:00,NBS,69,56,30,0,8.0,17.0,0.0,0.0,,13.0,,13.0,-88,100,32,5,3,0,0,0,1,0.0,79,0.0,130,KNYC,3.0,8,3,4,4,74.0,3.0,2,4,34,3,0,0,2,63,
2026-09-05 18:00:00,2026-09-07 03:00:00,NBS,66,55,340,0,,,,,,,,,-88,100,18,4,2,0,0,0,0,,76,,190,KNYC,,4,36,4,0,,,1,4,25,3,0,0,2,62,
2026-09-05 18:00:00,2026-09-07 06:00:00,NBS,64,53,340,3,2.0,,0.0,,,7.0,,,-88,100,10,7,1,0,0,0,0,0.0,75,0.0,100,KNYC,,5,35,6,0,,,2,4,11,2,1,4,2,60,
2026-09-05 18:00:00,2026-09-07 09:00:00,NBS,63,52,350,4,,,,,,,,,-88,100,36,8,0,0,0,0,0,,75,,80,KNYC,,6,35,7,0,,,2,4,29,2,2,1,2,58,
2026-09-05 18:00:00,2026-09-07 12:00:00,NBS,63,52,340,3,0.0,2.0,0.0,0.0,,1.0,,7.0,-88,100,14,7,0,0,0,0,0,0.0,67,0.0,140,KNYC,0.0,7,35,7,18,61.0,2.0,1,3,23,2,0,0,2,59,
2026-09-05 18:00:00,2026-09-07 15:00:00,NBS,72,51,340,4,,,,,,,,,-88,100,0,9,0,0,0,0,0,,66,,100,KNYC,,46,35,10,64,,,2,3,1,3,0,0,2,66,
2026-09-05 18:00:00,2026-09-07 18:00:00,NBS,77,49,330,1,0.0,,0.0,,,0.0,,,-88,100,16,9,0,0,0,0,0,0.0,68,0.0,190,KNYC,,60,34,9,76,,,2,2,21,3,0,0,2,70,
2026-09-05 18:00:00,2026-09-07 21:00:00,NBS,78,49,320,0,,,,,,,,,-88,100,18,7,0,0,0,0,0,,73,,42,KNYC,,63,31,8,51,,,2,2,27,2,0,0,2,68,
2026-09-05 18:00:00,2026-09-08 00:00:00,NBS,72,50,320,0,0.0,0.0,0.0,0.0,,1.0,,1.0,-88,100,28,4,0,0,0,0,0,0.0,76,0.0,50,KNYC,0.0,4,31,4,19,78.0,2.0,1,3,34,2,0,0,1,63,
2026-09-05 18:00:00,2026-09-08 03:00:00,NBS,68,52,300,0,,,,,,,,,-88,100,32,4,0,0,0,0,0,,82,,240,KNYC,,5,32,5,0,,,2,3,28,2,0,0,1,61,
2026-09-05 18:00:00,2026-09-08 06:00:00,NBS,65,52,300,0,0.0,,0.0,,,1.0,,,-88,100,12,5,0,0,0,0,0,0.0,83,0.0,200,KNYC,,6,32,6,0,,,2,3,21,2,0,0,2,60,
2026-09-05 18:00:00,2026-09-08 09:00:00,NBS,64,53,300,0,,,,,,,,,-88,100,14,5,0,0,0,0,0,,90,,190,KNYC,,4,32,6,0,,,2,2,25,2,0,0,2,60,
2026-09-05 18:00:00,2026-09-08 12:00:00,NBS,65,54,310,0,0.0,0.0,0.0,0.0,,1.0,,1.0,-88,100,20,5,0,0,0,0,0,0.0,94,0.0,140,KNYC,0.0,6,32,6,2,62.0,2.0,1,2,30,2,0,0,2,61,
2026-09-05 18:00:00,2026-09-08 15:00:00,NBS,75,54,310,0,,,,,,,,,-88,100,13,6,0,0,0,0,0,,96,,130,KNYC,,36,32,8,41,,,2,2,25,3,0,0,2,70,
2026-09-05 18:00:00,2026-09-08 18:00:00,NBS,80,53,310,0,0.0,,0.0,,,1.0,,,-88,100,29,8,0,0,0,0,0,0.0,100,0.0,100,KNYC,,56,33,8,59,,,2,3,29,3,0,0,2,73,
2026-09-06 00:00:00,2026-09-06 06:00:00,NBS,68,61,40,4,7.0,,0.0,,1.0,10.0,,,-88,100,50,8,4,0,0,0,0,0.0,97,0.0,21,KNYC,,6,7,5,0,,,2,2,28,2,0,1,1,64,1/10
2026-09-06 00:00:00,2026-09-06 09:00:00,NBS,66,61,50,4,,,,,,,,,-88,100,38,7,4,0,0,0,1,,94,,19,KNYC,,5,6,6,0,,,1,2,30,3,0,0,2,64,
2026-09-06 00:00:00,2026-09-06 12:00:00,NBS,66,60,30,4,10.0,15.0,0.0,0.0,,9.0,,14.0,35,100,50,8,4,0,0,0,21,0.0,89,0.0,27,KNYC,4.0,14,3,5,12,64.0,2.0,1,2,27,2,0,0,2,63,
2026-09-06 00:00:00,2026-09-06 15:00:00,NBS,70,59,40,4,,,,,,,,,27,100,45,9,3,0,0,0,14,,85,,25,KNYC,,33,2,8,37,,,3,2,25,3,0,0,2,68,
2026-09-06 00:00:00,2026-09-06 18:00:00,NBS,74,58,60,1,17.0,,2.0,,,9.0,,,45,100,36,8,3,0,0,0,7,0.0,82,0.0,45,KNYC,,41,3,8,56,,,3,2,28,3,0,0,2,71,
2026-09-06 00:00:00,2026-09-06 21:00:00,NBS,74,58,50,0,,,,,,,,,-88,100,50,8,4,0,0,0,1,,83,,45,KNYC,,40,3,8,28,,,3,3,28,4,0,0,3,68,
2026-09-06 00:00:00,2026-09-07 00:00:00,NBS,69,57,60,0,5.0,26.0,0.0,2.0,,12.0,,12.0,-88,100,28,5,2,0,0,0,1,0.0,80,0.0,60,KNYC,2.0,10,5,4,5,74.0,3.0,2,3,26,3,0,0,2,64,
2026-09-06 00:00:00,2026-09-07 03:00:00,NBS,66,56,350,0,,,,,,,,,-88,100,25,4,1,0,0,0,0,,78,,44,KNYC,,4,6,3,0,,,2,4,20,3,0,0,1,62,
2026-09-06 00:00:00,2026-09-07 06:00:00,NBS,64,54,340,2,6.0,,0.0,,,4.0,,,-88,100,21,7,0,0,0,0,0,0.0,75,0.0,50,KNYC,,4,35,5,0,,,2,4,30,2,2,2,2,61,
2026-09-06 00:00:00,2026-09-07 09:00:00,NBS,62,53,340,4,,,,,,,,,-88,100,37,8,0,0,0,0,0,,74,,110,KNYC,,4,35,6,0,,,2,4,33,2,1,0,2,58,
2026-09-06 00:00:00,2026-09-07 12:00:00,NBS,63,53,340,3,0.0,6.0,0.0,0.0,,0.0,,4.0,-88,100,21,8,0,0,0,0,0,0.0,68,0.0,120,KNYC,1.0,6,35,6,15,61.0,2.0,1,3,33,2,2,0,2,60,
2026-09-06 00:00:00,2026-09-07 15:00:00,NBS,72,52,340,4,,,,,,,,,-88,100,3,10,0,0,0,0,0,,67,,-88,KNYC,,42,35,8,68,,,1,3,5,3,0,0,2,67,
2026-09-06 00:00:00,2026-09-07 18:00:00,NBS,77,50,330,2,0.0,,0.0,,,0.0,,,-88,100,5,9,0,0,0,0,0,0.0,69,0.0,100,KNYC,,61,34,9,78,,,2,2,5,2,0,0,2,71,
2026-09-06 00:00:00,2026-09-07 21:00:00,NBS,79,50,310,0,,,,,,,,,-88,100,40,7,0,0,0,0,0,,73,,100,KNYC,,66,32,7,44,,,2,3,38,2,0,0,2,68,
2026-09-06 00:00:00,2026-09-08 00:00:00,NBS,72,51,300,0,0.0,0.0,0.0,0.0,,1.0,,1.0,-88,100,46,4,0,0,0,0,0,0.0,76,0.0,280,KNYC,0.0,6,32,5,13,79.0,2.0,1,3,38,2,0,0,1,64,
2026-09-06 00:00:00,2026-09-08 03:00:00,NBS,68,53,300,0,,,,,,,,,-88,100,41,5,0,0,0,0,0,,77,,280,KNYC,,7,33,6,0,,,2,3,38,3,0,0,1,62,
2026-09-06 00:00:00,2026-09-08 06:00:00,NBS,65,53,310,0,0.0,,0.0,,,1.0,,,-88,100,24,5,0,0,0,0,0,0.0,78,0.0,250,KNYC,,5,33,7,0,,,2,3,28,2,1,0,2,60,
2026-09-06 00:00:00,2026-09-08 09:00:00,NBS,63,54,300,0,,,,,,,,,-88,100,9,6,0,0,0,0,0,,88,,250,KNYC,,5,32,5,0,,,2,3,12,2,1,0,2,59,
2026-09-06 00:00:00,2026-09-08 12:00:00,NBS,64,55,310,0,0.0,0.0,0.0,0.0,,1.0,,1.0,-88,100,14,6,0,0,0,0,0,0.0,91,0.0,190,KNYC,0.0,7,32,5,2,62.0,2.0,2,3,17,2,0,0,2,61,
2026-09-06 00:00:00,2026-09-08 15:00:00,NBS,75,54,310,0,,,,,,,,,-88,100,17,7,0,0,0,0,0,,100,,200,KNYC,,36,31,8,44,,,2,2,25,3,0,0,2,70,
2026-09-06 00:00:00,2026-09-08 18:00:00,NBS,81,54,310,0,0.0,,0.0,,,0.0,,,-88,100,33,8,0,0,0,0,0,0.0,100,0.0,160,KNYC,,53,32,7,59,,,2,3,29,3,0,0,2,74,
2026-09-06 00:00:00,2026-09-08 21:00:00,NBS,82,55,290,0,,,,,,,,,-88,100,21,8,0,0,0,0,0,,110,,180,KNYC,,58,29,6,57,,,2,3,21,3,0,0,2,72,
2026-09-06 00:00:00,2026-09-09 00:00:00,NBS,75,57,210,0,0.0,0.0,0.0,0.0,,1.0,,1.0,-88,100,46,6,0,0,0,0,0,0.0,110,0.0,120,KNYC,0.0,6,21,5,33,82.0,2.0,2,3,27,3,2,0,1,67,
2026-09-06 06:00:00,2026-09-06 12:00:00,NBS,66,61,30,4,13.0,,2.0,,2.0,8.0,1.0,,-88,100,54,7,2,0,0,0,3,0.0,90,0.0,30,KNYC,,13,3,6,13,,,1,2,32,3,0,0,2,64,2/8
2026-09-06 06:00:00,2026-09-06 15:00:00,NBS,70,59,30,4,,,,,,,,,35,100,54,9,3,0,0,0,10,,86,,31,KNYC,,35,2,7,44,,,3,2,30,3,0,0,2,68,
2026-09-06 06:00:00,2026-09-06 18:00:00,NBS,74,59,40,3,6.0,,0.0,,,8.0,,,45,100,40,9,3,0,0,0,0,0.0,83,0.0,38,KNYC,,42,2,7,57,,,3,2,24,3,0,0,2,71,
2026-09-06 06:00:00,2026-09-06 21:00:00,NBS,74,58,30,1,,,,,,,,,-88,100,43,9,5,0,0,0,3,,84,,60,KNYC,,41,2,7,28,,,3,2,29,3,0,0,2,68,
2026-09-06 06:00:00,2026-09-07 00:00:00,NBS,69,57,90,0,5.0,12.0,0.0,0.0,,15.0,,15.0,-88,100,35,5,4,0,0,0,4,0.0,82,0.0,50,KNYC,2.0,9,8,5,2,74.0,3.0,2,3,36,3,0,0,1,64,
2026-09-06 06:00:00,2026-09-07 03:00:00,NBS,66,56,350,0,,,,,,,,,-88,100,30,3,3,0,0,0,4,,78,,70,KNYC,,5,2,4,0,,,1,3,16,3,0,1,1,62,
2026-09-06 06:00:00,2026-09-07 06:00:00,NBS,64,55,340,2,10.0,,0.0,,,7.0,,,-88,100,8,7,1,0,0,0,0,0.0,77,0.0,100,KNYC,,4,35,6,0,,,1,4,21,2,0,0,2,61,
2026-09-06 06:00:00,2026-09-07 09:00:00,NBS,63,53,340,3,,,,,,,,,-88,100,21,8,0,0,0,0,0,,72,,70,KNYC,,4,35,7,0,,,2,3,26,2,0,0,2,58,
2026-09-06 06:00:00,2026-09-07 12:00:00,NBS,63,53,350,3,0.0,11.0,0.0,0.0,,0.0,,7.0,-88,100,11,7,0,0,0,0,0,0.0,66,0.0,190,KNYC,0.0,6,36,7,17,61.0,2.0,1,3,17,2,0,0,2,60,
2026-09-06 06:00:00,2026-09-07 15:00:00,NBS,72,52,350,4,,,,,,,,,-88,100,3,9,0,0,0,0,0,,64,,-88,KNYC,,44,35,8,67,,,1,3,5,3,0,0,2,67,
2026-09-06 06:00:00,2026-09-07 18:00:00,NBS,78,49,340,3,0.0,,0.0,,,0.0,,,-88,100,4,9,0,0,0,0,0,0.0,67,0.0,270,KNYC,,59,35,9,78,,,1,3,4,2,0,0,2,71,
2026-09-06 06:00:00,2026-09-07 21:00:00,NBS,79,50,320,0,,,,,,,,,-88,100,6,7,0,0,0,0,0,,73,,190,KNYC,,63,33,7,45,,,1,2,6,2,0,0,2,69,
2026-09-06 06:00:00,2026-09-08 00:00:00,NBS,72,51,310,0,0.0,0.0,0.0,0.0,,1.0,,1.0,-88,100,40,4,0,0,0,0,0,0.0,75,0.0,180,KNYC,0.0,4,32,5,10,79.0,1.0,1,3,31,3,0,0,1,64,
2026-09-06 06:00:00,2026-09-08 03:00:00,NBS,68,53,290,0,,,,,,,,,-88,100,41,5,0,0,0,0,0,,77,,60,KNYC,,6,33,6,0,,,2,3,41,3,0,0,1,63,
2026-09-06 06:00:00,2026-09-08 06:00:00,NBS,65,53,300,0,0.0,,0.0,,,1.0,,,-88,100,20,5,0,0,0,0,0,0.0,77,0.0,230,KNYC,,5,31,7,0,,,2,3,28,2,0,0,2,61,
2026-09-06 06:00:00,2026-09-08 09:00:00,NBS,63,54,300,0,,,,,,,,,-88,100,12,5,0,0,0,0,0,,96,,210,KNYC,,5,32,6,0,,,2,2,20,2,0,0,2,59,
2026-09-06 06:00:00,2026-09-08 12:00:00,NBS,64,55,310,0,0.0,0.0,0.0,0.0,,1.0,,1.0,-88,100,13,5,0,0,0,0,0,0.0,93,0.0,190,KNYC,0.0,8,32,6,13,62.0,2.0,2,2,19,2,0,0,2,61,
2026-09-06 06:00:00,2026-09-08 15:00:00,NBS,75,54,310,2,,,,,,,,,-88,100,21,7,0,0,0,0,0,,94,,150,KNYC,,35,32,8,45,,,2,2,29,3,0,0,2,70,
2026-09-06 06:00:00,2026-09-08 18:00:00,NBS,81,54,300,0,0.0,,0.0,,,1.0,,,-88,100,30,8,0,0,0,0,0,0.0,97,0.0,130,KNYC,,54,32,9,59,,,2,3,26,3,0,0,2,74,
2026-09-06 06:00:00,2026-09-08 21:00:00,NBS,82,55,280,0,,,,,,,,,-88,100,22,8,0,0,0,0,0,,110,,180,KNYC,,55,30,7,60,,,2,3,23,3,0,0,2,72,
2026-09-06 06:00:00,2026-09-09 00:00:00,NBS,75,57,220,0,0.0,0.0,0.0,0.0,,1.0,,1.0,-88,100,41,6,0,0,0,0,0,0.0,110,0.0,140,KNYC,0.0,6,22,5,35,82.0,2.0,2,3,26,3,2,0,1,68,
2026-09-06 06:00:00,2026-09-09 03:00:00,NBS,72,58,230,0,,,,,,,,,-88,100,45,5,0,0,0,0,0,,110,,170,KNYC,,5,24,4,0,,,2,3,30,3,2,0,2,66,
2026-09-06 06:00:00,2026-09-09 06:00:00,NBS,69,59,240,0,0.0,,0.0,,,2.0,,,-88,100,31,5,1,0,0,0,0,0.0,110,0.0,160,KNYC,,4,28,5,0,,,2,3,31,3,0,0,2,65,
2026-09-06 12:00:00,2026-09-06 18:00:00,NBS,74,59,40,2,5.0,,0.0,,1.0,7.0,,,-88,100,35,9,3,0,0,0,4,0.0,82,0.0,46,KNYC,,46,1,7,57,,,2,2,25,3,0,0,2,71,1/7
2026-09-06 12:00:00,2026-09-06 21:00:00,NBS,73,58,20,1,,,,,,,,,-88,100,46,8,4,0,0,0,4,,84,,60,KNYC,,48,35,8,28,,,2,2,34,4,0,0,2,68,
2026-09-06 12:00:00,2026-09-07 00:00:00,NBS,69,57,50,0,9.0,15.0,0.0,0.0,,11.0,,11.0,-88,100,51,5,1,0,0,0,4,0.0,82,0.0,60,KNYC,2.0,7,3,6,2,74.0,2.0,2,3,33,3,0,0,2,64,
2026-09-06 12:00:00,2026-09-07 03:00:00,NBS,67,56,360,0,,,,,,,,,-88,100,32,3,0,0,0,0,0,,79,,70,KNYC,,5,1,5,0,,,1,3,29,3,0,0,2,62,
2026-09-06 12:00:00,2026-09-07 06:00:00,NBS,65,54,340,2,1.0,,0.0,,,3.0,,,-88,100,12,6,0,0,0,0,0,0.0,78,0.0,70,KNYC,,5,36,7,0,,,1,4,19,2,0,1,2,60,
2026-09-06 12:00:00,2026-09-07 09:00:00,NBS,63,52,340,4,,,,,,,,,-88,100,9,8,0,0,0,0,0,,72,,90,KNYC,,4,0,6,0,,,2,4,10,2,0,0,1,58,
2026-09-06 12:00:00,2026-09-07 12:00:00,NBS,64,52,340,3,0.0,1.0,0.0,0.0,,0.0,,3.0,-88,100,1,7,0,0,0,0,0,0.0,66,0.0,42,KNYC,0.0,6,35,7,18,61.0,2.0,1,3,1,2,0,0,1,59,
2026-09-06 12:00:00,2026-09-07 15:00:00,NBS,72,51,340,4,,,,,,,,,-88,100,3,9,0,0,0,0,0,,64,,-88,KNYC,,46,35,10,69,,,1,3,5,3,0,0,2,67,
2026-09-06 12:00:00,2026-09-07 18:00:00,NBS,77,49,340,3,0.0,,0.0,,,0.0,,,-88,100,6,9,0,0,0,0,0,0.0,69,0.0,270,KNYC,,60,35,10,78,,,1,2,4,2,0,0,2,71,
2026-09-06 12:00:00,2026-09-07 21:00:00,NBS,79,49,330,0,,,,,,,,,-88,100,8,7,0,0,0,0,0,,74,,270,KNYC,,66,33,9,45,,,2,2,7,2,0,0,2,69,
2026-09-06 12:00:00,2026-09-08 00:00:00,NBS,73,51,320,0,0.0,0.0,0.0,0.0,,1.0,,1.0,-88,100,27,4,0,0,0,0,0,0.0,75,0.0,240,KNYC,0.0,4,32,5,10,79.0,1.0,1,2,31,2,0,0,1,64,
2026-09-06 12:00:00,2026-09-08 03:00:00,NBS,68,52,310,0,,,,,,,,,-88,100,33,4,0,0,0,0,0,,77,,140,KNYC,,7,34,7,0,,,2,2,37,2,0,0,1,62,
2026-09-06 12:00:00,2026-09-08 06:00:00,NBS,65,53,300,0,0.0,,0.0,,,1.0,,,-88,100,27,5,0,0,0,0,0,0.0,78,0.0,130,KNYC,,6,32,6,0,,,2,2,32,2,0,0,2,60,
2026-09-06 12:00:00,2026-09-08 09:00:00,NBS,63,53,310,0,,,,,,,,,-88,100,9,5,0,0,0,0,0,,99,,170,KNYC,,4,33,5,0,,,2,2,13,2,2,0,2,60,
2026-09-06 12:00:00,2026-09-08 12:00:00,NBS,65,54,310,0,0.0,0.0,0.0,0.0,,1.0,,1.0,-88,100,18,5,0,0,0,0,0,0.0,96,0.0,220,KNYC,0.0,7,32,6,16,62.0,2.0,2,2,30,2,0,0,2,61,
2026-09-06 12:00:00,2026-09-08 15:00:00,NBS,75,54,310,1,,,,,,,,,-88,100,16,7,0,0,0,0,0,,100,,160,KNYC,,36,32,8,56,,,2,2,34,3,0,0,2,70,
2026-09-06 12:00:00,2026-09-08 18:00:00,NBS,81,53,310,0,0.0,,0.0,,,0.0,,,-88,100,19,8,0,0,0,0,0,0.0,100,0.0,170,KNYC,,55,33,9,69,,,2,3,26,2,0,0,2,74,
2026-09-06 12:00:00,2026-09-08 21:00:00,NBS,82,54,270,0,,,,,,,,,-88,100,24,8,0,0,0,0,0,,100,,160,KNYC,,59,32,6,57,,,2,3,21,3,0,0,2,72,
2026-09-06 12:00:00,2026-09-09 00:00:00,NBS,75,55,210,0,0.0,0.0,0.0,0.0,,1.0,,1.0,-88,100,43,5,0,0,0,0,0,0.0,110,0.0,160,KNYC,0.0,6,19,6,34,82.0,2.0,2,4,31,3,0,0,1,67,
2026-09-06 12:00:00,2026-09-09 03:00:00,NBS,72,57,220,0,,,,,,,,,-88,100,41,4,0,0,0,0,0,,110,,170,KNYC,,7,21,6,0,,,2,3,31,3,2,0,1,65,
2026-09-06 12:00:00,2026-09-09 06:00:00,NBS,70,58,240,0,0.0,,0.0,,,1.0,,,-88,100,36,4,0,0,0,0,0,0.0,100,0.0,170,KNYC,,4,25,6,0,,,2,3,31,3,2,0,2,65,
2026-09-06 12:00:00,2026-09-09 09:00:00,NBS,68,58,240,0,,,,,,,,,-88,100,25,5,0,0,0,0,0,,99,,180,KNYC,,8,25,6,0,,,2,4,24,3,2,0,2,64,
2026-09-06 12:00:00,2026-09-09 12:00:00,NBS,69,59,220,0,0.0,0.0,0.0,0.0,,1.0,,1.0,-88,100,36,6,0,0,0,0,0,0.0,100,0.0,110,KNYC,0.0,10,21,7,1,66.0,2.0,2,3,24,3,0,0,2,65,
2026-09-06 18:00:00,2026-09-07 00:00:00,NBS,70,56,70,0,5.0,,0.0,,0.0,10.0,1.0,,-88,100,30,5,1,0,0,0,4,0.0,82,0.0,70,KNYC,,10,2,6,2,,,1,3,27,3,0,0,2,64,0/10
2026-09-06 18:00:00,2026-09-07 03:00:00,NBS,67,55,350,0,,,,,,,,,-88,100,20,4,1,0,0,0,0,,78,,80,KNYC,,4,0,7,0,,,1,4,23,3,0,0,2,62,
2026-09-06 18:00:00,2026-09-07 06:00:00,NBS,65,53,330,3,1.0,,0.0,,,4.0,,,-88,100,15,7,0,0,0,0,12,0.0,74,0.0,60,KNYC,,4,36,7,0,,,2,4,24,2,0,0,2,60,
2026-09-06 18:00:00,2026-09-07 09:00:00,NBS,63,51,340,4,,,,,,,,,-88,100,9,8,0,0,0,0,0,,69,,110,KNYC,,4,35,7,0,,,2,3,18,2,0,0,1,59,
2026-09-06 18:00:00,2026-09-07 12:00:00,NBS,64,52,340,3,0.0,1.0,0.0,0.0,,0.0,,4.0,-88,100,6,7,0,0,0,0,0,0.0,65,0.0,210,KNYC,0.0,6,33,7,19,61.0,2.0,1,3,14,2,0,0,1,59,
2026-09-06 18:00:00,2026-09-07 15:00:00,NBS,73,51,340,4,,,,,,,,,-88,100,3,10,0,0,0,0,0,,66,,270,KNYC,,46,35,11,69,,,1,3,4,3,0,0,1,68,
2026-09-06 18:00:00,2026-09-07 18:00:00,NBS,78,49,350,3,0.0,,0.0,,,0.0,,,-88,100,3,10,0,0,0,0,0,0.0,70,0.0,270,KNYC,,63,35,10,78,,,1,2,4,2,0,0,2,71,
2026-09-06 18:00:00,2026-09-07 21:00:00,NBS,79,50,330,0,,,,,,,,,-88,100,7,7,0,0,0,0,0,,75,,90,KNYC,,67,33,8,45,,,1,2,7,2,0,0,2,69,
2026-09-06 18:00:00,2026-09-08 00:00:00,NBS,74,51,330,0,0.0,0.0,0.0,0.0,,1.0,,1.0,-88,100,20,4,0,0,0,0,0,0.0,76,0.0,130,KNYC,0.0,5,32,5,10,79.0,1.0,1,3,13,2,0,0,1,64,
2026-09-06 18:00:00,2026-09-08 03:00:00,NBS,69,52,320,0,,,,,,,,,-88,100,20,5,0,0,0,0,0,,77,,240,KNYC,,4,33,7,0,,,2,2,24,2,0,0,1,63,
2026-09-06 18:00:00,2026-09-08 06:00:00,NBS,66,53,320,0,0.0,,0.0,,,1.0,,,-88,100,13,5,0,0,0,0,0,0.0,78,0.0,100,KNYC,,4,33,6,0,,,2,2,30,2,0,0,2,61,
2026-09-06 18:00:00,2026-09-08 09:00:00,NBS,64,53,320,0,,,,,,,,,-88,100,13,5,0,0,0,0,0,,85,,130,KNYC,,4,31,6,0,,,2,2,27,1,0,0,2,59,
2026-09-06 18:00:00,2026-09-08 12:00:00,NBS,65,54,320,0,0.0,0.0,0.0,0.0,,1.0,,1.0,-88,100,30,5,0,0,0,0,0,0.0,90,0.0,130,KNYC,0.0,6,32,6,17,62.0,2.0,2,2,36,2,0,0,2,61,
2026-09-06 18:00:00,2026-09-08 15:00:00,NBS,76,53,320,1,,,,,,,,,-88,100,9,7,0,0,0,0,0,,98,,170,KNYC,,38,33,8,63,,,2,2,28,3,0,0,2,70,
2026-09-06 18:00:00,2026-09-08 18:00:00,NBS,81,52,290,0,0.0,,0.0,,,0.0,,,-88,100,41,8,0,0,0,0,0,0.0,100,0.0,200,KNYC,,54,32,7,71,,,2,2,31,2,0,0,2,73,
2026-09-06 18:00:00,2026-09-08 21:00:00,NBS,82,54,280,0,,,,,,,,,-88,100,26,7,0,0,0,0,0,,100,,190,KNYC,,58,31,7,48,,,2,2,17,3,0,0,2,72,
2026-09-06 18:00:00,2026-09-09 00:00:00,NBS,76,55,200,0,0.0,0.0,0.0,0.0,,0.0,,0.0,-88,100,55,5,0,0,0,0,0,0.0,100,0.0,80,KNYC,0.0,7,19,6,17,82.0,2.0,2,3,28,3,0,0,2,68,
2026-09-06 18:00:00,2026-09-09 03:00:00,NBS,72,57,230,0,,,,,,,,,-88,100,40,4,0,0,0,0,0,,100,,110,KNYC,,6,24,6,0,,,2,3,31,3,2,0,1,66,
2026-09-06 18:00:00,2026-09-09 06:00:00,NBS,70,58,250,0,0.0,,0.0,,,0.0,,,-88,100,36,4,0,0,0,0,0,0.0,100,0.0,110,KNYC,,4,26,5,0,,,2,3,31,3,2,0,2,65,
2026-09-06 18:00:00,2026-09-09 09:00:00,NBS,68,58,240,0,,,,,,,,,-88,100,42,5,0,0,0,0,0,,99,,160,KNYC,,7,25,6,0,,,2,3,30,3,3,0,2,64,
2026-09-06 18:00:00,2026-09-09 12:00:00,NBS,69,59,230,2,0.0,0.0,0.0,0.0,,1.0,,1.0,-88,100,40,7,0,0,0,0,0,0.0,100,0.0,200,KNYC,0.0,9,24,6,2,66.0,2.0,2,3,25,3,0,1,2,65,
2026-09-06 18:00:00,2026-09-09 15:00:00,NBS,77,60,210,4,,,,,,,,,-88,100,36,11,0,0,0,0,0,,100,,130,KNYC,,29,22,10,44,,,3,3,24,4,1,0,2,73,
2026-09-06 18:00:00,2026-09-09 18:00:00,NBS,83,61,200,7,0.0,,0.0,,,0.0,,,-88,100,44,17,0,0,0,0,1,0.0,110,0.0,60,KNYC,,54,22,14,50,,,4,3,24,3,3,2,2,77,
2026-09-07 00:00:00,2026-09-07 06:00:00,NBS,65,54,340,3,0.0,,0.0,,1.0,2.0,,,-88,100,10,7,0,0,0,0,0,0.0,76,0.0,60,KNYC,,5,35,6,0,,,1,4,16,2,2,1,2,60,1/2
2026-09-07 00:00:00,2026-09-07 09:00:00,NBS,63,52,340,3,,,,,,,,,-88,100,3,7,0,0,0,0,0,,69,,130,KNYC,,4,35,6,0,,,2,3,6,2,0,0,1,59,
2026-09-07 00:00:00,2026-09-07 12:00:00,NBS,64,53,330,3,0.0,0.0,0.0,0.0,,0.0,,2.0,-88,100,1,7,0,0,0,0,0,0.0,67,0.0,-88,KNYC,0.0,5,33,6,19,61.0,2.0,1,3,2,2,0,0,1,60,
2026-09-07 00:00:00,2026-09-07 15:00:00,NBS,74,51,340,5,,,,,,,,,-88,100,2,10,0,0,0,0,0,,67,,270,KNYC,,43,35,12,70,,,1,2,4,3,0,0,1,68,
2026-09-07 00:00:00,2026-09-07 18:00:00,NBS,78,49,350,3,0.0,,0.0,,,0.0,,,-88,100,3,10,0,0,0,0,0,0.0,70,0.0,270,KNYC,,62,35,11,78,,,1,2,4,2,0,0,2,71,
2026-09-07 00:00:00,2026-09-07 21:00:00,NBS,80,50,330,0,,,,,,,,,-88,100,4,7,0,0,0,0,0,,74,,110,KNYC,,66,34,8,45,,,2,2,5,2,0,0,2,69,
2026-09-07 00:00:00,2026-09-08 00:00:00,NBS,74,52,320,0,0.0,0.0,0.0,0.0,,1.0,,1.0,-88,100,13,4,0,0,0,0,0,0.0,76,0.0,120,KNYC,0.0,5,33,5,10,80.0,1.0,1,3,13,2,0,0,1,66,
2026-09-07 00:00:00,2026-09-08 03:00:00,NBS,69,53,310,0,,,,,,,,,-88,100,24,5,0,0,0,0,0,,77,,160,KNYC,,4,31,6,0,,,2,3,21,2,0,0,1,63,
2026-09-07 00:00:00,2026-09-08 06:00:00,NBS,66,53,320,0,0.0,,0.0,,,1.0,,,-88,100,15,5,0,0,0,0,0,0.0,78,0.0,130,KNYC,,4,34,7,0,,,2,2,31,2,0,0,2,61,
2026-09-07 00:00:00,2026-09-08 09:00:00,NBS,64,53,320,0,,,,,,,,,-88,100,22,5,0,0,0,0,0,,82,,130,KNYC,,4,33,6,0,,,2,2,32,1,0,0,2,60,
2026-09-07 00:00:00,2026-09-08 12:00:00,NBS,66,54,310,1,0.0,0.0,0.0,0.0,,0.0,,1.0,-88,100,24,6,0,0,0,0,0,0.0,88,0.0,250,KNYC,0.0,6,32,7,17,63.0,2.0,2,2,32,2,0,0,2,61,
2026-09-07 00:00:00,2026-09-08 15:00:00,NBS,76,53,320,3,,,,,,,,,-88,100,21,8,0,0,0,0,0,,100,,140,KNYC,,39,32,7,66,,,2,2,32,3,0,0,2,70,
2026-09-07 00:00:00,2026-09-08 18:00:00,NBS,81,53,300,0,0.0,,0.0,,,0.0,,,-88,100,51,8,0,0,0,0,0,0.0,100,0.0,110,KNYC,,55,32,6,74,,,2,3,28,2,0,0,2,73,
2026-09-07 00:00:00,2026-09-08 21:00:00,NBS,82,54,270,0,,,,,,,,,-88,100,33,8,0,0,0,0,0,,100,,110,KNYC,,56,29,6,42,,,2,3,24,3,0,0,2,72,
2026-09-07 00:00:00,2026-09-09 00:00:00,NBS,77,56,210,0,0.0,0.0,0.0,0.0,,0.0,,0.0,-88,100,43,5,0,0,0,0,0,0.0,100,0.0,160,KNYC,0.0,6,20,6,11,82.0,2.0,2,4,27,3,0,0,2,68,
2026-09-07 00:00:00,2026-09-09 03:00:00,NBS,72,58,240,0,,,,,,,,,-88,100,41,4,0,0,0,0,0,,110,,160,KNYC,,5,25,6,0,,,2,4,26,2,2,0,1,66,
2026-09-07 00:00:00,2026-09-09 06:00:00,NBS,70,58,250,0,0.0,,0.0,,,0.0,,,-88,100,29,4,0,0,0,0,0,0.0,110,0.0,180,KNYC,,5,25,5,0,,,2,4,33,2,2,0,2,65,
2026-09-07 00:00:00,2026-09-09 09:00:00,NBS,68,58,240,0,,,,,,,,,-88,100,34,5,0,0,0,0,0,,100,,180,KNYC,,7,25,6,0,,,2,4,25,3,2,0,2,64,
2026-09-07 00:00:00,2026-09-09 12:00:00,NBS,69,59,230,2,0.0,0.0,0.0,0.0,,1.0,,1.0,-88,100,38,6,0,0,0,0,0,0.0,98,0.0,120,KNYC,0.0,9,24,6,2,66.0,2.0,2,3,20,3,0,1,2,65,
2026-09-07 00:00:00,2026-09-09 15:00:00,NBS,78,60,210,4,,,,,,,,,-88,100,45,11,0,0,0,0,0,,100,,50,KNYC,,26,22,11,46,,,3,3,20,3,0,0,2,73,
2026-09-07 00:00:00,2026-09-09 18:00:00,NBS,83,61,200,7,0.0,,0.0,,,0.0,,,-88,100,47,18,0,0,0,0,1,0.0,110,0.0,120,KNYC,,55,22,15,62,,,4,3,24,3,3,0,2,77,
2026-09-07 00:00:00,2026-09-09 21:00:00,NBS,84,63,210,8,,,,,,,,,-88,100,56,19,0,0,0,0,4,,110,,70,KNYC,,47,22,15,51,,,4,3,24,4,2,2,2,75,
2026-09-07 00:00:00,2026-09-10 00:00:00,NBS,80,63,200,8,2.0,2.0,0.0,0.0,,1.0,,1.0,-88,100,67,21,0,0,0,0,4,0.0,120,0.0,130,KNYC,0.0,10,20,13,29,84.0,3.0,3,3,17,4,5,3,2,72,
2026-09-07 06:00:00,2026-09-07 12:00:00,NBS,64,54,330,4,0.0,,0.0,,1.0,0.0,0.0,,-88,100,7,8,0,0,0,0,0,0.0,68,0.0,-88,KNYC,,5,33,7,20,,,1,3,21,2,0,0,1,61,1/0
2026-09-07 06:00:00,2026-09-07 15:00:00,NBS,73,52,340,5,,,,,,,,,-88,100,3,11,0,0,0,0,0,,69,,270,KNYC,,39,35,11,70,,,1,2,4,2,0,0,1,68,
2026-09-07 06:00:00,2026-09-07 18:00:00,NBS,79,49,350,4,0.0,,0.0,,,0.0,,,-88,100,5,11,0,0,0,0,0,0.0,71,0.0,270,KNYC,,62,35,11,79,,,1,2,5,2,0,0,1,71,
2026-09-07 06:00:00,2026-09-07 21:00:00,NBS,80,50,340,0,,,,,,,,,-88,100,6,8,0,0,0,0,0,,74,,130,KNYC,,65,34,8,43,,,1,2,6,2,0,0,2,69,
2026-09-07 06:00:00,2026-09-08 00:00:00,NBS,74,52,330,0,0.0,0.0,0.0,0.0,,1.0,,1.0,-88,100,23,4,0,0,0,0,0,0.0,77,0.0,190,KNYC,0.0,5,32,5,8,80.0,1.0,1,3,32,2,0,0,1,66,
2026-09-07 06:00:00,2026-09-08 03:00:00,NBS,69,53,310,0,,,,,,,,,-88,100,18,5,0,0,0,0,0,,79,,140,KNYC,,4,32,6,0,,,2,2,26,3,0,0,2,63,
2026-09-07 06:00:00,2026-09-08 06:00:00,NBS,66,53,320,0,0.0,,0.0,,,0.0,,,-88,100,13,6,0,0,0,0,0,0.0,81,0.0,290,KNYC,,4,32,6,0,,,2,2,29,2,0,0,2,61,
2026-09-07 06:00:00,2026-09-08 09:00:00,NBS,64,54,320,2,,,,,,,,,-88,100,30,6,0,0,0,0,0,,81,,150,KNYC,,4,32,6,0,,,2,2,38,1,0,0,2,60,
2026-09-07 06:00:00,2026-09-08 12:00:00,NBS,66,54,320,2,0.0,0.0,0.0,0.0,,0.0,,0.0,-88,100,31,6,0,0,0,0,0,0.0,91,0.0,150,KNYC,0.0,5,32,6,14,63.0,2.0,2,2,30,2,0,0,2,61,
2026-09-07 06:00:00,2026-09-08 15:00:00,NBS,76,54,320,0,,,,,,,,,-88,100,18,7,0,0,0,0,0,,95,,160,KNYC,,37,32,7,66,,,2,2,29,3,0,0,2,70,
2026-09-07 06:00:00,2026-09-08 18:00:00,NBS,81,54,330,0,1.0,,0.0,,,0.0,,,-88,100,22,8,0,0,0,0,0,0.0,100,0.0,120,KNYC,,54,32,6,74,,,2,3,32,2,0,0,2,74,
2026-09-07 06:00:00,2026-09-08 21:00:00,NBS,83,54,280,0,,,,,,,,,-88,100,31,7,0,0,0,0,0,,110,,100,KNYC,,57,29,5,38,,,2,3,30,2,0,0,2,72,
2026-09-07 06:00:00,2026-09-09 00:00:00,NBS,77,56,180,0,0.0,1.0,0.0,0.0,,1.0,,1.0,-88,100,59,5,0,0,0,0,0,0.0,110,0.0,120,KNYC,0.0,5,18,5,7,83.0,2.0,2,3,31,3,0,0,1,68,
2026-09-07 06:00:00,2026-09-09 03:00:00,NBS,73,58,240,0,,,,,,,,,-88,100,55,5,0,0,0,0,0,,110,,120,KNYC,,5,23,5,0,,,2,3,41,2,1,0,1,66,
2026-09-07 06:00:00,2026-09-09 06:00:00,NBS,70,58,250,0,0.0,,0.0,,,1.0,,,-88,100,25,5,0,0,0,0,0,0.0,110,0.0,180,KNYC,,5,24,5,0,,,2,3,41,3,2,0,2,65,
2026-09-07 06:00:00,2026-09-09 09:00:00,NBS,68,58,240,0,,,,,,,,,-88,100,45,6,0,0,0,0,0,,100,,160,KNYC,,5,25,6,0,,,2,3,31,3,3,0,2,64,
2026-09-07 06:00:00,2026-09-09 12:00:00,NBS,69,59,220,0,0.0,0.0,0.0,0.0,,1.0,,1.0,-88,100,37,6,0,0,0,0,0,0.0,99,0.0,120,KNYC,0.0,8,23,7,11,66.0,2.0,2,3,28,3,3,2,2,65,
2026-09-07 06:00:00,2026-09-09 15:00:00,NBS,79,59,210,4,,,,,,,,,-88,100,38,10,0,0,0,0,0,,97,,130,KNYC,,26,22,10,43,,,2,2,16,3,3,0,2,74,
2026-09-07 06:00:00,2026-09-09 18:00:00,NBS,84,60,200,7,0.0,,0.0,,,0.0,,,-88,100,44,17,0,0,0,0,0,0.0,98,0.0,160,KNYC,,53,22,15,59,,,3,3,22,3,3,1,1,77,
2026-09-07 06:00:00,2026-09-09 21:00:00,NBS,85,61,200,8,,,,,,,,,-88,100,50,19,0,0,0,0,1,,110,,70,KNYC,,48,22,15,54,,,3,3,13,3,4,0,1,76,
2026-09-07 06:00:00,2026-09-10 00:00:00,NBS,81,61,200,8,0.0,0.0,0.0,0.0,,0.0,,0.0,-88,100,61,21,0,0,0,0,1,0.0,120,0.0,70,KNYC,0.0,16,20,12,32,85.0,2.0,3,3,18,3,5,2,2,72,
2026-09-07 06:00:00,2026-09-10 03:00:00,NBS,78,62,210,8,,,,,,,,,-88,100,39,22,1,0,0,0,4,,120,,70,KNYC,,14,21,12,0,,,3,3,22,3,5,0,1,71,
2026-09-07 06:00:00,2026-09-10 06:00:00,NBS,77,63,220,8,2.0,,0.0,,,1.0,,,-88,100,26,21,1,0,0,0,6,0.0,130,0.0,90,KNYC,,16,22,13,0,,,2,4,22,3,3,1,1,70,
2026-09-07 12:00:00,2026-09-07 18:00:00,NBS,79,50,350,4,0.0,,0.0,,6.0,0.0,,,-88,100,4,10,0,0,0,0,0,0.0,71,0.0,270,KNYC,,60,35,12,79,,,1,2,5,2,0,0,2,72,6/0
2026-09-07 12:00:00,2026-09-07 21:00:00,NBS,80,51,340,0,,,,,,,,,-88,100,6,8,0,0,0,0,0,,75,,130,KNYC,,60,34,8,43,,,1,2,6,2,0,0,2,69,
2026-09-07 12:00:00,2026-09-08 00:00:00,NBS,74,52,330,0,0.0,0.0,0.0,0.0,,0.0,,0.0,-88,100,17,5,0,0,0,0,0,0.0,77,0.0,190,KNYC,0.0,5,32,6,6,80.0,1.0,1,2,26,2,0,0,1,66,
2026-09-07 12:00:00,2026-09-08 03:00:00,NBS,69,53,320,0,,,,,,,,,-88,100,41,6,0,0,0,0,0,,77,,120,KNYC,,4,32,6,0,,,2,2,36,2,0,0,2,63,
2026-09-07 12:00:00,2026-09-08 06:00:00,NBS,66,54,310,1,0.0,,0.0,,,0.0,,,-88,100,23,6,0,0,0,0,0,0.0,79,0.0,270,KNYC,,4,33,6,0,,,2,2,30,2,0,0,2,61,
2026-09-07 12:00:00,2026-09-08 09:00:00,NBS,64,54,310,2,,,,,,,,,-88,100,12,6,0,0,0,0,0,,79,,250,KNYC,,4,32,6,0,,,2,2,28,2,0,0,2,60,
2026-09-07 12:00:00,2026-09-08 12:00:00,NBS,66,54,320,2,0.0,0.0,0.0,0.0,,0.0,,0.0,-88,100,6,6,0,0,0,0,0,0.0,91,0.0,230,KNYC,0.0,5,32,5,17,63.0,2.0,2,2,11,2,0,0,2,63,
2026-09-07 12:00:00,2026-09-08 15:00:00,NBS,76,54,310,0,,,,,,,,,-88,100,23,7,0,0,0,0,0,,95,,280,KNYC,,39,31,9,66,,,2,2,29,3,0,0,2,70,
2026-09-07 12:00:00,2026-09-08 18:00:00,NBS,81,54,320,0,1.0,,0.0,,,0.0,,,-88,100,30,7,0,0,0,0,0,0.0,100,0.0,120,KNYC,,54,31,7,73,,,2,2,32,2,0,0,2,74,
2026-09-07 12:00:00,2026-09-08 21:00:00,NBS,83,55,300,0,,,,,,,,,-88,100,21,6,0,0,0,0,0,,110,,100,KNYC,,59,31,6,41,,,2,2,32,2,0,0,2,72,
2026-09-07 12:00:00,2026-09-09 00:00:00,NBS,77,56,170,0,1.0,1.0,0.0,0.0,,1.0,,1.0,180,100,58,5,0,0,0,0,0,0.0,110,0.0,170,KNYC,0.0,5,19,5,8,83.0,2.0,1,3,33,3,0,0,1,68,
2026-09-07 12:00:00,2026-09-09 03:00:00,NBS,72,58,240,0,,,,,,,,,-88,100,55,4,0,0,0,0,0,,110,,100,KNYC,,6,24,5,0,,,2,3,31,2,2,0,1,66,
2026-09-07 12:00:00,2026-09-09 06:00:00,NBS,70,58,250,0,0.0,,0.0,,,1.0,,,-88,100,26,4,0,0,0,0,0,0.0,110,0.0,110,KNYC,,5,26,6,0,,,2,3,37,2,0,0,2,64,
2026-09-07 12:00:00,2026-09-09 09:00:00,NBS,68,58,240,0,,,,,,,,,-88,100,29,5,0,0,0,0,0,,100,,130,KNYC,,5,25,6,0,,,2,3,39,3,3,1,2,64,
2026-09-07 12:00:00,2026-09-09 12:00:00,NBS,69,59,220,0,0.0,1.0,0.0,0.0,,0.0,,1.0,-88,100,46,5,0,0,0,0,0,0.0,100,0.0,110,KNYC,0.0,8,23,6,13,66.0,2.0,2,3,36,3,1,4,2,65,
2026-09-07 12:00:00,2026-09-09 15:00:00,NBS,79,60,210,4,,,,,,,,,-88,100,35,10,0,0,0,0,0,,98,,80,KNYC,,32,23,11,44,,,2,3,22,3,2,0,2,73,
2026-09-07 12:00:00,2026-09-09 18:00:00,NBS,84,60,200,7,0.0,,0.0,,,0.0,,,-88,100,39,17,0,0,0,0,0,0.0,95,0.0,80,KNYC,,51,23,13,55,,,3,3,25,2,3,0,1,77,
2026-09-07 12:00:00,2026-09-09 21:00:00,NBS,85,62,200,8,,,,,,,,,-88,100,47,19,0,0,0,0,2,,100,,80,KNYC,,40,22,11,21,,,3,3,18,3,3,0,2,76,
2026-09-07 12:00:00,2026-09-10 00:00:00,NBS,80,61,200,8,1.0,1.0,0.0,0.0,,0.0,,0.0,-88,100,57,21,0,0,0,0,2,0.0,110,0.0,80,KNYC,0.0,12,20,13,15,85.0,3.0,3,4,18,4,5,2,2,72,
2026-09-07 12:00:00,2026-09-10 03:00:00,NBS,77,63,210,8,,,,,,,,,-88,100,39,22,0,0,0,0,5,,120,,60,KNYC,,13,22,14,0,,,3,4,23,4,4,1,2,70,
2026-09-07 12:00:00,2026-09-10 06:00:00,NBS,76,63,220,8,1.0,,0.0,,,1.0,,,-88,100,26,21,1,0,0,0,7,0.0,130,0.0,90,KNYC,,12,22,14,0,,,2,4,22,3,5,1,1,70,
2026-09-07 12:00:00,2026-09-10 09:00:00,NBS,75,64,230,8,,,,,,,,,-88,100,33,20,2,0,0,0,11,,140,,70,KNYC,,13,23,13,0,,,2,4,25,3,2,0,1,70,
2026-09-07 12:00:00,2026-09-10 12:00:00,NBS,75,65,240,7,7.0,8.0,0.0,0.0,,6.0,,7.0,-88,100,37,17,4,0,0,0,11,0.0,130,0.0,70,KNYC,0.0,17,25,12,0,72.0,2.0,2,3,24,3,7,0,1,71,
2026-09-07 18:00:00,2026-09-08 00:00:00,NBS,75,53,320,0,0.0,,0.0,,6.0,0.0,7.0,,-88,100,18,5,0,0,0,0,0,0.0,77,0.0,50,KNYC,,5,32,6,6,,,1,3,18,2,0,0,1,65,6/0
2026-09-07 18:00:00,2026-09-08 03:00:00,NBS,70,54,310,0,,,,,,,,,-88,100,38,5,0,0,0,0,0,,77,,190,KNYC,,4,31,5,0,,,2,2,33,2,0,0,2,64,
2026-09-07 18:00:00,2026-09-08 06:00:00,NBS,67,54,300,0,0.0,,0.0,,,0.0,,,-88,100,32,6,0,0,0,0,0,0.0,77,0.0,170,KNYC,,4,31,6,0,,,2,2,37,2,0,0,2,61,
2026-09-07 18:00:00,2026-09-08 09:00:00,NBS,65,54,300,1,,,,,,,,,-88,100,20,6,0,0,0,0,0,,78,,260,KNYC,,4,31,6,0,,,2,2,27,1,0,0,2,61,
2026-09-07 18:00:00,2026-09-08 12:00:00,NBS,66,55,310,2,0.0,0.0,0.0,0.0,,0.0,,0.0,-88,100,13,6,0,0,0,0,0,0.0,81,0.0,220,KNYC,0.0,5,32,6,18,63.0,2.0,2,2,24,2,0,0,2,62,
2026-09-07 18:00:00,2026-09-08 15:00:00,NBS,77,54,310,3,,,,,,,,,-88,100,29,8,0,0,0,0,0,,96,,140,KNYC,,43,31,10,66,,,2,2,37,2,0,0,2,70,
2026-09-07 18:00:00,2026-09-08 18:00:00,NBS,81,53,310,0,1.0,,0.0,,,0.0,,,-88,100,22,7,0,0,0,0,0,0.0,100,0.0,130,KNYC,,55,31,8,74,,,1,2,31,2,0,0,2,74,
2026-09-07 18:00:00,2026-09-08 21:00:00,NBS,82,55,280,0,,,,,,,,,-88,100,34,6,0,0,0,0,0,,110,,110,KNYC,,59,30,6,40,,,2,2,31,2,0,0,1,72,
2026-09-07 18:00:00,2026-09-09 00:00:00,NBS,77,56,170,0,2.0,1.0,0.0,0.0,,1.0,,1.0,-88,100,45,5,0,0,0,0,0,0.0,110,0.0,100,KNYC,0.0,6,22,4,7,83.0,2.0,1,3,31,3,0,0,1,68,
2026-09-07 18:00:00,2026-09-09 03:00:00,NBS,73,58,210,0,,,,,,,,,-88,100,42,4,0,0,0,0,0,,110,,100,KNYC,,4,23,5,0,,,2,3,34,2,0,0,1,66,
2026-09-07 18:00:00,2026-09-09 06:00:00,NBS,70,58,240,0,1.0,,0.0,,,0.0,,,-88,100,27,4,0,0,0,0,0,0.0,110,0.0,150,KNYC,,4,25,6,0,,,3,4,38,2,0,0,1,65,
2026-09-07 18:00:00,2026-09-09 09:00:00,NBS,68,58,240,0,,,,,,,,,-88,100,31,4,0,0,0,0,0,,110,,150,KNYC,,4,24,6,0,,,3,3,39,2,3,1,2,64,
2026-09-07 18:00:00,2026-09-09 12:00:00,NBS,69,60,230,0,0.0,1.0,0.0,0.0,,0.0,,0.0,-88,100,43,5,0,0,0,0,0,0.0,100,0.0,70,KNYC,0.0,7,23,6,13,66.0,3.0,2,3,22,2,1,3,2,66,
2026-09-07 18:00:00,2026-09-09 15:00:00,NBS,79,60,220,4,,,,,,,,,-88,100,45,10,0,0,0,0,0,,98,,140,KNYC,,27,22,11,53,,,1,3,30,3,1,0,2,74,
2026-09-07 18:00:00,2026-09-09 18:00:00,NBS,84,61,210,7,0.0,,0.0,,,0.0,,,-88,100,30,16,0,0,0,0,0,0.0,93,0.0,90,KNYC,,54,23,14,71,,,2,2,19,3,3,1,1,77,
2026-09-07 18:00:00,2026-09-09 21:00:00,NBS,84,62,200,8,,,,,,,,,-88,100,34,19,0,0,0,0,0,,100,,60,KNYC,,52,22,15,26,,,3,3,18,3,3,1,2,75,
2026-09-07 18:00:00,2026-09-10 00:00:00,NBS,81,60,200,8,0.0,0.0,0.0,0.0,,0.0,,0.0,-88,100,41,21,0,0,0,0,0,0.0,120,0.0,160,KNYC,0.0,17,21,13,12,84.0,2.0,2,3,26,4,4,0,2,72,
2026-09-07 18:00:00,2026-09-10 03:00:00,NBS,78,61,210,8,,,,,,,,,-88,100,27,22,0,0,0,0,0,,120,,60,KNYC,,16,21,13,0,,,2,2,18,3,4,1,1,70,
2026-09-07 18:00:00,2026-09-10 06:00:00,NBS,76,60,220,8,0.0,,0.0,,,1.0,,,-88,100,13,21,1,0,0,0,2,0.0,130,0.0,70,KNYC,,16,22,13,0,,,2,2,13,3,3,1,1,69,
2026-09-07 18:00:00,2026-09-10 09:00:00,NBS,74,62,230,8,,,,,,,,,-88,100,37,21,2,0,0,0,9,,140,,60,KNYC,,16,23,11,0,,,2,2,21,3,0,0,1,69,
2026-09-07 18:00:00,2026-09-10 12:00:00,NBS,75,64,240,7,5.0,6.0,0.0,0.0,,6.0,,7.0,-88,100,52,17,3,0,0,0,12,0.0,140,0.0,90,KNYC,0.0,17,25,10,0,72.0,2.0,2,3,22,4,3,0,1,71,
2026-09-07 18:00:00,2026-09-10 15:00:00,NBS,80,65,250,7,,,,,,,,,-88,100,41,18,3,0,0,0,16,,130,,110,KNYC,,22,27,11,9,,,4,3,33,4,7,1,1,75,
2026-09-07 18:00:00,2026-09-10 18:00:00,NBS,83,67,250,8,7.0,,0.0,,,6.0,,,-88,100,58,19,2,0,0,0,16,0.0,130,0.0,70,KNYC,,35,27,13,9,,,5,3,21,4,5,0,2,79,
2026-09-08 00:00:00,2026-09-08 06:00:00,NBS,67,54,300,0,0.0,,0.0,,16.0,0.0,,,-88,100,39,5,0,0,0,0,0,0.0,78,0.0,170,KNYC,,4,31,5,0,,,2,2,34,2,0,0,1,62,16/0
2026-09-08 00:00:00,2026-09-08 09:00:00,NBS,65,54,300,0,,,,,,,,,-88,100,22,6,0,0,0,0,0,,80,,270,KNYC,,4,32,5,0,,,2,2,29,1,0,0,2,61,
2026-09-08 00:00:00,2026-09-08 12:00:00,NBS,66,55,310,3,0.0,0.0,0.0,0.0,,0.0,,0.0,-88,100,6,6,0,0,0,0,0,0.0,83,0.0,220,KNYC,0.0,5,32,5,18,63.0,2.0,2,2,15,2,0,0,2,63,
2026-09-08 00:00:00,2026-09-08 15:00:00,NBS,77,54,320,4,,,,,,,,,-88,100,16,9,0,0,0,0,0,,98,,140,KNYC,,41,32,10,68,,,2,2,32,3,0,0,2,71,
2026-09-08 00:00:00,2026-09-08 18:00:00,NBS,81,53,320,0,1.0,,0.0,,,0.0,,,-88,100,46,7,0,0,0,0,0,0.0,100,0.0,130,KNYC,,57,32,8,76,,,2,2,37,2,0,0,2,74,
2026-09-08 00:00:00,2026-09-08 21:00:00,NBS,82,54,290,0,,,,,,,,,-88,100,23,6,0,0,0,0,0,,110,,120,KNYC,,58,31,6,42,,,2,2,34,2,0,0,1,73,
2026-09-08 00:00:00,2026-09-09 00:00:00,NBS,77,55,140,0,1.0,1.0,0.0,0.0,,1.0,,1.0,-88,100,43,5,0,0,0,0,0,0.0,110,0.0,150,KNYC,0.0,7,20,4,9,83.0,2.0,1,3,37,3,0,0,1,68,
2026-09-08 00:00:00,2026-09-09 03:00:00,NBS,73,58,210,0,,,,,,,,,-88,100,55,4,0,0,0,0,0,,110,,120,KNYC,,4,23,5,0,,,2,3,33,3,0,0,1,66,
2026-09-08 00:00:00,2026-09-09 06:00:00,NBS,70,58,240,0,1.0,,0.0,,,1.0,,,-88,100,26,4,0,0,0,0,0,0.0,110,0.0,130,KNYC,,4,24,5,0,,,2,4,37,2,0,0,1,65,
2026-09-08 00:00:00,2026-09-09 09:00:00,NBS,68,58,240,0,,,,,,,,,-88,100,37,4,0,0,0,0,0,,110,,130,KNYC,,4,25,6,0,,,2,3,35,2,0,0,1,64,
2026-09-08 00:00:00,2026-09-09 12:00:00,NBS,69,59,220,0,1.0,1.0,0.0,0.0,,0.0,,1.0,-88,100,34,4,0,0,0,0,0,0.0,100,0.0,120,KNYC,0.0,6,22,5,14,66.0,2.0,2,3,29,2,0,2,2,66,
2026-09-08 00:00:00,2026-09-09 15:00:00,NBS,79,60,210,4,,,,,,,,,-88,100,46,9,0,0,0,0,0,,94,,49,KNYC,,36,23,11,60,,,2,2,30,3,2,0,2,73,
2026-09-08 00:00:00,2026-09-09 18:00:00,NBS,84,61,200,7,0.0,,0.0,,,0.0,,,-88,100,41,16,0,0,0,0,0,0.0,98,0.0,60,KNYC,,56,22,16,71,,,2,2,27,3,2,0,1,78,
2026-09-08 00:00:00,2026-09-09 21:00:00,NBS,85,61,210,8,,,,,,,,,-88,100,23,19,0,0,0,0,0,,100,,47,KNYC,,58,22,17,38,,,3,3,6,3,4,2,2,76,
2026-09-08 00:00:00,2026-09-10 00:00:00,NBS,81,60,200,8,0.0,1.0,0.0,0.0,,0.0,,0.0,-88,100,39,21,0,0,0,0,0,0.0,120,0.0,140,KNYC,0.0,15,21,13,11,85.0,2.0,2,3,32,4,5,1,2,72,
2026-09-08 00:00:00,2026-09-10 03:00:00,NBS,78,60,210,8,,,,,,,,,-88,100,38,23,0,0,0,0,0,,110,,60,KNYC,,11,21,14,0,,,2,2,30,3,3,0,1,70,
2026-09-08 00:00:00,2026-09-10 06:00:00,NBS,76,60,220,8,0.0,,0.0,,,1.0,,,-88,100,15,22,1,0,0,0,1,0.0,120,0.0,70,KNYC,,12,22,14,0,,,2,2,15,3,3,0,1,68,
2026-09-08 00:00:00,2026-09-10 09:00:00,NBS,75,61,230,8,,,,,,,,,-88,100,38,21,3,0,0,0,5,,130,,90,KNYC,,12,23,12,0,,,2,2,22,3,0,0,1,68,
2026-09-08 00:00:00,2026-09-10 12:00:00,NBS,75,63,240,7,4.0,5.0,0.0,0.0,,9.0,,9.0,-88,100,52,17,5,0,0,0,6,0.0,140,0.0,60,KNYC,0.0,14,25,10,0,72.0,2.0,2,3,15,3,2,0,1,71,
2026-09-08 00:00:00,2026-09-10 15:00:00,NBS,80,64,260,7,,,,,,,,,-88,100,39,17,4,0,0,0,16,,130,,80,KNYC,,32,28,13,33,,,4,2,24,3,5,0,1,76,
2026-09-08 00:00:00,2026-09-10 18:00:00,NBS,83,66,260,7,5.0,,0.0,,,7.0,,,-88,100,62,18,3,0,0,0,17,0.0,130,0.0,90,KNYC,,43,29,14,47,,,5,3,25,3,5,0,2,78,
2026-09-08 00:00:00,2026-09-10 21:00:00,NBS,83,66,260,7,,,,,,,,,-88,100,60,18,6,0,0,0,17,,120,,90,KNYC,,46,28,13,51,,,5,4,21,4,3,0,2,76,
2026-09-08 00:00:00,2026-09-11 00:00:00,NBS,79,65,260,4,25.0,29.0,1.0,1.0,,16.0,,16.0,-88,100,73,12,11,0,0,0,19,0.0,120,0.0,60,KNYC,0.0,8,27,9,29,84.0,4.0,4,4,23,4,3,0,2,73,
2026-09-08 06:00:00,2026-09-08 12:00:00,NBS,66,55,320,2,0.0,,0.0,,11.0,0.0,17.0,,-88,100,3,6,0,0,0,0,0,0.0,85,0.0,250,KNYC,,5,33,6,19,,,2,2,4,2,0,0,2,62,11/0
2026-09-08 06:00:00,2026-09-08 15:00:00,NBS,77,54,320,4,,,,,,,,,-88,100,22,10,0,0,0,0,0,,92,,160,KNYC,,39,32,8,68,,,2,2,34,2,0,0,2,71,
2026-09-08 06:00:00,2026-09-08 18:00:00,NBS,81,52,320,1,1.0,,0.0,,,0.0,,,-88,100,41,8,0,0,0,0,0,0.0,100,0.0,130,KNYC,,58,32,7,76,,,2,2,38,2,0,0,2,73,
2026-09-08 06:00:00,2026-09-08 21:00:00,NBS,82,53,310,0,,,,,,,,,-88,100,46,6,0,0,0,0,0,,110,,140,KNYC,,57,32,6,38,,,2,2,40,2,0,0,1,72,
2026-09-08 06:00:00,2026-09-09 00:00:00,NBS,77,55,150,0,1.0,1.0,0.0,0.0,,1.0,,1.0,-88,100,35,4,0,0,0,0,0,0.0,110,0.0,130,KNYC,0.0,4,18,4,7,83.0,2.0,1,3,38,3,0,0,1,68,
2026-09-08 06:00:00,2026-09-09 03:00:00,NBS,73,58,230,0,,,,,,,,,-88,100,37,4,0,0,0,0,0,,110,,190,KNYC,,4,24,5,0,,,2,4,36,3,0,0,1,66,
2026-09-08 06:00:00,2026-09-09 06:00:00,NBS,70,58,240,0,1.0,,0.0,,,1.0,,,-88,100,28,4,0,0,0,0,0,0.0,110,0.0,180,KNYC,,4,24,5,0,,,2,4,33,2,0,0,1,65,
2026-09-08 06:00:00,2026-09-09 09:00:00,NBS,68,58,230,0,,,,,,,,,-88,100,40,4,0,0,0,0,0,,110,,80,KNYC,,4,24,5,0,,,2,3,35,2,0,0,2,64,
2026-09-08 06:00:00,2026-09-09 12:00:00,NBS,70,60,220,0,1.0,1.0,0.0,0.0,,0.0,,1.0,-88,100,39,4,0,0,0,0,0,0.0,100,0.0,170,KNYC,0.0,6,23,5,11,66.0,2.0,2,3,32,3,0,0,2,66,
2026-09-08 06:00:00,2026-09-09 15:00:00,NBS,79,61,210,4,,,,,,,,,-88,100,46,10,0,0,0,0,0,,95,,80,KNYC,,26,22,10,57,,,2,2,31,2,0,0,1,74,
2026-09-08 06:00:00,2026-09-09 18:00:00,NBS,85,61,200,7,2.0,,0.0,,,0.0,,,-88,100,22,17,0,0,0,0,0,0.0,96,0.0,70,KNYC,,55,21,16,71,,,3,2,14,2,0,0,1,78,
2026-09-08 06:00:00,2026-09-09 21:00:00,NBS,86,61,210,8,,,,,,,,,-88,100,47,20,0,0,0,0,0,,110,,40,KNYC,,46,22,15,31,,,3,2,42,3,4,2,2,76,
2026-09-08 06:00:00,2026-09-10 00:00:00,NBS,82,60,200,8,0.0,2.0,0.0,0.0,,0.0,,0.0,-88,100,44,21,0,0,0,0,0,0.0,120,0.0,50,KNYC,0.0,21,21,14,7,86.0,2.0,2,2,30,3,5,0,2,72,
2026-09-08 06:00:00,2026-09-10 03:00:00,NBS,79,61,210,8,,,,,,,,,-88,100,40,22,0,0,0,0,0,,120,,110,KNYC,,15,21,13,0,,,2,2,39,3,4,1,1,71,
2026-09-08 06:00:00,2026-09-10 06:00:00,NBS,77,60,220,8,0.0,,0.0,,,1.0,,,-88,100,31,21,1,0,0,0,1,0.0,120,0.0,120,KNYC,,17,22,14,0,,,2,2,31,3,4,0,1,70,
2026-09-08 06:00:00,2026-09-10 09:00:00,NBS,75,61,220,8,,,,,,,,,-88,100,40,21,2,0,0,0,3,,130,,70,KNYC,,15,23,13,0,,,2,2,28,3,0,0,1,69,
2026-09-08 06:00:00,2026-09-10 12:00:00,NBS,75,63,240,7,6.0,6.0,0.0,0.0,,9.0,,9.0,-88,100,57,16,5,0,0,0,4,0.0,140,0.0,44,KNYC,0.0,18,25,13,10,72.0,2.0,2,2,16,3,2,0,1,71,
2026-09-08 06:00:00,2026-09-10 15:00:00,NBS,81,64,260,7,,,,,,,,,40,100,51,17,4,0,0,0,13,,120,,40,KNYC,,29,27,12,34,,,4,3,17,3,6,0,1,76,
2026-09-08 06:00:00,2026-09-10 18:00:00,NBS,84,66,260,7,11.0,,0.0,,,7.0,,,-88,100,56,17,3,0,0,0,15,0.0,120,0.0,80,KNYC,,34,27,13,42,,,5,3,24,3,5,0,2,79,
2026-09-08 06:00:00,2026-09-10 21:00:00,NBS,83,67,260,6,,,,,,,,,-88,100,61,17,6,0,0,0,27,,120,,80,KNYC,,27,27,12,42,,,4,4,30,4,5,0,2,76,
2026-09-08 06:00:00,2026-09-11 00:00:00,NBS,79,66,270,3,39.0,50.0,10.0,10.0,,17.0,,17.0,-88,100,71,12,11,0,0,0,27,0.0,120,0.0,50,KNYC,3.0,11,27,9,26,84.0,4.0,4,5,19,4,4,0,2,73,
2026-09-08 06:00:00,2026-09-11 03:00:00,NBS,76,64,310,4,,,,,,,,,-88,100,73,10,8,0,0,0,16,,120,,150,KNYC,,9,32,9,0,,,3,5,24,3,5,2,2,71,
2026-09-08 06:00:00,2026-09-11 06:00:00,NBS,73,61,330,5,28.0,,2.0,,,11.0,,,-88,100,64,11,2,0,0,0,14,0.0,110,0.0,140,KNYC,,11,34,9,0,,,3,6,33,4,3,3,2,68,
2026-09-08 12:00:00,2026-09-08 18:00:00,NBS,82,54,320,0,0.0,,0.0,,1.0,0.0,,,-88,100,25,8,0,0,0,0,0,0.0,98,0.0,130,KNYC,,58,33,6,76,,,2,2,28,2,0,0,2,74,1/0
2026-09-08 12:00:00,2026-09-08 21:00:00,NBS,83,55,320,0,,,,,,,,,-88,100,44,6,0,0,0,0,0,,110,,140,KNYC,,61,32,5,40,,,1,2,41,2,0,0,1,72,
2026-09-08 12:00:00,2026-09-09 00:00:00,NBS,77,56,120,0,1.0,0.0,0.0,0.0,,1.0,,1.0,-88,100,56,5,0,0,0,0,0,0.0,110,0.0,130,KNYC,0.0,4,19,5,6,83.0,1.0,1,3,36,3,0,0,2,68,
2026-09-08 12:00:00,2026-09-09 03:00:00,NBS,73,59,220,0,,,,,,,,,-88,100,53,4,0,0,0,0,0,,110,,180,KNYC,,4,22,5,0,,,2,4,33,2,0,0,1,67,
2026-09-08 12:00:00,2026-09-09 06:00:00,NBS,70,59,250,0,1.0,,0.0,,,1.0,,,-88,100,32,4,0,0,0,0,0,0.0,110,0.0,180,KNYC,,4,25,5,0,,,2,4,32,2,0,0,1,66,
2026-09-08 12:00:00,2026-09-09 09:00:00,NBS,68,59,240,0,,,,,,,,,-88,100,30,5,0,0,0,0,0,,110,,100,KNYC,,4,24,6,0,,,2,3,39,2,0,2,1,64,
2026-09-08 12:00:00,2026-09-09 12:00:00,NBS,70,61,220,0,1.0,1.0,0.0,0.0,,0.0,,1.0,-88,100,35,5,0,0,0,0,0,0.0,100,0.0,190,KNYC,0.0,6,23,5,15,67.0,2.0,2,3,34,2,0,0,2,67,
2026-09-08 12:00:00,2026-09-09 15:00:00,NBS,80,62,210,5,,,,,,,,,-88,100,39,11,0,0,0,0,0,,98,,160,KNYC,,28,22,11,60,,,2,2,27,2,0,0,1,75,
2026-09-08 12:00:00,2026-09-09 18:00:00,NBS,85,62,190,8,1.0,,0.0,,,0.0,,,-88,100,35,17,0,0,0,0,0,0.0,99,0.0,130,KNYC,,47,21,14,54,,,2,2,29,2,0,0,1,79,
2026-09-08 12:00:00,2026-09-09 21:00:00,NBS,86,63,200,8,,,,,,,,,-88,100,35,20,0,0,0,0,0,,110,,60,KNYC,,44,22,17,31,,,3,2,35,3,0,1,2,77,
2026-09-08 12:00:00,2026-09-10 00:00:00,NBS,82,61,200,8,2.0,1.0,0.0,0.0,,0.0,,0.0,-88,100,39,21,0,0,0,0,0,0.0,120,0.0,80,KNYC,0.0,13,21,14,7,87.0,2.0,2,2,37,3,3,1,2,73,
2026-09-08 12:00:00,2026-09-10 03:00:00,NBS,79,61,210,8,,,,,,,,,-88,100,19,23,0,0,0,0,0,,120,,120,KNYC,,13,21,15,0,,,2,2,35,3,4,0,1,71,
2026-09-08 12:00:00,2026-09-10 06:00:00,NBS,77,61,220,8,0.0,,0.0,,,2.0,,,-88,100,17,22,2,0,0,0,1,0.0,130,0.0,37,KNYC,,15,22,16,0,,,2,2,24,3,2,0,1,70,
2026-09-08 12:00:00,2026-09-10 09:00:00,NBS,75,62,230,8,,,,,,,,,-88,100,39,21,3,0,0,0,4,,130,,33,KNYC,,12,23,12,0,,,2,2,17,3,4,0,1,69,
2026-09-08 12:00:00,2026-09-10 12:00:00,NBS,76,63,230,7,6.0,6.0,0.0,0.0,,10.0,,11.0,-88,100,53,17,6,0,0,0,5,0.0,140,0.0,50,KNYC,0.0,14,25,12,8,73.0,2.0,2,3,19,3,2,0,1,71,
2026-09-08 12:00:00,2026-09-10 15:00:00,NBS,81,65,250,7,,,,,,,,,-88,100,49,16,4,0,0,0,9,,130,,50,KNYC,,22,27,14,18,,,4,3,23,3,7,0,1,77,
2026-09-08 12:00:00,2026-09-10 18:00:00,NBS,84,67,260,7,12.0,,0.0,,,7.0,,,-88,100,50,17,3,0,0,0,11,0.0,130,0.0,110,KNYC,,38,27,14,41,,,5,3,24,3,6,0,2,81,
2026-09-08 12:00:00,2026-09-10 21:00:00,NBS,84,68,270,6,,,,,,,,,-88,100,46,16,7,0,0,0,16,,120,,60,KNYC,,29,28,13,8,,,4,4,23,4,6,0,2,77,
2026-09-08 12:00:00,2026-09-11 00:00:00,NBS,79,66,280,3,37.0,45.0,12.0,12.0,,18.0,,18.0,90,100,73,12,15,0,0,0,26,0.0,120,0.0,70,KNYC,3.0,7,30,8,5,84.0,4.0,4,4,19,4,6,3,2,73,
2026-09-08 12:00:00,2026-09-11 03:00:00,NBS,76,65,300,4,,,,,,,,,90,100,71,10,13,0,0,0,16,,120,,90,KNYC,,4,31,6,0,,,3,5,29,3,6,3,2,71,
2026-09-08 12:00:00,2026-09-11 06:00:00,NBS,73,62,330,5,36.0,,6.0,,,17.0,,,90,100,69,11,2,0,0,0,14,0.0,120,0.0,48,KNYC,,7,33,9,0,,,3,6,30,3,7,0,2,68,
2026-09-08 12:00:00,2026-09-11 09:00:00,NBS,70,59,320,5,,,,,,,,,-88,100,57,11,1,0,0,0,1,,110,,60,KNYC,,10,32,10,0,,,3,5,34,3,2,0,2,65,
2026-09-08 12:00:00,2026-09-11 12:00:00,NBS,69,57,330,5,2.0,39.0,0.0,6.0,,1.0,,17.0,-88,100,30,11,0,0,0,0,1,0.0,88,0.0,130,KNYC,2.0,19,34,10,2,68.0,2.0,3,4,32,3,2,0,2,64,
2026-09-08 18:00:00,2026-09-09 00:00:00,NBS,77,56,120,0,1.0,,0.0,,0.0,1.0,19.0,,130,100,76,4,0,0,0,0,0,0.0,110,0.0,130,KNYC,,5,21,4,6,,,1,3,26,3,0,0,1,68,0/1
2026-09-08 18:00:00,2026-09-09 03:00:00,NBS,73,59,220,0,,,,,,,,,-88,100,52,4,0,0,0,0,0,,110,,130,KNYC,,4,22,5,0,,,2,4,34,3,0,0,1,67,
2026-09-08 18:00:00,2026-09-09 06:00:00,NBS,70,59,230,0,1.0,,0.0,,,1.0,,,-88,100,44,3,0,0,0,0,0,0.0,110,0.0,130,KNYC,,4,23,5,0,,,2,4,36,2,0,0,1,66,
2026-09-08 18:00:00,2026-09-09 09:00:00,NBS,68,59,230,0,,,,,,,,,-88,100,36,3,0,0,0,0,0,,110,,160,KNYC,,4,24,4,0,,,2,3,33,2,0,0,1,64,
2026-09-08 18:00:00,2026-09-09 12:00:00,NBS,69,61,210,0,1.0,1.0,0.0,0.0,,0.0,,1.0,-88,100,49,4,0,0,0,0,0,0.0,100,0.0,90,KNYC,0.0,5,21,5,13,67.0,2.0,2,3,25,2,0,0,1,66,
2026-09-08 18:00:00,2026-09-09 15:00:00,NBS,79,63,200,5,,,,,,,,,-88,100,36,11,0,0,0,0,0,,95,,150,KNYC,,23,20,10,58,,,2,2,24,2,1,0,1,75,
2026-09-08 18:00:00,2026-09-09 18:00:00,NBS,84,63,190,7,1.0,,0.0,,,0.0,,,-88,100,37,17,0,0,0,0,0,0.0,98,0.0,90,KNYC,,56,21,16,61,,,3,2,24,2,1,0,1,79,
2026-09-08 18:00:00,2026-09-09 21:00:00,NBS,86,63,210,8,,,,,,,,,-88,100,39,19,0,0,0,0,0,,110,,60,KNYC,,47,22,16,33,,,3,2,28,3,0,2,2,77,
2026-09-08 18:00:00,2026-09-10 00:00:00,NBS,82,62,200,8,2.0,1.0,0.0,0.0,,0.0,,0.0,130,100,60,21,0,0,0,0,0,0.0,130,0.0,100,KNYC,0.0,14,21,14,7,86.0,2.0,2,2,36,4,4,1,2,73,
2026-09-08 18:00:00,2026-09-10 03:00:00,NBS,79,62,210,8,,,,,,,,,-88,100,27,23,1,0,0,0,1,,130,,100,KNYC,,5,22,14,0,,,2,2,29,3,0,0,1,71,
2026-09-08 18:00:00,2026-09-10 06:00:00,NBS,77,61,220,8,4.0,,0.0,,,2.0,,,-88,100,32,22,2,0,0,0,5,0.0,130,0.0,70,KNYC,,8,23,15,0,,,2,2,24,3,0,0,1,70,
2026-09-08 18:00:00,2026-09-10 09:00:00,NBS,75,62,230,8,,,,,,,,,-88,100,55,20,5,0,0,0,14,,140,,34,KNYC,,15,24,13,0,,,2,2,28,3,0,0,1,69,
2026-09-08 18:00:00,2026-09-10 12:00:00,NBS,75,63,240,7,5.0,5.0,0.0,0.0,,12.0,,12.0,80,100,74,16,6,0,0,0,3,0.0,140,0.0,45,KNYC,0.0,13,25,13,9,73.0,2.0,2,3,18,3,1,0,1,71,
2026-09-08 18:00:00,2026-09-10 15:00:00,NBS,80,65,250,7,,,,,,,,,-88,100,45,16,4,0,0,0,7,,120,,50,KNYC,,26,27,13,49,,,4,3,34,3,5,0,1,76,
2026-09-08 18:00:00,2026-09-10 18:00:00,NBS,84,67,270,7,5.0,,0.0,,,7.0,,,-88,100,44,17,2,0,0,0,8,0.0,120,0.0,35,KNYC,,41,28,14,58,,,4,3,25,3,4,0,2,80,
2026-09-08 18:00:00,2026-09-10 21:00:00,NBS,83,68,260,6,,,,,,,,,-88,100,55,16,6,0,0,0,14,,120,,70,KNYC,,40,28,13,36,,,5,4,35,4,3,0,2,77,
2026-09-08 18:00:00,2026-09-11 00:00:00,NBS,79,66,270,4,39.0,44.0,13.0,13.0,,16.0,,16.0,90,100,84,12,13,0,0,0,30,0.0,120,0.0,70,KNYC,3.0,9,29,9,10,84.0,3.0,4,5,22,4,5,0,2,72,
2026-09-08 18:00:00,2026-09-11 03:00:00,NBS,75,64,300,4,,,,,,,,,80,100,89,10,14,0,0,0,34,,130,,70,KNYC,,6,31,7,0,,,3,5,17,3,10,0,2,70,
2026-09-08 18:00:00,2026-09-11 06:00:00,NBS,72,61,320,5,47.0,,11.0,,,19.0,,,50,100,70,10,3,0,0,0,43,0.0,120,0.0,50,KNYC,,9,32,9,0,,,3,5,29,3,8,0,2,68,
2026-09-08 18:00:00,2026-09-11 09:00:00,NBS,69,58,320,5,,,,,,,,,-88,100,40,12,1,0,0,0,2,,110,,100,KNYC,,10,33,9,0,,,3,5,28,3,3,0,1,65,
2026-09-08 18:00:00,2026-09-11 12:00:00,NBS,68,57,330,5,4.0,49.0,0.0,11.0,,1.0,,19.0,-88,100,11,11,0,0,0,0,1,0.0,88,0.0,210,KNYC,3.0,18,33,10,2,68.0,3.0,3,4,16,3,0,0,1,64,
2026-09-08 18:00:00,2026-09-11 15:00:00,NBS,72,54,340,5,,,,,,,,,-88,100,5,11,0,0,0,0,1,,78,,240,KNYC,,35,35,11,50,,,3,4,4,3,0,0,2,68,
2026-09-08 18:00:00,2026-09-11 18:00:00,NBS,76,53,330,1,1.0,,0.0,,,0.0,,,-88,100,8,9,0,0,0,0,1,0.0,80,0.0,280,KNYC,,46,33,9,66,,,3,4,11,3,0,0,2,71,
2026-09-09 00:00:00,2026-09-09 06:00:00,NBS,70,60,240,0,0.0,,0.0,,0.0,1.0,,,-88,100,34,4,0,0,0,0,0,0.0,110,0.0,150,KNYC,,4,22,5,0,,,2,3,37,2,0,1,1,66,0/1
2026-09-09 00:00:00,2026-09-09 09:00:00,NBS,68,60,220,0,,,,,,,,,-88,100,45,4,0,0,0,0,0,,110,,200,KNYC,,4,23,4,0,,,2,3,38,2,1,2,1,64,
2026-09-09 00:00:00,2026-09-09 12:00:00,NBS,70,62,180,0,2.0,0.0,0.0,0.0,,0.0,,1.0,-88,100,51,5,0,0,0,0,0,0.0,100,0.0,150,KNYC,0.0,5,19,4,14,67.0,2.0,2,3,25,2,0,0,2,67,
2026-09-09 00:00:00,2026-09-09 15:00:00,NBS,79,63,200,5,,,,,,,,,-88,100,37,11,0,0,0,0,0,,96,,90,KNYC,,23,20,10,64,,,2,2,26,2,1,0,1,75,
2026-09-09 00:00:00,2026-09-09 18:00:00,NBS,85,63,190,7,1.0,,0.0,,,0.0,,,110,100,72,17,0,0,0,0,3,0.0,98,0.0,80,KNYC,,50,21,16,52,,,3,1,24,2,1,0,1,77,
2026-09-09 00:00:00,2026-09-09 21:00:00,NBS,86,63,210,8,,,,,,,,,-88,100,56,19,0,0,0,0,4,,130,,60,KNYC,,42,21,16,26,,,3,2,24,3,1,2,2,77,
2026-09-09 00:00:00,2026-09-10 00:00:00,NBS,82,61,200,8,5.0,1.0,0.0,0.0,,1.0,,1.0,180,100,68,22,1,0,0,0,4,0.0,130,0.0,140,KNYC,0.0,14,21,15,7,86.0,2.0,2,2,35,3,4,1,2,73,
2026-09-09 00:00:00,2026-09-10 03:00:00,NBS,79,61,210,8,,,,,,,,,-88,100,38,23,1,0,0,0,0,,130,,140,KNYC,,6,22,17,0,,,2,2,31,3,2,0,1,71,
2026-09-09 00:00:00,2026-09-10 06:00:00,NBS,77,61,220,8,3.0,,0.0,,,3.0,,,-88,100,30,22,2,0,0,0,1,0.0,130,0.0,80,KNYC,,7,23,17,0,,,2,2,24,3,0,0,1,70,
2026-09-09 00:00:00,2026-09-10 09:00:00,NBS,75,63,230,8,,,,,,,,,90,100,71,20,4,0,0,0,13,,140,,70,KNYC,,6,23,13,0,,,2,2,25,3,0,0,1,69,
2026-09-09 00:00:00,2026-09-10 12:00:00,NBS,75,64,240,7,23.0,18.0,0.0,0.0,,12.0,,12.0,70,100,78,17,7,0,0,0,10,0.0,140,0.0,50,KNYC,1.0,12,26,14,9,73.0,3.0,2,3,17,3,0,0,1,70,
2026-09-09 00:00:00,2026-09-10 15:00:00,NBS,81,65,270,6,,,,,,,,,-88,100,50,15,2,0,0,0,5,,120,,35,KNYC,,32,29,14,53,,,3,3,22,3,8,2,1,77,
2026-09-09 00:00:00,2026-09-10 18:00:00,NBS,84,67,270,7,3.0,,0.0,,,3.0,,,-88,100,44,16,1,0,0,0,6,0.0,110,0.0,130,KNYC,,42,28,15,60,,,4,3,30,3,3,0,2,80,
2026-09-09 00:00:00,2026-09-10 21:00:00,NBS,83,67,270,6,,,,,,,,,-88,100,56,16,1,0,0,0,8,,110,,34,KNYC,,51,28,14,37,,,5,4,29,4,4,0,2,76,
2026-09-09 00:00:00,2026-09-11 00:00:00,NBS,79,65,280,4,32.0,33.0,9.0,9.0,,5.0,,6.0,-88,100,71,12,4,0,0,0,14,0.0,110,0.0,130,KNYC,0.0,12,29,10,7,85.0,3.0,4,4,19,4,5,0,2,73,
2026-09-09 00:00:00,2026-09-11 03:00:00,NBS,76,64,320,3,,,,,,,,,80,100,79,9,4,0,0,0,22,,110,,80,KNYC,,6,33,8,0,,,3,4,20,3,5,0,2,71,
2026-09-09 00:00:00,2026-09-11 06:00:00,NBS,73,62,320,4,45.0,,15.0,,,5.0,,,80,100,65,10,2,0,0,0,16,0.0,100,0.0,80,KNYC,,10,34,9,0,,,3,4,31,3,8,0,2,68,
2026-09-09 00:00:00,2026-09-11 09:00:00,NBS,70,59,330,6,,,,,,,,,-88,100,40,12,1,0,0,0,1,,100,,150,KNYC,,12,34,8,0,,,3,4,27,3,2,0,2,65,
2026-09-09 00:00:00,2026-09-11 12:00:00,NBS,69,57,330,6,6.0,47.0,0.0,15.0,,1.0,,5.0,-88,100,18,12,0,0,0,0,0,0.0,85,0.0,260,KNYC,4.0,21,34,10,2,68.0,3.0,3,4,22,3,0,0,2,64,
2026-09-09 00:00:00,2026-09-11 15:00:00,NBS,72,54,340,5,,,,,,,,,-88,100,13,11,0,0,0,0,1,,77,,280,KNYC,,38,34,10,49,,,3,3,15,3,0,0,2,68,
2026-09-09 00:00:00,2026-09-11 18:00:00,NBS,77,53,330,0,0.0,,0.0,,,0.0,,,-88,100,12,9,0,0,0,0,1,0.0,81,0.0,-88,KNYC,,54,32,9,64,,,3,4,12,3,0,0,2,72,
2026-09-09 00:00:00,2026-09-11 21:00:00,NBS,77,53,320,0,,,,,,,,,-88,100,7,9,0,0,0,0,1,,87,,-88,KNYC,,56,32,9,62,,,3,4,8,3,0,0,2,68,
2026-09-09 00:00:00,2026-09-12 00:00:00,NBS,73,52,330,0,1.0,1.0,0.0,0.0,,0.0,,0.0,-88,100,14,5,0,0,0,0,1,0.0,89,0.0,-88,KNYC,0.0,13,33,6,37,78.0,3.0,2,4,13,3,0,0,1,65,
2026-09-09 06:00:00,2026-09-09 12:00:00,NBS,70,62,180,0,0.0,,0.0,,1.0,0.0,0.0,,-88,100,42,4,0,0,0,0,0,0.0,110,0.0,160,KNYC,,4,21,4,15,,,2,2,32,2,0,0,1,67,1/0
2026-09-09 06:00:00,2026-09-09 15:00:00,NBS,79,64,190,5,,,,,,,,,-88,100,53,11,0,0,0,0,0,,97,,130,KNYC,,23,19,10,50,,,2,1,30,2,0,0,1,75,
2026-09-09 06:00:00,2026-09-09 18:00:00,NBS,84,64,190,7,1.0,,0.0,,,0.0,,,-88,100,50,17,0,0,0,0,0,0.0,99,0.0,80,KNYC,,51,21,14,62,,,3,1,34,2,0,0,1,78,
2026-09-09 06:00:00,2026-09-09 21:00:00,NBS,85,64,210,8,,,,,,,,,110,100,63,18,1,0,0,0,0,,130,,60,KNYC,,41,22,14,24,,,2,2,31,3,2,1,2,77,
2026-09-09 06:00:00,2026-09-10 00:00:00,NBS,82,62,200,8,7.0,1.0,0.0,0.0,,1.0,,1.0,230,100,73,21,0,0,0,0,0,0.0,130,0.0,160,KNYC,0.0,12,21,14,6,86.0,2.0,2,2,27,3,3,1,1,73,
2026-09-09 06:00:00,2026-09-10 03:00:00,NBS,79,61,210,8,,,,,,,,,-88,100,46,23,1,0,0,0,0,,130,,210,KNYC,,7,22,15,0,,,2,2,31,3,2,0,1,71,
2026-09-09 06:00:00,2026-09-10 06:00:00,NBS,77,61,220,8,3.0,,0.0,,,2.0,,,-88,100,57,22,2,0,0,0,1,0.0,130,0.0,170,KNYC,,8,22,16,0,,,2,2,25,3,0,0,1,70,
2026-09-09 06:00:00,2026-09-10 09:00:00,NBS,75,63,230,8,,,,,,,,,90,100,92,20,3,0,0,0,16,,140,,80,KNYC,,6,23,13,0,,,2,2,7,3,0,0,1,70,
2026-09-09 06:00:00,2026-09-10 12:00:00,NBS,75,64,240,7,25.0,29.0,0.0,0.0,,12.0,,12.0,-88,100,30,17,7,0,0,0,5,0.0,130,0.0,80,KNYC,2.0,13,25,13,12,73.0,3.0,3,2,30,3,0,0,1,71,
2026-09-09 06:00:00,2026-09-10 15:00:00,NBS,80,67,280,6,,,,,,,,,-88,100,23,15,3,0,0,0,3,,120,,210,KNYC,,31,28,13,57,,,4,2,30,3,0,0,1,77,
2026-09-09 06:00:00,2026-09-10 18:00:00,NBS,84,67,280,6,6.0,,0.0,,,5.0,,,-88,100,20,15,0,0,0,0,3,0.0,110,0.0,210,KNYC,,50,28,15,68,,,4,3,22,3,0,0,1,81,
2026-09-09 06:00:00,2026-09-10 21:00:00,NBS,85,66,280,6,,,,,,,,,-88,100,37,16,1,0,0,0,3,,110,,110,KNYC,,57,28,14,33,,,4,4,30,3,3,0,2,77,
2026-09-09 06:00:00,2026-09-11 00:00:00,NBS,81,63,300,3,21.0,24.0,4.0,4.0,,3.0,,7.0,-88,100,35,11,2,0,0,0,10,0.0,100,0.0,100,KNYC,0.0,10,33,8,7,86.0,3.0,3,4,31,3,3,0,2,73,
2026-09-09 06:00:00,2026-09-11 03:00:00,NBS,77,62,320,3,,,,,,,,,-88,100,48,9,2,0,0,0,14,,110,,100,KNYC,,10,34,8,0,,,3,4,32,3,4,0,2,71,
2026-09-09 06:00:00,2026-09-11 06:00:00,NBS,73,60,320,4,20.0,,2.0,,,2.0,,,-88,100,48,10,1,0,0,0,14,0.0,110,0.0,150,KNYC,,13,33,9,0,,,3,5,44,3,9,0,2,67,
2026-09-09 06:00:00,2026-09-11 09:00:00,NBS,70,58,330,5,,,,,,,,,-88,100,54,11,0,0,0,0,6,,98,,170,KNYC,,13,33,8,0,,,3,5,38,3,3,0,2,64,
2026-09-09 06:00:00,2026-09-11 12:00:00,NBS,69,55,330,5,6.0,26.0,0.0,2.0,,1.0,,2.0,-88,100,30,12,0,0,0,0,6,0.0,82,0.0,220,KNYC,0.0,19,34,10,12,68.0,3.0,3,4,29,3,1,0,1,64,
2026-09-09 06:00:00,2026-09-11 15:00:00,NBS,73,52,340,5,,,,,,,,,-88,100,8,11,0,0,0,0,0,,77,,180,KNYC,,35,34,9,42,,,3,3,20,3,0,0,2,68,
2026-09-09 06:00:00,2026-09-11 18:00:00,NBS,77,51,320,2,0.0,,0.0,,,0.0,,,-88,100,13,9,0,0,0,0,0,0.0,82,0.0,-88,KNYC,,47,32,8,50,,,3,4,25,3,0,0,2,71,
2026-09-09 06:00:00,2026-09-11 21:00:00,NBS,78,51,310,0,,,,,,,,,-88,100,6,9,0,0,0,0,0,,87,,-88,KNYC,,53,31,9,60,,,2,3,6,2,0,0,2,68,
2026-09-09 06:00:00,2026-09-12 00:00:00,NBS,74,52,320,0,0.0,0.0,0.0,0.0,,0.0,,0.0,-88,100,12,5,0,0,0,0,0,0.0,87,0.0,-88,KNYC,0.0,8,31,6,36,78.0,2.0,2,3,9,2,0,0,1,65,
2026-09-09 06:00:00,2026-09-12 03:00:00,NBS,69,53,360,0,,,,,,,,,-88,100,19,5,0,0,0,0,0,,88,,280,KNYC,,6,3,5,0,,,2,3,14,2,0,0,2,63,
2026-09-09 06:00:00,2026-09-12 06:00:00,NBS,66,54,20,0,0.0,,0.0,,,1.0,,,-88,100,16,5,0,0,0,0,0,0.0,88,0.0,250,KNYC,,6,5,4,0,,,2,3,18,2,0,0,2,61,
2026-09-09 12:00:00,2026-09-09 18:00:00,NBS,85,65,190,7,1.0,,0.0,,0.0,0.0,,,90,100,70,17,0,0,0,0,0,0.0,100,0.0,80,KNYC,,49,21,14,64,,,2,2,33,2,0,0,1,79,0/0
2026-09-09 12:00:00,2026-09-09 21:00:00,NBS,85,65,210,8,,,,,,,,,100,100,85,18,2,0,0,0,21,,130,,80,KNYC,,37,22,15,17,,,2,2,27,3,0,1,2,77,
2026-09-09 12:00:00,2026-09-10 00:00:00,NBS,82,63,200,8,7.0,7.0,0.0,0.0,,3.0,,3.0,100,100,85,21,1,0,0,0,0,0.0,140,0.0,100,KNYC,1.0,10,21,14,5,86.0,2.0,2,2,23,4,2,0,2,73,
2026-09-09 12:00:00,2026-09-10 03:00:00,NBS,79,63,210,8,,,,,,,,,-88,100,29,23,2,0,0,0,0,,140,,160,KNYC,,7,22,14,0,,,2,2,20,3,1,0,1,72,
2026-09-09 12:00:00,2026-09-10 06:00:00,NBS,77,63,220,8,4.0,,0.0,,,3.0,,,-88,100,54,22,2,0,0,0,1,0.0,130,0.0,120,KNYC,,7,22,15,0,,,2,1,23,3,0,0,1,70,
2026-09-09 12:00:00,2026-09-10 09:00:00,NBS,76,64,230,8,,,,,,,,,100,100,71,21,4,0,0,0,14,,150,,90,KNYC,,5,23,14,0,,,2,1,21,3,0,0,1,70,
2026-09-09 12:00:00,2026-09-10 12:00:00,NBS,75,66,240,7,20.0,13.0,0.0,0.0,,12.0,,12.0,-88,100,32,16,7,0,0,0,7,0.0,130,0.0,100,KNYC,1.0,13,25,13,7,73.0,3.0,3,2,34,3,0,0,1,71,
2026-09-09 12:00:00,2026-09-10 15:00:00,NBS,81,68,270,6,,,,,,,,,-88,100,26,15,3,0,0,0,2,,120,,130,KNYC,,30,28,13,51,,,4,2,25,3,2,0,1,77,
2026-09-09 12:00:00,2026-09-10 18:00:00,NBS,85,67,280,6,4.0,,0.0,,,4.0,,,-88,100,34,15,0,0,0,0,2,0.0,110,0.0,210,KNYC,,49,28,15,57,,,3,3,35,3,0,0,1,81,
2026-09-09 12:00:00,2026-09-10 21:00:00,NBS,86,66,280,6,,,,,,,,,-88,100,48,16,1,0,0,0,2,,120,,90,KNYC,,52,28,14,27,,,3,4,28,3,0,0,2,78,
2026-09-09 12:00:00,2026-09-11 00:00:00,NBS,81,63,290,3,10.0,13.0,0.0,0.0,,4.0,,6.0,-88,100,49,11,3,0,0,0,3,0.0,110,0.0,90,KNYC,0.0,7,31,7,8,86.0,3.0,3,4,34,3,3,0,2,73,
2026-09-09 12:00:00,2026-09-11 03:00:00,NBS,77,63,320,3,,,,,,,,,70,100,76,8,3,0,0,0,3,,120,,70,KNYC,,10,34,7,0,,,3,5,20,3,5,0,2,71,
2026-09-09 12:00:00,2026-09-11 06:00:00,NBS,74,61,340,4,15.0,,3.0,,,5.0,,,80,100,88,10,2,0,0,0,3,0.0,110,0.0,60,KNYC,,13,35,8,0,,,3,5,13,3,5,0,2,68,
2026-09-09 12:00:00,2026-09-11 09:00:00,NBS,70,58,340,5,,,,,,,,,-88,100,78,10,0,0,0,0,0,,110,,70,KNYC,,15,35,10,0,,,3,4,21,3,1,2,2,65,
2026-09-09 12:00:00,2026-09-11 12:00:00,NBS,69,56,340,5,2.0,16.0,0.0,3.0,,0.0,,5.0,-88,100,34,11,0,0,0,0,0,0.0,94,0.0,220,KNYC,0.0,20,34,11,15,68.0,3.0,3,4,21,3,0,0,1,64,
2026-09-09 12:00:00,2026-09-11 15:00:00,NBS,73,53,340,5,,,,,,,,,-88,100,18,11,0,0,0,0,0,,76,,280,KNYC,,37,34,10,56,,,3,3,28,3,0,0,1,69,
2026-09-09 12:00:00,2026-09-11 18:00:00,NBS,77,53,320,3,0.0,,0.0,,,0.0,,,-88,100,22,9,0,0,0,0,0,0.0,76,0.0,-88,KNYC,,52,32,10,68,,,3,4,34,2,0,0,2,72,
2026-09-09 12:00:00,2026-09-11 21:00:00,NBS,79,53,320,0,,,,,,,,,-88,100,5,9,0,0,0,0,0,,89,,-88,KNYC,,56,31,9,62,,,3,4,7,3,0,0,2,70,
2026-09-09 12:00:00,2026-09-12 00:00:00,NBS,74,52,330,0,0.0,0.0,0.0,0.0,,0.0,,0.0,-88,100,10,6,0,0,0,0,0,0.0,90,0.0,-88,KNYC,0.0,10,33,6,37,79.0,2.0,2,4,8,2,0,0,1,65,
2026-09-09 12:00:00,2026-09-12 03:00:00,NBS,70,54,340,0,,,,,,,,,-88,100,6,5,0,0,0,0,0,,86,,-88,KNYC,,7,35,6,0,,,2,3,7,2,0,0,2,63,
2026-09-09 12:00:00,2026-09-12 06:00:00,NBS,67,54,10,0,0.0,,0.0,,,1.0,,,-88,100,10,4,0,0,0,0,0,0.0,86,0.0,280,KNYC,,8,3,6,0,,,2,3,13,2,2,0,1,62,
2026-09-09 12:00:00,2026-09-12 09:00:00,NBS,65,55,30,0,,,,,,,,,-88,100,17,4,0,0,0,0,1,,86,,-88,KNYC,,6,5,6,0,,,2,3,19,2,4,0,2,60,
2026-09-09 12:00:00,2026-09-12 12:00:00,NBS,66,56,40,0,0.0,0.0,0.0,0.0,,0.0,,1.0,-88,100,39,4,0,0,0,0,1,0.0,88,0.0,-88,KNYC,0.0,7,5,5,2,63.0,2.0,2,4,31,2,3,0,2,63,
2026-09-09 18:00:00,2026-09-10 00:00:00,NBS,82,63,200,8,14.0,,3.0,,0.0,2.0,1.0,,140,100,71,20,0,0,0,0,0,0.0,140,0.0,130,KNYC,,11,21,14,5,,,2,2,32,4,1,0,2,73,0/2
2026-09-09 18:00:00,2026-09-10 03:00:00,NBS,79,63,210,8,,,,,,,,,130,100,63,23,1,0,0,0,0,,140,,110,KNYC,,4,22,16,0,,,2,2,30,4,1,0,1,72,
2026-09-09 18:00:00,2026-09-10 06:00:00,NBS,77,63,220,8,2.0,,0.0,,,2.0,,,-88,100,44,22,2,0,0,0,1,0.0,130,0.0,90,KNYC,,6,22,17,0,,,2,1,31,3,0,0,1,70,
2026-09-09 18:00:00,2026-09-10 09:00:00,NBS,75,64,230,8,,,,,,,,,70,100,72,20,4,0,0,0,19,,140,,60,KNYC,,6,23,14,0,,,3,1,22,3,0,0,1,70,
2026-09-09 18:00:00,2026-09-10 12:00:00,NBS,75,66,240,7,17.0,15.0,0.0,0.0,,10.0,,10.0,90,100,67,16,6,0,0,0,13,0.0,140,0.0,80,KNYC,1.0,11,26,12,5,73.0,3.0,3,2,25,3,0,0,1,71,
2026-09-09 18:00:00,2026-09-10 15:00:00,NBS,81,68,270,6,,,,,,,,,-88,100,26,14,2,0,0,0,3,,120,,150,KNYC,,26,27,11,47,,,3,2,32,3,0,0,1,77,
2026-09-09 18:00:00,2026-09-10 18:00:00,NBS,85,68,280,6,3.0,,0.0,,,3.0,,,-88,100,27,15,0,0,0,0,3,0.0,120,0.0,170,KNYC,,51,28,12,49,,,3,2,37,3,0,0,1,81,
2026-09-09 18:00:00,2026-09-10 21:00:00,NBS,85,67,290,6,,,,,,,,,-88,100,26,15,1,0,0,0,3,,110,,140,KNYC,,58,28,14,39,,,4,4,30,3,0,0,2,78,
2026-09-09 18:00:00,2026-09-11 00:00:00,NBS,80,65,290,3,7.0,10.0,0.0,0.0,,4.0,,6.0,-88,100,48,10,3,0,0,0,7,0.0,110,0.0,200,KNYC,0.0,9,29,8,9,86.0,3.0,4,4,32,3,0,0,2,73,
2026-09-09 18:00:00,2026-09-11 03:00:00,NBS,77,64,350,3,,,,,,,,,100,100,61,8,2,0,0,0,14,,110,,90,KNYC,,5,35,8,0,,,3,4,33,3,1,0,2,71,
2026-09-09 18:00:00,2026-09-11 06:00:00,NBS,74,62,350,4,9.0,,0.0,,,3.0,,,-88,100,48,10,2,0,0,0,18,0.0,120,0.0,90,KNYC,,7,36,8,0,,,3,5,33,3,1,0,2,68,
2026-09-09 18:00:00,2026-09-11 09:00:00,NBS,70,59,350,5,,,,,,,,,-88,100,71,10,0,0,0,0,0,,110,,80,KNYC,,14,35,9,0,,,3,4,33,3,1,0,2,65,
2026-09-09 18:00:00,2026-09-11 12:00:00,NBS,69,56,340,5,3.0,13.0,0.0,0.0,,0.0,,3.0,-88,100,62,10,0,0,0,0,0,0.0,96,0.0,110,KNYC,0.0,20,35,10,17,68.0,2.0,3,4,45,3,1,0,2,64,
2026-09-09 18:00:00,2026-09-11 15:00:00,NBS,73,54,340,5,,,,,,,,,-88,100,54,10,0,0,0,0,0,,80,,-88,KNYC,,37,34,10,58,,,3,3,30,3,0,0,1,68,
2026-09-09 18:00:00,2026-09-11 18:00:00,NBS,78,53,320,2,0.0,,0.0,,,0.0,,,-88,100,8,9,0,0,0,0,0,0.0,79,0.0,-88,KNYC,,54,32,10,72,,,2,4,6,2,0,0,2,72,
2026-09-09 18:00:00,2026-09-11 21:00:00,NBS,79,53,310,2,,,,,,,,,-88,100,4,10,0,0,0,0,0,,81,,-88,KNYC,,58,31,9,49,,,2,3,6,3,0,0,2,69,
2026-09-09 18:00:00,2026-09-12 00:00:00,NBS,73,52,330,0,0.0,0.0,0.0,0.0,,0.0,,0.0,-88,100,12,6,0,0,0,0,0,0.0,83,0.0,70,KNYC,0.0,11,34,6,18,79.0,2.0,2,4,10,2,0,0,1,65,
2026-09-09 18:00:00,2026-09-12 03:00:00,NBS,68,54,340,0,,,,,,,,,-88,100,11,5,0,0,0,0,0,,87,,-88,KNYC,,7,36,6,0,,,2,3,9,2,0,0,2,62,
2026-09-09 18:00:00,2026-09-12 06:00:00,NBS,66,54,10,0,0.0,,0.0,,,1.0,,,-88,100,10,5,0,0,0,0,0,0.0,87,0.0,-88,KNYC,,7,2,6,0,,,2,3,11,2,3,0,2,60,
2026-09-09 18:00:00,2026-09-12 09:00:00,NBS,64,55,30,0,,,,,,,,,-88,100,21,5,0,0,0,0,0,,86,,280,KNYC,,6,4,6,0,,,2,3,22,2,4,3,2,60,
2026-09-09 18:00:00,2026-09-12 12:00:00,NBS,65,56,50,0,0.0,0.0,0.0,0.0,,1.0,,1.0,-88,100,44,4,0,0,0,0,0,0.0,88,0.0,280,KNYC,0.0,7,7,5,2,63.0,2.0,2,2,29,2,3,1,2,62,
2026-09-09 18:00:00,2026-09-12 15:00:00,NBS,74,57,140,0,,,,,,,,,-88,100,45,5,0,0,0,0,0,,97,,250,KNYC,,35,17,7,43,,,2,3,30,3,2,0,2,70,
2026-09-09 18:00:00,2026-09-12 18:00:00,NBS,77,59,160,5,0.0,,0.0,,,0.0,,,-88,100,62,11,0,0,0,0,1,0.0,110,0.0,230,KNYC,,45,18,9,59,,,2,3,27,4,2,0,2,73,
2026-09-10 00:00:00,2026-09-10 06:00:00,NBS,77,62,220,8,1.0,,0.0,,2.0,1.0,,,-88,100,50,22,1,0,0,0,1,0.0,130,0.0,110,KNYC,,7,22,16,0,,,2,1,30,3,1,0,1,70,2/1
2026-09-10 00:00:00,2026-09-10 09:00:00,NBS,75,63,230,8,,,,,,,,,70,100,75,21,8,0,0,0,33,,140,,60,KNYC,,5,23,15,0,,,3,2,24,3,0,0,1,70,
2026-09-10 00:00:00,2026-09-10 12:00:00,NBS,75,65,250,7,18.0,13.0,0.0,0.0,,13.0,,13.0,100,100,65,15,8,0,0,0,3,0.0,140,0.0,80,KNYC,1.0,9,26,12,13,73.0,3.0,3,2,30,3,0,0,1,71,
2026-09-10 00:00:00,2026-09-10 15:00:00,NBS,80,67,270,5,,,,,,,,,-88,100,34,13,1,0,0,0,2,,110,,160,KNYC,,32,28,11,62,,,4,2,28,3,1,0,1,77,
2026-09-10 00:00:00,2026-09-10 18:00:00,NBS,85,66,290,6,2.0,,0.0,,,1.0,,,-88,100,30,14,0,0,0,0,2,0.0,110,0.0,270,KNYC,,56,29,14,69,,,3,3,37,3,0,0,1,80,
2026-09-10 00:00:00,2026-09-10 21:00:00,NBS,86,64,290,5,,,,,,,,,-88,100,39,14,0,0,0,0,3,,110,,200,KNYC,,63,29,14,38,,,3,4,33,3,0,0,2,78,
2026-09-10 00:00:00,2026-09-11 00:00:00,NBS,81,64,290,2,4.0,7.0,0.0,0.0,,0.0,,2.0,-88,100,48,9,0,0,0,0,3,0.0,110,0.0,130,KNYC,0.0,10,30,8,9,87.0,2.0,3,4,37,3,0,0,2,73,
2026-09-10 00:00:00,2026-09-11 03:00:00,NBS,78,63,350,3,,,,,,,,,130,100,59,8,0,0,0,0,2,,110,,110,KNYC,,5,35,9,0,,,3,4,33,3,0,0,2,71,
2026-09-10 00:00:00,2026-09-11 06:00:00,NBS,74,60,360,4,8.0,,0.0,,,2.0,,,-88,100,53,9,2,0,0,0,10,0.0,120,0.0,90,KNYC,,6,35,9,0,,,3,5,37,3,0,0,2,68,
2026-09-10 00:00:00,2026-09-11 09:00:00,NBS,71,57,360,4,,,,,,,,,130,100,72,9,0,0,0,0,7,,120,,100,KNYC,,5,35,7,0,,,3,5,34,3,0,0,2,65,
2026-09-10 00:00:00,2026-09-11 12:00:00,NBS,70,54,350,4,10.0,25.0,0.0,0.0,,1.0,,2.0,240,100,77,9,1,0,0,0,4,0.0,100,0.0,190,KNYC,1.0,18,35,10,13,69.0,2.0,3,4,34,3,0,0,2,64,
2026-09-10 00:00:00,2026-09-11 15:00:00,NBS,74,52,340,4,,,,,,,,,-88,100,58,10,0,0,0,0,0,,85,,-88,KNYC,,36,34,10,62,,,3,4,33,3,0,0,2,68,
2026-09-10 00:00:00,2026-09-11 18:00:00,NBS,78,50,320,3,0.0,,0.0,,,1.0,,,-88,100,23,9,0,0,0,0,0,0.0,78,0.0,-88,KNYC,,52,31,8,74,,,3,4,29,3,0,0,2,71,
2026-09-10 00:00:00,2026-09-11 21:00:00,NBS,79,51,320,2,,,,,,,,,-88,100,5,10,0,0,0,0,0,,82,,-88,KNYC,,54,31,8,43,,,3,3,7,3,0,0,2,69,
2026-09-10 00:00:00,2026-09-12 00:00:00,NBS,73,53,340,0,0.0,2.0,0.0,0.0,,0.0,,1.0,-88,100,14,6,0,0,0,0,0,0.0,83,0.0,-88,KNYC,0.0,11,36,6,11,79.0,2.0,2,4,15,2,0,0,2,65,
2026-09-10 00:00:00,2026-09-12 03:00:00,NBS,69,54,360,0,,,,,,,,,-88,100,9,5,0,0,0,0,0,,88,,-88,KNYC,,7,1,4,0,,,2,3,9,2,1,0,2,63,
2026-09-10 00:00:00,2026-09-12 06:00:00,NBS,66,53,20,0,0.0,,0.0,,,0.0,,,-88,100,6,5,0,0,0,0,0,0.0,88,0.0,-88,KNYC,,7,4,5,0,,,2,3,9,2,2,0,2,61,
2026-09-10 00:00:00,2026-09-12 09:00:00,NBS,64,52,30,0,,,,,,,,,-88,100,16,5,0,0,0,0,0,,87,,-88,KNYC,,8,6,5,0,,,2,3,16,2,4,4,2,59,
2026-09-10 00:00:00,2026-09-12 12:00:00,NBS,65,53,50,0,0.0,0.0,0.0,0.0,,1.0,,1.0,-88,100,31,5,0,0,0,0,0,0.0,89,0.0,-88,KNYC,0.0,7,7,4,2,64.0,2.0,2,4,23,2,4,2,2,61,
2026-09-10 00:00:00,2026-09-12 15:00:00,NBS,74,55,140,0,,,,,,,,,-88,100,37,5,0,0,0,0,0,,92,,280,KNYC,,42,17,7,49,,,2,4,17,3,2,0,2,69,
2026-09-10 00:00:00,2026-09-12 18:00:00,NBS,78,57,160,5,0.0,,0.0,,,0.0,,,-88,100,51,11,0,0,0,0,1,0.0,100,0.0,110,KNYC,,46,18,9,60,,,2,3,20,4,2,0,2,72,
2026-09-10 00:00:00,2026-09-12 21:00:00,NBS,76,59,160,7,,,,,,,,,-88,100,66,16,0,0,0,0,7,,120,,90,KNYC,,32,17,11,46,,,2,3,21,4,4,1,2,69,
2026-09-10 00:00:00,2026-09-13 00:00:00,NBS,72,61,160,5,2.0,3.0,0.0,0.0,,2.0,,2.0,90,100,88,15,2,0,0,0,10,0.0,130,0.0,50,KNYC,0.0,17,17,11,25,78.0,2.0,2,2,11,3,6,2,2,67,
2026-09-10 06:00:00,2026-09-10 12:00:00,NBS,75,66,250,7,23.0,,0.0,,10.0,11.0,1.0,,60,100,63,15,7,0,0,0,13,0.0,130,0.0,60,KNYC,,9,26,12,10,,,3,2,27,2,0,0,1,71,10/11
2026-09-10 06:00:00,2026-09-10 15:00:00,NBS,81,67,280,6,,,,,,,,,-88,100,29,13,1,0,0,0,0,,110,,140,KNYC,,34,29,11,60,,,2,2,29,2,0,0,1,78,
2026-09-10 06:00:00,2026-09-10 18:00:00,NBS,86,64,290,6,3.0,,0.0,,,1.0,,,-88,100,34,15,0,0,0,0,0,0.0,110,0.0,180,KNYC,,54,28,13,72,,,2,3,34,3,0,0,1,80,
2026-09-10 06:00:00,2026-09-10 21:00:00,NBS,87,62,300,6,,,,,,,,,-88,100,22,15,0,0,0,0,0,,110,,130,KNYC,,61,29,14,39,,,2,3,26,3,1,0,2,77,
2026-09-10 06:00:00,2026-09-11 00:00:00,NBS,82,62,310,0,1.0,3.0,0.0,0.0,,0.0,,1.0,-88,100,44,8,0,0,0,0,0,0.0,100,0.0,110,KNYC,0.0,6,32,8,7,88.0,2.0,2,2,29,3,0,0,2,73,
2026-09-10 06:00:00,2026-09-11 03:00:00,NBS,78,62,330,2,,,,,,,,,130,100,68,7,0,0,0,0,1,,110,,90,KNYC,,6,35,8,0,,,2,3,28,3,0,1,2,71,
2026-09-10 06:00:00,2026-09-11 06:00:00,NBS,75,60,360,3,2.0,,0.0,,,1.0,,,110,100,69,8,1,0,0,0,2,0.0,110,0.0,110,KNYC,,7,35,8,0,,,2,4,17,3,0,0,2,69,
2026-09-10 06:00:00,2026-09-11 09:00:00,NBS,72,58,350,4,,,,,,,,,180,100,61,8,0,0,0,0,2,,110,,160,KNYC,,5,35,7,0,,,3,5,37,3,0,0,2,66,
2026-09-10 06:00:00,2026-09-11 12:00:00,NBS,71,57,340,4,8.0,11.0,0.0,0.0,,1.0,,1.0,-88,100,42,9,1,0,0,0,2,0.0,99,0.0,80,KNYC,0.0,13,35,10,16,70.0,2.0,3,5,41,3,0,0,2,66,
2026-09-10 06:00:00,2026-09-11 15:00:00,NBS,75,53,340,4,,,,,,,,,-88,100,41,9,0,0,0,0,0,,85,,150,KNYC,,34,34,10,64,,,3,4,42,3,0,0,2,69,
2026-09-10 06:00:00,2026-09-11 18:00:00,NBS,79,51,330,2,1.0,,0.0,,,1.0,,,-88,100,15,9,0,0,0,0,0,0.0,76,0.0,330,KNYC,,53,31,9,74,,,3,5,32,3,0,0,2,72,
2026-09-10 06:00:00,2026-09-11 21:00:00,NBS,80,51,320,3,,,,,,,,,-88,100,5,10,0,0,0,0,0,,78,,-88,KNYC,,55,31,9,42,,,2,4,6,2,0,0,2,69,
2026-09-10 06:00:00,2026-09-12 00:00:00,NBS,74,53,10,0,0.0,1.0,0.0,0.0,,0.0,,1.0,-88,100,11,6,0,0,0,0,0,0.0,83,0.0,-88,KNYC,0.0,6,36,6,8,80.0,2.0,2,4,7,2,0,0,1,66,
2026-09-10 06:00:00,2026-09-12 03:00:00,NBS,69,54,0,0,,,,,,,,,-88,100,17,5,0,0,0,0,0,,84,,-88,KNYC,,10,3,5,0,,,2,4,33,2,1,0,1,63,
2026-09-10 06:00:00,2026-09-12 06:00:00,NBS,66,53,10,0,0.0,,0.0,,,1.0,,,-88,100,10,5,0,0,0,0,0,0.0,87,0.0,-88,KNYC,,7,4,5,0,,,2,4,30,2,2,0,2,61,
2026-09-10 06:00:00,2026-09-12 09:00:00,NBS,64,52,30,0,,,,,,,,,-88,100,21,5,0,0,0,0,0,,87,,-88,KNYC,,7,5,6,0,,,2,4,20,2,4,2,2,59,
2026-09-10 06:00:00,2026-09-12 12:00:00,NBS,66,54,50,0,0.0,0.0,0.0,0.0,,1.0,,1.0,-88,100,30,5,0,0,0,0,0,0.0,86,0.0,-88,KNYC,0.0,7,6,5,12,63.0,2.0,2,4,24,2,3,1,2,61,
2026-09-10 06:00:00,2026-09-12 15:00:00,NBS,75,56,140,1,,,,,,,,,-88,100,39,6,0,0,0,0,0,,100,,280,KNYC,,36,16,7,46,,,2,4,23,3,2,0,2,70,
2026-09-10 06:00:00,2026-09-12 18:00:00,NBS,79,57,160,5,1.0,,0.0,,,0.0,,,-88,100,57,12,0,0,0,0,0,0.0,110,0.0,280,KNYC,,45,18,9,59,,,3,4,21,4,2,0,3,72,
2026-09-10 06:00:00,2026-09-12 21:00:00,NBS,76,60,160,6,,,,,,,,,-88,100,72,15,0,0,0,0,9,,120,,100,KNYC,,30,17,11,33,,,2,3,16,3,3,2,2,70,
2026-09-10 06:00:00,2026-09-13 00:00:00,NBS,73,61,160,5,2.0,2.0,0.0,0.0,,1.0,,1.0,90,100,76,15,1,0,0,0,10,0.0,130,0.0,60,KNYC,0.0,18,17,10,18,79.0,2.0,2,3,21,4,4,2,2,68,
2026-09-10 06:00:00,2026-09-13 03:00:00,NBS,71,62,170,4,,,,,,,,,50,100,85,10,3,0,0,0,28,,130,,50,KNYC,,16,18,9,0,,,2,4,18,4,11,0,2,67,
2026-09-10 06:00:00,2026-09-13 06:00:00,NBS,71,63,160,3,25.0,,9.0,,,10.0,,,7,50,86,8,6,0,0,0,45,0.0,130,0.0,7,KNYC,,11,17,7,0,,,2,4,13,5,37,12,3,67,
2026-09-10 12:00:00,2026-09-10 18:00:00,NBS,86,65,300,6,2.0,,0.0,,21.0,1.0,,,-88,100,46,14,0,0,0,0,0,0.0,110,0.0,160,KNYC,,55,29,13,68,,,2,2,34,2,0,0,1,80,21/1
2026-09-10 12:00:00,2026-09-10 21:00:00,NBS,87,63,300,5,,,,,,,,,-88,100,32,14,0,0,0,0,0,,110,,130,KNYC,,59,29,13,36,,,1,2,33,3,0,1,2,77,
2026-09-10 12:00:00,2026-09-11 00:00:00,NBS,82,63,320,0,1.0,3.0,0.0,0.0,,0.0,,2.0,130,100,60,8,0,0,0,0,0,0.0,100,0.0,80,KNYC,0.0,7,32,8,6,88.0,1.0,2,2,41,3,0,1,2,74,
2026-09-10 12:00:00,2026-09-11 03:00:00,NBS,79,63,330,0,,,,,,,,,130,100,64,7,0,0,0,0,1,,110,,60,KNYC,,6,34,7,0,,,2,2,37,3,1,0,2,72,
2026-09-10 12:00:00,2026-09-11 06:00:00,NBS,75,61,350,3,1.0,,0.0,,,1.0,,,-88,100,44,8,1,0,0,0,2,0.0,110,0.0,110,KNYC,,6,36,8,0,,,2,3,34,3,2,5,2,69,
2026-09-10 12:00:00,2026-09-11 09:00:00,NBS,72,60,340,4,,,,,,,,,220,100,69,8,1,0,0,0,6,,110,,160,KNYC,,5,36,7,0,,,2,4,29,3,0,0,2,66,
2026-09-10 12:00:00,2026-09-11 12:00:00,NBS,71,58,340,4,6.0,7.0,0.0,0.0,,1.0,,1.0,-88,100,31,9,1,0,0,0,5,0.0,110,0.0,210,KNYC,0.0,13,35,9,14,70.0,2.0,2,4,33,3,0,0,2,67,
2026-09-10 12:00:00,2026-09-11 15:00:00,NBS,75,55,340,4,,,,,,,,,-88,100,54,9,1,0,0,0,3,,89,,130,KNYC,,33,34,12,64,,,2,4,34,3,0,0,2,69,
2026-09-10 12:00:00,2026-09-11 18:00:00,NBS,79,54,330,0,1.0,,0.0,,,1.0,,,-88,100,23,9,0,0,0,0,0,0.0,80,0.0,-88,KNYC,,52,30,10,74,,,2,5,33,3,0,0,2,73,
2026-09-10 12:00:00,2026-09-11 21:00:00,NBS,80,53,310,2,,,,,,,,,-88,100,23,10,0,0,0,0,0,,79,,350,KNYC,,59,30,9,39,,,2,4,32,2,0,0,2,70,
2026-09-10 12:00:00,2026-09-12 00:00:00,NBS,75,54,30,0,0.0,1.0,0.0,0.0,,0.0,,1.0,-88,100,28,5,0,0,0,0,0,0.0,83,0.0,-88,KNYC,0.0,5,36,5,9,80.0,2.0,2,4,30,2,0,0,1,66,
2026-09-10 12:00:00,2026-09-12 03:00:00,NBS,70,55,10,0,,,,,,,,,-88,100,28,4,0,0,0,0,0,,82,,-88,KNYC,,11,5,5,0,,,2,4,34,2,1,0,1,63,
2026-09-10 12:00:00,2026-09-12 06:00:00,NBS,67,55,40,0,0.0,,0.0,,,1.0,,,-88,100,3,5,0,0,0,0,0,0.0,84,0.0,160,KNYC,,7,7,5,0,,,2,4,4,2,2,1,1,62,
2026-09-10 12:00:00,2026-09-12 09:00:00,NBS,65,55,40,0,,,,,,,,,-88,100,23,5,0,0,0,0,0,,85,,160,KNYC,,6,8,6,0,,,2,4,30,2,6,2,2,61,
2026-09-10 12:00:00,2026-09-12 12:00:00,NBS,67,56,60,0,0.0,0.0,0.0,0.0,,0.0,,1.0,-88,100,17,5,0,0,0,0,0,0.0,93,0.0,280,KNYC,0.0,9,10,6,11,64.0,2.0,2,4,27,2,4,4,2,63,
2026-09-10 12:00:00,2026-09-12 15:00:00,NBS,75,58,140,3,,,,,,,,,-88,100,44,7,0,0,0,0,0,,100,,110,KNYC,,40,16,7,39,,,3,4,25,3,2,1,2,71,
2026-09-10 12:00:00,2026-09-12 18:00:00,NBS,78,59,160,6,0.0,,0.0,,,0.0,,,-88,100,61,13,0,0,0,0,32,0.0,120,0.0,60,KNYC,,46,17,10,38,,,3,3,25,4,3,0,3,73,
2026-09-10 12:00:00,2026-09-12 21:00:00,NBS,77,61,160,7,,,,,,,,,100,100,72,16,0,0,0,0,4,,110,,48,KNYC,,26,17,13,44,,,3,3,19,4,4,1,2,70,
2026-09-10 12:00:00,2026-09-13 00:00:00,NBS,73,62,160,5,3.0,2.0,0.0,0.0,,2.0,,2.0,100,100,86,15,2,0,0,0,5,0.0,120,0.0,46,KNYC,0.0,17,17,11,25,78.0,2.0,2,3,16,4,7,0,2,68,
2026-09-10 12:00:00,2026-09-13 03:00:00,NBS,72,64,170,4,,,,,,,,,26,100,87,10,5,0,0,0,31,,130,,26,KNYC,,17,17,9,0,,,2,4,13,5,21,4,2,69,
2026-09-10 12:00:00,2026-09-13 06:00:00,NBS,72,65,150,3,24.0,,5.0,,,14.0,,,6,40,87,8,8,0,0,0,66,0.0,130,0.0,6,KNYC,,14,15,9,0,,,2,4,14,5,40,13,3,68,
2026-09-10 12:00:00,2026-09-13 09:00:00,NBS,71,67,160,2,,,,,,,,,6,40,90,7,12,0,0,0,71,,140,,3,KNYC,,8,13,7,0,,,2,4,10,4,38,21,3,69,
2026-09-10 12:00:00,2026-09-13 12:00:00,NBS,72,68,170,0,56.0,63.0,63.0,68.0,,21.0,,23.0,6,20,81,6,10,0,0,0,76,0.0,140,0.0,6,KNYC,8.0,10,34,5,0,68.0,2.0,2,4,10,3,34,30,2,70,
2026-09-10 18:00:00,2026-09-11 00:00:00,NBS,82,63,300,0,0.0,,0.0,,14.0,0.0,25.0,,-88,100,38,8,0,0,0,0,0,0.0,100,0.0,100,KNYC,,7,28,7,6,,,1,2,26,3,0,0,2,74,14/0
2026-09-10 18:00:00,2026-09-11 03:00:00,NBS,79,63,350,3,,,,,,,,,130,100,58,7,0,0,0,0,0,,100,,60,KNYC,,4,35,7,0,,,2,2,28,3,0,0,2,72,
2026-09-10 18:00:00,2026-09-11 06:00:00,NBS,75,61,10,3,8.0,,0.0,,,1.0,,,-88,100,33,8,0,0,0,0,1,0.0,110,0.0,130,KNYC,,5,1,7,0,,,2,3,34,2,0,0,2,69,
2026-09-10 18:00:00,2026-09-11 09:00:00,NBS,72,59,350,4,,,,,,,,,170,100,82,8,0,0,0,0,2,,120,,130,KNYC,,5,36,6,0,,,2,3,17,3,0,0,2,66,
2026-09-10 18:00:00,2026-09-11 12:00:00,NBS,71,58,350,4,4.0,8.0,0.0,0.0,,1.0,,1.0,190,100,79,9,1,0,0,0,2,0.0,110,0.0,150,KNYC,1.0,11,35,8,11,70.0,2.0,2,4,13,3,0,0,2,66,
2026-09-10 18:00:00,2026-09-11 15:00:00,NBS,75,55,360,4,,,,,,,,,190,100,86,10,1,0,0,0,0,,110,,150,KNYC,,29,34,9,47,,,3,4,30,3,0,0,2,68,
2026-09-10 18:00:00,2026-09-11 18:00:00,NBS,79,54,330,2,2.0,,0.0,,,1.0,,,-88,100,52,9,0,0,0,0,0,0.0,100,0.0,230,KNYC,,49,30,9,71,,,2,4,47,3,0,0,2,72,
2026-09-10 18:00:00,2026-09-11 21:00:00,NBS,80,53,320,3,,,,,,,,,-88,100,27,10,0,0,0,0,0,,88,,150,KNYC,,54,30,8,36,,,2,4,34,2,0,0,2,70,
2026-09-10 18:00:00,2026-09-12 00:00:00,NBS,75,55,110,0,0.0,2.0,0.0,0.0,,0.0,,1.0,-88,100,15,6,0,0,0,0,0,0.0,83,0.0,-88,KNYC,0.0,6,1,4,8,80.0,2.0,2,4,10,2,0,0,1,66,
2026-09-10 18:00:00,2026-09-12 03:00:00,NBS,70,55,120,0,,,,,,,,,-88,100,20,4,0,0,0,0,0,,80,,-88,KNYC,,4,6,5,0,,,2,4,31,2,0,0,1,64,
2026-09-10 18:00:00,2026-09-12 06:00:00,NBS,67,55,50,0,0.0,,0.0,,,1.0,,,-88,100,13,4,0,0,0,0,0,0.0,80,0.0,140,KNYC,,5,7,5,0,,,2,3,25,2,1,0,1,62,
2026-09-10 18:00:00,2026-09-12 09:00:00,NBS,64,55,40,0,,,,,,,,,-88,100,13,5,0,0,0,0,0,,84,,-88,KNYC,,5,7,7,0,,,2,3,27,2,5,4,2,60,
2026-09-10 18:00:00,2026-09-12 12:00:00,NBS,66,56,50,0,0.0,0.0,0.0,0.0,,0.0,,1.0,-88,100,28,5,0,0,0,0,0,0.0,90,0.0,33,KNYC,0.0,6,8,5,14,63.0,2.0,2,3,34,1,3,2,1,63,
2026-09-10 18:00:00,2026-09-12 15:00:00,NBS,75,59,130,3,,,,,,,,,-88,100,36,7,0,0,0,0,0,,91,,17,KNYC,,34,15,8,60,,,2,4,35,3,2,1,2,71,
2026-09-10 18:00:00,2026-09-12 18:00:00,NBS,79,60,150,6,1.0,,0.0,,,0.0,,,100,100,58,14,0,0,0,0,1,0.0,110,0.0,70,KNYC,,45,17,10,58,,,2,3,23,4,4,1,2,73,
2026-09-10 18:00:00,2026-09-12 21:00:00,NBS,77,61,150,7,,,,,,,,,90,100,67,18,1,0,0,0,2,,120,,60,KNYC,,31,17,12,37,,,2,3,21,3,4,6,2,71,
2026-09-10 18:00:00,2026-09-13 00:00:00,NBS,73,62,150,6,4.0,4.0,0.0,0.0,,4.0,,4.0,50,100,86,16,4,0,0,0,6,0.0,130,0.0,34,KNYC,0.0,18,16,11,12,79.0,2.0,2,3,15,4,10,0,2,69,
2026-09-10 18:00:00,2026-09-13 03:00:00,NBS,73,64,160,5,,,,,,,,,24,100,86,12,7,0,0,0,21,,130,,24,KNYC,,16,16,9,0,,,2,4,12,4,18,3,2,69,
2026-09-10 18:00:00,2026-09-13 06:00:00,NBS,72,66,160,5,29.0,,8.0,,,19.0,,,6,40,84,11,10,0,0,0,45,0.0,130,0.0,6,KNYC,,14,17,9,0,,,2,4,10,5,36,11,3,69,
2026-09-10 18:00:00,2026-09-13 09:00:00,NBS,71,68,190,4,,,,,,,,,6,40,91,9,9,0,0,0,88,,140,,6,KNYC,,9,21,6,0,,,2,4,6,5,35,18,3,68,
2026-09-10 18:00:00,2026-09-13 12:00:00,NBS,71,69,200,3,74.0,81.0,78.0,86.0,,19.0,,25.0,16,40,80,7,8,0,0,0,88,0.0,140,0.0,16,KNYC,10.0,10,22,6,0,68.0,1.0,1,3,11,4,33,23,2,71,
2026-09-10 18:00:00,2026-09-13 15:00:00,NBS,75,70,240,3,,,,,,,,,14,100,84,9,7,0,0,0,25,,130,,14,KNYC,,19,26,8,25,,,3,2,8,4,16,6,2,74,
2026-09-10 18:00:00,2026-09-13 18:00:00,NBS,79,71,240,3,45.0,,16.0,,,14.0,,,47,100,56,10,6,0,0,0,25,0.0,120,0.0,47,KNYC,,31,27,8,44,,,3,2,25,3,5,2,2,78,
2026-09-11 00:00:00,2026-09-11 06:00:00,NBS,74,58,0,3,7.0,,0.0,,8.0,2.0,,,130,100,65,8,1,0,0,0,2,0.0,110,0.0,80,KNYC,,6,36,7,0,,,2,3,29,2,0,0,1,67,8/2
2026-09-11 00:00:00,2026-09-11 09:00:00,NBS,71,56,340,4,,,,,,,,,130,100,73,8,0,0,0,0,2,,110,,90,KNYC,,5,35,8,0,,,2,4,20,3,0,0,2,65,
2026-09-11 00:00:00,2026-09-11 12:00:00,NBS,70,56,350,4,4.0,7.0,0.0,0.0,,0.0,,2.0,130,100,76,9,0,0,0,0,2,0.0,110,0.0,120,KNYC,2.0,10,35,8,8,69.0,2.0,2,4,20,3,0,0,2,64,
2026-09-11 00:00:00,2026-09-11 15:00:00,NBS,73,53,350,4,,,,,,,,,140,100,77,9,0,0,0,0,0,,110,,140,KNYC,,29,34,10,57,,,2,3,28,2,0,0,2,67,
2026-09-11 00:00:00,2026-09-11 18:00:00,NBS,78,52,330,1,1.0,,0.0,,,0.0,,,-88,100,14,8,0,0,0,0,0,0.0,100,0.0,240,KNYC,,52,30,9,74,,,2,4,40,3,0,0,2,72,
2026-09-11 00:00:00,2026-09-11 21:00:00,NBS,79,52,320,3,,,,,,,,,-88,100,6,10,0,0,0,0,0,,86,,330,KNYC,,57,30,9,43,,,2,3,12,2,0,0,2,69,
2026-09-11 00:00:00,2026-09-12 00:00:00,NBS,74,53,50,0,1.0,2.0,0.0,0.0,,0.0,,0.0,-88,100,17,6,0,0,0,0,0,0.0,80,0.0,-88,KNYC,0.0,7,36,5,9,79.0,2.0,2,4,12,2,0,0,1,65,
2026-09-11 00:00:00,2026-09-12 03:00:00,NBS,70,54,60,0,,,,,,,,,-88,100,23,5,0,0,0,0,0,,78,,130,KNYC,,5,4,5,0,,,2,3,31,2,0,0,1,63,
2026-09-11 00:00:00,2026-09-12 06:00:00,NBS,67,55,30,0,0.0,,0.0,,,0.0,,,-88,100,17,4,0,0,0,0,0,0.0,77,0.0,-88,KNYC,,5,5,5,0,,,2,3,24,2,0,0,1,62,
2026-09-11 00:00:00,2026-09-12 09:00:00,NBS,65,54,40,0,,,,,,,,,-88,100,26,5,0,0,0,0,0,,81,,340,KNYC,,4,5,6,0,,,2,3,33,2,0,0,2,61,
2026-09-11 00:00:00,2026-09-12 12:00:00,NBS,66,55,60,0,0.0,0.0,0.0,0.0,,0.0,,0.0,-88,100,29,5,0,0,0,0,0,0.0,87,0.0,110,KNYC,0.0,7,8,6,16,64.0,2.0,2,3,37,1,0,0,1,62,
2026-09-11 00:00:00,2026-09-12 15:00:00,NBS,74,57,130,1,,,,,,,,,-88,100,32,6,0,0,0,0,1,,88,,100,KNYC,,40,15,8,61,,,2,3,25,3,3,1,2,70,
2026-09-11 00:00:00,2026-09-12 18:00:00,NBS,77,59,150,5,1.0,,0.0,,,0.0,,,-88,100,56,12,0,0,0,0,2,0.0,100,0.0,160,KNYC,,47,17,11,68,,,2,3,22,3,4,1,2,73,
2026-09-11 00:00:00,2026-09-12 21:00:00,NBS,75,61,150,7,,,,,,,,,-88,100,57,16,3,0,0,0,4,,130,,44,KNYC,,34,17,12,27,,,2,3,20,3,5,2,2,70,
2026-09-11 00:00:00,2026-09-13 00:00:00,NBS,73,61,150,5,5.0,5.0,0.0,0.0,,7.0,,7.0,50,100,82,15,6,0,0,0,10,0.0,130,0.0,36,KNYC,0.0,22,16,12,4,78.0,2.0,2,4,10,3,6,2,1,67,
2026-09-11 00:00:00,2026-09-13 03:00:00,NBS,72,62,150,4,,,,,,,,,50,100,86,12,10,0,0,0,16,,130,,39,KNYC,,16,15,10,0,,,2,4,16,3,14,4,2,68,
2026-09-11 00:00:00,2026-09-13 06:00:00,NBS,71,64,140,4,32.0,,8.0,,,26.0,,,6,30,84,10,13,0,0,0,29,0.0,130,0.0,6,KNYC,,12,15,11,0,,,1,4,13,3,38,15,2,68,
2026-09-11 00:00:00,2026-09-13 09:00:00,NBS,70,67,180,4,,,,,,,,,6,40,87,10,12,0,0,0,90,,140,,6,KNYC,,8,20,7,0,,,1,4,16,4,39,20,3,69,
2026-09-11 00:00:00,2026-09-13 12:00:00,NBS,71,68,210,3,68.0,77.0,32.0,40.0,,20.0,,27.0,6,30,81,8,8,0,0,0,76,0.0,140,0.0,6,KNYC,6.0,11,23,8,0,68.0,1.0,1,3,14,4,38,29,3,70,
2026-09-11 00:00:00,2026-09-13 15:00:00,NBS,75,69,260,4,,,,,,,,,15,100,83,10,4,0,0,0,52,,130,,15,KNYC,,24,28,9,21,,,2,3,13,4,20,8,2,73,
2026-09-11 00:00:00,2026-09-13 18:00:00,NBS,79,70,270,3,56.0,,22.0,,,9.0,,,120,100,70,10,4,0,0,0,52,0.0,120,0.0,49,KNYC,,43,29,8,40,,,3,2,29,3,4,0,2,77,
2026-09-11 00:00:00,2026-09-13 21:00:00,NBS,81,70,250,3,,,,,,,,,-88,100,39,10,4,0,0,0,12,,120,,45,KNYC,,48,29,7,56,,,2,2,24,3,3,0,2,77,
2026-09-11 00:00:00,2026-09-14 00:00:00,NBS,77,68,230,0,11.0,63.0,1.0,23.0,,8.0,,14.0,-88,100,29,7,4,0,0,0,12,0.0,120,0.0,50,KNYC,4.0,4,22,6,33,81.0,2.0,2,2,18,3,3,0,2,73,
2026-09-11 06:00:00,2026-09-11 12:00:00,NBS,70,54,340,5,4.0,,0.0,,5.0,0.0,16.0,,210,100,58,10,0,0,0,0,0,0.0,110,0.0,170,KNYC,,10,35,8,13,,,2,3,31,3,0,0,2,64,5/0
2026-09-11 06:00:00,2026-09-11 15:00:00,NBS,73,51,340,4,,,,,,,,,130,100,60,10,0,0,0,0,0,,110,,100,KNYC,,30,34,11,60,,,2,3,28,2,0,0,1,67,
2026-09-11 06:00:00,2026-09-11 18:00:00,NBS,79,50,320,2,5.0,,0.0,,,0.0,,,-88,100,5,9,0,0,0,0,0,0.0,96,0.0,-88,KNYC,,52,31,10,75,,,2,3,5,2,0,0,2,71,
2026-09-11 06:00:00,2026-09-11 21:00:00,NBS,80,50,310,3,,,,,,,,,-88,100,5,10,0,0,0,0,0,,80,,-88,KNYC,,59,30,10,41,,,2,3,6,2,0,0,2,69,
2026-09-11 06:00:00,2026-09-12 00:00:00,NBS,75,51,10,0,0.0,5.0,0.0,0.0,,0.0,,0.0,-88,100,10,6,0,0,0,0,0,0.0,79,0.0,-88,KNYC,0.0,5,35,7,7,80.0,2.0,2,3,10,2,0,0,1,65,
2026-09-11 06:00:00,2026-09-12 03:00:00,NBS,70,53,10,0,,,,,,,,,-88,100,9,4,0,0,0,0,0,,79,,-88,KNYC,,4,2,6,0,,,2,3,12,2,0,0,1,63,
2026-09-11 06:00:00,2026-09-12 06:00:00,NBS,67,54,40,0,0.0,,0.0,,,0.0,,,-88,100,11,5,0,0,0,0,0,0.0,79,0.0,-88,KNYC,,4,4,6,0,,,2,3,23,2,0,0,1,61,
2026-09-11 06:00:00,2026-09-12 09:00:00,NBS,65,54,30,1,,,,,,,,,-88,100,24,6,0,0,0,0,0,,79,,-88,KNYC,,4,5,5,0,,,2,3,36,2,0,0,2,60,
2026-09-11 06:00:00,2026-09-12 12:00:00,NBS,67,55,60,1,0.0,0.0,0.0,0.0,,0.0,,0.0,-88,100,29,6,0,0,0,0,0,0.0,84,0.0,130,KNYC,0.0,6,8,6,16,63.0,2.0,2,3,38,1,0,0,2,62,
2026-09-11 06:00:00,2026-09-12 15:00:00,NBS,75,57,140,4,,,,,,,,,-88,100,50,9,0,0,0,0,0,,89,,100,KNYC,,40,16,7,64,,,2,3,35,2,0,0,2,70,
2026-09-11 06:00:00,2026-09-12 18:00:00,NBS,78,58,160,6,1.0,,0.0,,,0.0,,,130,100,78,14,0,0,0,0,1,0.0,100,0.0,130,KNYC,,43,17,9,66,,,2,3,28,2,0,0,1,72,
2026-09-11 06:00:00,2026-09-12 21:00:00,NBS,76,59,160,7,,,,,,,,,90,100,65,16,2,0,0,0,3,,130,,90,KNYC,,33,17,12,34,,,2,3,32,2,5,1,1,69,
2026-09-11 06:00:00,2026-09-13 00:00:00,NBS,73,60,150,5,8.0,8.0,0.0,0.0,,5.0,,5.0,80,100,63,14,4,0,0,0,4,0.0,130,0.0,49,KNYC,0.0,20,17,11,8,78.0,2.0,2,3,25,3,5,0,2,67,
2026-09-11 06:00:00,2026-09-13 03:00:00,NBS,72,62,150,4,,,,,,,,,47,100,72,10,8,0,0,0,20,,130,,29,KNYC,,17,16,9,0,,,2,3,22,3,8,0,2,68,
2026-09-11 06:00:00,2026-09-13 06:00:00,NBS,72,65,150,4,39.0,,3.0,,,23.0,,,16,40,81,9,13,0,0,0,50,0.0,140,0.0,16,KNYC,,11,15,9,0,,,2,3,8,3,31,8,2,68,
2026-09-11 06:00:00,2026-09-13 09:00:00,NBS,71,69,160,4,,,,,,,,,6,40,95,8,12,0,0,0,90,,130,,6,KNYC,,8,16,7,0,,,2,3,6,4,36,18,2,70,
2026-09-11 06:00:00,2026-09-13 12:00:00,NBS,72,70,180,2,82.0,88.0,47.0,50.0,,25.0,,28.0,5,10,87,6,12,0,0,0,61,0.0,130,0.0,2,KNYC,7.0,8,20,6,0,67.0,2.0,2,2,8,4,47,40,2,71,
2026-09-11 06:00:00,2026-09-13 15:00:00,NBS,75,70,280,2,,,,,,,,,7,90,86,8,7,0,0,0,43,,130,,7,KNYC,,19,28,8,22,,,3,2,13,4,39,14,2,74,
2026-09-11 06:00:00,2026-09-13 18:00:00,NBS,79,70,310,0,55.0,,21.0,,,12.0,,,-88,100,67,9,3,0,0,0,43,0.0,120,0.0,49,KNYC,,33,29,9,48,,,3,2,30,3,4,0,2,77,
2026-09-11 06:00:00,2026-09-13 21:00:00,NBS,81,70,280,0,,,,,,,,,-88,100,31,9,3,0,0,0,6,,120,,48,KNYC,,37,30,9,57,,,3,2,19,3,3,0,2,77,
2026-09-11 06:00:00,2026-09-14 00:00:00,NBS,78,69,250,0,5.0,59.0,1.0,22.0,,8.0,,16.0,-88,100,28,6,4,0,0,0,6,0.0,120,0.0,49,KNYC,4.0,6,26,7,34,81.0,3.0,3,2,18,3,3,0,2,73,
2026-09-11 06:00:00,2026-09-14 03:00:00,NBS,75,67,260,0,,,,,,,,,-88,100,39,8,4,0,0,0,4,,110,,49,KNYC,,8,28,7,0,,,2,3,26,4,5,0,2,71,
2026-09-11 06:00:00,2026-09-14 06:00:00,NBS,73,65,300,4,2.0,,0.0,,,5.0,,,-88,100,41,10,3,0,0,0,4,0.0,110,0.0,40,KNYC,,9,32,8,0,,,2,5,28,4,4,1,2,69,
2026-09-11 12:00:00,2026-09-11 18:00:00,NBS,79,50,320,3,1.0,,0.0,,8.0,0.0,,,-88,100,9,9,0,0,0,0,0,0.0,95,0.0,340,KNYC,,51,31,10,74,,,2,3,11,2,0,0,2,71,8/0
2026-09-11 12:00:00,2026-09-11 21:00:00,NBS,80,51,320,3,,,,,,,,,-88,100,5,10,0,0,0,0,0,,80,,-88,KNYC,,57,31,10,41,,,2,3,6,2,0,0,2,70,
2026-09-11 12:00:00,2026-09-12 00:00:00,NBS,75,52,360,0,0.0,1.0,0.0,0.0,,0.0,,0.0,-88,100,7,7,0,0,0,0,0,0.0,78,0.0,-88,KNYC,0.0,5,35,8,6,80.0,2.0,2,3,8,2,0,0,1,66,
2026-09-11 12:00:00,2026-09-12 03:00:00,NBS,70,53,360,0,,,,,,,,,-88,100,7,4,0,0,0,0,0,,79,,-88,KNYC,,5,1,6,0,,,2,3,12,2,0,0,1,63,
2026-09-11 12:00:00,2026-09-12 06:00:00,NBS,67,54,30,0,0.0,,0.0,,,0.0,,,-88,100,14,5,0,0,0,0,0,0.0,79,0.0,60,KNYC,,4,4,6,0,,,2,3,28,2,0,0,2,61,
2026-09-11 12:00:00,2026-09-12 09:00:00,NBS,65,54,30,3,,,,,,,,,-88,100,23,6,0,0,0,0,0,,79,,90,KNYC,,4,4,5,0,,,2,3,39,2,0,0,2,59,
2026-09-11 12:00:00,2026-09-12 12:00:00,NBS,66,55,50,2,0.0,0.0,0.0,0.0,,0.0,,0.0,-88,100,23,6,0,0,0,0,0,0.0,84,0.0,160,KNYC,0.0,7,8,6,16,63.0,2.0,2,3,34,2,0,0,2,62,
2026-09-11 12:00:00,2026-09-12 15:00:00,NBS,75,57,140,4,,,,,,,,,130,100,63,9,0,0,0,0,0,,89,,130,KNYC,,37,15,6,60,,,2,3,31,3,0,0,2,70,
2026-09-11 12:00:00,2026-09-12 18:00:00,NBS,78,58,160,6,0.0,,0.0,,,0.0,,,-88,100,57,14,0,0,0,0,0,0.0,100,0.0,230,KNYC,,42,18,8,70,,,3,3,29,3,2,0,1,72,
2026-09-11 12:00:00,2026-09-12 21:00:00,NBS,76,59,160,7,,,,,,,,,-88,100,50,16,0,0,0,0,2,,120,,100,KNYC,,32,17,11,35,,,2,3,35,3,1,1,1,69,
2026-09-11 12:00:00,2026-09-13 00:00:00,NBS,73,60,150,5,3.0,2.0,0.0,0.0,,2.0,,2.0,45,100,67,14,2,0,0,0,4,0.0,130,0.0,45,KNYC,0.0,13,17,11,6,78.0,2.0,2,3,26,3,5,0,2,68,
2026-09-11 12:00:00,2026-09-13 03:00:00,NBS,73,63,160,4,,,,,,,,,50,100,73,11,7,0,0,0,14,,130,,38,KNYC,,20,17,10,0,,,2,3,18,3,12,0,2,69,
2026-09-11 12:00:00,2026-09-13 06:00:00,NBS,72,66,160,4,34.0,,3.0,,,27.0,,,16,40,82,9,15,0,0,0,48,0.0,140,0.0,15,KNYC,,10,15,9,0,,,2,3,9,4,25,10,2,69,
2026-09-11 12:00:00,2026-09-13 09:00:00,NBS,71,69,160,3,,,,,,,,,6,30,92,8,11,0,0,0,76,,140,,6,KNYC,,6,17,7,0,,,2,3,9,4,35,20,2,70,
2026-09-11 12:00:00,2026-09-13 12:00:00,NBS,72,70,160,2,75.0,83.0,64.0,67.0,,19.0,,27.0,7,20,90,7,8,0,0,0,90,0.0,130,0.0,7,KNYC,7.0,8,18,6,2,68.0,2.0,2,2,13,4,42,36,2,72,
2026-09-11 12:00:00,2026-09-13 15:00:00,NBS,75,70,210,2,,,,,,,,,6,30,91,8,7,0,0,0,66,,130,,6,KNYC,,12,20,9,8,,,3,2,10,4,51,25,3,73,
2026-09-11 12:00:00,2026-09-13 18:00:00,NBS,79,71,260,1,59.0,,40.0,,,14.0,,,29,100,75,9,7,0,0,0,66,0.0,130,0.0,21,KNYC,,20,23,9,17,,,3,2,22,3,10,2,2,77,
2026-09-11 12:00:00,2026-09-13 21:00:00,NBS,80,70,260,0,,,,,,,,,-88,100,49,9,7,0,0,0,2,,120,,80,KNYC,,28,26,10,47,,,4,2,26,3,4,0,2,76,
2026-09-11 12:00:00,2026-09-14 00:00:00,NBS,77,69,210,0,7.0,63.0,1.0,41.0,,14.0,,18.0,-88,100,33,6,6,0,0,0,2,0.0,110,0.0,39,KNYC,6.0,5,21,7,28,80.0,3.0,3,2,21,3,3,0,2,73,
2026-09-11 12:00:00,2026-09-14 03:00:00,NBS,74,67,240,3,,,,,,,,,-88,100,44,9,4,0,0,0,3,,110,,25,KNYC,,6,25,8,0,,,3,3,33,4,4,2,2,71,
2026-09-11 12:00:00,2026-09-14 06:00:00,NBS,72,64,270,4,2.0,,0.0,,,5.0,,,-88,100,45,11,3,0,0,0,3,0.0,110,0.0,34,KNYC,,4,25,6,0,,,3,6,30,5,7,3,3,68,
2026-09-11 12:00:00,2026-09-14 09:00:00,NBS,68,60,330,5,,,,,,,,,46,100,41,12,4,0,0,0,3,,110,,30,KNYC,,19,34,13,0,,,3,7,22,4,5,0,2,64,
2026-09-11 12:00:00,2026-09-14 12:00:00,NBS,67,57,340,6,2.0,4.0,0.0,0.0,,8.0,,10.0,-88,100,24,13,4,0,0,0,5,0.0,110,0.0,110,KNYC,0.0,23,34,13,2,67.0,3.0,3,6,29,5,4,0,2,63,
2026-09-11 18:00:00,2026-09-12 00:00:00,NBS,75,52,350,0,0.0,,0.0,,3.0,0.0,13.0,,-88,100,11,7,0,0,0,0,0,0.0,80,0.0,-88,KNYC,,6,35,8,6,,,2,3,10,2,0,0,2,66,3/0
2026-09-11 18:00:00,2026-09-12 03:00:00,NBS,70,53,10,0,,,,,,,,,-88,100,5,5,0,0,0,0,0,,80,,-88,KNYC,,4,3,6,0,,,2,3,6,2,0,0,2,63,
2026-09-11 18:00:00,2026-09-12 06:00:00,NBS,67,54,30,0,0.0,,0.0,,,0.0,,,-88,100,7,5,0,0,0,0,0,0.0,79,0.0,70,KNYC,,4,5,6,0,,,2,2,22,2,0,0,2,62,
2026-09-11 18:00:00,2026-09-12 09:00:00,NBS,65,54,40,3,,,,,,,,,-88,100,25,6,0,0,0,0,0,,79,,90,KNYC,,4,5,5,0,,,2,2,32,2,0,0,2,59,
2026-09-11 18:00:00,2026-09-12 12:00:00,NBS,66,55,50,2,0.0,0.0,0.0,0.0,,0.0,,0.0,-88,100,32,6,0,0,0,0,0,0.0,82,0.0,48,KNYC,0.0,6,7,6,17,63.0,2.0,1,3,37,1,0,0,2,62,
2026-09-11 18:00:00,2026-09-12 15:00:00,NBS,76,57,130,4,,,,,,,,,-88,100,38,8,0,0,0,0,0,,91,,250,KNYC,,36,16,7,61,,,2,3,34,2,0,0,2,71,
2026-09-11 18:00:00,2026-09-12 18:00:00,NBS,79,58,150,6,0.0,,0.0,,,0.0,,,260,100,62,14,0,0,0,0,0,0.0,100,0.0,230,KNYC,,42,18,9,72,,,2,3,31,3,0,0,1,73,
2026-09-11 18:00:00,2026-09-12 21:00:00,NBS,77,59,160,7,,,,,,,,,90,100,62,16,0,0,0,0,1,,130,,90,KNYC,,30,17,12,33,,,2,3,28,3,2,0,1,70,
2026-09-11 18:00:00,2026-09-13 00:00:00,NBS,74,61,150,5,4.0,1.0,0.0,0.0,,2.0,,2.0,80,100,76,14,1,0,0,0,5,0.0,130,0.0,70,KNYC,0.0,14,17,11,7,79.0,2.0,2,3,25,2,2,0,1,68,
2026-09-11 18:00:00,2026-09-13 03:00:00,NBS,73,63,150,4,,,,,,,,,60,100,81,11,8,0,0,0,9,,130,,50,KNYC,,5,17,10,0,,,2,4,20,3,2,1,1,68,
2026-09-11 18:00:00,2026-09-13 06:00:00,NBS,72,66,150,4,28.0,,4.0,,,26.0,,,9,50,80,10,16,0,0,0,31,0.0,130,0.0,9,KNYC,,7,17,9,0,,,2,3,17,3,25,4,2,69,
2026-09-11 18:00:00,2026-09-13 09:00:00,NBS,72,70,160,4,,,,,,,,,6,40,93,9,15,0,0,0,90,,140,,6,KNYC,,11,18,10,0,,,2,3,10,4,38,16,2,70,
2026-09-11 18:00:00,2026-09-13 12:00:00,NBS,72,71,180,3,69.0,72.0,31.0,35.0,,25.0,,31.0,7,20,88,7,13,0,0,0,65,0.0,140,0.0,3,KNYC,5.0,8,21,6,2,69.0,2.0,2,2,12,4,43,37,2,72,
2026-09-11 18:00:00,2026-09-13 15:00:00,NBS,74,71,240,3,,,,,,,,,6,30,91,8,9,0,0,0,67,,140,,5,KNYC,,12,26,7,19,,,3,2,12,4,50,21,3,73,
2026-09-11 18:00:00,2026-09-13 18:00:00,NBS,78,71,270,2,80.0,,49.0,,,15.0,,,16,100,70,9,7,0,0,0,35,0.0,120,0.0,16,KNYC,,23,29,7,49,,,3,2,32,3,25,6,2,77,
2026-09-11 18:00:00,2026-09-13 21:00:00,NBS,79,71,260,0,,,,,,,,,50,100,58,9,8,0,0,0,8,,110,,28,KNYC,,32,28,8,28,,,3,2,17,3,9,1,2,76,
2026-09-11 18:00:00,2026-09-14 00:00:00,NBS,76,69,200,0,10.0,83.0,1.0,50.0,,14.0,,20.0,-88,100,35,6,6,0,0,0,8,0.0,110,0.0,32,KNYC,3.0,5,24,5,11,79.0,3.0,3,2,20,3,6,2,2,73,
2026-09-11 18:00:00,2026-09-14 03:00:00,NBS,74,68,230,2,,,,,,,,,-88,100,32,8,4,0,0,0,2,,110,,50,KNYC,,5,25,6,0,,,2,3,21,4,6,3,2,71,
2026-09-11 18:00:00,2026-09-14 06:00:00,NBS,72,66,260,4,4.0,,0.0,,,4.0,,,-88,100,50,9,2,0,0,0,3,0.0,110,0.0,100,KNYC,,5,28,6,0,,,2,4,31,4,8,2,2,69,
2026-09-11 18:00:00,2026-09-14 09:00:00,NBS,69,63,340,5,,,,,,,,,49,100,52,12,4,0,0,0,6,,120,,37,KNYC,,9,34,9,0,,,3,5,23,4,3,0,2,66,
2026-09-11 18:00:00,2026-09-14 12:00:00,NBS,68,59,350,6,3.0,11.0,0.0,0.0,,11.0,,13.0,-88,100,50,13,6,0,0,0,8,0.0,110,0.0,70,KNYC,0.0,17,35,9,0,67.0,2.0,3,5,27,5,4,0,2,65,
2026-09-11 18:00:00,2026-09-14 15:00:00,NBS,71,56,340,7,,,,,,,,,-88,100,32,16,2,0,0,0,5,,84,,90,KNYC,,28,34,11,27,,,3,5,15,5,3,0,2,68,
2026-09-11 18:00:00,2026-09-14 18:00:00,NBS,75,54,330,7,5.0,,0.0,,,3.0,,,-88,100,22,16,0,0,0,0,5,0.0,79,0.0,-88,KNYC,,54,34,13,53,,,3,5,15,4,2,0,2,70,
2026-09-12 00:00:00,2026-09-12 06:00:00,NBS,67,55,40,0,0.0,,0.0,,0.0,0.0,,,-88,100,7,5,0,0,0,0,0,0.0,80,0.0,-88,KNYC,,5,5,5,0,,,2,2,23,2,0,1,2,62,0/0
2026-09-12 00:00:00,2026-09-12 09:00:00,NBS,64,54,40,3,,,,,,,,,-88,100,11,6,0,0,0,0,0,,80,,130,KNYC,,4,5,6,0,,,2,2,11,2,0,0,2,61,
2026-09-12 00:00:00,2026-09-12 12:00:00,NBS,66,55,60,2,0.0,0.0,0.0,0.0,,0.0,,0.0,-88,100,28,6,0,0,0,0,0,0.0,81,0.0,60,KNYC,0.0,6,8,5,17,63.0,2.0,1,2,38,1,0,0,2,62,
2026-09-12 00:00:00,2026-09-12 15:00:00,NBS,76,57,150,4,,,,,,,,,-88,100,40,8,0,0,0,0,0,,86,,200,KNYC,,37,17,7,63,,,2,3,35,2,0,0,2,71,
2026-09-12 00:00:00,2026-09-12 18:00:00,NBS,79,58,150,6,0.0,,0.0,,,0.0,,,-88,100,51,14,0,0,0,0,0,0.0,98,0.0,200,KNYC,,44,18,8,68,,,2,3,39,3,0,0,1,74,
2026-09-12 00:00:00,2026-09-12 21:00:00,NBS,77,59,150,7,,,,,,,,,-88,100,51,16,0,0,0,0,1,,130,,160,KNYC,,31,17,11,36,,,2,3,27,3,0,0,1,71,
2026-09-12 00:00:00,2026-09-13 00:00:00,NBS,73,59,150,5,3.0,0.0,0.0,0.0,,0.0,,0.0,110,100,72,14,0,0,0,0,2,0.0,130,0.0,80,KNYC,0.0,14,17,11,7,79.0,2.0,2,3,21,3,4,0,2,67,
2026-09-12 00:00:00,2026-09-13 03:00:00,NBS,73,62,150,4,,,,,,,,,90,100,80,11,2,0,0,0,5,,130,,70,KNYC,,6,17,10,0,,,2,3,18,3,4,0,2,68,
2026-09-12 00:00:00,2026-09-13 06:00:00,NBS,72,65,130,4,26.0,,2.0,,,16.0,,,27,80,88,10,10,0,0,0,47,0.0,130,0.0,27,KNYC,,6,17,9,0,,,2,3,11,3,13,0,2,69,
2026-09-12 00:00:00,2026-09-13 09:00:00,NBS,72,69,140,4,,,,,,,,,7,40,94,9,16,0,0,0,93,,140,,7,KNYC,,5,16,9,0,,,2,3,10,4,36,7,2,69,
2026-09-12 00:00:00,2026-09-13 12:00:00,NBS,72,71,220,3,88.0,89.0,70.0,72.0,,31.0,,31.0,4,20,91,8,14,0,0,0,68,0.0,140,0.0,4,KNYC,9.0,7,20,7,0,69.0,2.0,2,2,11,4,52,33,2,71,
2026-09-12 00:00:00,2026-09-13 15:00:00,NBS,74,71,280,3,,,,,,,,,6,30,86,9,8,0,0,0,76,,140,,6,KNYC,,12,26,7,11,,,3,2,13,4,52,23,3,74,
2026-09-12 00:00:00,2026-09-13 18:00:00,NBS,77,71,320,3,83.0,,48.0,,,16.0,,,28,100,69,9,7,0,0,0,42,0.0,130,0.0,12,KNYC,,26,29,8,36,,,4,2,17,3,14,4,2,77,
2026-09-12 00:00:00,2026-09-13 21:00:00,NBS,79,71,310,0,,,,,,,,,-88,100,34,9,8,0,0,0,7,,120,,60,KNYC,,32,30,9,38,,,3,2,31,3,5,0,2,76,
2026-09-12 00:00:00,2026-09-14 00:00:00,NBS,76,69,280,0,7.0,88.0,1.0,49.0,,14.0,,20.0,-88,100,24,6,6,0,0,0,2,0.0,110,0.0,32,KNYC,5.0,4,31,4,10,79.0,3.0,3,1,36,3,5,2,1,72,
2026-09-12 00:00:00,2026-09-14 03:00:00,NBS,74,68,250,1,,,,,,,,,-88,100,28,7,3,0,0,0,1,,110,,32,KNYC,,5,29,6,0,,,2,2,19,3,3,4,2,71,
2026-09-12 00:00:00,2026-09-14 06:00:00,NBS,72,66,270,3,2.0,,0.0,,,3.0,,,-88,100,38,9,2,0,0,0,2,0.0,110,0.0,60,KNYC,,5,29,8,0,,,2,4,27,4,8,7,2,69,
2026-09-12 00:00:00,2026-09-14 09:00:00,NBS,69,63,330,5,,,,,,,,,46,100,55,11,3,0,0,0,4,,110,,46,KNYC,,11,33,9,0,,,2,5,20,4,2,0,2,66,
2026-09-12 00:00:00,2026-09-14 12:00:00,NBS,68,59,340,6,4.0,10.0,0.0,0.0,,11.0,,12.0,-88,100,46,12,6,0,0,0,5,0.0,120,0.0,45,KNYC,0.0,16,35,13,0,67.0,2.0,2,5,32,4,5,0,2,65,
2026-09-12 00:00:00,2026-09-14 15:00:00,NBS,71,57,330,6,,,,,,,,,-88,100,28,15,3,0,0,0,6,,95,,60,KNYC,,31,34,14,44,,,3,4,28,5,2,0,2,68,
2026-09-12 00:00:00,2026-09-14 18:00:00,NBS,75,55,340,7,9.0,,0.0,,,4.0,,,-88,100,21,16,0,0,0,0,7,0.0,81,0.0,130,KNYC,,57,34,13,62,,,3,4,22,4,1,0,2,71,
2026-09-12 00:00:00,2026-09-14 21:00:00,NBS,74,54,340,7,,,,,,,,,-88,100,22,16,0,0,0,0,3,,81,,41,KNYC,,63,35,13,60,,,3,5,15,4,0,0,3,67,
2026-09-12 00:00:00,2026-09-15 00:00:00,NBS,69,51,360,5,2.0,13.0,0.0,0.0,,0.0,,5.0,-88,100,18,13,0,0,0,0,2,0.0,79,0.0,41,KNYC,0.0,13,1,10,35,75.0,3.0,3,5,16,4,2,0,2,62,
2026-09-12 06:00:00,2026-09-12 12:00:00,NBS,66,55,50,2,0.0,,0.0,,0.0,0.0,4.0,,-88,100,27,6,0,0,0,0,12,0.0,80,0.0,28,KNYC,,6,6,4,14,,,1,2,32,1,0,0,2,62,0/0
2026-09-12 06:00:00,2026-09-12 15:00:00,NBS,75,58,130,4,,,,,,,,,-88,100,45,8,0,0,0,0,12,,84,,29,KNYC,,32,17,6,56,,,2,2,37,2,0,0,1,71,
2026-09-12 06:00:00,2026-09-12 18:00:00,NBS,79,58,170,6,2.0,,0.0,,,0.0,,,-88,100,48,14,0,0,0,0,0,0.0,92,0.0,170,KNYC,,44,18,9,72,,,2,2,36,3,0,0,1,73,
2026-09-12 06:00:00,2026-09-12 21:00:00,NBS,77,59,150,7,,,,,,,,,-88,100,36,16,0,0,0,0,0,,130,,90,KNYC,,28,17,12,35,,,2,2,37,3,1,0,1,70,
2026-09-12 06:00:00,2026-09-13 00:00:00,NBS,73,58,150,5,3.0,2.0,0.0,0.0,,0.0,,0.0,190,100,64,14,0,0,0,0,0,0.0,130,0.0,130,KNYC,1.0,10,17,11,6,79.0,2.0,2,3,33,3,2,0,1,67,
2026-09-12 06:00:00,2026-09-13 03:00:00,NBS,72,61,140,4,,,,,,,,,90,100,68,10,2,0,0,0,5,,130,,80,KNYC,,6,16,8,0,,,2,3,25,3,2,0,2,67,
2026-09-12 06:00:00,2026-09-13 06:00:00,NBS,72,65,130,4,29.0,,4.0,,,15.0,,,35,100,79,9,9,0,0,0,13,0.0,130,0.0,29,KNYC,,7,15,8,0,,,2,2,15,3,0,0,2,68,
2026-09-12 06:00:00,2026-09-13 09:00:00,NBS,71,69,130,4,,,,,,,,,7,40,92,9,17,0,0,0,65,,140,,7,KNYC,,5,15,9,0,,,2,2,9,4,36,7,3,69,
2026-09-12 06:00:00,2026-09-13 12:00:00,NBS,72,71,150,3,89.0,91.0,65.0,69.0,,31.0,,31.0,4,20,85,8,13,0,0,0,93,0.0,140,0.0,3,KNYC,6.0,8,18,7,0,68.0,2.0,1,2,10,4,57,28,3,71,
2026-09-12 06:00:00,2026-09-13 15:00:00,NBS,73,71,120,3,,,,,,,,,5,20,89,9,7,0,0,0,78,,140,,5,KNYC,,13,19,8,11,,,2,2,9,4,51,20,2,73,
2026-09-12 06:00:00,2026-09-13 18:00:00,NBS,78,71,320,3,84.0,,53.0,,,15.0,,,15,100,64,9,7,0,0,0,53,0.0,130,0.0,15,KNYC,,22,31,10,40,,,3,2,31,3,12,4,2,77,
2026-09-12 06:00:00,2026-09-13 21:00:00,NBS,80,71,320,0,,,,,,,,,-88,100,39,9,9,0,0,0,4,,120,,24,KNYC,,30,32,8,33,,,3,2,28,3,4,0,2,76,
2026-09-12 06:00:00,2026-09-14 00:00:00,NBS,76,69,240,0,9.0,84.0,2.0,55.0,,16.0,,20.0,-88,100,23,6,8,0,0,0,4,0.0,110,0.0,19,KNYC,6.0,3,25,5,7,80.0,3.0,3,1,25,3,3,2,2,73,
2026-09-12 06:00:00,2026-09-14 03:00:00,NBS,74,68,240,2,,,,,,,,,-88,100,51,8,4,0,0,0,1,,110,,27,KNYC,,5,25,6,0,,,2,3,34,3,3,4,2,71,
2026-09-12 06:00:00,2026-09-14 06:00:00,NBS,72,66,270,4,2.0,,0.0,,,5.0,,,-88,100,35,10,3,0,0,0,1,0.0,110,0.0,120,KNYC,,6,27,7,0,,,2,4,31,4,7,6,2,69,
2026-09-12 06:00:00,2026-09-14 09:00:00,NBS,69,63,320,5,,,,,,,,,42,100,42,11,4,0,0,0,5,,110,,42,KNYC,,11,34,9,0,,,2,5,26,4,2,0,2,66,
2026-09-12 06:00:00,2026-09-14 12:00:00,NBS,68,60,330,7,9.0,13.0,0.0,0.0,,11.0,,13.0,-88,100,41,14,4,0,0,0,1,0.0,110,0.0,100,KNYC,0.0,19,35,12,6,67.0,2.0,3,5,24,4,3,0,2,65,
2026-09-12 06:00:00,2026-09-14 15:00:00,NBS,71,57,330,7,,,,,,,,,-88,100,12,17,2,0,0,0,2,,78,,130,KNYC,,36,34,14,41,,,3,4,10,4,0,0,2,68,
2026-09-12 06:00:00,2026-09-14 18:00:00,NBS,74,54,340,7,5.0,,0.0,,,3.0,,,-88,100,9,17,0,0,0,0,2,0.0,72,0.0,-88,KNYC,,56,34,14,60,,,3,4,10,4,0,0,2,70,
2026-09-12 06:00:00,2026-09-14 21:00:00,NBS,74,52,340,7,,,,,,,,,-88,100,12,17,0,0,0,0,1,,76,,49,KNYC,,60,35,13,60,,,2,4,15,3,0,0,2,66,
2026-09-12 06:00:00,2026-09-15 00:00:00,NBS,68,50,350,5,1.0,8.0,0.0,0.0,,0.0,,4.0,-88,100,12,12,0,0,0,0,1,0.0,73,0.0,-88,KNYC,0.0,18,1,10,35,75.0,2.0,2,4,13,3,1,0,2,61,
2026-09-12 06:00:00,2026-09-15 03:00:00,NBS,64,49,360,4,,,,,,,,,-88,100,9,11,0,0,0,0,0,,71,,-88,KNYC,,10,0,9,0,,,2,4,9,3,0,0,2,58,
2026-09-12 06:00:00,2026-09-15 06:00:00,NBS,61,48,10,5,0.0,,0.0,,,0.0,,,-88,100,3,11,0,0,0,0,0,0.0,71,0.0,-88,KNYC,,10,2,9,0,,,2,4,3,3,0,0,1,56,
2026-09-12 12:00:00,2026-09-12 18:00:00,NBS,78,59,160,6,7.0,,0.0,,0.0,0.0,,,-88,100,50,14,0,0,0,0,0,0.0,99,0.0,150,KNYC,,43,18,9,72,,,2,2,34,3,0,0,1,73,0/0
2026-09-12 12:00:00,2026-09-12 21:00:00,NBS,77,59,160,7,,,,,,,,,-88,100,56,16,0,0,0,0,0,,130,,100,KNYC,,28,17,12,35,,,2,2,35,3,1,0,1,70,
2026-09-12 12:00:00,2026-09-13 00:00:00,NBS,73,58,150,5,1.0,7.0,0.0,0.0,,0.0,,0.0,110,100,69,14,0,0,0,0,0,0.0,130,0.0,90,KNYC,1.0,8,17,11,5,78.0,2.0,1,3,33,2,1,0,1,67,
2026-09-12 12:00:00,2026-09-13 03:00:00,NBS,72,61,140,4,,,,,,,,,90,100,71,10,1,0,0,0,4,,130,,80,KNYC,,6,17,8,0,,,2,3,25,2,1,0,1,67,
2026-09-12 12:00:00,2026-09-13 06:00:00,NBS,72,65,120,3,8.0,,0.0,,,10.0,,,35,100,81,8,7,0,0,0,13,0.0,140,0.0,35,KNYC,,5,16,6,0,,,2,2,15,3,0,0,2,68,
2026-09-12 12:00:00,2026-09-13 09:00:00,NBS,71,69,130,4,,,,,,,,,6,30,90,8,14,0,0,0,61,,140,,6,KNYC,,4,15,7,0,,,2,2,10,4,38,15,2,70,
2026-09-12 12:00:00,2026-09-13 12:00:00,NBS,72,71,130,3,90.0,91.0,84.0,84.0,,33.0,,33.0,5,20,90,7,16,0,0,0,81,0.0,140,0.0,5,KNYC,5.0,9,17,7,0,68.0,2.0,2,2,8,4,54,27,3,71,
2026-09-12 12:00:00,2026-09-13 15:00:00,NBS,73,71,40,3,,,,,,,,,5,20,93,9,13,0,0,0,78,,140,,5,KNYC,,13,19,10,7,,,2,2,10,4,52,19,2,73,
2026-09-12 12:00:00,2026-09-13 18:00:00,NBS,77,71,340,3,81.0,,54.0,,,20.0,,,11,60,78,9,8,0,0,0,56,0.0,130,0.0,11,KNYC,,22,31,9,25,,,3,2,31,3,23,10,2,76,
2026-09-12 12:00:00,2026-09-13 21:00:00,NBS,79,71,340,0,,,,,,,,,35,100,29,9,6,0,0,0,4,,120,,24,KNYC,,29,32,9,30,,,3,2,24,3,9,1,2,76,
2026-09-12 12:00:00,2026-09-14 00:00:00,NBS,76,69,240,0,10.0,81.0,1.0,55.0,,11.0,,24.0,-88,100,30,6,4,0,0,0,4,0.0,110,0.0,70,KNYC,7.0,4,23,4,8,79.0,3.0,3,1,30,3,1,1,1,73,
2026-09-12 12:00:00,2026-09-14 03:00:00,NBS,74,68,230,2,,,,,,,,,-88,100,29,7,3,0,0,0,1,,110,,30,KNYC,,6,23,5,0,,,2,2,25,3,3,6,2,72,
2026-09-12 12:00:00,2026-09-14 06:00:00,NBS,72,67,260,4,2.0,,0.0,,,3.0,,,-88,100,45,10,2,0,0,0,0,0.0,110,0.0,29,KNYC,,6,25,7,0,,,2,3,29,3,6,10,2,70,
2026-09-12 12:00:00,2026-09-14 09:00:00,NBS,70,63,310,6,,,,,,,,,100,100,74,12,5,0,0,0,7,,120,,12,KNYC,,10,32,10,0,,,2,5,24,3,2,0,2,66,
2026-09-12 12:00:00,2026-09-14 12:00:00,NBS,68,60,340,6,8.0,10.0,0.0,0.0,,10.0,,10.0,100,100,64,14,3,0,0,0,30,0.0,110,0.0,41,KNYC,0.0,20,35,12,1,67.0,2.0,2,4,14,4,4,0,2,65,
2026-09-12 12:00:00,2026-09-14 15:00:00,NBS,71,56,330,7,,,,,,,,,-88,100,15,17,1,0,0,0,2,,85,,100,KNYC,,39,34,15,56,,,3,4,10,4,2,0,2,68,
2026-09-12 12:00:00,2026-09-14 18:00:00,NBS,74,53,330,7,6.0,,0.0,,,1.0,,,-88,100,9,17,0,0,0,0,1,0.0,67,0.0,-88,KNYC,,61,34,15,70,,,2,4,13,3,2,0,2,70,
2026-09-12 12:00:00,2026-09-14 21:00:00,NBS,74,51,340,7,,,,,,,,,-88,100,14,17,0,0,0,0,0,,75,,49,KNYC,,63,35,15,60,,,2,4,18,3,1,0,2,66,
2026-09-12 12:00:00,2026-09-15 00:00:00,NBS,68,49,350,4,0.0,9.0,0.0,0.0,,0.0,,1.0,-88,100,15,12,0,0,0,0,0,0.0,73,0.0,-88,KNYC,0.0,15,1,11,35,75.0,2.0,2,4,23,3,1,0,2,61,
2026-09-12 12:00:00,2026-09-15 03:00:00,NBS,64,48,0,5,,,,,,,,,-88,100,10,11,0,0,0,0,0,,71,,-88,KNYC,,11,0,9,0,,,1,3,10,3,0,0,1,59,
2026-09-12 12:00:00,2026-09-15 06:00:00,NBS,61,48,20,5,0.0,,0.0,,,0.0,,,-88,100,3,11,0,0,0,0,0,0.0,71,0.0,-88,KNYC,,11,2,10,0,,,2,3,5,2,2,0,1,56,
2026-09-12 12:00:00,2026-09-15 09:00:00,NBS,59,48,20,5,,,,,,,,,-88,100,10,10,0,0,0,0,0,,71,,-88,KNYC,,10,3,8,0,,,2,2,21,2,3,0,1,55,
2026-09-12 12:00:00,2026-09-15 12:00:00,NBS,60,49,30,4,0.0,0.0,0.0,0.0,,0.0,,0.0,-88,100,1,9,0,0,0,0,0,0.0,72,0.0,-88,KNYC,0.0,14,5,8,2,57.0,2.0,2,2,1,2,5,0,1,56,
2026-09-12 18:00:00,2026-09-13 00:00:00,NBS,73,59,150,5,1.0,,0.0,,0.0,0.0,0.0,,130,100,68,14,0,0,0,0,0,0.0,130,0.0,90,KNYC,,11,17,11,5,,,1,3,29,2,0,0,1,68,0/0
2026-09-12 18:00:00,2026-09-13 03:00:00,NBS,72,62,150,4,,,,,,,,,110,100,81,9,1,0,0,0,3,,130,,70,KNYC,,4,17,8,0,,,2,2,23,2,1,0,2,68,
2026-09-12 18:00:00,2026-09-13 06:00:00,NBS,72,65,130,3,5.0,,0.0,,,10.0,,,45,100,85,8,7,0,0,0,12,0.0,130,0.0,36,KNYC,,5,16,8,0,,,2,2,9,3,0,0,2,69,
2026-09-12 18:00:00,2026-09-13 09:00:00,NBS,72,69,130,3,,,,,,,,,6,40,92,8,15,0,0,0,70,,140,,6,KNYC,,5,16,8,0,,,2,2,8,3,43,9,2,69,
2026-09-12 18:00:00,2026-09-13 12:00:00,NBS,72,71,100,1,72.0,71.0,43.0,43.0,,34.0,,34.0,5,30,85,6,18,0,0,0,86,0.0,140,0.0,5,KNYC,5.0,7,15,5,1,68.0,2.0,1,2,10,4,62,23,2,71,
2026-09-12 18:00:00,2026-09-13 15:00:00,NBS,73,71,310,3,,,,,,,,,5,20,90,8,13,0,0,0,58,,140,,5,KNYC,,12,27,8,18,,,2,2,13,4,60,22,3,73,
2026-09-12 18:00:00,2026-09-13 18:00:00,NBS,77,71,310,2,93.0,,54.0,,,20.0,,,11,70,52,9,8,0,0,0,33,0.0,130,0.0,11,KNYC,,26,29,10,42,,,3,2,31,4,24,8,3,78,
2026-09-12 18:00:00,2026-09-13 21:00:00,NBS,80,71,290,0,,,,,,,,,35,100,29,8,5,0,0,0,4,,110,,35,KNYC,,34,29,7,29,,,3,2,26,3,5,0,2,76,
2026-09-12 18:00:00,2026-09-14 00:00:00,NBS,76,69,230,0,4.0,93.0,1.0,55.0,,10.0,,24.0,-88,100,45,5,3,0,0,0,4,0.0,110,0.0,36,KNYC,4.0,4,22,5,5,80.0,3.0,3,2,33,3,2,1,1,72,
2026-09-12 18:00:00,2026-09-14 03:00:00,NBS,75,69,240,0,,,,,,,,,-88,90,30,7,2,0,0,0,1,,110,,49,KNYC,,4,24,7,0,,,2,1,28,3,2,4,2,72,
2026-09-12 18:00:00,2026-09-14 06:00:00,NBS,73,68,290,3,1.0,,0.0,,,3.0,,,-88,80,26,10,2,0,0,0,5,0.0,110,0.0,60,KNYC,,5,29,8,0,,,2,2,20,3,7,6,2,70,
2026-09-12 18:00:00,2026-09-14 09:00:00,NBS,70,64,330,6,,,,,,,,,90,100,70,14,5,0,0,0,1,,110,,18,KNYC,,13,34,11,0,,,2,4,30,3,2,0,2,67,
2026-09-12 18:00:00,2026-09-14 12:00:00,NBS,69,60,340,7,33.0,36.0,2.0,2.0,,10.0,,10.0,-88,100,55,14,4,0,0,0,13,0.0,110,0.0,80,KNYC,1.0,18,35,12,7,68.0,2.0,2,4,33,4,3,0,2,66,
2026-09-12 18:00:00,2026-09-14 15:00:00,NBS,71,57,330,7,,,,,,,,,-88,100,17,17,1,0,0,0,0,,79,,44,KNYC,,38,35,16,47,,,3,3,29,3,2,0,1,68,
2026-09-12 18:00:00,2026-09-14 18:00:00,NBS,75,53,340,8,4.0,,0.0,,,1.0,,,-88,100,10,17,0,0,0,0,0,0.0,67,0.0,48,KNYC,,60,35,15,67,,,2,3,6,3,1,0,2,70,
2026-09-12 18:00:00,2026-09-14 21:00:00,NBS,74,51,340,7,,,,,,,,,-88,100,9,17,0,0,0,0,0,,69,,49,KNYC,,61,35,14,48,,,2,3,16,3,0,0,2,66,
2026-09-12 18:00:00,2026-09-15 00:00:00,NBS,68,49,360,4,0.0,4.0,0.0,0.0,,0.0,,1.0,-88,100,11,13,0,0,0,0,0,0.0,67,0.0,-88,KNYC,0.0,18,0,10,18,75.0,2.0,2,3,21,3,1,0,2,61,
2026-09-12 18:00:00,2026-09-15 03:00:00,NBS,64,48,0,5,,,,,,,,,-88,100,7,12,0,0,0,0,0,,73,,-88,KNYC,,13,1,10,0,,,1,3,6,3,0,0,1,59,
2026-09-12 18:00:00,2026-09-15 06:00:00,NBS,61,48,20,5,0.0,,0.0,,,0.0,,,-88,100,2,11,0,0,0,0,0,0.0,71,0.0,-88,KNYC,,11,3,9,0,,,2,2,3,2,1,0,1,56,
2026-09-12 18:00:00,2026-09-15 09:00:00,NBS,59,48,20,5,,,,,,,,,-88,100,8,10,0,0,0,0,0,,71,,-88,KNYC,,9,3,8,0,,,1,2,21,2,3,0,1,55,
2026-09-12 18:00:00,2026-09-15 12:00:00,NBS,60,49,30,4,0.0,0.0,0.0,0.0,,0.0,,0.0,-88,100,0,9,0,0,0,0,0,0.0,72,0.0,-88,KNYC,0.0,13,4,7,2,57.0,2.0,1,2,1,2,4,0,1,56,
2026-09-12 18:00:00,2026-09-15 15:00:00,NBS,68,51,70,3,,,,,,,,,-88,100,6,7,0,0,0,0,0,,75,,280,KNYC,,32,7,7,48,,,2,3,6,2,2,0,2,64,
2026-09-12 18:00:00,2026-09-15 18:00:00,NBS,72,52,140,0,0.0,,0.0,,,0.0,,,-88,100,11,7,0,0,0,0,0,0.0,79,0.0,250,KNYC,,41,12,4,64,,,2,3,11,3,0,0,2,68,
2026-09-13 00:00:00,2026-09-13 06:00:00,NBS,72,65,130,3,4.0,,1.0,,0.0,11.0,,,45,100,80,8,7,0,0,0,12,0.0,130,0.0,39,KNYC,,6,16,7,0,,,2,2,11,2,0,1,2,68,0/11
2026-09-13 00:00:00,2026-09-13 09:00:00,NBS,72,70,120,4,,,,,,,,,9,40,92,8,17,0,0,0,87,,140,,9,KNYC,,4,16,8,0,,,2,2,8,3,28,6,2,70,
2026-09-13 00:00:00,2026-09-13 12:00:00,NBS,72,71,110,2,84.0,86.0,65.0,66.0,,39.0,,39.0,5,20,85,6,20,0,0,0,88,0.0,140,0.0,4,KNYC,5.0,7,12,4,2,68.0,2.0,1,1,11,3,62,33,2,72,
2026-09-13 00:00:00,2026-09-13 15:00:00,NBS,73,72,30,2,,,,,,,,,5,20,88,8,14,0,0,0,64,,140,,5,KNYC,,14,31,7,13,,,2,1,12,4,65,27,2,73,
2026-09-13 00:00:00,2026-09-13 18:00:00,NBS,78,71,300,2,94.0,,46.0,,,20.0,,,15,90,53,9,8,0,0,0,23,0.0,130,0.0,15,KNYC,,29,30,8,56,,,3,1,35,3,17,4,2,78,
2026-09-13 00:00:00,2026-09-13 21:00:00,NBS,80,71,250,0,,,,,,,,,27,100,37,8,5,0,0,0,1,,110,,27,KNYC,,38,28,8,30,,,3,1,29,3,7,1,2,77,
2026-09-13 00:00:00,2026-09-14 00:00:00,NBS,77,70,210,0,4.0,94.0,1.0,47.0,,9.0,,24.0,-88,100,44,5,5,0,0,0,1,0.0,110,0.0,36,KNYC,4.0,4,23,5,7,80.0,2.0,2,1,31,2,5,1,1,73,
2026-09-13 00:00:00,2026-09-14 03:00:00,NBS,75,69,250,2,,,,,,,,,-88,80,26,7,2,0,0,0,1,,110,,48,KNYC,,4,24,7,0,,,2,1,24,2,6,5,2,72,
2026-09-13 00:00:00,2026-09-14 06:00:00,NBS,73,68,280,4,2.0,,0.0,,,2.0,,,-88,80,24,9,2,0,0,0,1,0.0,110,0.0,100,KNYC,,5,30,8,0,,,1,2,21,3,10,6,2,70,
2026-09-13 00:00:00,2026-09-14 09:00:00,NBS,71,64,340,6,,,,,,,,,45,100,53,13,6,0,0,0,5,,120,,45,KNYC,,6,35,13,0,,,2,4,35,3,12,3,1,68,
2026-09-13 00:00:00,2026-09-14 12:00:00,NBS,69,61,340,6,24.0,28.0,0.0,0.0,,12.0,,12.0,-88,100,51,13,6,0,0,0,9,0.0,110,0.0,80,KNYC,1.0,15,35,13,7,68.0,2.0,2,3,32,3,10,4,2,66,
2026-09-13 00:00:00,2026-09-14 15:00:00,NBS,72,58,340,7,,,,,,,,,-88,100,5,17,1,0,0,0,0,,76,,21,KNYC,,40,34,15,63,,,2,3,5,3,2,0,1,69,
2026-09-13 00:00:00,2026-09-14 18:00:00,NBS,75,54,340,7,5.0,,0.0,,,1.0,,,-88,100,5,17,0,0,0,0,0,0.0,65,0.0,-88,KNYC,,58,35,14,74,,,2,2,6,3,0,0,2,70,
2026-09-13 00:00:00,2026-09-14 21:00:00,NBS,74,52,350,7,,,,,,,,,-88,100,5,17,0,0,0,0,0,,68,,-88,KNYC,,60,35,14,44,,,2,2,7,3,0,0,2,66,
2026-09-13 00:00:00,2026-09-15 00:00:00,NBS,69,50,360,5,0.0,6.0,0.0,0.0,,0.0,,1.0,-88,100,10,12,0,0,0,0,0,0.0,65,0.0,-88,KNYC,0.0,16,1,10,12,75.0,2.0,2,3,9,3,0,0,2,61,
2026-09-13 00:00:00,2026-09-15 03:00:00,NBS,65,49,0,5,,,,,,,,,-88,100,10,11,0,0,0,0,0,,65,,-88,KNYC,,9,1,10,0,,,2,3,10,3,0,0,1,58,
2026-09-13 00:00:00,2026-09-15 06:00:00,NBS,62,48,20,5,0.0,,0.0,,,0.0,,,-88,100,2,11,0,0,0,0,0,0.0,64,0.0,-88,KNYC,,9,3,9,0,,,2,3,3,2,1,0,1,57,
2026-09-13 00:00:00,2026-09-15 09:00:00,NBS,59,48,20,5,,,,,,,,,-88,100,4,10,0,0,0,0,0,,69,,-88,KNYC,,9,4,8,0,,,2,2,6,2,3,0,1,55,
2026-09-13 00:00:00,2026-09-15 12:00:00,NBS,60,50,30,4,0.0,0.0,0.0,0.0,,0.0,,0.0,-88,100,1,8,0,0,0,0,0,0.0,71,0.0,-88,KNYC,0.0,14,6,8,2,57.0,2.0,1,2,3,2,4,0,1,57,
2026-09-13 00:00:00,2026-09-15 15:00:00,NBS,68,52,70,3,,,,,,,,,-88,100,8,7,0,0,0,0,0,,74,,280,KNYC,,33,8,6,48,,,2,3,13,2,0,0,2,65,
2026-09-13 00:00:00,2026-09-15 18:00:00,NBS,72,53,130,0,0.0,,0.0,,,0.0,,,-88,100,11,6,0,0,0,0,0,0.0,80,0.0,190,KNYC,,42,12,6,63,,,2,3,11,3,0,0,2,68,
2026-09-13 00:00:00,2026-09-15 21:00:00,NBS,72,54,160,2,,,,,,,,,-88,100,16,9,0,0,0,0,0,,89,,160,KNYC,,38,16,6,58,,,2,3,30,3,0,0,3,66,
2026-09-13 00:00:00,2026-09-16 00:00:00,NBS,67,54,150,1,0.0,0.0,0.0,0.0,,0.0,,0.0,-88,100,30,8,0,0,0,0,0,0.0,110,0.0,160,KNYC,0.0,15,15,6,34,73.0,3.0,1,3,24,3,1,0,2,61,
2026-09-13 06:00:00,2026-09-13 12:00:00,NBS,72,72,70,3,95.0,,52.0,,1.0,39.0,0.0,,6,30,90,7,21,0,0,0,100,0.0,140,0.0,6,KNYC,,6,11,5,2,,,1,1,10,4,55,26,2,72,1/39
2026-09-13 06:00:00,2026-09-13 15:00:00,NBS,73,72,20,3,,,,,,,,,6,30,81,8,14,0,0,0,73,,140,,6,KNYC,,13,29,5,9,,,2,1,23,4,53,19,2,74,
2026-09-13 06:00:00,2026-09-13 18:00:00,NBS,78,71,310,1,87.0,,44.0,,,19.0,,,18,100,58,9,8,0,0,0,32,0.0,130,0.0,18,KNYC,,27,29,8,39,,,3,1,32,3,7,1,2,78,
2026-09-13 06:00:00,2026-09-13 21:00:00,NBS,80,71,260,0,,,,,,,,,35,100,46,9,7,0,0,0,5,,120,,32,KNYC,,30,27,7,27,,,3,1,27,2,1,0,2,77,
2026-09-13 06:00:00,2026-09-14 00:00:00,NBS,77,70,200,0,8.0,87.0,1.0,45.0,,13.0,,23.0,-88,100,31,6,7,0,0,0,0,0.0,110,0.0,41,KNYC,5.0,4,23,6,5,80.0,2.0,3,1,19,2,0,3,1,73,
2026-09-13 06:00:00,2026-09-14 03:00:00,NBS,75,69,230,3,,,,,,,,,-88,80,21,8,2,0,0,0,0,,110,,43,KNYC,,4,25,7,0,,,2,1,20,2,2,6,2,72,
2026-09-13 06:00:00,2026-09-14 06:00:00,NBS,73,68,260,4,1.0,,0.0,,,3.0,,,-88,100,32,10,3,0,0,0,1,0.0,110,0.0,70,KNYC,,4,27,8,0,,,1,2,26,3,0,0,2,71,
2026-09-13 06:00:00,2026-09-14 09:00:00,NBS,71,64,340,6,,,,,,,,,70,100,74,14,5,0,0,0,1,,120,,41,KNYC,,6,35,13,0,,,2,4,31,3,0,0,1,68,
2026-09-13 06:00:00,2026-09-14 12:00:00,NBS,69,61,350,6,17.0,22.0,0.0,0.0,,12.0,,13.0,-88,100,50,14,5,0,0,0,29,0.0,120,0.0,80,KNYC,3.0,15,35,13,2,68.0,2.0,2,3,29,3,0,1,1,66,
2026-09-13 06:00:00,2026-09-14 15:00:00,NBS,71,57,340,7,,,,,,,,,-88,100,13,17,1,0,0,0,0,,80,,100,KNYC,,39,35,15,62,,,2,3,16,3,0,0,1,69,
2026-09-13 06:00:00,2026-09-14 18:00:00,NBS,75,54,350,7,6.0,,0.0,,,1.0,,,-88,100,6,16,0,0,0,0,0,0.0,64,0.0,-88,KNYC,,55,35,15,74,,,2,3,5,3,0,0,1,70,
2026-09-13 06:00:00,2026-09-14 21:00:00,NBS,74,51,360,7,,,,,,,,,-88,100,6,16,0,0,0,0,0,,65,,14,KNYC,,58,35,15,40,,,2,3,6,3,0,0,2,66,
2026-09-13 06:00:00,2026-09-15 00:00:00,NBS,68,49,10,4,0.0,6.0,0.0,0.0,,0.0,,2.0,-88,100,10,12,0,0,0,0,0,0.0,62,0.0,-88,KNYC,0.0,15,0,10,9,75.0,2.0,2,3,8,3,0,0,2,61,
2026-09-13 06:00:00,2026-09-15 03:00:00,NBS,64,48,360,4,,,,,,,,,-88,100,5,11,0,0,0,0,0,,63,,-88,KNYC,,10,0,9,0,,,2,3,5,3,0,0,2,58,
2026-09-13 06:00:00,2026-09-15 06:00:00,NBS,61,48,10,5,0.0,,0.0,,,0.0,,,-88,100,1,10,0,0,0,0,0,0.0,63,0.0,-88,KNYC,,10,1,9,0,,,2,3,1,2,0,0,1,56,
2026-09-13 06:00:00,2026-09-15 09:00:00,NBS,59,48,20,5,,,,,,,,,-88,100,3,10,0,0,0,0,0,,65,,-88,KNYC,,9,3,8,0,,,1,2,4,2,3,0,1,55,
2026-09-13 06:00:00,2026-09-15 12:00:00,NBS,60,50,30,4,0.0,0.0,0.0,0.0,,0.0,,0.0,-88,100,2,8,0,0,0,0,0,0.0,66,0.0,280,KNYC,0.0,13,5,8,12,57.0,2.0,1,2,6,2,3,0,1,56,
2026-09-13 06:00:00,2026-09-15 15:00:00,NBS,68,51,70,0,,,,,,,,,-88,100,11,6,0,0,0,0,0,,74,,280,KNYC,,32,8,6,48,,,2,3,27,2,1,0,2,64,
2026-09-13 06:00:00,2026-09-15 18:00:00,NBS,72,52,150,0,0.0,,0.0,,,0.0,,,-88,100,11,6,0,0,0,0,0,0.0,79,0.0,160,KNYC,,41,14,6,64,,,2,3,13,3,0,0,2,68,
2026-09-13 06:00:00,2026-09-15 21:00:00,NBS,71,54,150,3,,,,,,,,,-88,100,15,9,0,0,0,0,0,,88,,180,KNYC,,34,16,7,57,,,2,3,16,3,0,0,2,65,
2026-09-13 06:00:00,2026-09-16 00:00:00,NBS,66,54,150,3,0.0,0.0,0.0,0.0,,0.0,,0.0,-88,100,26,9,0,0,0,0,0,0.0,100,0.0,160,KNYC,0.0,10,15,7,33,72.0,3.0,2,2,19,3,1,0,2,61,
2026-09-13 06:00:00,2026-09-16 03:00:00,NBS,64,55,160,0,,,,,,,,,-88,100,31,6,0,0,0,0,0,,120,,130,KNYC,,10,17,6,0,,,1,2,27,2,2,0,2,61,
2026-09-13 06:00:00,2026-09-16 06:00:00,NBS,64,55,200,0,0.0,,0.0,,,1.0,,,-88,100,24,4,0,0,0,0,0,0.0,130,0.0,120,KNYC,,7,19,4,0,,,2,2,30,3,4,0,2,61,
2026-09-13 12:00:00,2026-09-13 18:00:00,NBS,77,72,320,2,92.0,,34.0,,1.0,23.0,,,13,100,76,9,7,0,0,0,34,0.0,130,0.0,13,KNYC,,23,30,7,42,,,3,1,30,3,17,9,2,77,1/23
2026-09-13 12:00:00,2026-09-13 21:00:00,NBS,80,72,300,0,,,,,,,,,35,100,54,9,10,0,0,0,5,,120,,25,KNYC,,30,29,7,26,,,3,1,24,3,3,6,2,77,
2026-09-13 12:00:00,2026-09-14 00:00:00,NBS,77,70,210,0,8.0,92.0,1.0,35.0,,17.0,,27.0,-88,100,33,6,6,0,0,0,3,0.0,110,0.0,42,KNYC,5.0,4,24,6,4,80.0,3.0,3,1,25,2,4,8,1,73,
2026-09-13 12:00:00,2026-09-14 03:00:00,NBS,75,70,240,3,,,,,,,,,-88,60,25,8,2,0,0,0,0,,110,,150,KNYC,,4,26,6,0,,,2,1,27,2,5,11,2,72,
2026-09-13 12:00:00,2026-09-14 06:00:00,NBS,73,68,260,4,3.0,,0.0,,,3.0,,,45,20,33,10,2,0,0,0,0,0.0,110,0.0,45,KNYC,,4,27,8,0,,,1,2,36,3,11,17,1,71,
2026-09-13 12:00:00,2026-09-14 09:00:00,NBS,71,65,340,7,,,,,,,,,90,100,62,15,6,0,0,0,0,,120,,50,KNYC,,5,35,14,0,,,2,3,29,4,7,0,2,68,
2026-09-13 12:00:00,2026-09-14 12:00:00,NBS,68,60,340,7,16.0,17.0,0.0,0.0,,13.0,,13.0,130,100,61,15,6,0,0,0,17,0.0,120,0.0,90,KNYC,3.0,13,35,13,4,68.0,2.0,2,3,31,3,1,2,1,66,
2026-09-13 12:00:00,2026-09-14 15:00:00,NBS,71,57,340,7,,,,,,,,,-88,100,6,17,0,0,0,0,0,,74,,-88,KNYC,,37,35,17,65,,,2,3,8,3,0,1,1,67,
2026-09-13 12:00:00,2026-09-14 18:00:00,NBS,74,53,350,7,9.0,,0.0,,,1.0,,,-88,100,7,17,0,0,0,0,0,0.0,62,0.0,-88,KNYC,,50,35,16,75,,,2,3,5,2,0,0,1,69,
2026-09-13 12:00:00,2026-09-14 21:00:00,NBS,74,50,350,7,,,,,,,,,-88,100,8,17,0,0,0,0,0,,64,,-88,KNYC,,51,35,15,42,,,2,3,6,3,0,0,2,66,
2026-09-13 12:00:00,2026-09-15 00:00:00,NBS,68,49,360,4,0.0,10.0,0.0,0.0,,0.0,,1.0,-88,100,10,12,0,0,0,0,0,0.0,62,0.0,-88,KNYC,0.0,10,36,10,9,74.0,2.0,1,4,8,3,0,0,2,61,
2026-09-13 12:00:00,2026-09-15 03:00:00,NBS,64,49,0,4,,,,,,,,,-88,100,5,10,0,0,0,0,0,,61,,-88,KNYC,,8,0,9,0,,,1,3,5,3,0,0,1,58,
2026-09-13 12:00:00,2026-09-15 06:00:00,NBS,62,49,10,4,0.0,,0.0,,,0.0,,,-88,100,1,10,0,0,0,0,0,0.0,61,0.0,-88,KNYC,,9,1,9,0,,,1,3,1,2,0,0,1,57,
2026-09-13 12:00:00,2026-09-15 09:00:00,NBS,59,49,20,4,,,,,,,,,-88,100,1,9,0,0,0,0,0,,64,,-88,KNYC,,8,3,7,0,,,1,2,2,2,3,0,1,55,
2026-09-13 12:00:00,2026-09-15 12:00:00,NBS,60,50,30,4,0.0,0.0,0.0,0.0,,0.0,,0.0,-88,100,6,8,0,0,0,0,0,0.0,67,0.0,-88,KNYC,0.0,12,4,8,15,57.0,2.0,1,2,16,2,3,0,1,57,
2026-09-13 12:00:00,2026-09-15 15:00:00,NBS,68,51,70,1,,,,,,,,,-88,100,7,6,0,0,0,0,0,,72,,220,KNYC,,32,7,6,61,,,2,3,18,2,1,0,2,64,
2026-09-13 12:00:00,2026-09-15 18:00:00,NBS,72,52,130,0,0.0,,0.0,,,0.0,,,-88,100,10,6,0,0,0,0,0,0.0,77,0.0,180,KNYC,,41,10,5,71,,,2,3,8,3,0,0,2,68,
2026-09-13 12:00:00,2026-09-15 21:00:00,NBS,71,54,160,3,,,,,,,,,-88,100,17,10,0,0,0,0,0,,88,,200,KNYC,,36,18,5,59,,,2,3,31,2,0,0,2,66,
2026-09-13 12:00:00,2026-09-16 00:00:00,NBS,66,54,160,3,0.0,0.0,0.0,0.0,,0.0,,0.0,-88,100,20,10,0,0,0,0,0,0.0,95,0.0,170,KNYC,0.0,10,17,6,34,72.0,2.0,1,2,14,2,0,0,2,61,
2026-09-13 12:00:00,2026-09-16 03:00:00,NBS,65,55,160,0,,,,,,,,,-88,100,19,6,0,0,0,0,0,,130,,160,KNYC,,11,17,7,0,,,1,2,25,2,0,0,2,61,
2026-09-13 12:00:00,2026-09-16 06:00:00,NBS,64,56,200,0,0.0,,0.0,,,1.0,,,-88,100,12,4,0,0,0,0,0,0.0,130,0.0,130,KNYC,,6,20,5,0,,,2,2,12,2,3,1,1,61,
2026-09-13 12:00:00,2026-09-16 09:00:00,NBS,62,56,240,0,,,,,,,,,-88,100,14,4,0,0,0,0,0,,130,,100,KNYC,,7,24,5,0,,,2,2,11,3,7,2,1,59,
2026-09-13 12:00:00,2026-09-16 12:00:00,NBS,65,57,240,0,0.0,0.0,0.0,0.0,,1.0,,1.0,-88,100,13,4,0,0,0,0,0,0.0,130,0.0,80,KNYC,0.0,8,24,5,2,60.0,2.0,2,2,17,2,4,0,1,62,
2026-09-13 18:00:00,2026-09-14 00:00:00,NBS,77,70,210,0,14.0,,4.0,,1.0,12.0,1.0,,45,50,44,6,5,0,0,0,16,0.0,110,0.0,28,KNYC,,4,22,6,4,,,3,1,37,2,20,16,1,73,1/12
2026-09-13 18:00:00,2026-09-14 03:00:00,NBS,75,70,240,2,,,,,,,,,-88,20,10,8,2,0,0,0,0,,110,,90,KNYC,,4,25,7,0,,,2,1,11,2,10,21,2,72,
2026-09-13 18:00:00,2026-09-14 06:00:00,NBS,74,69,260,4,1.0,,0.0,,,2.0,,,45,2,40,10,1,0,0,0,0,0.0,110,0.0,45,KNYC,,5,27,8,0,,,1,1,32,3,18,29,1,71,
2026-09-13 18:00:00,2026-09-14 09:00:00,NBS,71,65,330,7,,,,,,,,,70,100,59,15,6,0,0,0,1,,120,,60,KNYC,,5,34,12,0,,,1,3,36,3,3,3,2,68,
2026-09-13 18:00:00,2026-09-14 12:00:00,NBS,69,61,330,7,10.0,14.0,0.0,0.0,,10.0,,10.0,-88,100,55,15,5,0,0,0,1,0.0,110,0.0,90,KNYC,0.0,14,35,12,4,68.0,2.0,2,3,34,3,0,0,1,66,
2026-09-13 18:00:00,2026-09-14 15:00:00,NBS,70,57,340,8,,,,,,,,,-88,100,4,18,0,0,0,0,0,,74,,100,KNYC,,37,35,16,64,,,2,3,4,3,0,0,1,67,
2026-09-13 18:00:00,2026-09-14 18:00:00,NBS,74,53,340,8,2.0,,0.0,,,0.0,,,-88,100,2,17,0,0,0,0,0,0.0,63,0.0,41,KNYC,,54,35,15,74,,,2,3,3,2,0,0,1,69,
2026-09-13 18:00:00,2026-09-14 21:00:00,NBS,73,50,350,7,,,,,,,,,-88,100,4,16,0,0,0,0,0,,64,,-88,KNYC,,54,35,15,42,,,2,3,5,3,0,0,2,66,
2026-09-13 18:00:00,2026-09-15 00:00:00,NBS,68,50,0,4,0.0,2.0,0.0,0.0,,0.0,,1.0,-88,100,12,11,0,0,0,0,0,0.0,61,0.0,-88,KNYC,0.0,10,0,10,9,74.0,2.0,2,3,9,3,0,0,2,61,
2026-09-13 18:00:00,2026-09-15 03:00:00,NBS,64,49,0,4,,,,,,,,,-88,100,11,10,0,0,0,0,0,,60,,-88,KNYC,,4,0,9,0,,,1,3,9,2,0,0,1,58,
2026-09-13 18:00:00,2026-09-15 06:00:00,NBS,62,48,10,5,0.0,,0.0,,,0.0,,,-88,100,3,10,0,0,0,0,0,0.0,60,0.0,-88,KNYC,,5,1,9,0,,,2,3,6,2,0,0,1,57,
2026-09-13 18:00:00,2026-09-15 09:00:00,NBS,59,48,20,4,,,,,,,,,-88,100,3,10,0,0,0,0,0,,62,,-88,KNYC,,7,2,7,0,,,1,2,5,2,3,0,1,55,
2026-09-13 18:00:00,2026-09-15 12:00:00,NBS,60,50,30,4,0.0,0.0,0.0,0.0,,0.0,,0.0,-88,100,5,8,0,0,0,0,0,0.0,66,0.0,-88,KNYC,0.0,10,3,8,16,57.0,2.0,1,2,18,2,3,0,1,57,
2026-09-13 18:00:00,2026-09-15 15:00:00,NBS,67,51,70,2,,,,,,,,,-88,100,23,6,0,0,0,0,0,,72,,110,KNYC,,31,7,7,61,,,2,2,25,2,0,0,2,64,
2026-09-13 18:00:00,2026-09-15 18:00:00,NBS,71,52,130,0,0.0,,0.0,,,0.0,,,-88,100,34,6,0,0,0,0,0,0.0,77,0.0,190,KNYC,,41,13,5,72,,,2,3,38,3,0,0,2,68,
2026-09-13 18:00:00,2026-09-15 21:00:00,NBS,71,54,160,3,,,,,,,,,-88,100,12,9,0,0,0,0,0,,85,,200,KNYC,,36,18,5,47,,,2,3,13,3,0,0,2,65,
2026-09-13 18:00:00,2026-09-16 00:00:00,NBS,67,54,150,3,0.0,0.0,0.0,0.0,,0.0,,0.0,-88,100,29,8,0,0,0,0,0,0.0,95,0.0,150,KNYC,0.0,16,17,7,17,72.0,3.0,1,2,28,2,1,0,2,62,
2026-09-13 18:00:00,2026-09-16 03:00:00,NBS,65,55,160,0,,,,,,,,,-88,100,17,6,0,0,0,0,0,,110,,120,KNYC,,10,16,7,0,,,1,2,15,2,0,0,2,61,
2026-09-13 18:00:00,2026-09-16 06:00:00,NBS,63,56,180,0,0.0,,0.0,,,1.0,,,-88,100,14,3,0,0,0,0,0,0.0,130,0.0,120,KNYC,,6,18,5,0,,,1,2,15,2,2,0,1,60,
2026-09-13 18:00:00,2026-09-16 09:00:00,NBS,62,55,230,0,,,,,,,,,-88,100,22,3,0,0,0,0,0,,130,,130,KNYC,,6,24,4,0,,,2,2,17,2,3,0,1,59,
2026-09-13 18:00:00,2026-09-16 12:00:00,NBS,64,57,230,0,0.0,0.0,0.0,0.0,,0.0,,1.0,-88,100,12,3,0,0,0,0,0,0.0,130,0.0,90,KNYC,0.0,8,24,4,2,60.0,2.0,2,2,14,2,4,0,1,62,
2026-09-13 18:00:00,2026-09-16 15:00:00,NBS,71,58,210,0,,,,,,,,,-88,100,17,6,0,0,0,0,0,,130,,90,KNYC,,24,22,7,45,,,1,2,12,3,4,0,2,68,
2026-09-13 18:00:00,2026-09-16 18:00:00,NBS,77,60,200,1,0.0,,0.0,,,1.0,,,-88,100,23,8,0,0,0,0,0,0.0,130,0.0,70,KNYC,,33,22,8,58,,,2,2,14,2,2,0,2,74,
2026-09-14 00:00:00,2026-09-14 06:00:00,NBS,73,68,270,4,2.0,,0.0,,2.0,10.0,,,-88,100,47,10,5,0,0,0,12,0.0,110,0.0,140,KNYC,,4,27,8,0,,,1,1,28,3,6,9,1,71,2/10
2026-09-14 00:00:00,2026-09-14 09:00:00,NBS,71,65,340,6,,,,,,,,,130,100,59,15,3,0,0,0,1,,120,,50,KNYC,,5,34,13,0,,,1,3,35,3,0,0,1,68,
2026-09-14 00:00:00,2026-09-14 12:00:00,NBS,69,60,340,7,7.0,11.0,0.0,0.0,,5.0,,10.0,-88,100,30,16,2,0,0,0,1,0.0,110,0.0,110,KNYC,0.0,12,35,13,15,68.0,2.0,2,4,35,3,0,0,1,65,
2026-09-14 00:00:00,2026-09-14 15:00:00,NBS,70,55,340,8,,,,,,,,,-88,100,2,18,0,0,0,0,0,,70,,120,KNYC,,36,35,16,64,,,2,3,4,3,0,0,1,66,
2026-09-14 00:00:00,2026-09-14 18:00:00,NBS,74,51,350,7,2.0,,0.0,,,0.0,,,-88,100,3,17,0,0,0,0,0,0.0,63,0.0,-88,KNYC,,53,35,15,75,,,1,3,4,2,0,0,1,69,
2026-09-14 00:00:00,2026-09-14 21:00:00,NBS,74,49,350,7,,,,,,,,,-88,100,4,16,0,0,0,0,0,,64,,-88,KNYC,,55,36,15,42,,,1,3,5,3,0,0,2,66,
2026-09-14 00:00:00,2026-09-15 00:00:00,NBS,68,50,0,4,0.0,2.0,0.0,0.0,,0.0,,0.0,-88,100,11,11,0,0,0,0,0,0.0,61,0.0,-88,KNYC,0.0,10,36,10,9,75.0,2.0,1,3,10,3,0,0,2,61,
2026-09-14 00:00:00,2026-09-15 03:00:00,NBS,65,49,10,4,,,,,,,,,-88,100,9,9,0,0,0,0,0,,60,,-88,KNYC,,5,1,9,0,,,1,3,9,2,0,0,1,58,
2026-09-14 00:00:00,2026-09-15 06:00:00,NBS,62,48,10,4,0.0,,0.0,,,0.0,,,-88,100,4,10,0,0,0,0,0,0.0,60,0.0,-88,KNYC,,5,1,9,0,,,2,3,6,2,0,0,1,57,
2026-09-14 00:00:00,2026-09-15 09:00:00,NBS,59,48,20,4,,,,,,,,,-88,100,3,9,0,0,0,0,0,,61,,-88,KNYC,,4,3,7,0,,,2,2,5,2,0,0,1,55,
2026-09-14 00:00:00,2026-09-15 12:00:00,NBS,60,49,30,4,0.0,0.0,0.0,0.0,,0.0,,0.0,-88,100,2,8,0,0,0,0,0,0.0,63,0.0,280,KNYC,0.0,9,3,7,16,57.0,2.0,1,2,2,2,0,0,1,56,
2026-09-14 00:00:00,2026-09-15 15:00:00,NBS,67,50,80,2,,,,,,,,,-88,100,9,6,0,0,0,0,0,,69,,110,KNYC,,31,8,6,65,,,1,2,12,2,0,0,2,63,
2026-09-14 00:00:00,2026-09-15 18:00:00,NBS,72,50,140,0,0.0,,0.0,,,0.0,,,-88,100,17,6,0,0,0,0,0,0.0,75,0.0,140,KNYC,,42,14,3,74,,,2,2,25,3,0,0,2,67,
2026-09-14 00:00:00,2026-09-15 21:00:00,NBS,71,52,160,3,,,,,,,,,-88,100,17,9,0,0,0,0,0,,86,,130,KNYC,,36,17,6,42,,,2,3,13,3,0,0,2,65,
2026-09-14 00:00:00,2026-09-16 00:00:00,NBS,67,55,160,3,0.0,0.0,0.0,0.0,,0.0,,0.0,-88,100,19,9,0,0,0,0,0,0.0,99,0.0,180,KNYC,0.0,12,16,7,12,72.0,2.0,1,2,13,3,0,0,2,62,
2026-09-14 00:00:00,2026-09-16 03:00:00,NBS,65,56,160,1,,,,,,,,,-88,100,13,7,0,0,0,0,0,,110,,140,KNYC,,10,16,6,0,,,1,2,9,2,1,0,2,61,
2026-09-14 00:00:00,2026-09-16 06:00:00,NBS,64,56,190,0,0.0,,0.0,,,1.0,,,-88,100,9,3,0,0,0,0,0,0.0,120,0.0,130,KNYC,,5,19,4,0,,,1,2,11,3,2,1,2,61,
2026-09-14 00:00:00,2026-09-16 09:00:00,NBS,62,55,230,0,,,,,,,,,-88,100,9,3,0,0,0,0,0,,120,,100,KNYC,,5,22,4,0,,,2,2,6,3,4,0,1,59,
2026-09-14 00:00:00,2026-09-16 12:00:00,NBS,64,56,240,0,0.0,0.0,0.0,0.0,,0.0,,1.0,-88,100,9,3,0,0,0,0,0,0.0,120,0.0,90,KNYC,0.0,8,25,4,2,60.0,2.0,3,2,12,3,5,2,1,61,
2026-09-14 00:00:00,2026-09-16 15:00:00,NBS,72,58,220,2,,,,,,,,,-88,100,14,7,0,0,0,0,0,,130,,100,KNYC,,27,23,7,46,,,2,2,12,3,5,0,2,68,
2026-09-14 00:00:00,2026-09-16 18:00:00,NBS,78,59,210,2,0.0,,0.0,,,1.0,,,-88,100,23,9,0,0,0,0,0,0.0,140,0.0,80,KNYC,,35,23,8,58,,,2,2,17,2,1,0,2,74,
2026-09-14 00:00:00,2026-09-16 21:00:00,NBS,78,61,190,3,,,,,,,,,-88,100,26,10,1,0,0,0,0,,140,,70,KNYC,,26,20,8,53,,,3,2,27,2,3,0,2,72,
2026-09-14 00:00:00,2026-09-17 00:00:00,NBS,73,62,180,0,0.0,0.0,0.0,0.0,,2.0,,2.0,-88,100,39,8,1,0,0,0,0,0.0,140,0.0,60,KNYC,0.0,11,18,8,30,78.0,2.0,3,2,22,3,3,0,2,68,
2026-09-14 06:00:00,2026-09-14 12:00:00,NBS,68,59,340,7,5.0,,0.0,,3.0,7.0,2.0,,-88,100,28,15,4,0,0,0,0,0.0,110,0.0,100,KNYC,,12,35,13,11,,,2,4,26,3,0,0,1,65,3/7
2026-09-14 06:00:00,2026-09-14 15:00:00,NBS,69,55,340,7,,,,,,,,,-88,100,4,17,0,0,0,0,0,,76,,90,KNYC,,36,35,15,66,,,1,3,5,2,0,0,1,66,
2026-09-14 06:00:00,2026-09-14 18:00:00,NBS,73,51,350,7,1.0,,0.0,,,0.0,,,-88,100,8,16,0,0,0,0,0,0.0,64,0.0,-88,KNYC,,54,35,15,74,,,1,3,6,2,0,0,1,68,
2026-09-14 06:00:00,2026-09-14 21:00:00,NBS,73,48,350,6,,,,,,,,,-88,100,5,15,0,0,0,0,0,,65,,-88,KNYC,,54,35,14,40,,,1,3,6,2,0,0,2,66,
2026-09-14 06:00:00,2026-09-15 00:00:00,NBS,68,49,360,4,0.0,2.0,0.0,0.0,,0.0,,0.0,-88,100,7,11,0,0,0,0,0,0.0,62,0.0,-88,KNYC,0.0,8,36,10,7,74.0,1.0,1,3,8,3,0,0,2,60,
2026-09-14 06:00:00,2026-09-15 03:00:00,NBS,64,48,10,4,,,,,,,,,-88,100,6,9,0,0,0,0,0,,60,,-88,KNYC,,5,0,8,0,,,1,3,7,2,0,0,2,58,
2026-09-14 06:00:00,2026-09-15 06:00:00,NBS,61,47,10,4,0.0,,0.0,,,0.0,,,-88,100,2,10,0,0,0,0,0,0.0,60,0.0,-88,KNYC,,5,2,9,0,,,2,3,3,2,0,0,1,56,
2026-09-14 06:00:00,2026-09-15 09:00:00,NBS,59,48,20,4,,,,,,,,,-88,100,2,9,0,0,0,0,0,,60,,-88,KNYC,,4,2,7,0,,,1,2,4,2,0,0,1,55,
2026-09-14 06:00:00,2026-09-15 12:00:00,NBS,60,49,30,4,0.0,0.0,0.0,0.0,,0.0,,0.0,-88,100,0,8,0,0,0,0,0,0.0,62,0.0,280,KNYC,0.0,8,5,7,16,57.0,1.0,1,2,0,2,0,0,1,56,
2026-09-14 06:00:00,2026-09-15 15:00:00,NBS,66,50,70,0,,,,,,,,,-88,100,14,6,0,0,0,0,0,,68,,280,KNYC,,30,7,5,66,,,1,2,31,2,0,0,2,63,
2026-09-14 06:00:00,2026-09-15 18:00:00,NBS,71,51,120,0,0.0,,0.0,,,0.0,,,-88,100,22,6,0,0,0,0,0,0.0,74,0.0,200,KNYC,,43,13,4,74,,,2,2,21,3,0,0,2,67,
2026-09-14 06:00:00,2026-09-15 21:00:00,NBS,71,52,170,3,,,,,,,,,-88,100,20,9,0,0,0,0,0,,82,,140,KNYC,,36,17,6,40,,,2,2,16,3,0,0,2,64,
2026-09-14 06:00:00,2026-09-16 00:00:00,NBS,66,55,150,2,0.0,0.0,0.0,0.0,,0.0,,0.0,-88,100,23,8,0,0,0,0,0,0.0,120,0.0,100,KNYC,0.0,10,17,7,9,72.0,2.0,1,2,27,2,0,0,2,62,
2026-09-14 06:00:00,2026-09-16 03:00:00,NBS,65,56,160,0,,,,,,,,,-88,100,25,6,0,0,0,0,0,,130,,90,KNYC,,10,17,7,0,,,1,2,26,2,1,0,2,61,
2026-09-14 06:00:00,2026-09-16 06:00:00,NBS,63,56,200,0,0.0,,0.0,,,1.0,,,-88,100,25,3,0,0,0,0,0,0.0,130,0.0,120,KNYC,,5,20,5,0,,,1,2,41,2,3,3,1,60,
2026-09-14 06:00:00,2026-09-16 09:00:00,NBS,62,55,230,0,,,,,,,,,-88,100,22,3,0,0,0,0,0,,130,,140,KNYC,,4,23,5,0,,,2,2,32,2,3,3,1,59,
2026-09-14 06:00:00,2026-09-16 12:00:00,NBS,64,56,230,0,0.0,0.0,0.0,0.0,,0.0,,1.0,-88,100,13,3,0,0,0,0,0,0.0,130,0.0,100,KNYC,0.0,9,23,6,11,60.0,2.0,2,2,19,2,7,2,1,61,
2026-09-14 06:00:00,2026-09-16 15:00:00,NBS,72,58,220,3,,,,,,,,,-88,100,7,8,0,0,0,0,0,,130,,100,KNYC,,25,24,8,46,,,2,2,8,2,3,0,2,68,
2026-09-14 06:00:00,2026-09-16 18:00:00,NBS,78,60,210,3,0.0,,0.0,,,0.0,,,-88,100,12,9,0,0,0,0,0,0.0,130,0.0,100,KNYC,,32,24,8,59,,,2,3,9,2,1,0,2,74,
2026-09-14 06:00:00,2026-09-16 21:00:00,NBS,78,62,190,2,,,,,,,,,-88,100,19,9,1,0,0,0,0,,130,,80,KNYC,,26,21,8,46,,,2,2,22,2,3,0,2,72,
2026-09-14 06:00:00,2026-09-17 00:00:00,NBS,73,62,180,0,0.0,0.0,0.0,0.0,,2.0,,2.0,-88,100,32,8,2,0,0,0,0,0.0,130,0.0,60,KNYC,0.0,7,18,8,27,79.0,2.0,2,2,26,3,4,0,2,68,
2026-09-14 06:00:00,2026-09-17 03:00:00,NBS,71,63,200,0,,,,,,,,,-88,100,27,6,2,0,0,0,0,,140,,60,KNYC,,7,20,7,0,,,2,2,13,3,5,0,2,66,
2026-09-14 06:00:00,2026-09-17 06:00:00,NBS,69,62,220,0,0.0,,0.0,,,3.0,,,-88,100,28,6,1,0,0,0,0,0.0,130,0.0,50,KNYC,,7,22,7,0,,,1,2,19,2,7,1,2,65,
2026-09-14 12:00:00,2026-09-14 18:00:00,NBS,73,51,350,7,0.0,,0.0,,2.0,0.0,,,-88,100,7,15,0,0,0,0,0,0.0,63,0.0,-88,KNYC,,54,35,15,76,,,1,3,6,2,0,0,1,68,2/0
2026-09-14 12:00:00,2026-09-14 21:00:00,NBS,73,48,350,6,,,,,,,,,-88,100,6,15,0,0,0,0,0,,65,,-88,KNYC,,54,35,14,39,,,1,3,6,2,0,0,1,64,
2026-09-14 12:00:00,2026-09-15 00:00:00,NBS,68,49,350,4,0.0,1.0,0.0,0.0,,0.0,,0.0,-88,100,7,11,0,0,0,0,0,0.0,62,0.0,-88,KNYC,0.0,8,36,10,6,74.0,2.0,1,4,7,3,0,0,2,61,
2026-09-14 12:00:00,2026-09-15 03:00:00,NBS,64,48,10,4,,,,,,,,,-88,100,4,10,0,0,0,0,0,,60,,-88,KNYC,,5,1,7,0,,,1,3,6,3,0,0,2,58,
2026-09-14 12:00:00,2026-09-15 06:00:00,NBS,61,48,10,4,0.0,,0.0,,,0.0,,,-88,100,2,10,0,0,0,0,0,0.0,59,0.0,-88,KNYC,,5,2,8,0,,,2,2,3,2,0,0,1,56,
2026-09-14 12:00:00,2026-09-15 09:00:00,NBS,59,48,20,5,,,,,,,,,-88,100,3,9,0,0,0,0,0,,60,,280,KNYC,,4,2,7,0,,,2,2,4,2,0,0,1,55,
2026-09-14 12:00:00,2026-09-15 12:00:00,NBS,60,49,40,4,0.0,0.0,0.0,0.0,,0.0,,0.0,-88,100,3,8,0,0,0,0,0,0.0,61,0.0,280,KNYC,0.0,9,5,7,16,57.0,2.0,1,2,6,2,0,0,1,56,
2026-09-14 12:00:00,2026-09-15 15:00:00,NBS,67,50,60,0,,,,,,,,,-88,100,10,6,0,0,0,0,0,,68,,270,KNYC,,30,6,5,66,,,1,2,13,2,0,0,2,63,
2026-09-14 12:00:00,2026-09-15 18:00:00,NBS,71,51,100,0,0.0,,0.0,,,0.0,,,-88,100,17,6,0,0,0,0,0,0.0,74,0.0,210,KNYC,,42,12,3,73,,,2,2,22,2,0,0,2,67,
2026-09-14 12:00:00,2026-09-15 21:00:00,NBS,71,53,170,3,,,,,,,,,-88,100,20,9,0,0,0,0,0,,81,,270,KNYC,,37,17,5,39,,,2,3,15,2,0,0,2,65,
2026-09-14 12:00:00,2026-09-16 00:00:00,NBS,66,54,150,1,0.0,0.0,0.0,0.0,,0.0,,0.0,-88,100,25,8,0,0,0,0,0,0.0,100,0.0,160,KNYC,0.0,9,17,7,9,72.0,2.0,1,2,28,2,0,0,2,61,
2026-09-14 12:00:00,2026-09-16 03:00:00,NBS,64,55,160,0,,,,,,,,,-88,100,31,6,0,0,0,0,0,,120,,70,KNYC,,11,17,7,0,,,1,2,34,2,1,0,2,61,
2026-09-14 12:00:00,2026-09-16 06:00:00,NBS,63,56,190,0,0.0,,0.0,,,1.0,,,-88,100,38,3,0,0,0,0,0,0.0,130,0.0,40,KNYC,,6,20,5,0,,,1,2,35,2,0,3,1,60,
2026-09-14 12:00:00,2026-09-16 09:00:00,NBS,61,55,240,0,,,,,,,,,-88,100,24,3,0,0,0,0,0,,130,,80,KNYC,,5,24,4,0,,,2,2,42,2,4,5,1,58,
2026-09-14 12:00:00,2026-09-16 12:00:00,NBS,63,56,240,0,0.0,0.0,0.0,0.0,,0.0,,1.0,-88,100,17,4,0,0,0,0,0,0.0,130,0.0,160,KNYC,0.0,9,23,6,13,59.0,2.0,2,2,27,2,4,4,1,60,
2026-09-14 12:00:00,2026-09-16 15:00:00,NBS,72,58,220,3,,,,,,,,,-88,100,11,7,0,0,0,0,0,,120,,110,KNYC,,27,24,8,56,,,2,2,24,2,2,0,2,69,
2026-09-14 12:00:00,2026-09-16 18:00:00,NBS,77,59,210,3,0.0,,0.0,,,0.0,,,-88,100,23,9,0,0,0,0,0,0.0,130,0.0,110,KNYC,,32,23,8,66,,,2,3,24,2,0,0,2,73,
2026-09-14 12:00:00,2026-09-16 21:00:00,NBS,78,61,200,3,,,,,,,,,-88,100,24,10,0,0,0,0,0,,140,,60,KNYC,,27,22,8,54,,,2,3,21,3,3,0,2,72,
2026-09-14 12:00:00,2026-09-17 00:00:00,NBS,72,62,180,2,0.0,0.0,0.0,0.0,,2.0,,2.0,-88,100,47,8,2,0,0,0,0,0.0,140,0.0,70,KNYC,0.0,6,18,7,32,78.0,2.0,2,2,25,3,4,0,2,68,
2026-09-14 12:00:00,2026-09-17 03:00:00,NBS,70,62,210,1,,,,,,,,,-88,100,31,7,2,0,0,0,0,,140,,70,KNYC,,7,21,6,0,,,2,2,15,3,5,0,2,66,
2026-09-14 12:00:00,2026-09-17 06:00:00,NBS,69,61,220,0,0.0,,0.0,,,4.0,,,-88,100,27,6,2,0,0,0,0,0.0,140,0.0,43,KNYC,,8,23,7,0,,,2,2,16,2,9,0,2,66,
2026-09-14 12:00:00,2026-09-17 09:00:00,NBS,68,61,230,0,,,,,,,,,-88,100,46,5,1,0,0,0,0,,140,,42,KNYC,,7,24,6,0,,,2,2,29,2,8,6,2,64,
2026-09-14 12:00:00,2026-09-17 12:00:00,NBS,69,62,230,0,0.0,0.0,0.0,0.0,,2.0,,4.0,-88,100,46,4,1,0,0,0,0,0.0,140,0.0,60,KNYC,0.0,9,25,5,2,65.0,2.0,2,2,28,2,10,0,2,66,
2026-09-14 18:00:00,2026-09-15 00:00:00,NBS,68,49,0,4,0.0,,0.0,,2.0,0.0,3.0,,-88,100,9,11,0,0,0,0,0,0.0,61,0.0,-88,KNYC,,8,36,11,6,,,1,4,9,3,0,0,2,61,2/0
2026-09-14 18:00:00,2026-09-15 03:00:00,NBS,64,48,0,4,,,,,,,,,-88,100,4,9,0,0,0,0,0,,60,,-88,KNYC,,4,1,8,0,,,1,3,6,2,0,0,2,58,
2026-09-14 18:00:00,2026-09-15 06:00:00,NBS,60,48,10,4,0.0,,0.0,,,0.0,,,-88,100,1,10,0,0,0,0,0,0.0,59,0.0,-88,KNYC,,5,2,7,0,,,2,3,2,2,0,0,1,56,
2026-09-14 18:00:00,2026-09-15 09:00:00,NBS,58,48,20,5,,,,,,,,,-88,100,10,10,0,0,0,0,0,,59,,-88,KNYC,,4,2,7,0,,,2,2,25,2,0,0,1,54,
2026-09-14 18:00:00,2026-09-15 12:00:00,NBS,59,49,40,4,0.0,0.0,0.0,0.0,,0.0,,0.0,-88,100,8,8,0,0,0,0,0,0.0,61,0.0,280,KNYC,0.0,8,5,7,17,57.0,2.0,1,2,23,2,0,0,1,55,
2026-09-14 18:00:00,2026-09-15 15:00:00,NBS,66,50,60,3,,,,,,,,,-88,100,22,7,0,0,0,0,0,,65,,240,KNYC,,28,7,6,65,,,2,2,30,2,0,0,2,63,
2026-09-14 18:00:00,2026-09-15 18:00:00,NBS,71,51,100,0,0.0,,0.0,,,0.0,,,-88,100,16,5,0,0,0,0,0,0.0,73,0.0,220,KNYC,,41,13,4,74,,,2,2,23,2,0,0,2,66,
2026-09-14 18:00:00,2026-09-15 21:00:00,NBS,70,52,160,3,,,,,,,,,-88,100,25,8,0,0,0,0,0,,82,,130,KNYC,,36,16,5,40,,,2,2,25,3,0,0,2,64,
2026-09-14 18:00:00,2026-09-16 00:00:00,NBS,66,54,150,0,0.0,0.0,0.0,0.0,,0.0,,0.0,-88,100,29,8,0,0,0,0,0,0.0,99,0.0,90,KNYC,0.0,7,16,7,9,71.0,2.0,1,2,29,2,0,0,2,61,
2026-09-14 18:00:00,2026-09-16 03:00:00,NBS,64,55,150,0,,,,,,,,,-88,100,20,6,0,0,0,0,0,,130,,160,KNYC,,4,15,7,0,,,1,2,29,2,0,0,2,61,
2026-09-14 18:00:00,2026-09-16 06:00:00,NBS,62,55,230,0,0.0,,0.0,,,0.0,,,-88,100,13,3,0,0,0,0,0,0.0,130,0.0,130,KNYC,,5,20,4,0,,,1,2,30,2,0,0,1,59,
2026-09-14 18:00:00,2026-09-16 09:00:00,NBS,60,54,250,0,,,,,,,,,-88,100,20,3,0,0,0,0,0,,130,,70,KNYC,,4,25,4,0,,,2,2,26,2,1,4,1,58,
2026-09-14 18:00:00,2026-09-16 12:00:00,NBS,62,56,240,0,0.0,0.0,0.0,0.0,,0.0,,0.0,-88,100,16,3,0,0,0,0,0,0.0,130,0.0,60,KNYC,0.0,6,23,5,13,59.0,2.0,2,2,22,2,3,2,1,60,
2026-09-14 18:00:00,2026-09-16 15:00:00,NBS,71,57,220,3,,,,,,,,,-88,100,11,7,0,0,0,0,0,,130,,90,KNYC,,25,23,8,59,,,2,2,14,2,2,0,2,68,
2026-09-14 18:00:00,2026-09-16 18:00:00,NBS,77,59,210,3,0.0,,0.0,,,0.0,,,-88,100,35,9,0,0,0,0,0,0.0,130,0.0,120,KNYC,,31,23,9,68,,,2,2,25,2,1,0,2,73,
2026-09-14 18:00:00,2026-09-16 21:00:00,NBS,77,60,190,3,,,,,,,,,-88,100,28,10,1,0,0,0,0,,140,,60,KNYC,,27,20,9,41,,,2,2,28,2,2,0,2,71,
2026-09-14 18:00:00,2026-09-17 00:00:00,NBS,72,61,180,1,0.0,0.0,0.0,0.0,,1.0,,1.0,-88,100,41,8,1,0,0,0,0,0.0,140,0.0,50,KNYC,0.0,6,18,7,14,78.0,2.0,2,2,16,2,3,0,2,68,
2026-09-14 18:00:00,2026-09-17 03:00:00,NBS,70,62,200,0,,,,,,,,,-88,100,33,6,1,0,0,0,0,,130,,60,KNYC,,6,20,7,0,,,2,2,24,2,5,0,2,66,
2026-09-14 18:00:00,2026-09-17 06:00:00,NBS,68,61,220,0,0.0,,0.0,,,3.0,,,-88,100,35,6,2,0,0,0,0,0.0,140,0.0,47,KNYC,,7,23,7,0,,,2,2,28,2,8,0,2,65,
2026-09-14 18:00:00,2026-09-17 09:00:00,NBS,67,61,230,0,,,,,,,,,-88,100,35,5,1,0,0,0,0,,140,,42,KNYC,,7,24,7,0,,,2,2,25,2,5,7,2,64,
2026-09-14 18:00:00,2026-09-17 12:00:00,NBS,68,61,230,0,0.0,0.0,0.0,0.0,,2.0,,3.0,-88,100,33,4,1,0,0,0,0,0.0,140,0.0,45,KNYC,0.0,9,24,6,2,65.0,2.0,2,2,20,2,4,2,2,66,
2026-09-14 18:00:00,2026-09-17 15:00:00,NBS,76,64,210,0,,,,,,,,,-88,100,38,5,1,0,0,0,1,,140,,47,KNYC,,17,23,8,44,,,2,2,28,3,4,0,2,73,
2026-09-14 18:00:00,2026-09-17 18:00:00,NBS,80,64,200,4,0.0,,0.0,,,2.0,,,-88,100,42,11,1,0,0,0,0,0.0,140,0.0,60,KNYC,,31,22,11,58,,,3,3,23,3,4,2,2,76,
2026-09-15 00:00:00,2026-09-15 06:00:00,NBS,61,47,20,4,0.0,,0.0,,3.0,0.0,,,-88,100,1,10,0,0,0,0,0,0.0,60,0.0,-88,KNYC,,5,2,8,0,,,2,3,2,2,0,0,1,56,3/0
2026-09-15 00:00:00,2026-09-15 09:00:00,NBS,58,47,20,4,,,,,,,,,-88,100,3,9,0,0,0,0,0,,60,,-88,KNYC,,4,2,7,0,,,1,2,6,2,0,0,1,53,
2026-09-15 00:00:00,2026-09-15 12:00:00,NBS,59,49,40,4,0.0,0.0,0.0,0.0,,0.0,,0.0,-88,100,7,8,0,0,0,0,0,0.0,62,0.0,180,KNYC,0.0,7,5,7,18,57.0,2.0,1,2,25,2,0,0,1,56,
2026-09-15 00:00:00,2026-09-15 15:00:00,NBS,66,50,70,3,,,,,,,,,-88,100,13,7,0,0,0,0,0,,65,,160,KNYC,,31,8,5,67,,,1,2,24,2,0,0,2,63,
2026-09-15 00:00:00,2026-09-15 18:00:00,NBS,71,51,90,0,0.0,,0.0,,,0.0,,,-88,100,20,5,0,0,0,0,0,0.0,71,0.0,130,KNYC,,44,14,3,74,,,2,2,30,2,0,0,2,66,
2026-09-15 00:00:00,2026-09-15 21:00:00,NBS,70,53,160,2,,,,,,,,,-88,100,14,7,0,0,0,0,0,,80,,170,KNYC,,37,19,4,40,,,2,2,13,3,0,0,2,64,
2026-09-15 00:00:00,2026-09-16 00:00:00,NBS,66,52,150,0,0.0,0.0,0.0,0.0,,0.0,,0.0,-88,100,16,8,0,0,0,0,0,0.0,99,0.0,150,KNYC,0.0,7,16,7,9,71.0,2.0,1,2,21,2,0,0,2,60,
2026-09-15 00:00:00,2026-09-16 03:00:00,NBS,64,53,150,1,,,,,,,,,-88,100,30,6,0,0,0,0,0,,130,,110,KNYC,,5,16,7,0,,,1,2,37,2,0,0,2,60,
2026-09-15 00:00:00,2026-09-16 06:00:00,NBS,63,54,230,0,1.0,,0.0,,,1.0,,,-88,100,20,3,0,0,0,0,0,0.0,130,0.0,150,KNYC,,4,19,5,0,,,1,2,36,2,0,0,1,59,
2026-09-15 00:00:00,2026-09-16 09:00:00,NBS,61,54,260,0,,,,,,,,,-88,100,23,3,0,0,0,0,0,,130,,120,KNYC,,4,24,4,0,,,2,2,20,1,1,4,1,58,
2026-09-15 00:00:00,2026-09-16 12:00:00,NBS,62,56,240,0,2.0,1.0,0.0,0.0,,0.0,,1.0,-88,100,26,3,0,0,0,0,0,0.0,130,0.0,100,KNYC,0.0,6,23,4,14,59.0,2.0,2,2,20,2,0,1,1,60,
2026-09-15 00:00:00,2026-09-16 15:00:00,NBS,72,57,220,3,,,,,,,,,-88,100,21,7,0,0,0,0,0,,130,,100,KNYC,,26,23,8,62,,,2,2,31,2,3,0,2,68,
2026-09-15 00:00:00,2026-09-16 18:00:00,NBS,77,59,200,3,0.0,,0.0,,,0.0,,,-88,100,34,9,0,0,0,0,0,0.0,130,0.0,90,KNYC,,34,22,9,68,,,2,2,32,2,2,0,2,72,
2026-09-15 00:00:00,2026-09-16 21:00:00,NBS,77,60,190,3,,,,,,,,,-88,100,35,10,0,0,0,0,0,,130,,90,KNYC,,28,20,10,37,,,3,2,39,3,3,0,2,71,
2026-09-15 00:00:00,2026-09-17 00:00:00,NBS,72,60,170,2,0.0,2.0,0.0,0.0,,1.0,,1.0,-88,100,31,8,1,0,0,0,0,0.0,130,0.0,120,KNYC,0.0,7,18,7,9,78.0,2.0,2,2,25,3,3,0,2,67,
2026-09-15 00:00:00,2026-09-17 03:00:00,NBS,70,61,200,1,,,,,,,,,-88,100,27,7,1,0,0,0,0,,140,,60,KNYC,,5,20,5,0,,,2,2,17,2,6,1,2,66,
2026-09-15 00:00:00,2026-09-17 06:00:00,NBS,68,60,220,0,0.0,,0.0,,,1.0,,,-88,100,21,6,1,0,0,0,0,0.0,140,0.0,100,KNYC,,5,22,7,0,,,2,2,19,2,6,3,2,64,
2026-09-15 00:00:00,2026-09-17 09:00:00,NBS,67,60,220,0,,,,,,,,,-88,100,28,5,1,0,0,0,0,,140,,60,KNYC,,7,23,6,0,,,2,2,16,2,3,8,2,63,
2026-09-15 00:00:00,2026-09-17 12:00:00,NBS,68,61,220,0,1.0,1.0,0.0,0.0,,1.0,,2.0,-88,100,31,4,1,0,0,0,0,0.0,130,0.0,70,KNYC,0.0,8,23,6,2,65.0,2.0,2,2,23,2,4,2,2,66,
2026-09-15 00:00:00,2026-09-17 15:00:00,NBS,76,63,210,0,,,,,,,,,-88,100,47,6,2,0,0,0,1,,140,,60,KNYC,,20,23,9,44,,,2,2,20,3,4,0,2,73,
2026-09-15 00:00:00,2026-09-17 18:00:00,NBS,80,64,200,4,2.0,,0.0,,,2.0,,,-88,100,54,11,2,0,0,0,0,0.0,140,0.0,50,KNYC,,34,22,11,52,,,2,2,18,3,5,0,2,76,
2026-09-15 00:00:00,2026-09-17 21:00:00,NBS,79,64,190,5,,,,,,,,,100,100,58,14,2,0,0,0,3,,140,,48,KNYC,,25,20,10,44,,,3,2,23,3,4,0,2,73,
2026-09-15 00:00:00,2026-09-18 00:00:00,NBS,76,63,190,4,1.0,3.0,0.0,0.0,,3.0,,5.0,-88,100,54,12,2,0,0,0,3,0.0,140,0.0,48,KNYC,0.0,5,20,8,26,80.0,2.0,2,2,19,3,3,0,2,70,
2026-09-15 06:00:00,2026-09-15 12:00:00,NBS,59,48,30,4,0.0,,0.0,,7.0,0.0,4.0,,-88,100,2,9,0,0,0,0,0,0.0,64,0.0,280,KNYC,,7,5,8,18,,,1,2,4,2,0,0,1,56,7/0
2026-09-15 06:00:00,2026-09-15 15:00:00,NBS,67,50,60,3,,,,,,,,,-88,100,7,7,0,0,0,0,0,,68,,240,KNYC,,30,7,5,67,,,2,2,11,2,0,0,2,63,
2026-09-15 06:00:00,2026-09-15 18:00:00,NBS,71,51,130,0,0.0,,0.0,,,0.0,,,-88,100,12,5,0,0,0,0,0,0.0,73,0.0,270,KNYC,,44,16,3,71,,,2,3,15,2,0,0,1,67,
2026-09-15 06:00:00,2026-09-15 21:00:00,NBS,71,52,170,2,,,,,,,,,-88,100,25,7,0,0,0,0,0,,75,,270,KNYC,,38,18,4,36,,,2,2,35,3,0,0,2,64,
2026-09-15 06:00:00,2026-09-16 00:00:00,NBS,66,52,150,2,0.0,0.0,0.0,0.0,,0.0,,0.0,-88,100,24,9,0,0,0,0,0,0.0,110,0.0,260,KNYC,0.0,7,17,7,7,72.0,2.0,1,2,20,2,0,0,2,60,
2026-09-15 06:00:00,2026-09-16 03:00:00,NBS,64,53,150,3,,,,,,,,,-88,100,11,7,0,0,0,0,0,,130,,130,KNYC,,5,17,7,0,,,1,2,12,2,0,0,2,60,
2026-09-15 06:00:00,2026-09-16 06:00:00,NBS,63,55,240,0,2.0,,0.0,,,1.0,,,-88,100,28,3,0,0,0,0,0,0.0,130,0.0,190,KNYC,,4,21,5,0,,,1,2,29,2,0,0,1,59,
2026-09-15 06:00:00,2026-09-16 09:00:00,NBS,61,54,260,0,,,,,,,,,-88,100,30,3,0,0,0,0,0,,130,,120,KNYC,,4,24,4,0,,,1,2,31,2,2,3,1,58,
2026-09-15 06:00:00,2026-09-16 12:00:00,NBS,63,55,230,0,2.0,2.0,0.0,0.0,,0.0,,1.0,-88,100,19,3,0,0,0,0,0,0.0,130,0.0,130,KNYC,0.0,6,25,4,14,59.0,2.0,2,2,29,2,0,0,1,60,
2026-09-15 06:00:00,2026-09-16 15:00:00,NBS,72,57,220,3,,,,,,,,,-88,100,30,8,0,0,0,0,0,,140,,130,KNYC,,24,23,8,60,,,2,2,39,2,0,0,2,69,
2026-09-15 06:00:00,2026-09-16 18:00:00,NBS,77,59,210,4,2.0,,0.0,,,0.0,,,-88,100,26,11,0,0,0,0,0,0.0,130,0.0,120,KNYC,,32,21,9,66,,,2,3,30,2,0,0,1,74,
2026-09-15 06:00:00,2026-09-16 21:00:00,NBS,78,60,180,4,,,,,,,,,-88,100,25,11,0,0,0,0,0,,130,,80,KNYC,,21,19,10,36,,,2,3,32,3,3,0,2,71,
2026-09-15 06:00:00,2026-09-17 00:00:00,NBS,73,61,180,0,0.0,2.0,0.0,0.0,,1.0,,1.0,-88,100,33,8,0,0,0,0,0,0.0,140,0.0,80,KNYC,0.0,6,18,7,8,78.0,2.0,2,2,24,3,5,0,2,67,
2026-09-15 06:00:00,2026-09-17 03:00:00,NBS,71,61,200,0,,,,,,,,,-88,100,36,6,1,0,0,0,0,,130,,50,KNYC,,4,21,6,0,,,2,2,29,3,6,1,2,66,
2026-09-15 06:00:00,2026-09-17 06:00:00,NBS,69,61,230,0,0.0,,0.0,,,2.0,,,-88,100,44,6,1,0,0,0,0,0.0,130,0.0,60,KNYC,,4,23,7,0,,,2,2,27,2,13,3,2,66,
2026-09-15 06:00:00,2026-09-17 09:00:00,NBS,68,61,230,0,,,,,,,,,-88,100,36,5,1,0,0,0,0,,130,,70,KNYC,,6,23,6,0,,,2,3,20,2,4,9,2,64,
2026-09-15 06:00:00,2026-09-17 12:00:00,NBS,69,62,220,0,0.0,0.0,0.0,0.0,,1.0,,2.0,-88,100,45,4,1,0,0,0,0,0.0,140,0.0,70,KNYC,0.0,9,23,6,9,66.0,2.0,1,2,29,2,10,2,2,66,
2026-09-15 06:00:00,2026-09-17 15:00:00,NBS,77,64,210,0,,,,,,,,,-88,100,53,6,1,0,0,0,0,,140,,70,KNYC,,20,22,9,41,,,2,2,21,3,8,2,2,73,
2026-09-15 06:00:00,2026-09-17 18:00:00,NBS,81,64,200,5,1.0,,0.0,,,2.0,,,90,100,58,12,2,0,0,0,0,0.0,140,0.0,50,KNYC,,31,21,11,53,,,2,2,20,3,6,1,2,76,
2026-09-15 06:00:00,2026-09-17 21:00:00,NBS,80,65,200,5,,,,,,,,,90,100,62,14,3,0,0,0,1,,140,,41,KNYC,,26,21,11,48,,,3,2,22,3,7,1,2,74,
2026-09-15 06:00:00,2026-09-18 00:00:00,NBS,77,64,200,4,7.0,6.0,0.0,0.0,,4.0,,4.0,49,100,65,12,3,0,0,0,4,0.0,140,0.0,41,KNYC,0.0,8,20,8,27,81.0,2.0,2,2,26,4,6,2,2,71,
2026-09-15 06:00:00,2026-09-18 03:00:00,NBS,75,63,210,5,,,,,,,,,44,100,62,12,2,0,0,0,12,,140,,44,KNYC,,10,22,9,0,,,2,3,31,4,8,0,2,69,
2026-09-15 06:00:00,2026-09-18 06:00:00,NBS,72,63,240,5,12.0,,0.0,,,7.0,,,45,100,60,11,4,0,0,0,15,0.0,140,0.0,35,KNYC,,11,25,8,0,,,2,3,20,3,8,0,2,68,
2026-09-15 12:00:00,2026-09-15 18:00:00,NBS,72,51,130,0,0.0,,0.0,,7.0,0.0,,,-88,100,16,5,0,0,0,0,0,0.0,74,0.0,110,KNYC,,44,13,3,73,,,2,3,15,3,0,0,2,68,7/0
2026-09-15 12:00:00,2026-09-15 21:00:00,NBS,72,53,170,2,,,,,,,,,-88,100,9,7,0,0,0,0,0,,76,,120,KNYC,,38,18,4,37,,,2,3,13,3,0,0,2,65,
2026-09-15 12:00:00,2026-09-16 00:00:00,NBS,67,52,150,3,0.0,0.0,0.0,0.0,,0.0,,0.0,-88,100,9,9,0,0,0,0,0,0.0,120,0.0,150,KNYC,0.0,7,17,7,6,72.0,2.0,1,2,14,3,0,0,2,61,
2026-09-15 12:00:00,2026-09-16 03:00:00,NBS,65,54,150,3,,,,,,,,,-88,100,13,8,0,0,0,0,0,,140,,60,KNYC,,5,17,6,0,,,1,2,13,2,0,0,2,61,
2026-09-15 12:00:00,2026-09-16 06:00:00,NBS,63,55,230,0,1.0,,0.0,,,1.0,,,-88,100,18,4,0,0,0,0,0,0.0,130,0.0,45,KNYC,,5,20,5,0,,,1,2,25,2,0,0,1,60,
2026-09-15 12:00:00,2026-09-16 09:00:00,NBS,62,54,260,0,,,,,,,,,-88,100,18,3,0,0,0,0,0,,130,,80,KNYC,,4,25,4,0,,,2,2,24,2,0,3,1,58,
2026-09-15 12:00:00,2026-09-16 12:00:00,NBS,64,56,230,0,2.0,1.0,0.0,0.0,,0.0,,1.0,-88,100,22,3,0,0,0,0,0,0.0,130,0.0,110,KNYC,0.0,6,24,4,14,60.0,2.0,2,2,28,2,0,0,1,61,
2026-09-15 12:00:00,2026-09-16 15:00:00,NBS,73,58,220,4,,,,,,,,,130,100,58,9,0,0,0,0,0,,140,,80,KNYC,,22,23,9,54,,,2,2,37,2,0,0,1,69,
2026-09-15 12:00:00,2026-09-16 18:00:00,NBS,78,60,210,4,3.0,,0.0,,,1.0,,,-88,100,20,11,0,0,0,0,0,0.0,140,0.0,120,KNYC,,30,22,10,64,,,3,2,29,2,0,0,2,74,
2026-09-15 12:00:00,2026-09-16 21:00:00,NBS,79,62,180,4,,,,,,,,,-88,100,53,11,1,0,0,0,2,,140,,140,KNYC,,22,20,9,30,,,3,2,40,3,2,0,2,72,
2026-09-15 12:00:00,2026-09-17 00:00:00,NBS,74,62,180,0,4.0,3.0,0.0,0.0,,1.0,,1.0,-88,100,55,8,1,0,0,0,0,0.0,140,0.0,80,KNYC,0.0,6,19,7,8,79.0,2.0,2,2,33,3,1,0,2,68,
2026-09-15 12:00:00,2026-09-17 03:00:00,NBS,72,62,210,0,,,,,,,,,-88,100,68,6,0,0,0,0,0,,140,,25,KNYC,,4,22,5,0,,,2,2,33,3,4,1,2,67,
2026-09-15 12:00:00,2026-09-17 06:00:00,NBS,70,62,240,0,0.0,,0.0,,,0.0,,,-88,100,50,6,0,0,0,0,0,0.0,130,0.0,23,KNYC,,5,24,5,0,,,2,2,33,2,5,5,2,66,
2026-09-15 12:00:00,2026-09-17 09:00:00,NBS,69,62,240,0,,,,,,,,,-88,100,64,5,0,0,0,0,0,,130,,24,KNYC,,5,25,3,0,,,2,2,24,2,7,7,2,65,
2026-09-15 12:00:00,2026-09-17 12:00:00,NBS,70,63,220,0,0.0,2.0,0.0,0.0,,0.0,,1.0,-88,100,55,4,0,0,0,0,0,0.0,130,0.0,60,KNYC,0.0,8,20,4,6,66.0,2.0,1,2,29,3,5,2,2,68,
2026-09-15 12:00:00,2026-09-17 15:00:00,NBS,77,64,210,0,,,,,,,,,100,100,67,6,1,0,0,0,0,,140,,35,KNYC,,21,21,7,27,,,2,2,27,3,6,0,2,73,
2026-09-15 12:00:00,2026-09-17 18:00:00,NBS,81,65,200,4,1.0,,0.0,,,1.0,,,90,100,67,12,1,0,0,0,0,0.0,140,0.0,34,KNYC,,31,22,9,42,,,2,2,18,3,4,2,2,76,
2026-09-15 12:00:00,2026-09-17 21:00:00,NBS,81,66,190,5,,,,,,,,,100,100,75,14,2,0,0,0,1,,140,,46,KNYC,,25,19,11,49,,,3,2,19,3,6,0,2,74,
2026-09-15 12:00:00,2026-09-18 00:00:00,NBS,77,65,180,3,5.0,5.0,0.0,0.0,,4.0,,4.0,90,100,82,11,4,0,0,0,2,0.0,140,0.0,47,KNYC,0.0,8,18,9,27,81.0,2.0,3,2,17,4,3,0,3,71,
2026-09-15 12:00:00,2026-09-18 03:00:00,NBS,75,64,210,4,,,,,,,,,90,100,83,11,5,0,0,0,10,,140,,44,KNYC,,10,22,10,0,,,3,3,18,4,6,0,2,70,
2026-09-15 12:00:00,2026-09-18 06:00:00,NBS,73,64,230,5,11.0,,0.0,,,10.0,,,40,100,71,11,6,0,0,0,11,0.0,140,0.0,35,KNYC,,9,24,8,0,,,2,3,18,4,7,0,2,68,
2026-09-15 12:00:00,2026-09-18 09:00:00,NBS,71,64,270,4,,,,,,,,,41,100,61,11,4,0,0,0,9,,130,,32,KNYC,,12,29,7,0,,,2,3,24,3,7,0,2,67,
2026-09-15 12:00:00,2026-09-18 12:00:00,NBS,72,64,330,5,10.0,21.0,0.0,0.0,,7.0,,10.0,49,100,51,10,1,0,0,0,9,0.0,120,0.0,48,KNYC,0.0,19,34,9,0,68.0,2.0,2,3,19,4,8,0,2,69,
2026-09-15 18:00:00,2026-09-16 00:00:00,NBS,66,53,150,3,0.0,,0.0,,0.0,0.0,11.0,,-88,100,8,9,0,0,0,0,0,0.0,99,0.0,200,KNYC,,7,16,8,6,,,1,2,8,2,0,0,2,61,0/0
2026-09-15 18:00:00,2026-09-16 03:00:00,NBS,65,54,150,3,,,,,,,,,-88,100,5,8,0,0,0,0,0,,140,,140,KNYC,,4,17,7,0,,,1,2,6,2,0,0,2,61,
2026-09-15 18:00:00,2026-09-16 06:00:00,NBS,64,55,250,0,1.0,,0.0,,,1.0,,,-88,100,17,5,0,0,0,0,0,0.0,130,0.0,70,KNYC,,4,22,5,0,,,1,2,30,2,0,2,1,60,
2026-09-15 18:00:00,2026-09-16 09:00:00,NBS,62,55,280,0,,,,,,,,,-88,100,12,4,0,0,0,0,0,,130,,160,KNYC,,4,26,4,0,,,1,2,28,2,1,4,1,59,
2026-09-15 18:00:00,2026-09-16 12:00:00,NBS,64,56,240,0,2.0,1.0,0.0,0.0,,0.0,,1.0,-88,100,25,4,0,0,0,0,0,0.0,140,0.0,130,KNYC,0.0,5,23,4,12,60.0,1.0,1,2,27,2,0,0,1,62,
2026-09-15 18:00:00,2026-09-16 15:00:00,NBS,72,58,220,3,,,,,,,,,-88,100,19,9,0,0,0,0,0,,140,,110,KNYC,,21,23,8,53,,,2,2,19,2,0,0,1,68,
2026-09-15 18:00:00,2026-09-16 18:00:00,NBS,78,60,210,4,4.0,,0.0,,,1.0,,,-88,100,15,10,1,0,0,0,0,0.0,140,0.0,120,KNYC,,31,23,8,64,,,2,2,26,2,0,0,1,75,
2026-09-15 18:00:00,2026-09-16 21:00:00,NBS,79,62,180,4,,,,,,,,,-88,100,45,11,2,0,0,0,3,,140,,100,KNYC,,23,20,9,28,,,2,2,33,3,1,0,2,72,
2026-09-15 18:00:00,2026-09-17 00:00:00,NBS,74,62,170,0,5.0,4.0,0.0,0.0,,3.0,,3.0,130,100,57,8,2,0,0,0,0,0.0,130,0.0,41,KNYC,0.0,6,18,7,5,80.0,2.0,2,2,39,3,2,0,2,68,
2026-09-15 18:00:00,2026-09-17 03:00:00,NBS,72,63,200,0,,,,,,,,,130,100,62,6,1,0,0,0,0,,130,,90,KNYC,,4,20,5,0,,,2,2,42,3,1,1,2,67,
2026-09-15 18:00:00,2026-09-17 06:00:00,NBS,71,62,250,0,4.0,,0.0,,,2.0,,,130,100,59,5,1,0,0,0,0,0.0,130,0.0,50,KNYC,,4,25,5,0,,,1,2,32,2,6,1,2,67,
2026-09-15 18:00:00,2026-09-17 09:00:00,NBS,69,63,230,0,,,,,,,,,-88,100,42,4,1,0,0,0,0,,130,,26,KNYC,,5,23,4,0,,,1,2,33,2,7,4,2,66,
2026-09-15 18:00:00,2026-09-17 12:00:00,NBS,70,63,230,0,1.0,4.0,0.0,0.0,,1.0,,2.0,-88,100,50,5,1,0,0,0,0,0.0,130,0.0,28,KNYC,0.0,6,20,4,6,67.0,2.0,1,2,30,2,6,0,2,68,
2026-09-15 18:00:00,2026-09-17 15:00:00,NBS,77,64,200,3,,,,,,,,,-88,100,45,7,1,0,0,0,0,,130,,25,KNYC,,17,21,7,42,,,2,2,38,3,5,0,2,74,
2026-09-15 18:00:00,2026-09-17 18:00:00,NBS,81,65,200,4,4.0,,0.0,,,1.0,,,90,100,74,12,1,0,0,0,0,0.0,140,0.0,42,KNYC,,31,21,11,32,,,3,2,21,3,5,0,2,76,
2026-09-15 18:00:00,2026-09-17 21:00:00,NBS,81,66,190,5,,,,,,,,,100,100,71,14,2,0,0,0,2,,140,,41,KNYC,,20,19,11,37,,,2,2,23,3,5,0,2,75,
2026-09-15 18:00:00,2026-09-18 00:00:00,NBS,77,65,180,2,2.0,3.0,0.0,0.0,,4.0,,5.0,50,100,76,10,4,0,0,0,2,0.0,140,0.0,39,KNYC,0.0,8,19,9,16,81.0,2.0,3,2,18,4,5,0,3,72,
2026-09-15 18:00:00,2026-09-18 03:00:00,NBS,76,65,210,4,,,,,,,,,41,100,85,10,6,0,0,0,17,,140,,41,KNYC,,11,22,9,0,,,2,3,11,4,8,0,2,71,
2026-09-15 18:00:00,2026-09-18 06:00:00,NBS,73,65,230,4,14.0,,0.0,,,11.0,,,45,100,76,10,8,0,0,0,18,0.0,130,0.0,26,KNYC,,12,24,8,0,,,2,3,15,3,8,0,2,69,
2026-09-15 18:00:00,2026-09-18 09:00:00,NBS,71,65,280,5,,,,,,,,,40,100,61,10,5,0,0,0,4,,130,,40,KNYC,,12,30,8,0,,,2,3,27,3,4,0,2,68,
2026-09-15 18:00:00,2026-09-18 12:00:00,NBS,71,63,330,5,7.0,22.0,0.0,0.0,,8.0,,11.0,-88,100,45,12,1,0,0,0,4,0.0,120,0.0,50,KNYC,0.0,19,34,10,0,69.0,2.0,2,4,19,4,4,0,2,68,
2026-09-15 18:00:00,2026-09-18 15:00:00,NBS,75,61,350,7,,,,,,,,,-88,100,36,16,0,0,0,0,0,,110,,250,KNYC,,33,35,13,40,,,3,5,29,4,2,0,2,71,
2026-09-15 18:00:00,2026-09-18 18:00:00,NBS,79,58,350,6,3.0,,0.0,,,0.0,,,-88,100,24,15,0,0,0,0,0,0.0,98,0.0,150,KNYC,,51,35,14,58,,,3,5,16,3,1,0,2,74,
2026-09-16 00:00:00,2026-09-16 06:00:00,NBS,64,56,260,0,0.0,,0.0,,0.0,1.0,,,-88,100,15,5,0,0,0,0,0,0.0,130,0.0,90,KNYC,,5,22,4,0,,,1,1,32,1,2,3,1,61,0/1
2026-09-16 00:00:00,2026-09-16 09:00:00,NBS,62,56,290,0,,,,,,,,,-88,100,20,4,0,0,0,0,0,,130,,150,KNYC,,4,24,3,0,,,1,1,30,1,1,4,1,59,
2026-09-16 00:00:00,2026-09-16 12:00:00,NBS,64,57,250,0,1.0,0.0,0.0,0.0,,0.0,,1.0,-88,100,25,4,0,0,0,0,0,0.0,140,0.0,120,KNYC,0.0,5,24,3,13,60.0,1.0,1,1,32,2,0,0,1,62,
2026-09-16 00:00:00,2026-09-16 15:00:00,NBS,72,59,230,3,,,,,,,,,-88,100,11,8,0,0,0,0,0,,140,,110,KNYC,,25,23,9,62,,,2,2,26,2,0,0,1,70,
2026-09-16 00:00:00,2026-09-16 18:00:00,NBS,78,61,220,4,3.0,,0.0,,,0.0,,,-88,100,34,10,0,0,0,0,0,0.0,140,0.0,110,KNYC,,34,23,8,58,,,2,2,37,2,0,0,2,74,
2026-09-16 00:00:00,2026-09-16 21:00:00,NBS,79,63,180,3,,,,,,,,,-88,100,33,10,0,0,0,0,0,,140,,50,KNYC,,21,20,8,27,,,3,2,39,2,3,0,2,72,
2026-09-16 00:00:00,2026-09-17 00:00:00,NBS,74,62,170,0,3.0,3.0,0.0,0.0,,0.0,,0.0,-88,100,46,8,0,0,0,0,0,0.0,140,0.0,50,KNYC,0.0,6,18,7,6,79.0,2.0,2,2,38,3,4,1,2,68,
2026-09-16 00:00:00,2026-09-17 03:00:00,NBS,72,63,200,0,,,,,,,,,130,100,61,5,0,0,0,0,0,,130,,70,KNYC,,4,19,5,0,,,2,2,32,2,3,0,1,67,
2026-09-16 00:00:00,2026-09-17 06:00:00,NBS,71,63,250,0,1.0,,0.0,,,0.0,,,-88,100,54,5,0,0,0,0,0,0.0,130,0.0,49,KNYC,,4,25,5,0,,,2,2,36,2,6,0,1,67,
2026-09-16 00:00:00,2026-09-17 09:00:00,NBS,69,63,230,0,,,,,,,,,-88,100,26,4,0,0,0,0,0,,130,,60,KNYC,,4,25,4,0,,,1,2,30,2,7,5,1,66,
2026-09-16 00:00:00,2026-09-17 12:00:00,NBS,70,64,200,0,4.0,1.0,0.0,0.0,,1.0,,1.0,-88,100,46,4,1,0,0,0,0,0.0,130,0.0,47,KNYC,0.0,7,21,5,5,67.0,2.0,1,2,31,2,0,0,1,68,
2026-09-16 00:00:00,2026-09-17 15:00:00,NBS,77,65,190,0,,,,,,,,,-88,100,44,6,1,0,0,0,5,,130,,20,KNYC,,16,20,7,26,,,2,2,36,3,5,0,2,74,
2026-09-16 00:00:00,2026-09-17 18:00:00,NBS,81,66,190,5,2.0,,0.0,,,1.0,,,90,100,80,12,1,0,0,0,0,0.0,140,0.0,22,KNYC,,38,21,11,50,,,3,2,10,3,5,0,2,76,
2026-09-16 00:00:00,2026-09-17 21:00:00,NBS,81,67,180,5,,,,,,,,,48,100,78,14,2,0,0,0,3,,140,,24,KNYC,,26,20,12,21,,,3,2,22,3,6,0,2,75,
2026-09-16 00:00:00,2026-09-18 00:00:00,NBS,77,65,180,3,3.0,4.0,0.0,0.0,,4.0,,4.0,46,100,92,10,4,0,0,0,3,0.0,140,0.0,37,KNYC,0.0,10,19,10,7,82.0,2.0,2,2,11,4,7,0,2,72,
2026-09-16 00:00:00,2026-09-18 03:00:00,NBS,76,65,200,4,,,,,,,,,44,100,88,11,8,0,0,0,5,,140,,30,KNYC,,14,21,11,0,,,2,3,11,4,6,2,2,71,
2026-09-16 00:00:00,2026-09-18 06:00:00,NBS,73,65,230,4,13.0,,0.0,,,10.0,,,41,100,76,10,9,0,0,0,12,0.0,140,0.0,38,KNYC,,10,23,9,0,,,2,2,15,3,6,0,2,69,
2026-09-16 00:00:00,2026-09-18 09:00:00,NBS,72,66,280,4,,,,,,,,,47,100,66,10,4,0,0,0,12,,130,,38,KNYC,,10,31,9,0,,,2,3,29,3,6,2,2,69,
2026-09-16 00:00:00,2026-09-18 12:00:00,NBS,72,65,320,5,7.0,20.0,0.0,0.0,,5.0,,10.0,-88,100,47,11,1,0,0,0,12,0.0,120,0.0,130,KNYC,0.0,20,34,12,2,69.0,2.0,2,4,25,4,7,0,2,69,
2026-09-16 00:00:00,2026-09-18 15:00:00,NBS,75,62,340,7,,,,,,,,,-88,100,40,16,0,0,0,0,0,,110,,140,KNYC,,37,34,15,44,,,3,5,30,4,2,0,2,72,
2026-09-16 00:00:00,2026-09-18 18:00:00,NBS,79,59,340,6,2.0,,0.0,,,0.0,,,-88,100,34,15,0,0,0,0,0,0.0,95,0.0,41,KNYC,,56,34,16,60,,,3,5,31,3,1,0,2,74,
2026-09-16 00:00:00,2026-09-18 21:00:00,NBS,79,57,350,5,,,,,,,,,-88,100,21,14,0,0,0,0,0,,93,,260,KNYC,,61,35,14,57,,,2,5,27,3,0,0,2,71,
2026-09-16 00:00:00,2026-09-19 00:00:00,NBS,73,52,0,5,0.0,2.0,0.0,0.0,,0.0,,0.0,-88,100,46,13,0,0,0,0,0,0.0,90,0.0,210,KNYC,0.0,17,0,11,33,79.0,2.0,3,5,26,4,3,0,3,65,
