runtime,ftime,model,tmp,dpt,wdr,wsp,p06,p12,q06,q12,t06_1,t06_2,t12_1,t12_2,cig,vis,sky,gst,t03,pzr,psn,ppl,pra,s06,slv,i06,lcb,station,dur,mht,twd,tws,sol,txn,xnd,tsd,dsd,ssd,gsd,ifc,ifv,wsd,wbg,t06
2026-07-17 00:00:00,2026-07-17 06:00:00,NBS,77,65,70,4,10.0,,0.0,,2.0,14.0,,,-88,8,42,4,6,0,0,0,0,0.0,130,0.0,49,KMDW,,4,6,5,0,,,2,3,31,2,9,35,2,71,2/14
2026-07-17 00:00:00,2026-07-17 09:00:00,NBS,76,67,70,0,,,,,,,,,-88,10,15,2,5,0,0,0,0,,130,,49,KMDW,,4,7,3,0,,,2,3,14,2,14,31,2,72,
2026-07-17 00:00:00,2026-07-17 12:00:00,NBS,78,67,180,0,3.0,10.0,0.0,0.0,,11.0,,17.0,-88,80,9,2,7,0,0,0,0,0.0,130,0.0,80,KMDW,0.0,5,19,4,14,74.0,1.0,2,3,9,2,9,8,2,73,
2026-07-17 00:00:00,2026-07-17 15:00:00,NBS,87,69,220,5,,,,,,,,,-88,70,20,6,8,0,0,0,10,,130,,80,KMDW,,33,23,7,59,,,2,3,27,3,6,8,3,81,
2026-07-17 00:00:00,2026-07-17 18:00:00,NBS,91,70,230,7,12.0,,0.0,,,19.0,,,-88,90,53,8,10,0,0,0,24,0.0,140,0.0,70,KMDW,,49,23,8,54,,,3,2,22,4,3,5,3,85,
2026-07-17 00:00:00,2026-07-17 21:00:00,NBS,89,71,250,8,,,,,,,,,80,100,60,10,22,0,0,0,37,,140,,70,KMDW,,42,25,10,44,,,3,3,22,4,0,3,3,82,
2026-07-17 00:00:00,2026-07-18 00:00:00,NBS,86,72,240,9,44.0,47.0,4.0,4.0,,44.0,,44.0,-88,100,42,10,25,0,0,0,15,0.0,140,0.0,130,KMDW,2.0,21,24,10,20,92.0,2.0,4,3,32,4,2,1,3,80,
2026-07-17 00:00:00,2026-07-18 03:00:00,NBS,81,73,230,9,,,,,,,,,-88,100,32,10,13,0,0,0,8,,140,,220,KMDW,,5,24,9,0,,,3,2,31,3,4,6,2,77,
2026-07-17 00:00:00,2026-07-18 06:00:00,NBS,78,72,230,9,23.0,,1.0,,,21.0,,,-88,100,14,11,8,0,0,0,7,0.0,140,0.0,70,KMDW,,5,24,11,0,,,2,1,10,3,2,4,2,75,
2026-07-17 00:00:00,2026-07-18 09:00:00,NBS,77,73,240,9,,,,,,,,,-88,100,15,12,4,0,0,0,4,,130,,39,KMDW,,5,26,11,0,,,2,1,22,3,0,0,1,75,
2026-07-17 00:00:00,2026-07-18 12:00:00,NBS,78,72,240,10,4.0,25.0,0.0,1.0,,8.0,,21.0,-88,100,9,12,5,0,0,0,0,0.0,120,0.0,40,KMDW,0.0,7,26,14,13,75.0,2.0,2,1,8,3,0,0,2,76,
2026-07-17 00:00:00,2026-07-18 15:00:00,NBS,86,73,270,11,,,,,,,,,-88,100,38,16,7,0,0,0,7,,130,,28,KMDW,,25,28,16,46,,,2,2,36,3,0,0,2,83,
2026-07-17 00:00:00,2026-07-18 18:00:00,NBS,91,73,290,13,10.0,,0.0,,,15.0,,,-88,100,40,18,9,0,0,0,23,0.0,120,0.0,19,KMDW,,51,30,15,64,,,4,3,39,4,0,1,3,87,
2026-07-17 00:00:00,2026-07-18 21:00:00,NBS,84,71,360,13,,,,,,,,,-88,100,48,17,15,0,0,0,36,,110,,23,KMDW,,44,33,14,60,,,5,3,27,5,2,2,3,80,
2026-07-17 00:00:00,2026-07-19 00:00:00,NBS,80,68,30,12,67.0,68.0,9.0,9.0,,30.0,,30.0,-88,100,24,15,12,0,0,0,26,0.0,100,0.0,39,KMDW,3.0,28,2,14,25,91.0,3.0,4,4,31,5,1,0,3,74,
2026-07-17 00:00:00,2026-07-19 03:00:00,NBS,75,65,30,10,,,,,,,,,-88,100,12,12,6,0,0,0,0,,100,,-88,KMDW,,17,2,11,1,,,3,4,17,5,0,0,3,71,
2026-07-17 00:00:00,2026-07-19 06:00:00,NBS,72,63,30,9,4.0,,1.0,,,10.0,,,-88,100,22,11,1,0,0,0,0,0.0,100,0.0,-88,KMDW,,20,3,13,0,,,2,3,21,4,0,1,3,68,
2026-07-17 00:00:00,2026-07-19 09:00:00,NBS,71,64,30,8,,,,,,,,,-88,100,23,8,0,0,0,0,0,,100,,270,KMDW,,6,4,8,0,,,2,3,36,3,0,2,2,67,
2026-07-17 00:00:00,2026-07-19 12:00:00,NBS,72,64,40,7,0.0,4.0,0.0,1.0,,2.0,,10.0,-88,100,26,7,0,0,0,0,0,0.0,99,0.0,240,KMDW,0.0,21,4,8,2,69.0,2.0,2,3,27,2,3,3,2,69,
2026-07-17 00:00:00,2026-07-19 15:00:00,NBS,78,63,60,8,,,,,,,,,-88,100,23,9,0,0,0,0,0,,100,,240,KMDW,,36,4,8,43,,,3,3,17,3,0,0,2,74,
2026-07-17 00:00:00,2026-07-19 18:00:00,NBS,82,61,60,8,0.0,,0.0,,,2.0,,,-88,100,20,8,0,0,0,0,0,0.0,100,0.0,210,KMDW,,49,4,8,64,,,3,4,20,3,0,0,3,77,
2026-07-17 00:00:00,2026-07-19 21:00:00,NBS,82,59,60,8,,,,,,,,,-88,100,22,9,0,0,0,0,0,,100,,210,KMDW,,48,5,8,85,,,3,4,25,3,0,0,2,74,
2026-07-17 00:00:00,2026-07-20 00:00:00,NBS,81,58,70,8,0.0,0.0,0.0,0.0,,2.0,,2.0,-88,100,10,8,0,0,0,0,0,0.0,100,0.0,190,KMDW,0.0,25,8,8,64,84.0,3.0,3,5,11,3,0,0,2,72,
2026-07-17 06:00:00,2026-07-17 12:00:00,NBS,77,67,170,0,8.0,,0.0,,3.0,14.0,4.0,,22,5,33,2,9,0,0,0,0,0.0,130,0.0,22,KMDW,,6,16,3,12,,,1,3,33,2,21,31,2,73,3/14
2026-07-17 06:00:00,2026-07-17 15:00:00,NBS,87,69,220,4,,,,,,,,,-88,100,30,5,10,0,0,0,6,,140,,100,KMDW,,31,22,6,64,,,2,3,34,3,13,12,3,81,
2026-07-17 06:00:00,2026-07-17 18:00:00,NBS,91,70,240,7,11.0,,0.0,,,25.0,,,60,100,65,8,13,0,0,0,15,0.0,140,0.0,60,KMDW,,49,23,7,41,,,3,2,21,3,5,2,3,84,
2026-07-17 06:00:00,2026-07-17 21:00:00,NBS,89,71,250,8,,,,,,,,,-88,100,55,10,25,0,0,0,12,,140,,80,KMDW,,45,25,9,49,,,4,3,32,4,1,3,3,82,
2026-07-17 06:00:00,2026-07-18 00:00:00,NBS,86,72,220,9,38.0,42.0,6.0,6.0,,46.0,,46.0,-88,100,48,10,25,0,0,0,29,0.0,140,0.0,90,KMDW,4.0,17,23,10,19,92.0,2.0,4,3,37,4,2,2,3,80,
2026-07-17 06:00:00,2026-07-18 03:00:00,NBS,81,73,230,9,,,,,,,,,-88,80,52,10,15,0,0,0,16,,140,,46,KMDW,,5,23,9,0,,,3,2,37,3,4,4,2,77,
2026-07-17 06:00:00,2026-07-18 06:00:00,NBS,78,72,230,9,15.0,,0.0,,,27.0,,,-88,100,48,11,9,0,0,0,3,0.0,140,0.0,160,KMDW,,5,25,10,0,,,2,1,39,2,3,5,1,75,
2026-07-17 06:00:00,2026-07-18 09:00:00,NBS,77,72,240,9,,,,,,,,,-88,100,22,12,7,0,0,0,0,,130,,50,KMDW,,5,26,10,0,,,2,1,25,2,0,4,1,75,
2026-07-17 06:00:00,2026-07-18 12:00:00,NBS,78,72,250,10,9.0,17.0,0.0,0.0,,15.0,,27.0,-88,100,4,12,9,0,0,0,4,0.0,130,0.0,110,KMDW,2.0,8,26,13,14,75.0,2.0,2,1,4,3,0,3,2,76,
2026-07-17 06:00:00,2026-07-18 15:00:00,NBS,86,73,260,12,,,,,,,,,-88,100,16,16,7,0,0,0,9,,130,,90,KMDW,,27,27,16,57,,,2,2,25,3,0,0,2,83,
2026-07-17 06:00:00,2026-07-18 18:00:00,NBS,90,73,280,12,11.0,,0.0,,,18.0,,,130,100,68,17,11,0,0,0,25,0.0,130,0.0,80,KMDW,,47,28,17,56,,,3,2,39,4,0,0,3,85,
2026-07-17 06:00:00,2026-07-18 21:00:00,NBS,84,71,330,12,,,,,,,,,-88,100,43,16,21,0,0,0,34,,120,,28,KMDW,,38,32,13,62,,,5,3,39,5,0,2,3,80,
2026-07-17 06:00:00,2026-07-19 00:00:00,NBS,80,68,40,12,69.0,71.0,13.0,13.0,,43.0,,43.0,-88,100,10,14,16,0,0,0,11,0.0,100,0.0,27,KMDW,3.0,18,3,12,25,91.0,2.0,4,4,12,5,1,2,3,75,
2026-07-17 06:00:00,2026-07-19 03:00:00,NBS,75,65,30,10,,,,,,,,,-88,100,5,10,8,0,0,0,0,,100,,24,KMDW,,13,4,10,0,,,3,4,5,6,3,0,3,71,
2026-07-17 06:00:00,2026-07-19 06:00:00,NBS,72,63,20,9,1.0,,1.0,,,12.0,,,-88,100,18,10,2,0,0,0,0,0.0,100,0.0,-88,KMDW,,13,3,11,0,,,2,3,16,4,1,2,3,68,
2026-07-17 06:00:00,2026-07-19 09:00:00,NBS,71,63,30,7,,,,,,,,,-88,100,25,8,0,0,0,0,5,,98,,140,KMDW,,11,3,10,0,,,2,3,34,3,0,0,2,67,
2026-07-17 06:00:00,2026-07-19 12:00:00,NBS,72,64,50,7,1.0,2.0,0.0,1.0,,2.0,,12.0,-88,100,23,7,0,0,0,0,5,0.0,96,0.0,120,KMDW,0.0,16,6,8,3,69.0,2.0,2,3,33,2,4,3,2,69,
2026-07-17 06:00:00,2026-07-19 15:00:00,NBS,77,63,60,7,,,,,,,,,-88,100,26,8,0,0,0,0,0,,99,,250,KMDW,,30,5,7,42,,,3,3,26,3,0,0,2,73,
2026-07-17 06:00:00,2026-07-19 18:00:00,NBS,81,61,60,7,0.0,,0.0,,,1.0,,,-88,100,18,8,0,0,0,0,0,0.0,99,0.0,260,KMDW,,43,5,7,64,,,3,3,20,3,0,0,2,77,
2026-07-17 06:00:00,2026-07-19 21:00:00,NBS,82,58,60,8,,,,,,,,,-88,100,24,9,0,0,0,0,0,,100,,220,KMDW,,43,5,8,85,,,3,4,23,3,0,0,2,74,
2026-07-17 06:00:00,2026-07-20 00:00:00,NBS,80,57,80,7,0.0,0.0,0.0,0.0,,4.0,,4.0,-88,100,27,8,0,0,0,0,0,0.0,100,0.0,50,KMDW,0.0,21,10,7,64,83.0,3.0,3,4,19,3,0,0,2,71,
2026-07-17 06:00:00,2026-07-20 03:00:00,NBS,75,59,110,4,,,,,,,,,-88,100,25,4,0,0,0,0,0,,100,,36,KMDW,,5,13,5,2,,,3,4,20,2,0,1,2,68,
2026-07-17 06:00:00,2026-07-20 06:00:00,NBS,72,61,170,4,0.0,,0.0,,,3.0,,,-88,100,20,5,0,0,0,0,0,0.0,110,0.0,220,KMDW,,4,18,5,1,,,3,4,22,3,0,2,2,67,
2026-07-17 12:00:00,2026-07-17 18:00:00,NBS,90,71,250,7,18.0,,1.0,,3.0,24.0,,,-88,100,34,8,12,0,0,0,18,0.0,140,0.0,70,KMDW,,61,24,9,72,,,3,3,28,3,1,2,3,86,3/24
2026-07-17 12:00:00,2026-07-17 21:00:00,NBS,88,72,250,8,,,,,,,,,-88,100,50,9,21,0,0,0,13,,140,,90,KMDW,,51,25,11,57,,,4,3,36,4,0,1,3,82,
2026-07-17 12:00:00,2026-07-18 00:00:00,NBS,86,73,240,9,55.0,67.0,12.0,13.0,,42.0,,42.0,-88,100,35,10,24,0,0,0,8,0.0,140,0.0,140,KMDW,3.0,25,26,11,20,92.0,2.0,4,3,36,4,1,1,3,80,
2026-07-17 12:00:00,2026-07-18 03:00:00,NBS,81,73,230,8,,,,,,,,,-88,100,26,9,17,0,0,0,13,,140,,39,KMDW,,5,24,9,0,,,3,2,32,4,6,1,2,77,
2026-07-17 12:00:00,2026-07-18 06:00:00,NBS,78,72,230,9,32.0,,6.0,,,30.0,,,-88,100,30,11,11,0,0,0,1,0.0,140,0.0,130,KMDW,,5,26,10,0,,,2,1,34,2,6,1,1,75,
2026-07-17 12:00:00,2026-07-18 09:00:00,NBS,77,72,240,9,,,,,,,,,-88,100,34,12,8,0,0,0,6,,140,,80,KMDW,,5,26,11,0,,,2,1,29,2,0,1,1,75,
2026-07-17 12:00:00,2026-07-18 12:00:00,NBS,78,72,250,9,7.0,32.0,0.0,6.0,,14.0,,30.0,-88,100,26,12,6,0,0,0,0,0.0,120,0.0,100,KMDW,1.0,8,27,13,14,75.0,2.0,2,1,26,3,0,1,2,76,
2026-07-17 12:00:00,2026-07-18 15:00:00,NBS,86,73,260,12,,,,,,,,,-88,100,13,16,7,0,0,0,3,,120,,110,KMDW,,28,27,17,63,,,2,2,21,3,0,1,2,83,
2026-07-17 12:00:00,2026-07-18 18:00:00,NBS,90,73,280,12,21.0,,0.0,,,17.0,,,130,100,61,18,11,0,0,0,16,0.0,130,0.0,70,KMDW,,53,28,18,56,,,4,2,30,4,0,0,3,85,
2026-07-17 12:00:00,2026-07-18 21:00:00,NBS,84,72,0,12,,,,,,,,,70,100,72,16,20,0,0,0,42,,120,,60,KMDW,,38,32,14,42,,,5,3,24,5,0,0,3,79,
2026-07-17 12:00:00,2026-07-19 00:00:00,NBS,80,68,40,12,57.0,64.0,3.0,3.0,,43.0,,43.0,-88,100,14,15,17,0,0,0,19,0.0,100,0.0,46,KMDW,4.0,17,3,13,25,91.0,2.0,4,3,20,5,2,2,3,75,
2026-07-17 12:00:00,2026-07-19 03:00:00,NBS,75,65,30,10,,,,,,,,,-88,100,18,12,9,0,0,0,0,,100,,15,KMDW,,18,4,11,0,,,3,4,26,5,5,0,3,70,
2026-07-17 12:00:00,2026-07-19 06:00:00,NBS,72,63,30,9,1.0,,1.0,,,13.0,,,-88,100,22,10,2,0,0,0,0,0.0,100,0.0,100,KMDW,,12,3,10,0,,,2,3,24,3,2,2,3,68,
2026-07-17 12:00:00,2026-07-19 09:00:00,NBS,70,63,40,7,,,,,,,,,-88,100,21,8,0,0,0,0,0,,100,,90,KMDW,,5,3,9,0,,,2,3,27,2,2,2,2,67,
2026-07-17 12:00:00,2026-07-19 12:00:00,NBS,72,64,60,7,0.0,3.0,0.0,1.0,,1.0,,13.0,-88,100,22,7,0,0,0,0,0,0.0,98,0.0,260,KMDW,0.0,21,6,9,12,69.0,2.0,2,2,21,2,2,2,1,69,
2026-07-17 12:00:00,2026-07-19 15:00:00,NBS,77,63,70,8,,,,,,,,,-88,100,24,8,0,0,0,0,0,,99,,210,KMDW,,30,7,9,58,,,3,3,15,2,2,0,1,73,
2026-07-17 12:00:00,2026-07-19 18:00:00,NBS,81,61,70,8,1.0,,0.0,,,2.0,,,-88,100,13,9,0,0,0,0,0,0.0,97,0.0,180,KMDW,,43,6,8,80,,,3,3,9,3,1,0,2,77,
2026-07-17 12:00:00,2026-07-19 21:00:00,NBS,81,58,70,9,,,,,,,,,-88,100,17,9,0,0,0,0,0,,99,,-88,KMDW,,46,6,9,85,,,3,3,11,3,0,0,2,73,
2026-07-17 12:00:00,2026-07-20 00:00:00,NBS,79,57,80,7,0.0,0.0,0.0,0.0,,2.0,,2.0,-88,100,25,8,0,0,0,0,0,0.0,100,0.0,280,KMDW,0.0,20,8,7,64,83.0,3.0,3,4,18,2,0,0,2,70,
2026-07-17 12:00:00,2026-07-20 03:00:00,NBS,74,59,120,4,,,,,,,,,-88,100,20,4,0,0,0,0,0,,110,,280,KMDW,,4,10,5,3,,,3,3,27,2,0,1,2,68,
2026-07-17 12:00:00,2026-07-20 06:00:00,NBS,72,61,170,4,0.0,,0.0,,,3.0,,,-88,100,21,4,0,0,0,0,0,0.0,120,0.0,260,KMDW,,4,16,5,1,,,3,3,32,2,0,3,2,67,
2026-07-17 12:00:00,2026-07-20 09:00:00,NBS,70,62,190,5,,,,,,,,,-88,100,30,5,0,0,0,0,1,,130,,210,KMDW,,4,19,6,0,,,3,3,39,3,1,4,2,66,
2026-07-17 12:00:00,2026-07-20 12:00:00,NBS,71,63,190,6,1.0,1.0,0.0,0.0,,3.0,,3.0,-88,100,45,7,1,0,0,0,4,0.0,130,0.0,190,KMDW,0.0,6,19,7,1,68.0,3.0,3,3,27,3,0,3,2,68,
2026-07-17 18:00:00,2026-07-18 00:00:00,NBS,86,73,240,8,45.0,,8.0,,6.0,44.0,3.0,,-88,90,20,9,25,0,0,0,17,0.0,140,0.0,70,KMDW,,21,24,11,24,,,5,3,26,4,1,7,3,80,6/44
2026-07-17 18:00:00,2026-07-18 03:00:00,NBS,81,73,230,8,,,,,,,,,-88,70,26,10,16,0,0,0,2,,140,,120,KMDW,,5,24,9,0,,,4,2,30,3,3,7,2,77,
2026-07-17 18:00:00,2026-07-18 06:00:00,NBS,78,72,230,9,18.0,,0.0,,,27.0,,,-88,80,25,11,9,0,0,0,2,0.0,140,0.0,140,KMDW,,5,24,9,0,,,3,1,32,3,4,5,1,75,
2026-07-17 18:00:00,2026-07-18 09:00:00,NBS,77,72,240,9,,,,,,,,,-88,100,25,13,6,0,0,0,2,,140,,200,KMDW,,5,26,11,0,,,2,1,30,3,0,0,1,75,
2026-07-17 18:00:00,2026-07-18 12:00:00,NBS,78,72,250,10,5.0,20.0,0.0,0.0,,11.0,,27.0,-88,90,21,13,6,0,0,0,6,0.0,120,0.0,130,KMDW,2.0,7,27,13,14,75.0,2.0,2,1,36,3,0,3,2,76,
2026-07-17 18:00:00,2026-07-18 15:00:00,NBS,86,73,270,11,,,,,,,,,-88,100,25,16,6,0,0,0,5,,120,,250,KMDW,,30,27,16,62,,,2,2,32,3,0,2,2,83,
2026-07-17 18:00:00,2026-07-18 18:00:00,NBS,90,73,270,13,15.0,,0.0,,,18.0,,,-88,100,52,17,12,0,0,0,35,0.0,130,0.0,90,KMDW,,49,28,17,72,,,4,2,33,4,0,0,3,85,
2026-07-17 18:00:00,2026-07-18 21:00:00,NBS,84,71,320,11,,,,,,,,,60,100,84,15,24,0,0,0,64,,130,,44,KMDW,,27,34,14,28,,,5,3,30,5,0,2,3,79,
2026-07-17 18:00:00,2026-07-19 00:00:00,NBS,80,68,40,12,64.0,69.0,11.0,11.0,,45.0,,45.0,-88,100,22,15,18,0,0,0,20,0.0,110,0.0,44,KMDW,5.0,18,2,12,24,91.0,2.0,4,3,20,4,2,2,2,75,
2026-07-17 18:00:00,2026-07-19 03:00:00,NBS,75,64,30,10,,,,,,,,,-88,100,4,13,7,0,0,0,0,,100,,-88,KMDW,,6,2,11,0,,,3,3,6,5,0,1,2,70,
2026-07-17 18:00:00,2026-07-19 06:00:00,NBS,72,63,30,9,2.0,,1.0,,,11.0,,,-88,100,12,10,1,0,0,0,0,0.0,100,0.0,80,KMDW,,8,3,11,0,,,2,2,9,3,0,1,2,68,
2026-07-17 18:00:00,2026-07-19 09:00:00,NBS,71,63,50,7,,,,,,,,,-88,100,44,8,0,0,0,0,0,,100,,60,KMDW,,16,7,10,0,,,2,2,39,2,2,2,2,67,
2026-07-17 18:00:00,2026-07-19 12:00:00,NBS,72,63,60,7,0.0,2.0,0.0,1.0,,1.0,,11.0,-88,100,57,7,0,0,0,0,15,0.0,99,0.0,70,KMDW,0.0,19,8,9,10,69.0,2.0,2,2,31,2,2,2,2,68,
2026-07-17 18:00:00,2026-07-19 15:00:00,NBS,77,62,80,7,,,,,,,,,-88,100,60,8,0,0,0,0,0,,100,,50,KMDW,,33,7,9,48,,,3,3,26,2,1,0,2,72,
2026-07-17 18:00:00,2026-07-19 18:00:00,NBS,81,61,70,8,0.0,,0.0,,,1.0,,,-88,100,8,8,0,0,0,0,0,0.0,100,0.0,-88,KMDW,,41,7,8,85,,,3,3,8,3,0,0,2,77,
2026-07-17 18:00:00,2026-07-19 21:00:00,NBS,81,58,60,8,,,,,,,,,-88,100,14,9,0,0,0,0,0,,98,,-88,KMDW,,40,7,8,78,,,3,3,12,3,0,0,2,73,
2026-07-17 18:00:00,2026-07-20 00:00:00,NBS,79,57,80,8,0.0,0.0,0.0,0.0,,2.0,,2.0,-88,100,14,8,0,0,0,0,0,0.0,99,0.0,-88,KMDW,0.0,20,8,8,40,83.0,3.0,3,4,18,2,0,0,1,71,
2026-07-17 18:00:00,2026-07-20 03:00:00,NBS,74,59,110,4,,,,,,,,,-88,100,28,5,0,0,0,0,0,,100,,280,KMDW,,9,10,5,2,,,3,4,32,2,0,2,2,67,
2026-07-17 18:00:00,2026-07-20 06:00:00,NBS,71,61,160,5,0.0,,0.0,,,2.0,,,-88,100,32,5,0,0,0,0,0,0.0,110,0.0,210,KMDW,,4,13,6,1,,,4,3,34,3,0,3,2,67,
2026-07-17 18:00:00,2026-07-20 09:00:00,NBS,70,62,190,6,,,,,,,,,-88,100,33,6,0,0,0,0,1,,120,,160,KMDW,,4,18,6,0,,,3,3,38,3,0,3,2,66,
2026-07-17 18:00:00,2026-07-20 12:00:00,NBS,71,63,190,6,1.0,2.0,0.0,0.0,,3.0,,3.0,-88,100,32,7,1,0,0,0,2,0.0,130,0.0,140,KMDW,0.0,6,18,6,2,68.0,3.0,3,3,30,2,0,3,2,68,
2026-07-17 18:00:00,2026-07-20 15:00:00,NBS,80,65,200,10,,,,,,,,,-88,100,41,11,2,0,0,0,7,,130,,140,KMDW,,30,20,10,43,,,3,3,22,4,0,0,2,74,
2026-07-17 18:00:00,2026-07-20 18:00:00,NBS,86,66,200,11,8.0,,0.0,,,6.0,,,-88,100,55,15,3,0,0,0,12,0.0,140,0.0,160,KMDW,,40,20,11,59,,,5,4,27,5,0,0,3,81,
2026-07-18 00:00:00,2026-07-18 06:00:00,NBS,78,73,230,9,36.0,,2.0,,19.0,24.0,,,-88,100,21,11,7,0,0,0,1,0.0,140,0.0,130,KMDW,,5,24,9,0,,,3,1,32,3,1,0,2,75,19/24
2026-07-18 00:00:00,2026-07-18 09:00:00,NBS,77,73,240,9,,,,,,,,,-88,100,32,13,4,0,0,0,6,,130,,90,KMDW,,5,26,10,0,,,2,1,37,3,0,0,1,75,
2026-07-18 00:00:00,2026-07-18 12:00:00,NBS,79,72,250,10,2.0,36.0,0.0,2.0,,7.0,,24.0,-88,100,29,13,5,0,0,0,3,0.0,130,0.0,90,KMDW,2.0,7,26,11,15,75.0,2.0,2,1,34,3,0,0,2,76,
2026-07-18 00:00:00,2026-07-18 15:00:00,NBS,86,73,270,11,,,,,,,,,-88,100,36,16,6,0,0,0,2,,120,,170,KMDW,,27,27,17,62,,,2,2,38,3,0,0,2,83,
2026-07-18 00:00:00,2026-07-18 18:00:00,NBS,89,74,280,12,20.0,,0.0,,,18.0,,,80,100,71,17,13,0,0,0,38,0.0,130,0.0,70,KMDW,,35,28,15,39,,,4,3,21,4,0,0,3,85,
2026-07-18 00:00:00,2026-07-18 21:00:00,NBS,83,72,340,11,,,,,,,,,110,100,58,15,17,0,0,0,34,,120,,50,KMDW,,38,33,12,56,,,5,3,30,5,0,0,3,79,
2026-07-18 00:00:00,2026-07-19 00:00:00,NBS,80,68,40,12,79.0,84.0,32.0,32.0,,33.0,,33.0,-88,100,21,14,12,0,0,0,14,0.0,110,0.0,33,KMDW,5.0,20,2,13,26,90.0,2.0,3,3,14,4,0,0,2,75,
2026-07-18 00:00:00,2026-07-19 03:00:00,NBS,75,65,30,10,,,,,,,,,-88,100,18,12,3,0,0,0,0,,100,,36,KMDW,,7,2,12,0,,,2,3,24,4,0,0,2,70,
2026-07-18 00:00:00,2026-07-19 06:00:00,NBS,72,63,20,9,2.0,,1.0,,,6.0,,,-88,100,23,10,1,0,0,0,0,0.0,100,0.0,170,KMDW,,12,3,12,0,,,2,3,26,3,0,0,2,68,
2026-07-18 00:00:00,2026-07-19 09:00:00,NBS,71,63,50,7,,,,,,,,,-88,100,43,8,0,0,0,0,15,,100,,50,KMDW,,13,7,11,0,,,2,2,41,2,0,0,2,67,
2026-07-18 00:00:00,2026-07-19 12:00:00,NBS,72,64,70,6,0.0,3.0,0.0,1.0,,1.0,,6.0,-88,100,48,7,0,0,0,0,0,0.0,100,0.0,70,KMDW,0.0,15,7,9,9,69.0,2.0,2,2,35,2,0,0,2,68,
2026-07-18 00:00:00,2026-07-19 15:00:00,NBS,77,63,70,7,,,,,,,,,-88,100,48,8,0,0,0,0,0,,100,,45,KMDW,,35,6,9,58,,,3,3,34,2,0,0,2,73,
2026-07-18 00:00:00,2026-07-19 18:00:00,NBS,81,61,70,7,7.0,,0.0,,,1.0,,,-88,100,18,8,0,0,0,0,0,0.0,99,0.0,100,KMDW,,42,6,8,88,,,3,3,34,3,0,0,2,77,
2026-07-18 00:00:00,2026-07-19 21:00:00,NBS,81,59,60,9,,,,,,,,,-88,100,10,9,0,0,0,0,0,,100,,120,KMDW,,40,5,9,76,,,2,3,11,3,0,0,2,74,
2026-07-18 00:00:00,2026-07-20 00:00:00,NBS,79,57,70,8,0.0,7.0,0.0,0.0,,2.0,,2.0,-88,100,25,8,0,0,0,0,0,0.0,100,0.0,160,KMDW,0.0,21,7,8,32,83.0,3.0,3,4,29,2,0,0,1,71,
2026-07-18 00:00:00,2026-07-20 03:00:00,NBS,74,60,100,4,,,,,,,,,-88,100,16,5,0,0,0,0,0,,110,,240,KMDW,,10,10,5,1,,,3,3,13,2,0,2,2,67,
2026-07-18 00:00:00,2026-07-20 06:00:00,NBS,71,62,140,5,0.0,,0.0,,,3.0,,,-88,100,16,5,0,0,0,0,0,0.0,110,0.0,240,KMDW,,4,14,5,0,,,3,3,19,3,0,2,2,67,
2026-07-18 00:00:00,2026-07-20 09:00:00,NBS,70,62,170,6,,,,,,,,,-88,100,19,6,0,0,0,0,0,,120,,210,KMDW,,4,19,6,0,,,3,3,31,3,1,2,2,66,
2026-07-18 00:00:00,2026-07-20 12:00:00,NBS,71,63,180,6,1.0,2.0,0.0,0.0,,2.0,,3.0,-88,100,21,7,0,0,0,0,2,0.0,120,0.0,190,KMDW,0.0,6,19,7,2,68.0,3.0,3,2,31,2,1,0,2,68,
2026-07-18 00:00:00,2026-07-20 15:00:00,NBS,80,65,200,9,,,,,,,,,-88,100,30,11,2,0,0,0,8,,120,,170,KMDW,,34,20,10,44,,,3,3,17,3,0,0,2,74,
2026-07-18 00:00:00,2026-07-20 18:00:00,NBS,85,67,210,11,7.0,,0.0,,,8.0,,,-88,100,56,14,4,0,0,0,14,0.0,130,0.0,32,KMDW,,46,23,11,58,,,4,5,30,5,3,1,3,80,
2026-07-18 00:00:00,2026-07-20 21:00:00,NBS,86,68,210,15,,,,,,,,,90,100,64,20,7,0,0,0,35,,140,,90,KMDW,,36,22,15,26,,,4,5,27,6,1,2,3,79,
2026-07-18 00:00:00,2026-07-21 00:00:00,NBS,85,70,210,15,35.0,36.0,20.0,20.0,,19.0,,19.0,-88,100,73,21,13,0,0,0,55,0.0,140,0.0,90,KMDW,4.0,27,20,15,20,88.0,3.0,5,4,17,6,0,2,3,79,
2026-07-18 06:00:00,2026-07-18 12:00:00,NBS,79,72,250,10,2.0,,0.0,,35.0,10.0,23.0,,-88,100,32,14,7,0,0,0,0,0.0,130,0.0,140,KMDW,,9,27,13,15,,,2,1,36,3,0,0,1,76,35/10
2026-07-18 06:00:00,2026-07-18 15:00:00,NBS,87,73,270,12,,,,,,,,,-88,100,28,18,4,0,0,0,2,,130,,220,KMDW,,28,27,17,61,,,2,2,23,3,0,0,1,83,
2026-07-18 06:00:00,2026-07-18 18:00:00,NBS,90,74,300,13,19.0,,2.0,,,16.0,,,45,100,70,18,12,0,0,0,32,0.0,130,0.0,45,KMDW,,41,29,17,50,,,4,2,36,4,0,0,3,86,
2026-07-18 06:00:00,2026-07-18 21:00:00,NBS,84,72,40,11,,,,,,,,,-88,100,45,15,18,0,0,0,24,,120,,31,KMDW,,28,36,11,57,,,5,3,27,5,1,0,3,80,
2026-07-18 06:00:00,2026-07-19 00:00:00,NBS,80,69,40,11,76.0,80.0,16.0,18.0,,33.0,,33.0,-88,100,11,13,9,0,0,0,11,0.0,110,0.0,44,KMDW,5.0,18,2,11,24,91.0,2.0,3,3,12,3,0,0,2,75,
2026-07-18 06:00:00,2026-07-19 03:00:00,NBS,75,66,30,10,,,,,,,,,-88,100,15,12,2,0,0,0,0,,100,,35,KMDW,,6,2,10,0,,,2,3,20,4,0,0,2,70,
2026-07-18 06:00:00,2026-07-19 06:00:00,NBS,72,64,30,9,3.0,,1.0,,,5.0,,,-88,100,20,10,1,0,0,0,0,0.0,100,0.0,70,KMDW,,7,4,11,0,,,2,3,35,3,0,0,2,68,
2026-07-18 06:00:00,2026-07-19 09:00:00,NBS,71,64,50,7,,,,,,,,,-88,100,48,9,0,0,0,0,0,,99,,70,KMDW,,10,7,9,0,,,2,2,37,2,0,0,2,67,
2026-07-18 06:00:00,2026-07-19 12:00:00,NBS,72,64,60,7,0.0,3.0,0.0,1.0,,1.0,,5.0,-88,100,41,8,0,0,0,0,3,0.0,98,0.0,180,KMDW,0.0,13,6,8,12,69.0,2.0,2,2,40,2,0,0,2,69,
2026-07-18 06:00:00,2026-07-19 15:00:00,NBS,77,63,60,7,,,,,,,,,-88,100,26,9,0,0,0,0,3,,99,,90,KMDW,,30,6,7,56,,,3,2,26,3,0,0,2,74,
2026-07-18 06:00:00,2026-07-19 18:00:00,NBS,80,62,60,8,1.0,,0.0,,,1.0,,,-88,100,5,9,0,0,0,0,0,0.0,99,0.0,250,KMDW,,38,6,8,87,,,3,3,4,3,0,0,2,77,
2026-07-18 06:00:00,2026-07-19 21:00:00,NBS,80,60,60,9,,,,,,,,,-88,100,9,10,0,0,0,0,0,,100,,160,KMDW,,35,6,9,74,,,2,3,8,3,0,0,1,73,
2026-07-18 06:00:00,2026-07-20 00:00:00,NBS,79,59,70,8,0.0,1.0,0.0,0.0,,2.0,,2.0,-88,100,21,8,0,0,0,0,0,0.0,100,0.0,-88,KMDW,0.0,17,8,8,27,82.0,2.0,2,4,30,2,0,0,1,71,
2026-07-18 06:00:00,2026-07-20 03:00:00,NBS,74,61,110,4,,,,,,,,,-88,100,7,5,0,0,0,0,0,,100,,120,KMDW,,9,13,5,0,,,2,4,7,1,0,2,2,68,
2026-07-18 06:00:00,2026-07-20 06:00:00,NBS,71,63,150,3,0.0,,0.0,,,3.0,,,-88,100,5,4,0,0,0,0,0,0.0,100,0.0,210,KMDW,,4,17,5,0,,,2,3,4,2,0,2,2,67,
2026-07-18 06:00:00,2026-07-20 09:00:00,NBS,69,63,180,4,,,,,,,,,-88,100,26,5,0,0,0,0,0,,110,,100,KMDW,,4,20,6,0,,,3,3,29,3,0,3,2,66,
2026-07-18 06:00:00,2026-07-20 12:00:00,NBS,71,63,190,6,0.0,0.0,0.0,0.0,,2.0,,3.0,-88,100,27,6,0,0,0,0,0,0.0,120,0.0,90,KMDW,0.0,7,20,7,9,68.0,2.0,2,3,30,2,0,2,2,68,
2026-07-18 06:00:00,2026-07-20 15:00:00,NBS,80,65,200,8,,,,,,,,,-88,100,44,10,2,0,0,0,2,,120,,200,KMDW,,32,22,10,40,,,2,3,24,3,0,0,2,75,
2026-07-18 06:00:00,2026-07-20 18:00:00,NBS,86,65,200,9,3.0,,0.0,,,7.0,,,-88,100,45,12,4,0,0,0,5,0.0,130,0.0,110,KMDW,,45,22,9,56,,,3,4,31,5,0,0,3,81,
2026-07-18 06:00:00,2026-07-20 21:00:00,NBS,87,67,230,14,,,,,,,,,110,100,71,19,12,0,0,0,26,,140,,18,KMDW,,35,26,14,42,,,4,5,22,5,2,2,3,79,
2026-07-18 06:00:00,2026-07-21 00:00:00,NBS,86,69,210,15,7.0,9.0,0.0,0.0,,23.0,,23.0,100,100,71,22,15,0,0,0,15,0.0,140,0.0,100,KMDW,0.0,24,22,15,25,88.0,3.0,3,4,21,6,5,3,3,79,
2026-07-18 06:00:00,2026-07-21 03:00:00,NBS,81,70,200,13,,,,,,,,,-88,100,69,19,14,0,0,0,51,,140,,140,KMDW,,8,20,13,0,,,3,3,23,5,7,4,3,76,
2026-07-18 06:00:00,2026-07-21 06:00:00,NBS,77,69,230,12,50.0,,59.0,,,35.0,,,-88,100,65,18,20,0,0,0,74,0.0,140,0.0,80,KMDW,,6,22,12,0,,,3,3,25,5,7,3,3,73,
2026-07-18 12:00:00,2026-07-18 18:00:00,NBS,89,74,300,13,41.0,,8.0,,30.0,23.0,,,60,100,59,18,17,0,0,0,28,0.0,130,0.0,50,KMDW,,40,29,15,57,,,4,2,31,4,0,0,2,86,30/23
2026-07-18 12:00:00,2026-07-18 21:00:00,NBS,83,72,360,11,,,,,,,,,70,100,57,14,15,0,0,0,20,,120,,46,KMDW,,39,33,11,55,,,4,3,35,5,0,0,3,79,
2026-07-18 12:00:00,2026-07-19 00:00:00,NBS,80,68,40,11,73.0,82.0,36.0,44.0,,27.0,,33.0,-88,100,9,13,6,0,0,0,17,0.0,110,0.0,38,KMDW,2.0,18,2,13,22,90.0,2.0,2,3,14,4,0,0,2,75,
2026-07-18 12:00:00,2026-07-19 03:00:00,NBS,75,66,30,10,,,,,,,,,-88,100,16,12,1,0,0,0,0,,100,,60,KMDW,,6,2,11,0,,,2,3,18,5,0,0,3,70,
2026-07-18 12:00:00,2026-07-19 06:00:00,NBS,72,64,30,9,3.0,,1.0,,,5.0,,,-88,100,23,11,0,0,0,0,0,0.0,100,0.0,90,KMDW,,7,4,11,0,,,2,3,29,3,0,0,2,68,
2026-07-18 12:00:00,2026-07-19 09:00:00,NBS,71,64,40,7,,,,,,,,,-88,100,45,9,0,0,0,0,0,,100,,70,KMDW,,10,6,9,0,,,2,2,37,2,0,0,2,68,
2026-07-18 12:00:00,2026-07-19 12:00:00,NBS,72,64,50,7,0.0,3.0,0.0,1.0,,1.0,,5.0,-88,100,53,8,0,0,0,0,0,0.0,98,0.0,47,KMDW,0.0,15,5,8,9,69.0,2.0,2,2,34,2,0,0,2,68,
2026-07-18 12:00:00,2026-07-19 15:00:00,NBS,76,63,60,8,,,,,,,,,-88,100,41,9,0,0,0,0,0,,98,,50,KMDW,,31,5,8,49,,,3,2,39,3,0,0,1,72,
2026-07-18 12:00:00,2026-07-19 18:00:00,NBS,80,61,60,8,0.0,,0.0,,,1.0,,,-88,100,13,9,0,0,0,0,0,0.0,98,0.0,140,KMDW,,39,5,8,85,,,3,3,14,3,0,0,2,76,
2026-07-18 12:00:00,2026-07-19 21:00:00,NBS,80,59,50,9,,,,,,,,,-88,100,16,10,0,0,0,0,0,,99,,90,KMDW,,42,4,9,72,,,2,3,28,3,0,0,2,72,
2026-07-18 12:00:00,2026-07-20 00:00:00,NBS,78,57,60,8,0.0,0.0,0.0,0.0,,2.0,,2.0,-88,100,10,8,0,0,0,0,0,0.0,100,0.0,240,KMDW,0.0,19,5,8,28,82.0,2.0,2,4,26,2,0,0,2,70,
2026-07-18 12:00:00,2026-07-20 03:00:00,NBS,73,60,90,4,,,,,,,,,-88,100,20,4,0,0,0,0,0,,100,,180,KMDW,,11,9,4,0,,,2,4,29,1,0,2,2,67,
2026-07-18 12:00:00,2026-07-20 06:00:00,NBS,70,62,140,3,0.0,,0.0,,,2.0,,,-88,100,21,3,0,0,0,0,0,0.0,100,0.0,170,KMDW,,7,15,4,0,,,3,4,19,2,0,2,2,67,
2026-07-18 12:00:00,2026-07-20 09:00:00,NBS,69,63,190,4,,,,,,,,,-88,100,9,4,0,0,0,0,0,,100,,44,KMDW,,7,19,5,0,,,3,3,9,3,0,4,2,66,
2026-07-18 12:00:00,2026-07-20 12:00:00,NBS,70,63,190,5,0.0,0.0,0.0,0.0,,1.0,,2.0,-88,100,18,6,0,0,0,0,0,0.0,110,0.0,190,KMDW,0.0,7,19,6,11,67.0,3.0,3,3,26,2,0,2,2,67,
2026-07-18 12:00:00,2026-07-20 15:00:00,NBS,80,64,200,8,,,,,,,,,-88,100,48,9,1,0,0,0,1,,120,,200,KMDW,,30,21,8,38,,,3,3,28,3,0,0,2,74,
2026-07-18 12:00:00,2026-07-20 18:00:00,NBS,85,65,200,9,3.0,,0.0,,,3.0,,,-88,100,50,11,1,0,0,0,2,0.0,120,0.0,120,KMDW,,40,21,12,70,,,4,4,30,4,0,0,3,80,
2026-07-18 12:00:00,2026-07-20 21:00:00,NBS,86,66,210,13,,,,,,,,,41,100,74,17,4,0,0,0,15,,130,,29,KMDW,,43,23,15,74,,,4,4,28,5,0,0,3,78,
2026-07-18 12:00:00,2026-07-21 00:00:00,NBS,85,68,220,15,22.0,23.0,1.0,1.0,,14.0,,14.0,130,100,77,20,11,0,0,0,35,0.0,140,0.0,130,KMDW,0.0,31,22,15,46,87.0,3.0,3,4,16,6,0,0,3,77,
2026-07-18 12:00:00,2026-07-21 03:00:00,NBS,80,70,210,13,,,,,,,,,-88,100,82,19,12,0,0,0,57,,140,,160,KMDW,,6,23,13,1,,,3,3,18,5,0,0,3,75,
2026-07-18 12:00:00,2026-07-21 06:00:00,NBS,76,69,230,12,54.0,,22.0,,,27.0,,,-88,100,70,18,16,0,0,0,77,0.0,140,0.0,160,KMDW,,5,23,12,0,,,3,2,24,5,5,3,3,73,
2026-07-18 12:00:00,2026-07-21 09:00:00,NBS,74,70,230,11,,,,,,,,,-88,100,48,15,17,0,0,0,55,,130,,47,KMDW,,5,23,11,0,,,3,2,31,4,0,1,2,72,
2026-07-18 12:00:00,2026-07-21 12:00:00,NBS,75,70,250,10,62.0,80.0,25.0,47.0,,30.0,,30.0,-88,100,38,13,11,0,0,0,54,0.0,120,0.0,33,KMDW,7.0,12,25,11,1,73.0,3.0,3,3,30,4,9,2,2,73,
2026-07-18 18:00:00,2026-07-19 00:00:00,NBS,80,68,40,11,41.0,,5.0,,13.0,33.0,40.0,,-88,100,14,13,7,0,0,0,5,0.0,110,0.0,37,KMDW,,18,3,12,22,,,2,3,19,3,0,0,2,75,13/33
2026-07-18 18:00:00,2026-07-19 03:00:00,NBS,75,65,30,10,,,,,,,,,-88,100,21,11,2,0,0,0,0,,100,,240,KMDW,,5,3,12,0,,,2,3,30,4,0,0,2,70,
2026-07-18 18:00:00,2026-07-19 06:00:00,NBS,72,63,30,9,2.0,,0.0,,,5.0,,,-88,100,47,11,0,0,0,0,0,0.0,100,0.0,70,KMDW,,6,3,12,0,,,2,2,33,3,0,0,2,68,
2026-07-18 18:00:00,2026-07-19 09:00:00,NBS,70,63,40,7,,,,,,,,,-88,100,48,8,0,0,0,0,0,,99,,100,KMDW,,11,4,10,0,,,2,2,32,2,0,3,2,68,
2026-07-18 18:00:00,2026-07-19 12:00:00,NBS,71,63,50,7,0.0,3.0,0.0,0.0,,1.0,,5.0,-88,100,33,7,0,0,0,0,0,0.0,98,0.0,50,KMDW,0.0,12,6,8,10,68.0,2.0,2,2,36,2,0,0,1,68,
2026-07-18 18:00:00,2026-07-19 15:00:00,NBS,76,62,50,7,,,,,,,,,-88,100,33,8,0,0,0,0,15,,98,,40,KMDW,,31,5,8,46,,,3,2,29,2,0,0,1,72,
2026-07-18 18:00:00,2026-07-19 18:00:00,NBS,79,61,50,8,1.0,,0.0,,,1.0,,,-88,100,11,9,0,0,0,0,0,0.0,98,0.0,70,KMDW,,39,5,9,86,,,3,3,12,3,0,0,2,76,
2026-07-18 18:00:00,2026-07-19 21:00:00,NBS,79,58,50,9,,,,,,,,,-88,100,8,10,0,0,0,0,0,,98,,220,KMDW,,35,4,9,74,,,2,3,8,3,0,0,1,72,
2026-07-18 18:00:00,2026-07-20 00:00:00,NBS,78,57,60,8,0.0,1.0,0.0,0.0,,2.0,,2.0,-88,100,9,8,0,0,0,0,0,0.0,100,0.0,270,KMDW,0.0,18,5,8,29,81.0,2.0,2,3,11,3,0,0,1,70,
2026-07-18 18:00:00,2026-07-20 03:00:00,NBS,73,59,90,4,,,,,,,,,-88,100,14,4,0,0,0,0,0,,100,,250,KMDW,,5,9,4,0,,,2,3,31,1,0,1,2,67,
2026-07-18 18:00:00,2026-07-20 06:00:00,NBS,70,61,190,2,0.0,,0.0,,,2.0,,,-88,100,13,2,0,0,0,0,0,0.0,100,0.0,220,KMDW,,5,16,4,0,,,2,3,13,2,0,0,2,67,
2026-07-18 18:00:00,2026-07-20 09:00:00,NBS,68,62,200,3,,,,,,,,,-88,100,21,4,0,0,0,0,0,,110,,90,KMDW,,4,19,5,0,,,3,3,21,2,0,4,2,65,
2026-07-18 18:00:00,2026-07-20 12:00:00,NBS,69,62,200,5,0.0,0.0,0.0,0.0,,1.0,,2.0,-88,100,17,5,0,0,0,0,0,0.0,110,0.0,17,KMDW,0.0,5,20,6,12,66.0,3.0,3,2,20,2,0,4,2,67,
2026-07-18 18:00:00,2026-07-20 15:00:00,NBS,79,63,200,8,,,,,,,,,-88,100,47,9,1,0,0,0,0,,110,,60,KMDW,,28,21,8,53,,,2,3,39,3,0,0,2,73,
2026-07-18 18:00:00,2026-07-20 18:00:00,NBS,85,64,210,9,1.0,,0.0,,,3.0,,,-88,100,78,11,1,0,0,0,1,0.0,130,0.0,170,KMDW,,39,22,10,62,,,3,4,39,4,0,0,3,78,
2026-07-18 18:00:00,2026-07-20 21:00:00,NBS,86,65,210,13,,,,,,,,,100,100,57,17,5,0,0,0,5,,130,,90,KMDW,,40,22,15,60,,,3,5,28,5,0,0,3,78,
2026-07-18 18:00:00,2026-07-21 00:00:00,NBS,85,67,220,14,9.0,8.0,0.0,0.0,,12.0,,12.0,-88,100,49,21,10,0,0,0,15,0.0,130,0.0,70,KMDW,0.0,32,23,15,23,87.0,3.0,3,5,28,6,0,0,3,77,
2026-07-18 18:00:00,2026-07-21 03:00:00,NBS,80,68,210,13,,,,,,,,,100,100,57,19,12,0,0,0,21,,130,,100,KMDW,,8,21,13,2,,,3,4,33,5,3,2,3,75,
2026-07-18 18:00:00,2026-07-21 06:00:00,NBS,77,69,220,13,54.0,,32.0,,,40.0,,,130,100,68,19,23,0,0,0,44,0.0,130,0.0,60,KMDW,,6,23,13,1,,,3,3,21,5,8,6,3,73,
2026-07-18 18:00:00,2026-07-21 09:00:00,NBS,75,70,240,11,,,,,,,,,-88,100,54,16,17,0,0,0,49,,130,,70,KMDW,,10,25,11,0,,,3,3,27,5,4,4,3,72,
2026-07-18 18:00:00,2026-07-21 12:00:00,NBS,75,69,240,10,61.0,76.0,16.0,48.0,,32.0,,40.0,-88,100,32,13,11,0,0,0,47,0.0,120,0.0,80,KMDW,7.0,11,22,12,1,73.0,3.0,3,3,27,4,5,3,2,73,
2026-07-18 18:00:00,2026-07-21 15:00:00,NBS,82,68,270,12,,,,,,,,,-88,100,33,17,8,0,0,0,17,,110,,130,KMDW,,34,27,14,42,,,3,4,25,4,2,0,2,78,
2026-07-18 18:00:00,2026-07-21 18:00:00,NBS,86,66,300,15,16.0,,2.0,,,13.0,,,-88,100,32,21,5,0,0,0,20,0.0,110,0.0,37,KMDW,,54,30,16,62,,,4,5,18,5,1,0,3,81,
2026-07-19 00:00:00,2026-07-19 06:00:00,NBS,72,63,30,9,1.0,,0.0,,19.0,4.0,,,-88,100,16,11,0,0,0,0,0,0.0,100,0.0,37,KMDW,,6,3,11,0,,,2,2,29,3,0,0,2,68,19/4
2026-07-19 00:00:00,2026-07-19 09:00:00,NBS,70,63,30,7,,,,,,,,,-88,100,42,8,0,0,0,0,12,,99,,140,KMDW,,7,3,9,0,,,2,2,28,2,0,3,2,67,
2026-07-19 00:00:00,2026-07-19 12:00:00,NBS,71,63,50,6,3.0,2.0,0.0,0.0,,1.0,,4.0,-88,100,35,7,0,0,0,0,15,0.0,98,0.0,100,KMDW,0.0,14,5,8,11,69.0,2.0,2,2,32,2,0,0,1,68,
2026-07-19 00:00:00,2026-07-19 15:00:00,NBS,76,63,50,8,,,,,,,,,-88,100,33,9,0,0,0,0,15,,98,,110,KMDW,,34,5,9,55,,,2,2,28,2,0,0,1,72,
2026-07-19 00:00:00,2026-07-19 18:00:00,NBS,79,61,60,9,4.0,,0.0,,,1.0,,,-88,100,25,10,0,0,0,0,3,0.0,98,0.0,130,KMDW,,41,5,9,84,,,3,3,26,3,0,0,2,76,
2026-07-19 00:00:00,2026-07-19 21:00:00,NBS,79,57,60,10,,,,,,,,,-88,100,17,10,0,0,0,0,0,,99,,270,KMDW,,36,5,10,74,,,2,3,16,3,0,0,1,72,
2026-07-19 00:00:00,2026-07-20 00:00:00,NBS,77,56,50,8,0.0,4.0,0.0,0.0,,1.0,,1.0,-88,100,16,8,0,0,0,0,0,0.0,100,0.0,160,KMDW,0.0,19,4,8,28,81.0,2.0,2,4,30,2,0,0,1,70,
2026-07-19 00:00:00,2026-07-20 03:00:00,NBS,72,59,90,4,,,,,,,,,-88,100,30,4,0,0,0,0,0,,100,,140,KMDW,,5,9,4,0,,,2,4,29,1,0,1,2,67,
2026-07-19 00:00:00,2026-07-20 06:00:00,NBS,70,61,170,1,0.0,,0.0,,,2.0,,,-88,100,29,2,0,0,0,0,15,0.0,100,0.0,100,KMDW,,5,15,4,0,,,2,3,31,2,0,4,2,65,
2026-07-19 00:00:00,2026-07-20 09:00:00,NBS,68,62,190,3,,,,,,,,,-88,100,36,3,0,0,0,0,15,,100,,150,KMDW,,5,19,4,0,,,3,3,29,2,0,6,2,65,
2026-07-19 00:00:00,2026-07-20 12:00:00,NBS,69,62,200,5,0.0,0.0,0.0,0.0,,1.0,,2.0,-88,100,26,5,0,0,0,0,0,0.0,110,0.0,60,KMDW,0.0,5,20,7,10,66.0,2.0,2,2,31,2,0,0,2,67,
2026-07-19 00:00:00,2026-07-20 15:00:00,NBS,79,63,200,7,,,,,,,,,-88,100,57,8,1,0,0,0,0,,110,,80,KMDW,,28,22,7,52,,,2,2,39,3,0,0,2,73,
2026-07-19 00:00:00,2026-07-20 18:00:00,NBS,84,63,210,8,0.0,,0.0,,,2.0,,,-88,100,64,10,1,0,0,0,0,0.0,120,0.0,60,KMDW,,38,23,9,76,,,3,3,46,4,0,0,3,79,
2026-07-19 00:00:00,2026-07-20 21:00:00,NBS,86,64,210,12,,,,,,,,,-88,100,79,16,3,0,0,0,3,,130,,100,KMDW,,36,22,16,61,,,3,4,23,6,0,0,3,77,
2026-07-19 00:00:00,2026-07-21 00:00:00,NBS,85,67,220,14,2.0,2.0,0.0,0.0,,12.0,,12.0,-88,100,46,19,11,0,0,0,4,0.0,130,0.0,33,KMDW,0.0,29,22,17,23,87.0,3.0,3,5,28,6,0,0,3,76,
2026-07-19 00:00:00,2026-07-21 03:00:00,NBS,80,68,210,12,,,,,,,,,-88,100,61,17,16,0,0,0,10,,130,,80,KMDW,,9,21,13,1,,,3,5,33,5,2,2,2,74,
2026-07-19 00:00:00,2026-07-21 06:00:00,NBS,77,69,230,12,49.0,,11.0,,,49.0,,,100,100,57,17,28,0,0,0,24,0.0,120,0.0,70,KMDW,,5,24,15,0,,,3,3,25,5,6,4,2,73,
2026-07-19 00:00:00,2026-07-21 09:00:00,NBS,75,70,240,11,,,,,,,,,-88,100,53,16,18,0,0,0,42,,130,,60,KMDW,,11,25,12,0,,,2,3,29,4,4,5,2,72,
2026-07-19 00:00:00,2026-07-21 12:00:00,NBS,75,70,250,11,61.0,73.0,18.0,29.0,,30.0,,49.0,-88,100,33,14,11,0,0,0,49,0.0,120,0.0,130,KMDW,4.0,13,26,11,1,73.0,2.0,2,3,13,3,0,2,2,73,
2026-07-19 00:00:00,2026-07-21 15:00:00,NBS,82,68,290,12,,,,,,,,,-88,100,29,17,6,0,0,0,4,,110,,240,KMDW,,35,30,14,35,,,3,4,29,4,0,0,2,78,
2026-07-19 00:00:00,2026-07-21 18:00:00,NBS,86,66,310,15,9.0,,2.0,,,9.0,,,40,100,24,21,4,0,0,0,7,0.0,110,0.0,40,KMDW,,63,30,17,60,,,4,4,17,4,0,0,3,81,
2026-07-19 00:00:00,2026-07-21 21:00:00,NBS,85,63,320,16,,,,,,,,,43,100,31,24,6,0,0,0,6,,110,,42,KMDW,,61,32,16,83,,,5,4,20,5,1,0,3,77,
2026-07-19 00:00:00,2026-07-22 00:00:00,NBS,82,63,340,15,14.0,20.0,0.0,2.0,,19.0,,19.0,-88,100,34,21,8,0,0,0,6,0.0,110,0.0,37,KMDW,1.0,41,34,15,56,88.0,3.0,5,4,17,6,1,1,3,74,
2026-07-19 06:00:00,2026-07-19 12:00:00,NBS,71,63,50,7,11.0,,0.0,,19.0,1.0,22.0,,-88,30,48,7,0,0,0,0,0,0.0,98,0.0,110,KMDW,,15,6,9,12,,,1,2,41,2,5,18,1,68,19/1
2026-07-19 06:00:00,2026-07-19 15:00:00,NBS,76,62,60,8,,,,,,,,,-88,100,43,9,0,0,0,0,0,,98,,90,KMDW,,32,5,8,46,,,2,2,29,2,0,3,1,72,
2026-07-19 06:00:00,2026-07-19 18:00:00,NBS,79,60,60,9,16.0,,3.0,,,1.0,,,-88,100,8,10,0,0,0,0,0,0.0,97,0.0,240,KMDW,,37,6,9,91,,,3,2,7,3,0,1,2,76,
2026-07-19 06:00:00,2026-07-19 21:00:00,NBS,79,57,60,10,,,,,,,,,-88,100,11,11,0,0,0,0,0,,97,,130,KMDW,,34,5,10,74,,,2,3,14,3,0,0,1,71,
2026-07-19 06:00:00,2026-07-20 00:00:00,NBS,77,55,50,8,0.0,16.0,0.0,3.0,,1.0,,1.0,-88,100,14,8,0,0,0,0,0,0.0,98,0.0,160,KMDW,0.0,20,5,8,26,81.0,2.0,2,4,28,2,0,1,1,69,
2026-07-19 06:00:00,2026-07-20 03:00:00,NBS,72,58,80,3,,,,,,,,,-88,100,18,4,0,0,0,0,0,,100,,250,KMDW,,5,8,4,0,,,2,3,24,1,0,2,2,66,
2026-07-19 06:00:00,2026-07-20 06:00:00,NBS,69,60,140,0,0.0,,0.0,,,2.0,,,-88,90,22,2,0,0,0,0,0,0.0,100,0.0,80,KMDW,,6,14,5,0,,,2,3,22,1,1,6,2,65,
2026-07-19 06:00:00,2026-07-20 09:00:00,NBS,67,61,170,2,,,,,,,,,-88,100,49,2,0,0,0,0,0,,100,,90,KMDW,,6,17,5,0,,,3,3,37,2,0,9,2,64,
2026-07-19 06:00:00,2026-07-20 12:00:00,NBS,68,62,190,4,1.0,1.0,0.0,0.0,,1.0,,2.0,-88,100,23,5,0,0,0,0,0,0.0,110,0.0,100,KMDW,0.0,6,19,6,10,66.0,2.0,2,2,34,2,0,2,2,66,
2026-07-19 06:00:00,2026-07-20 15:00:00,NBS,78,62,210,7,,,,,,,,,-88,100,37,8,1,0,0,0,0,,120,,100,KMDW,,30,21,8,53,,,3,3,38,3,0,0,2,73,
2026-07-19 06:00:00,2026-07-20 18:00:00,NBS,84,62,220,8,1.0,,0.0,,,2.0,,,250,100,71,10,1,0,0,0,0,0.0,130,0.0,170,KMDW,,43,24,10,70,,,3,4,38,4,0,0,3,78,
2026-07-19 06:00:00,2026-07-20 21:00:00,NBS,85,64,220,12,,,,,,,,,-88,100,66,16,2,0,0,0,2,,130,,90,KMDW,,38,22,13,61,,,4,4,40,5,0,0,3,77,
2026-07-19 06:00:00,2026-07-21 00:00:00,NBS,84,66,220,14,14.0,14.0,2.0,2.0,,10.0,,10.0,-88,100,43,18,9,0,0,0,3,0.0,120,0.0,180,KMDW,0.0,28,22,16,18,87.0,3.0,3,5,40,5,0,0,3,76,
2026-07-19 06:00:00,2026-07-21 03:00:00,NBS,80,68,210,12,,,,,,,,,-88,100,67,17,15,0,0,0,7,,130,,26,KMDW,,9,21,12,0,,,3,4,37,5,0,1,3,74,
2026-07-19 06:00:00,2026-07-21 06:00:00,NBS,76,69,240,12,27.0,,0.0,,,35.0,,,-88,100,81,18,21,0,0,0,42,0.0,130,0.0,70,KMDW,,9,24,14,0,,,3,3,14,5,7,4,3,73,
2026-07-19 06:00:00,2026-07-21 09:00:00,NBS,75,70,220,12,,,,,,,,,-88,100,51,17,20,0,0,0,37,,120,,5,KMDW,,7,23,13,0,,,2,2,33,5,16,7,3,72,
2026-07-19 06:00:00,2026-07-21 12:00:00,NBS,75,70,250,11,49.0,70.0,21.0,21.0,,31.0,,36.0,-88,100,31,14,10,0,0,0,12,0.0,120,0.0,60,KMDW,4.0,8,26,11,6,73.0,2.0,2,2,16,4,7,8,2,73,
2026-07-19 06:00:00,2026-07-21 15:00:00,NBS,82,69,290,12,,,,,,,,,-88,100,24,17,6,0,0,0,2,,110,,1,KMDW,,34,30,13,43,,,3,3,24,4,0,0,2,78,
2026-07-19 06:00:00,2026-07-21 18:00:00,NBS,87,66,300,14,10.0,,1.0,,,10.0,,,-88,100,20,20,3,0,0,0,4,0.0,110,0.0,46,KMDW,,59,31,16,64,,,3,4,17,4,0,0,3,82,
2026-07-19 06:00:00,2026-07-21 21:00:00,NBS,86,64,320,16,,,,,,,,,-88,100,31,22,6,0,0,0,6,,110,,47,KMDW,,60,32,16,84,,,4,3,22,5,0,0,3,77,
2026-07-19 06:00:00,2026-07-22 00:00:00,NBS,82,64,340,15,9.0,17.0,0.0,1.0,,22.0,,22.0,-88,100,29,19,9,0,0,0,6,0.0,110,0.0,160,KMDW,0.0,31,34,15,62,88.0,3.0,4,3,21,7,0,0,3,74,
2026-07-19 06:00:00,2026-07-22 03:00:00,NBS,75,62,360,13,,,,,,,,,-88,100,35,16,9,0,0,0,1,,100,,38,KMDW,,21,1,13,3,,,3,4,23,7,2,0,4,69,
2026-07-19 06:00:00,2026-07-22 06:00:00,NBS,71,60,10,12,8.0,,0.0,,,19.0,,,-88,100,38,16,4,0,0,0,1,0.0,94,0.0,25,KMDW,,26,1,14,1,,,3,5,23,5,0,0,3,66,
2026-07-19 12:00:00,2026-07-19 18:00:00,NBS,78,60,60,10,1.0,,0.0,,4.0,1.0,,,-88,100,11,11,0,0,0,0,0,0.0,98,0.0,190,KMDW,,38,6,10,90,,,2,2,9,2,0,0,2,75,4/1
2026-07-19 12:00:00,2026-07-19 21:00:00,NBS,78,57,60,10,,,,,,,,,-88,100,14,10,0,0,0,0,0,,98,,210,KMDW,,38,5,10,74,,,2,2,15,3,0,0,1,71,
2026-07-19 12:00:00,2026-07-20 00:00:00,NBS,76,55,60,8,0.0,1.0,0.0,0.0,,1.0,,1.0,-88,100,16,8,0,0,0,0,0,0.0,100,0.0,280,KMDW,0.0,20,6,8,25,80.0,2.0,2,3,22,2,0,0,1,68,
2026-07-19 12:00:00,2026-07-20 03:00:00,NBS,71,57,90,4,,,,,,,,,-88,100,7,4,0,0,0,0,0,,100,,270,KMDW,,5,10,4,0,,,2,3,8,1,0,2,2,65,
2026-07-19 12:00:00,2026-07-20 06:00:00,NBS,69,60,140,0,0.0,,0.0,,,2.0,,,-88,100,21,2,0,0,0,0,0,0.0,100,0.0,180,KMDW,,4,15,4,0,,,2,3,29,1,3,5,2,64,
2026-07-19 12:00:00,2026-07-20 09:00:00,NBS,67,61,180,2,,,,,,,,,-88,100,29,3,0,0,0,0,0,,100,,160,KMDW,,4,18,5,0,,,2,2,34,2,0,0,2,64,
2026-07-19 12:00:00,2026-07-20 12:00:00,NBS,68,61,190,4,1.0,0.0,0.0,0.0,,1.0,,2.0,-88,100,12,5,0,0,0,0,0,0.0,110,0.0,270,KMDW,0.0,5,19,6,12,66.0,2.0,2,2,21,2,0,0,2,66,
2026-07-19 12:00:00,2026-07-20 15:00:00,NBS,78,62,210,7,,,,,,,,,-88,100,29,7,1,0,0,0,0,,120,,120,KMDW,,33,21,8,58,,,2,3,27,2,0,0,2,72,
2026-07-19 12:00:00,2026-07-20 18:00:00,NBS,84,61,230,8,1.0,,0.0,,,2.0,,,90,100,78,10,1,0,0,0,0,0.0,130,0.0,100,KMDW,,47,24,9,73,,,3,3,28,3,0,0,3,77,
2026-07-19 12:00:00,2026-07-20 21:00:00,NBS,85,63,220,12,,,,,,,,,70,100,78,16,3,0,0,0,1,,140,,70,KMDW,,42,21,14,65,,,3,3,26,4,0,0,2,76,
2026-07-19 12:00:00,2026-07-21 00:00:00,NBS,84,66,250,13,2.0,2.0,0.0,0.0,,8.0,,8.0,-88,100,43,18,8,0,0,0,10,0.0,130,0.0,130,KMDW,0.0,22,23,16,18,86.0,3.0,3,4,42,5,0,0,3,76,
2026-07-19 12:00:00,2026-07-21 03:00:00,NBS,79,68,220,12,,,,,,,,,-88,100,53,17,14,0,0,0,23,,130,,120,KMDW,,5,22,13,0,,,3,4,36,5,0,0,3,73,
2026-07-19 12:00:00,2026-07-21 06:00:00,NBS,76,69,230,12,27.0,,0.0,,,40.0,,,-88,100,60,19,24,0,0,0,27,0.0,130,0.0,60,KMDW,,5,23,12,0,,,3,3,27,5,9,4,3,72,
2026-07-19 12:00:00,2026-07-21 09:00:00,NBS,74,70,250,12,,,,,,,,,-88,100,64,18,15,0,0,0,51,,120,,37,KMDW,,9,27,14,0,,,2,3,31,5,2,3,2,72,
2026-07-19 12:00:00,2026-07-21 12:00:00,NBS,75,70,250,11,70.0,83.0,15.0,15.0,,33.0,,40.0,-88,100,48,14,14,0,0,0,13,0.0,120,0.0,60,KMDW,4.0,12,25,14,6,72.0,2.0,2,3,26,3,2,3,2,72,
2026-07-19 12:00:00,2026-07-21 15:00:00,NBS,82,69,280,12,,,,,,,,,-88,100,21,16,8,0,0,0,2,,110,,60,KMDW,,39,27,17,40,,,3,4,18,3,2,0,2,77,
2026-07-19 12:00:00,2026-07-21 18:00:00,NBS,86,66,300,14,9.0,,1.0,,,14.0,,,43,100,34,19,4,0,0,0,3,0.0,110,0.0,37,KMDW,,60,29,17,75,,,4,4,25,5,1,0,3,82,
2026-07-19 12:00:00,2026-07-21 21:00:00,NBS,85,64,320,15,,,,,,,,,-88,100,37,21,6,0,0,0,3,,110,,42,KMDW,,58,32,15,78,,,4,4,30,5,0,0,3,77,
2026-07-19 12:00:00,2026-07-22 00:00:00,NBS,81,64,340,15,6.0,14.0,0.0,1.0,,17.0,,21.0,-88,100,35,19,9,0,0,0,11,0.0,110,0.0,42,KMDW,0.0,41,34,15,50,87.0,3.0,4,4,26,6,0,0,3,74,
2026-07-19 12:00:00,2026-07-22 03:00:00,NBS,74,62,360,14,,,,,,,,,-88,100,36,16,8,0,0,0,14,,100,,25,KMDW,,14,0,14,2,,,3,5,30,8,0,0,4,69,
2026-07-19 12:00:00,2026-07-22 06:00:00,NBS,70,59,20,12,13.0,,0.0,,,18.0,,,-88,100,45,16,5,0,0,0,14,0.0,96,0.0,17,KMDW,,31,2,17,1,,,3,4,35,5,0,0,3,65,
2026-07-19 12:00:00,2026-07-22 09:00:00,NBS,67,57,10,12,,,,,,,,,-88,100,37,14,1,0,0,0,0,,90,,24,KMDW,,31,1,14,0,,,3,5,30,4,0,0,2,63,
2026-07-19 12:00:00,2026-07-22 12:00:00,NBS,67,56,350,11,1.0,14.0,0.0,0.0,,4.0,,18.0,-88,100,20,14,0,0,0,0,0,0.0,87,0.0,27,KMDW,0.0,27,0,14,0,66.0,3.0,3,5,21,4,1,0,2,63,
2026-07-19 18:00:00,2026-07-20 00:00:00,NBS,77,55,50,8,0.0,,0.0,,2.0,1.0,17.0,,-88,100,18,8,0,0,0,0,0,0.0,99,0.0,43,KMDW,,17,5,8,25,,,2,3,37,3,0,0,1,69,2/1
2026-07-19 18:00:00,2026-07-20 03:00:00,NBS,72,58,80,4,,,,,,,,,-88,100,7,4,0,0,0,0,0,,99,,280,KMDW,,5,9,4,0,,,2,3,6,1,0,1,2,66,
2026-07-19 18:00:00,2026-07-20 06:00:00,NBS,69,61,140,0,0.0,,0.0,,,2.0,,,-88,100,33,2,0,0,0,0,0,0.0,100,0.0,140,KMDW,,4,13,4,0,,,2,2,36,1,3,4,2,65,
2026-07-19 18:00:00,2026-07-20 09:00:00,NBS,67,61,180,3,,,,,,,,,-88,100,29,3,0,0,0,0,0,,110,,190,KMDW,,4,17,5,0,,,2,2,31,2,0,3,2,64,
2026-07-19 18:00:00,2026-07-20 12:00:00,NBS,69,61,180,5,0.0,0.0,0.0,0.0,,1.0,,2.0,-88,100,38,5,0,0,0,0,0,0.0,110,0.0,140,KMDW,0.0,5,18,7,12,66.0,2.0,2,2,34,2,0,0,2,66,
2026-07-19 18:00:00,2026-07-20 15:00:00,NBS,79,62,200,7,,,,,,,,,-88,100,39,8,0,0,0,0,0,,110,,120,KMDW,,32,21,8,54,,,2,2,30,3,0,0,2,73,
2026-07-19 18:00:00,2026-07-20 18:00:00,NBS,84,61,220,8,1.0,,0.0,,,2.0,,,-88,100,50,10,0,0,0,0,0,0.0,130,0.0,190,KMDW,,47,22,9,85,,,3,3,31,3,0,0,3,78,
2026-07-19 18:00:00,2026-07-20 21:00:00,NBS,86,63,210,13,,,,,,,,,-88,100,52,17,3,0,0,0,0,,130,,100,KMDW,,41,22,14,70,,,3,4,37,4,0,0,2,77,
2026-07-19 18:00:00,2026-07-21 00:00:00,NBS,85,66,220,14,2.0,1.0,0.0,0.0,,9.0,,9.0,-88,100,29,21,8,0,0,0,1,0.0,130,0.0,190,KMDW,0.0,27,22,16,26,87.0,3.0,3,4,41,6,0,0,3,77,
2026-07-19 18:00:00,2026-07-21 03:00:00,NBS,80,68,230,13,,,,,,,,,-88,100,52,19,12,0,0,0,24,,130,,140,KMDW,,5,23,13,0,,,3,4,38,5,0,1,3,74,
2026-07-19 18:00:00,2026-07-21 06:00:00,NBS,77,70,250,13,39.0,,13.0,,,34.0,,,110,100,62,19,21,0,0,0,22,0.0,120,0.0,90,KMDW,,6,25,14,0,,,3,2,34,4,0,3,2,73,
2026-07-19 18:00:00,2026-07-21 09:00:00,NBS,75,71,250,11,,,,,,,,,-88,100,38,17,21,0,0,0,29,,120,,28,KMDW,,9,26,12,0,,,3,3,40,5,2,2,3,73,
2026-07-19 18:00:00,2026-07-21 12:00:00,NBS,76,70,250,11,51.0,58.0,12.0,25.0,,33.0,,35.0,-88,100,33,15,15,0,0,0,11,0.0,120,0.0,80,KMDW,4.0,15,26,14,11,74.0,3.0,3,3,36,4,14,5,2,73,
2026-07-19 18:00:00,2026-07-21 15:00:00,NBS,82,67,280,13,,,,,,,,,-88,100,31,18,8,0,0,0,1,,110,,3,KMDW,,42,29,16,60,,,3,4,39,4,2,0,2,77,
2026-07-19 18:00:00,2026-07-21 18:00:00,NBS,87,64,300,15,11.0,,1.0,,,13.0,,,43,100,16,23,3,0,0,0,2,0.0,110,0.0,43,KMDW,,65,31,17,77,,,4,4,8,5,3,1,3,81,
2026-07-19 18:00:00,2026-07-21 21:00:00,NBS,86,63,320,17,,,,,,,,,41,100,38,25,6,0,0,0,1,,110,,41,KMDW,,61,32,17,67,,,4,4,31,6,0,0,3,77,
2026-07-19 18:00:00,2026-07-22 00:00:00,NBS,82,62,340,16,6.0,15.0,0.0,1.0,,20.0,,22.0,35,100,38,23,9,0,0,0,11,0.0,110,0.0,32,KMDW,0.0,44,34,16,26,88.0,3.0,4,5,25,7,0,0,3,74,
2026-07-19 18:00:00,2026-07-22 03:00:00,NBS,75,61,10,14,,,,,,,,,-88,100,47,19,8,0,0,0,19,,100,,23,KMDW,,29,2,15,2,,,4,5,32,6,2,0,3,68,
2026-07-19 18:00:00,2026-07-22 06:00:00,NBS,70,59,10,13,17.0,,0.0,,,17.0,,,-88,100,43,17,3,0,0,0,8,0.0,97,0.0,29,KMDW,,33,2,15,1,,,3,5,26,5,0,0,3,64,
2026-07-19 18:00:00,2026-07-22 09:00:00,NBS,67,55,360,12,,,,,,,,,-88,100,21,16,1,0,0,0,0,,88,,26,KMDW,,27,1,12,0,,,3,5,27,5,0,0,3,62,
2026-07-19 18:00:00,2026-07-22 12:00:00,NBS,66,53,350,12,2.0,19.0,0.0,0.0,,3.0,,17.0,-88,100,16,16,0,0,0,0,0,0.0,85,0.0,30,KMDW,0.0,31,0,12,2,65.0,3.0,3,5,17,5,0,0,3,61,
2026-07-19 18:00:00,2026-07-22 15:00:00,NBS,71,53,0,13,,,,,,,,,-88,100,35,18,0,0,0,0,1,,85,,35,KMDW,,50,2,13,22,,,3,5,20,5,0,0,3,64,
2026-07-19 18:00:00,2026-07-22 18:00:00,NBS,74,50,10,14,1.0,,0.0,,,2.0,,,-88,100,26,19,0,0,0,0,1,0.0,84,0.0,270,KMDW,,55,2,14,53,,,3,5,11,5,0,0,3,69,
2026-07-20 00:00:00,2026-07-20 06:00:00,NBS,69,61,130,2,0.0,,0.0,,1.0,2.0,,,-88,100,22,2,0,0,0,0,0,0.0,98,0.0,130,KMDW,,6,12,5,0,,,2,2,30,1,2,3,2,65,1/2
2026-07-20 00:00:00,2026-07-20 09:00:00,NBS,67,61,190,3,,,,,,,,,-88,100,40,3,0,0,0,0,0,,100,,110,KMDW,,5,19,5,0,,,2,2,34,2,0,3,2,64,
2026-07-20 00:00:00,2026-07-20 12:00:00,NBS,69,61,190,5,0.0,0.0,0.0,0.0,,1.0,,2.0,-88,100,54,5,0,0,0,0,0,0.0,110,0.0,100,KMDW,0.0,9,20,5,12,66.0,2.0,2,2,36,2,0,0,1,66,
2026-07-20 00:00:00,2026-07-20 15:00:00,NBS,79,62,210,7,,,,,,,,,-88,100,55,8,0,0,0,0,0,,110,,150,KMDW,,30,22,7,63,,,2,2,32,2,0,0,2,73,
2026-07-20 00:00:00,2026-07-20 18:00:00,NBS,84,61,220,8,2.0,,0.0,,,2.0,,,220,100,68,10,1,0,0,0,0,0.0,130,0.0,170,KMDW,,46,23,9,68,,,3,3,29,3,0,0,3,78,
2026-07-20 00:00:00,2026-07-20 21:00:00,NBS,86,63,220,13,,,,,,,,,-88,100,38,17,3,0,0,0,1,,130,,110,KMDW,,44,22,15,71,,,3,4,27,4,0,0,2,77,
2026-07-20 00:00:00,2026-07-21 00:00:00,NBS,85,66,210,15,3.0,2.0,0.0,0.0,,11.0,,11.0,-88,100,35,20,9,0,0,0,5,0.0,130,0.0,190,KMDW,0.0,25,22,16,23,87.0,3.0,3,4,39,6,0,0,3,76,
2026-07-20 00:00:00,2026-07-21 03:00:00,NBS,81,68,230,13,,,,,,,,,130,100,58,19,15,0,0,0,18,,120,,90,KMDW,,5,23,17,0,,,3,4,42,5,0,0,3,74,
2026-07-20 00:00:00,2026-07-21 06:00:00,NBS,78,70,240,13,31.0,,6.0,,,35.0,,,-88,100,55,19,22,0,0,0,25,0.0,120,0.0,100,KMDW,,5,24,13,0,,,3,3,31,4,0,0,2,73,
2026-07-20 00:00:00,2026-07-21 09:00:00,NBS,76,71,240,11,,,,,,,,,-88,100,35,16,21,0,0,0,32,,120,,100,KMDW,,8,25,14,0,,,3,3,33,5,0,0,3,73,
2026-07-20 00:00:00,2026-07-21 12:00:00,NBS,76,70,260,11,52.0,65.0,7.0,13.0,,33.0,,35.0,-88,100,40,14,13,0,0,0,17,0.0,110,0.0,110,KMDW,6.0,9,27,12,12,74.0,3.0,3,4,32,4,2,0,2,73,
2026-07-20 00:00:00,2026-07-21 15:00:00,NBS,83,67,290,13,,,,,,,,,-88,100,13,18,5,0,0,0,0,,100,,15,KMDW,,42,30,15,64,,,3,4,22,3,2,0,2,77,
2026-07-20 00:00:00,2026-07-21 18:00:00,NBS,87,64,300,15,5.0,,1.0,,,10.0,,,47,100,23,22,4,0,0,0,1,0.0,110,0.0,28,KMDW,,69,30,18,81,,,4,4,10,5,0,0,3,81,
2026-07-20 00:00:00,2026-07-21 21:00:00,NBS,86,63,320,17,,,,,,,,,-88,100,48,25,7,0,0,0,1,,100,,32,KMDW,,63,31,17,55,,,4,4,21,6,0,0,3,77,
2026-07-20 00:00:00,2026-07-22 00:00:00,NBS,81,61,340,16,7.0,13.0,0.0,1.0,,21.0,,21.0,-88,100,20,24,8,0,0,0,1,0.0,100,0.0,37,KMDW,0.0,39,33,17,27,87.0,3.0,5,5,13,6,0,0,3,73,
2026-07-20 00:00:00,2026-07-22 03:00:00,NBS,74,59,0,14,,,,,,,,,-88,100,45,18,7,0,0,0,32,,96,,23,KMDW,,28,1,16,0,,,4,5,30,6,0,0,3,68,
2026-07-20 00:00:00,2026-07-22 06:00:00,NBS,69,57,10,13,13.0,,0.0,,,17.0,,,-88,100,52,18,4,0,0,0,0,0.0,93,0.0,25,KMDW,,33,1,17,0,,,3,4,31,5,0,0,2,64,
2026-07-20 00:00:00,2026-07-22 09:00:00,NBS,66,55,360,12,,,,,,,,,-88,100,21,15,1,0,0,0,0,,86,,31,KMDW,,30,0,14,0,,,3,4,29,4,0,0,2,61,
2026-07-20 00:00:00,2026-07-22 12:00:00,NBS,65,53,350,12,3.0,18.0,0.0,0.0,,4.0,,17.0,-88,100,15,15,1,0,0,0,0,0.0,83,0.0,29,KMDW,0.0,23,0,13,1,65.0,3.0,3,4,17,4,1,0,2,61,
2026-07-20 00:00:00,2026-07-22 15:00:00,NBS,70,52,0,13,,,,,,,,,-88,100,34,17,0,0,0,0,1,,82,,44,KMDW,,47,1,13,43,,,3,4,36,4,0,0,2,64,
2026-07-20 00:00:00,2026-07-22 18:00:00,NBS,74,50,10,14,1.0,,0.0,,,2.0,,,-88,100,17,18,0,0,0,0,1,0.0,83,0.0,270,KMDW,,60,1,14,65,,,3,4,27,4,0,0,2,69,
2026-07-20 00:00:00,2026-07-22 21:00:00,NBS,74,48,20,13,,,,,,,,,-88,100,12,17,0,0,0,0,0,,83,,60,KMDW,,56,1,13,86,,,3,4,12,4,0,0,2,66,
2026-07-20 00:00:00,2026-07-23 00:00:00,NBS,72,47,40,11,0.0,1.0,0.0,0.0,,1.0,,2.0,-88,100,3,12,0,0,0,0,0,0.0,82,0.0,60,KMDW,0.0,38,2,11,65,77.0,3.0,3,4,5,4,0,0,2,63,
2026-07-20 06:00:00,2026-07-20 12:00:00,NBS,69,62,180,5,0.0,,0.0,,2.0,1.0,2.0,,-88,100,41,5,0,0,0,0,0,0.0,110,0.0,150,KMDW,,7,19,6,14,,,2,1,34,2,0,0,2,66,2/1
2026-07-20 06:00:00,2026-07-20 15:00:00,NBS,79,62,200,7,,,,,,,,,-88,100,54,9,0,0,0,0,0,,120,,190,KMDW,,31,21,8,61,,,2,2,34,2,0,0,2,73,
2026-07-20 06:00:00,2026-07-20 18:00:00,NBS,84,62,220,9,1.0,,0.0,,,2.0,,,140,100,61,11,1,0,0,0,0,0.0,140,0.0,130,KMDW,,46,23,9,74,,,3,3,39,3,0,0,2,79,
2026-07-20 06:00:00,2026-07-20 21:00:00,NBS,86,64,210,13,,,,,,,,,-88,100,47,17,3,0,0,0,4,,130,,100,KMDW,,39,22,13,57,,,3,4,36,4,0,0,2,77,
2026-07-20 06:00:00,2026-07-21 00:00:00,NBS,85,67,220,14,4.0,1.0,0.0,0.0,,10.0,,10.0,-88,100,50,20,8,0,0,0,2,0.0,130,0.0,210,KMDW,0.0,22,22,16,17,87.0,3.0,3,4,37,5,0,0,2,78,
2026-07-20 06:00:00,2026-07-21 03:00:00,NBS,81,69,210,13,,,,,,,,,250,100,83,20,13,0,0,0,24,,130,,180,KMDW,,5,23,13,0,,,3,4,27,5,0,0,3,75,
2026-07-20 06:00:00,2026-07-21 06:00:00,NBS,78,70,240,13,31.0,,0.0,,,35.0,,,-88,100,47,20,22,0,0,0,20,0.0,120,0.0,240,KMDW,,6,25,15,0,,,3,3,42,5,0,0,3,74,
2026-07-20 06:00:00,2026-07-21 09:00:00,NBS,76,71,260,11,,,,,,,,,-88,100,40,17,24,0,0,0,26,,120,,80,KMDW,,6,27,14,0,,,3,2,35,5,0,0,2,73,
2026-07-20 06:00:00,2026-07-21 12:00:00,NBS,76,70,270,10,46.0,61.0,7.0,7.0,,38.0,,38.0,-88,100,21,13,12,0,0,0,10,0.0,100,0.0,100,KMDW,5.0,8,27,13,12,74.0,3.0,2,3,32,3,0,1,2,73,
2026-07-20 06:00:00,2026-07-21 15:00:00,NBS,83,67,290,12,,,,,,,,,45,100,15,17,7,0,0,0,0,,110,,41,KMDW,,42,29,17,64,,,3,3,14,3,0,1,2,78,
2026-07-20 06:00:00,2026-07-21 18:00:00,NBS,87,65,300,15,6.0,,0.0,,,13.0,,,35,100,22,21,4,0,0,0,4,0.0,110,0.0,35,KMDW,,61,30,19,82,,,4,4,12,4,0,1,2,81,
2026-07-20 06:00:00,2026-07-21 21:00:00,NBS,85,63,320,16,,,,,,,,,36,100,41,23,8,0,0,0,5,,100,,29,KMDW,,57,31,17,67,,,4,3,28,5,0,0,3,77,
2026-07-20 06:00:00,2026-07-22 00:00:00,NBS,80,62,330,15,6.0,11.0,0.0,0.0,,24.0,,25.0,-88,100,40,20,12,0,0,0,8,0.0,95,0.0,27,KMDW,0.0,45,32,16,26,87.0,3.0,4,4,33,6,0,0,3,73,
2026-07-20 06:00:00,2026-07-22 03:00:00,NBS,73,59,10,14,,,,,,,,,-88,100,50,18,10,0,0,0,6,,90,,19,KMDW,,23,36,14,0,,,3,5,32,6,0,0,3,67,
2026-07-20 06:00:00,2026-07-22 06:00:00,NBS,69,58,10,13,12.0,,0.0,,,21.0,,,-88,100,59,17,4,0,0,0,6,0.0,85,0.0,19,KMDW,,34,1,14,0,,,3,5,33,4,0,0,2,64,
2026-07-20 06:00:00,2026-07-22 09:00:00,NBS,66,55,360,11,,,,,,,,,-88,100,36,14,1,0,0,0,0,,84,,100,KMDW,,27,36,13,0,,,3,5,24,3,0,0,2,61,
2026-07-20 06:00:00,2026-07-22 12:00:00,NBS,65,54,350,11,2.0,14.0,0.0,0.0,,3.0,,21.0,-88,100,16,14,0,0,0,0,0,0.0,82,0.0,90,KMDW,0.0,22,0,13,9,64.0,3.0,3,4,18,3,3,0,2,61,
2026-07-20 06:00:00,2026-07-22 15:00:00,NBS,70,53,0,12,,,,,,,,,-88,100,31,16,0,0,0,0,0,,82,,200,KMDW,,44,1,12,46,,,3,4,26,3,1,0,2,65,
2026-07-20 06:00:00,2026-07-22 18:00:00,NBS,74,51,10,12,2.0,,0.0,,,2.0,,,-88,100,31,16,0,0,0,0,0,0.0,81,0.0,50,KMDW,,54,1,13,66,,,2,4,28,4,0,0,2,69,
2026-07-20 06:00:00,2026-07-22 21:00:00,NBS,74,49,20,12,,,,,,,,,-88,100,15,16,0,0,0,0,0,,82,,-88,KMDW,,51,1,13,87,,,3,4,17,4,0,0,2,67,
2026-07-20 06:00:00,2026-07-23 00:00:00,NBS,73,48,30,10,0.0,0.0,0.0,0.0,,2.0,,2.0,-88,100,3,12,0,0,0,0,0,0.0,84,0.0,60,KMDW,0.0,35,2,11,65,77.0,2.0,3,3,5,4,0,0,2,64,
2026-07-20 06:00:00,2026-07-23 03:00:00,NBS,68,48,30,5,,,,,,,,,-88,100,6,5,0,0,0,0,0,,84,,-88,KMDW,,16,1,7,3,,,2,3,11,3,0,0,3,61,
2026-07-20 06:00:00,2026-07-23 06:00:00,NBS,66,51,360,2,0.0,,0.0,,,2.0,,,-88,100,8,2,0,0,0,0,0,0.0,83,0.0,-88,KMDW,,5,36,7,1,,,3,3,24,2,0,0,3,60,
2026-07-20 12:00:00,2026-07-20 18:00:00,NBS,84,62,220,9,1.0,,0.0,,1.0,1.0,,,190,100,72,11,1,0,0,0,0,0.0,140,0.0,140,KMDW,,44,22,10,73,,,3,3,29,3,0,0,2,77,1/1
2026-07-20 12:00:00,2026-07-20 21:00:00,NBS,85,64,210,12,,,,,,,,,-88,100,35,16,2,0,0,0,4,,130,,130,KMDW,,40,22,14,67,,,3,3,37,4,0,0,2,77,
2026-07-20 12:00:00,2026-07-21 00:00:00,NBS,85,67,230,14,17.0,1.0,0.0,0.0,,11.0,,11.0,210,100,59,19,11,0,0,0,24,0.0,130,0.0,170,KMDW,1.0,19,23,17,18,87.0,3.0,3,3,39,5,0,3,3,77,
2026-07-20 12:00:00,2026-07-21 03:00:00,NBS,81,69,220,13,,,,,,,,,90,100,71,20,21,0,0,0,30,,130,,90,KMDW,,5,23,14,0,,,3,3,34,5,4,1,3,75,
2026-07-20 12:00:00,2026-07-21 06:00:00,NBS,78,70,230,13,33.0,,4.0,,,44.0,,,200,100,61,20,23,0,0,0,32,0.0,120,0.0,140,KMDW,,5,25,16,0,,,3,3,33,5,5,2,3,74,
2026-07-20 12:00:00,2026-07-21 09:00:00,NBS,76,71,250,12,,,,,,,,,-88,100,50,18,25,0,0,0,23,,120,,80,KMDW,,6,27,15,0,,,3,2,34,5,2,2,3,73,
2026-07-20 12:00:00,2026-07-21 12:00:00,NBS,75,70,260,10,35.0,51.0,6.0,10.0,,42.0,,44.0,-88,100,19,14,16,0,0,0,11,0.0,110,0.0,23,KMDW,10.0,8,26,13,10,74.0,3.0,2,2,23,3,0,4,2,73,
2026-07-20 12:00:00,2026-07-21 15:00:00,NBS,82,67,290,12,,,,,,,,,-88,100,11,17,3,0,0,0,3,,110,,41,KMDW,,37,29,17,63,,,3,3,6,3,0,0,2,77,
2026-07-20 12:00:00,2026-07-21 18:00:00,NBS,86,64,300,15,5.0,,1.0,,,8.0,,,35,100,24,21,3,0,0,0,4,0.0,110,0.0,35,KMDW,,55,30,19,82,,,3,3,18,4,0,2,2,81,
2026-07-20 12:00:00,2026-07-21 21:00:00,NBS,85,63,310,15,,,,,,,,,-88,100,39,22,4,0,0,0,4,,98,,48,KMDW,,54,31,18,65,,,4,3,32,5,0,0,3,77,
2026-07-20 12:00:00,2026-07-22 00:00:00,NBS,80,61,320,15,8.0,12.0,0.0,1.0,,16.0,,16.0,-88,100,38,20,6,0,0,0,8,0.0,93,0.0,90,KMDW,0.0,30,32,16,23,87.0,3.0,4,4,32,6,0,0,3,73,
2026-07-20 12:00:00,2026-07-22 03:00:00,NBS,74,60,360,14,,,,,,,,,-88,100,20,17,5,0,0,0,6,,88,,60,KMDW,,24,35,14,0,,,3,5,26,7,0,0,3,68,
2026-07-20 12:00:00,2026-07-22 06:00:00,NBS,69,58,10,13,19.0,,0.0,,,14.0,,,-88,100,41,17,2,0,0,0,6,0.0,84,0.0,23,KMDW,,30,36,13,0,,,3,5,31,4,0,0,2,64,
2026-07-20 12:00:00,2026-07-22 09:00:00,NBS,66,56,350,11,,,,,,,,,48,100,45,14,1,0,0,0,0,,82,,48,KMDW,,26,36,13,0,,,3,5,37,4,1,0,2,62,
2026-07-20 12:00:00,2026-07-22 12:00:00,NBS,65,54,340,12,4.0,20.0,0.0,0.0,,5.0,,14.0,-88,100,2,14,1,0,0,0,0,0.0,81,0.0,90,KMDW,0.0,19,35,14,12,64.0,3.0,3,4,2,4,2,0,2,61,
2026-07-20 12:00:00,2026-07-22 15:00:00,NBS,70,53,360,12,,,,,,,,,45,100,27,16,1,0,0,0,0,,84,,28,KMDW,,43,36,13,57,,,3,4,25,4,0,0,2,64,
2026-07-20 12:00:00,2026-07-22 18:00:00,NBS,73,51,10,12,2.0,,0.0,,,4.0,,,44,100,24,17,0,0,0,0,0,0.0,86,0.0,38,KMDW,,57,1,12,72,,,3,4,18,4,0,1,2,69,
2026-07-20 12:00:00,2026-07-22 21:00:00,NBS,74,49,20,12,,,,,,,,,-88,100,28,16,0,0,0,0,0,,82,,-88,KMDW,,53,1,12,66,,,3,4,18,4,0,0,2,66,
2026-07-20 12:00:00,2026-07-23 00:00:00,NBS,72,48,30,10,0.0,2.0,0.0,0.0,,2.0,,4.0,-88,100,9,12,0,0,0,0,0,0.0,81,0.0,50,KMDW,0.0,34,2,12,54,77.0,2.0,3,3,21,4,0,0,2,63,
2026-07-20 12:00:00,2026-07-23 03:00:00,NBS,68,48,30,5,,,,,,,,,-88,100,5,6,0,0,0,0,0,,81,,-88,KMDW,,14,3,7,3,,,2,3,6,3,0,0,3,60,
2026-07-20 12:00:00,2026-07-23 06:00:00,NBS,65,51,10,3,0.0,,0.0,,,2.0,,,-88,100,6,3,0,0,0,0,0,0.0,81,0.0,50,KMDW,,5,4,5,1,,,2,2,6,2,0,0,2,60,
2026-07-20 12:00:00,2026-07-23 09:00:00,NBS,63,52,290,3,,,,,,,,,-88,100,6,4,0,0,0,0,0,,81,,-88,KMDW,,4,34,3,0,,,3,2,7,2,0,1,2,58,
2026-07-20 12:00:00,2026-07-23 12:00:00,NBS,65,52,270,3,0.0,0.0,0.0,0.0,,1.0,,2.0,-88,100,3,3,0,0,0,0,0,0.0,83,0.0,180,KMDW,0.0,4,31,3,2,62.0,3.0,3,2,10,2,0,2,2,61,
2026-07-20 18:00:00,2026-07-21 00:00:00,NBS,85,67,220,14,25.0,,3.0,,1.0,14.0,2.0,,-88,100,42,20,12,0,0,0,1,0.0,130,0.0,180,KMDW,,20,23,15,19,,,3,3,41,5,0,1,2,78,1/14
2026-07-20 18:00:00,2026-07-21 03:00:00,NBS,81,69,210,13,,,,,,,,,110,100,84,21,18,0,0,0,35,,130,,110,KMDW,,5,22,15,0,,,3,3,22,6,3,1,3,75,
2026-07-20 18:00:00,2026-07-21 06:00:00,NBS,78,70,240,12,50.0,,17.0,,,43.0,,,70,100,59,18,26,0,0,0,18,0.0,130,0.0,60,KMDW,,5,23,15,0,,,3,3,36,6,4,2,3,74,
2026-07-20 18:00:00,2026-07-21 09:00:00,NBS,76,71,250,12,,,,,,,,,70,100,59,17,23,0,0,0,23,,120,,70,KMDW,,7,26,15,0,,,3,2,35,5,2,0,3,73,
2026-07-20 18:00:00,2026-07-21 12:00:00,NBS,75,70,260,11,43.0,71.0,6.0,23.0,,37.0,,43.0,-88,100,16,14,12,0,0,0,12,0.0,100,0.0,120,KMDW,7.0,6,27,12,13,73.0,3.0,2,2,21,3,2,3,2,73,
2026-07-20 18:00:00,2026-07-21 15:00:00,NBS,82,67,300,12,,,,,,,,,-88,100,12,17,3,0,0,0,6,,100,,41,KMDW,,38,30,17,64,,,3,3,10,3,0,0,2,77,
2026-07-20 18:00:00,2026-07-21 18:00:00,NBS,85,65,300,14,4.0,,2.0,,,9.0,,,45,100,44,20,3,0,0,0,10,0.0,110,0.0,42,KMDW,,57,31,19,74,,,3,3,28,3,0,0,2,80,
2026-07-20 18:00:00,2026-07-21 21:00:00,NBS,84,63,310,15,,,,,,,,,-88,100,42,22,4,0,0,0,10,,110,,60,KMDW,,56,31,18,68,,,3,3,32,4,0,0,3,76,
2026-07-20 18:00:00,2026-07-22 00:00:00,NBS,81,61,320,15,10.0,13.0,0.0,2.0,,16.0,,18.0,-88,100,32,20,6,0,0,0,14,0.0,93,0.0,60,KMDW,0.0,41,32,17,24,86.0,3.0,3,4,32,5,0,0,3,73,
2026-07-20 18:00:00,2026-07-22 03:00:00,NBS,74,60,350,13,,,,,,,,,-88,100,36,16,6,0,0,0,8,,86,,50,KMDW,,6,35,13,0,,,3,5,35,6,0,0,3,68,
2026-07-20 18:00:00,2026-07-22 06:00:00,NBS,69,58,360,12,8.0,,0.0,,,15.0,,,35,100,40,15,2,0,0,0,11,0.0,84,0.0,31,KMDW,,13,36,13,0,,,2,4,24,4,0,0,2,64,
2026-07-20 18:00:00,2026-07-22 09:00:00,NBS,66,56,350,12,,,,,,,,,-88,100,28,13,1,0,0,0,10,,81,,60,KMDW,,25,36,13,0,,,2,5,18,3,0,0,2,62,
2026-07-20 18:00:00,2026-07-22 12:00:00,NBS,65,53,340,12,6.0,18.0,0.0,0.0,,4.0,,15.0,-88,100,10,15,1,0,0,0,7,0.0,78,0.0,100,KMDW,0.0,19,35,13,14,64.0,2.0,3,4,17,3,1,0,2,61,
2026-07-20 18:00:00,2026-07-22 15:00:00,NBS,69,52,360,12,,,,,,,,,-88,100,18,16,0,0,0,0,5,,78,,10,KMDW,,41,0,13,63,,,3,4,11,3,0,0,2,64,
2026-07-20 18:00:00,2026-07-22 18:00:00,NBS,73,50,10,12,1.0,,0.0,,,2.0,,,-88,100,21,16,0,0,0,0,5,0.0,76,0.0,150,KMDW,,56,36,13,62,,,3,4,38,4,0,0,2,68,
2026-07-20 18:00:00,2026-07-22 21:00:00,NBS,73,48,30,11,,,,,,,,,-88,100,16,14,0,0,0,0,0,,75,,210,KMDW,,53,0,12,79,,,3,4,15,4,0,0,2,66,
2026-07-20 18:00:00,2026-07-23 00:00:00,NBS,72,47,30,10,0.0,1.0,0.0,0.0,,1.0,,2.0,-88,100,12,10,0,0,0,0,0,0.0,75,0.0,140,KMDW,0.0,38,2,10,40,76.0,3.0,3,3,19,3,0,0,2,64,
2026-07-20 18:00:00,2026-07-23 03:00:00,NBS,67,48,30,4,,,,,,,,,-88,100,7,5,0,0,0,0,0,,81,,50,KMDW,,35,1,6,3,,,3,3,6,3,0,0,3,60,
2026-07-20 18:00:00,2026-07-23 06:00:00,NBS,65,51,360,3,0.0,,0.0,,,2.0,,,-88,100,8,3,0,0,0,0,0,0.0,81,0.0,50,KMDW,,5,29,4,1,,,3,2,7,2,0,0,2,59,
2026-07-20 18:00:00,2026-07-23 09:00:00,NBS,63,52,280,3,,,,,,,,,-88,100,14,3,0,0,0,0,0,,82,,45,KMDW,,4,27,4,0,,,3,2,12,2,0,1,2,58,
2026-07-20 18:00:00,2026-07-23 12:00:00,NBS,64,53,260,3,0.0,0.0,0.0,0.0,,1.0,,2.0,-88,100,4,3,0,0,0,0,0,0.0,82,0.0,45,KMDW,0.0,4,26,3,2,62.0,3.0,3,2,10,1,0,3,2,60,
2026-07-20 18:00:00,2026-07-23 15:00:00,NBS,74,51,250,0,,,,,,,,,-88,100,10,3,0,0,0,0,0,,83,,270,KMDW,,56,26,4,45,,,2,3,13,2,0,0,3,66,
2026-07-20 18:00:00,2026-07-23 18:00:00,NBS,78,48,120,3,0.0,,0.0,,,1.0,,,-88,100,27,4,0,0,0,0,0,0.0,86,0.0,60,KMDW,,67,18,6,66,,,3,3,26,2,0,0,3,71,
2026-07-21 00:00:00,2026-07-21 06:00:00,NBS,78,71,250,13,42.0,,14.0,,2.0,39.0,,,-88,100,55,19,28,0,0,0,23,0.0,130,0.0,230,KMDW,,5,25,15,0,,,3,2,41,5,0,0,3,74,2/39
2026-07-21 00:00:00,2026-07-21 09:00:00,NBS,76,71,260,12,,,,,,,,,-88,100,55,17,30,0,0,0,21,,120,,90,KMDW,,6,26,12,0,,,3,2,38,5,5,0,3,73,
2026-07-21 00:00:00,2026-07-21 12:00:00,NBS,75,70,260,11,47.0,63.0,11.0,25.0,,45.0,,45.0,-88,100,14,14,12,0,0,0,18,0.0,100,0.0,14,KMDW,9.0,8,26,12,12,74.0,3.0,2,3,21,3,0,0,2,73,
2026-07-21 00:00:00,2026-07-21 15:00:00,NBS,82,67,290,12,,,,,,,,,-88,100,14,18,2,0,0,0,0,,100,,38,KMDW,,32,30,16,65,,,2,3,14,3,0,0,2,77,
2026-07-21 00:00:00,2026-07-21 18:00:00,NBS,85,65,300,15,2.0,,0.0,,,8.0,,,-88,100,35,21,2,0,0,0,0,0.0,110,0.0,50,KMDW,,55,31,20,82,,,3,3,24,4,0,0,2,80,
2026-07-21 00:00:00,2026-07-21 21:00:00,NBS,84,63,310,15,,,,,,,,,-88,100,46,21,4,0,0,0,4,,100,,60,KMDW,,55,32,18,66,,,3,2,28,4,0,0,3,76,
2026-07-21 00:00:00,2026-07-22 00:00:00,NBS,81,62,330,15,5.0,5.0,0.0,0.0,,17.0,,17.0,-88,100,40,19,7,0,0,0,4,0.0,92,0.0,44,KMDW,0.0,38,33,17,24,86.0,3.0,3,4,34,5,0,0,3,73,
2026-07-21 00:00:00,2026-07-22 03:00:00,NBS,74,61,350,13,,,,,,,,,35,100,48,16,7,0,0,0,22,,88,,35,KMDW,,15,0,15,0,,,3,5,35,5,0,0,3,68,
2026-07-21 00:00:00,2026-07-22 06:00:00,NBS,69,58,10,12,13.0,,0.0,,,20.0,,,35,100,48,15,2,0,0,0,22,0.0,85,0.0,34,KMDW,,13,1,16,0,,,2,4,30,4,0,0,2,64,
2026-07-21 00:00:00,2026-07-22 09:00:00,NBS,66,56,350,11,,,,,,,,,-88,100,33,13,1,0,0,0,4,,82,,36,KMDW,,17,0,13,0,,,3,5,30,3,0,0,2,62,
2026-07-21 00:00:00,2026-07-22 12:00:00,NBS,64,54,340,11,7.0,16.0,0.0,0.0,,4.0,,20.0,-88,100,28,14,0,0,0,0,4,0.0,78,0.0,60,KMDW,4.0,17,36,12,8,64.0,3.0,3,4,35,3,0,0,2,61,
2026-07-21 00:00:00,2026-07-22 15:00:00,NBS,69,53,0,12,,,,,,,,,-88,100,37,16,0,0,0,0,5,,77,,18,KMDW,,44,0,12,49,,,3,4,22,3,1,0,2,64,
2026-07-21 00:00:00,2026-07-22 18:00:00,NBS,72,51,20,12,4.0,,0.0,,,3.0,,,45,100,35,16,0,0,0,0,5,0.0,76,0.0,26,KMDW,,55,0,12,56,,,2,4,31,4,0,0,2,68,
2026-07-21 00:00:00,2026-07-22 21:00:00,NBS,73,49,30,12,,,,,,,,,-88,100,18,15,0,0,0,0,0,,75,,20,KMDW,,54,1,12,67,,,3,4,34,4,0,0,2,65,
2026-07-21 00:00:00,2026-07-23 00:00:00,NBS,71,47,40,10,0.0,5.0,0.0,0.0,,2.0,,3.0,-88,100,22,11,0,0,0,0,0,0.0,73,0.0,60,KMDW,0.0,37,2,10,28,75.0,2.0,3,3,34,4,0,0,2,63,
2026-07-21 00:00:00,2026-07-23 03:00:00,NBS,67,48,40,5,,,,,,,,,-88,100,12,5,0,0,0,0,0,,74,,60,KMDW,,10,5,5,0,,,2,3,23,3,0,0,3,60,
2026-07-21 00:00:00,2026-07-23 06:00:00,NBS,64,51,360,3,0.0,,0.0,,,2.0,,,-88,100,15,3,0,0,0,0,0,0.0,74,0.0,50,KMDW,,4,32,3,0,,,2,3,16,2,0,0,2,59,
2026-07-21 00:00:00,2026-07-23 09:00:00,NBS,62,52,280,3,,,,,,,,,-88,100,13,3,0,0,0,0,0,,83,,50,KMDW,,4,27,4,0,,,3,2,12,2,0,0,2,58,
2026-07-21 00:00:00,2026-07-23 12:00:00,NBS,63,52,260,2,0.0,0.0,0.0,0.0,,1.0,,2.0,-88,100,3,3,0,0,0,0,0,0.0,81,0.0,50,KMDW,0.0,4,27,4,2,61.0,3.0,3,2,4,2,0,2,2,59,
2026-07-21 00:00:00,2026-07-23 15:00:00,NBS,73,51,250,0,,,,,,,,,-88,100,9,3,0,0,0,0,0,,79,,190,KMDW,,60,26,3,45,,,2,3,10,2,0,0,3,67,
2026-07-21 00:00:00,2026-07-23 18:00:00,NBS,78,48,100,3,0.0,,0.0,,,1.0,,,-88,100,19,4,0,0,0,0,0,0.0,82,0.0,60,KMDW,,74,19,3,66,,,3,3,15,2,0,0,3,71,
2026-07-21 00:00:00,2026-07-23 21:00:00,NBS,78,48,100,7,,,,,,,,,-88,100,20,7,0,0,0,0,0,,86,,60,KMDW,,68,17,7,86,,,2,3,20,4,0,0,3,68,
2026-07-21 00:00:00,2026-07-24 00:00:00,NBS,76,48,130,8,0.0,0.0,0.0,0.0,,2.0,,2.0,-88,100,24,9,0,0,0,0,0,0.0,89,0.0,45,KMDW,0.0,51,17,8,59,80.0,2.0,2,4,25,4,0,0,3,66,
2026-07-21 06:00:00,2026-07-21 12:00:00,NBS,76,70,270,10,43.0,,12.0,,3.0,48.0,2.0,,-88,70,38,13,12,0,0,0,30,0.0,120,0.0,70,KMDW,,9,28,13,10,,,2,2,37,3,3,9,2,73,3/48
2026-07-21 06:00:00,2026-07-21 15:00:00,NBS,82,66,290,13,,,,,,,,,-88,100,16,18,2,0,0,0,0,,100,,10,KMDW,,32,29,15,65,,,2,3,21,3,0,2,2,76,
2026-07-21 06:00:00,2026-07-21 18:00:00,NBS,85,65,300,15,2.0,,0.0,,,7.0,,,45,100,29,21,2,0,0,0,0,0.0,110,0.0,45,KMDW,,59,31,19,82,,,3,3,22,4,0,1,2,80,
2026-07-21 06:00:00,2026-07-21 21:00:00,NBS,84,63,320,15,,,,,,,,,45,100,49,22,4,0,0,0,3,,100,,45,KMDW,,60,32,17,60,,,3,2,24,4,0,1,3,76,
2026-07-21 06:00:00,2026-07-22 00:00:00,NBS,80,62,350,14,9.0,5.0,0.0,0.0,,19.0,,19.0,-88,100,43,19,9,0,0,0,7,0.0,97,0.0,50,KMDW,0.0,42,34,16,18,86.0,2.0,3,3,29,6,0,1,3,73,
2026-07-21 06:00:00,2026-07-22 03:00:00,NBS,73,60,10,13,,,,,,,,,45,100,63,17,9,0,0,0,31,,89,,30,KMDW,,7,1,13,0,,,3,5,33,6,0,0,3,67,
2026-07-21 06:00:00,2026-07-22 06:00:00,NBS,68,58,10,12,37.0,,3.0,,,21.0,,,35,100,51,16,2,0,0,0,4,0.0,84,0.0,30,KMDW,,10,1,17,0,,,2,4,30,4,0,0,2,64,
2026-07-21 06:00:00,2026-07-22 09:00:00,NBS,66,55,350,10,,,,,,,,,-88,100,47,13,1,0,0,0,15,,80,,48,KMDW,,15,0,13,0,,,2,4,24,3,0,0,2,62,
2026-07-21 06:00:00,2026-07-22 12:00:00,NBS,65,53,340,10,15.0,40.0,2.0,5.0,,3.0,,21.0,-88,100,23,13,0,0,0,0,0,0.0,76,0.0,50,KMDW,3.0,18,36,12,11,64.0,2.0,2,4,25,3,0,0,2,61,
2026-07-21 06:00:00,2026-07-22 15:00:00,NBS,69,52,360,11,,,,,,,,,45,100,46,14,0,0,0,0,0,,75,,32,KMDW,,42,0,12,54,,,2,4,26,3,0,0,2,64,
2026-07-21 06:00:00,2026-07-22 18:00:00,NBS,72,50,20,11,2.0,,0.0,,,3.0,,,45,100,40,15,0,0,0,0,0,0.0,74,0.0,43,KMDW,,55,1,12,62,,,2,4,33,3,0,0,2,68,
2026-07-21 06:00:00,2026-07-22 21:00:00,NBS,73,47,30,11,,,,,,,,,-88,100,29,14,0,0,0,0,0,,72,,19,KMDW,,53,0,11,55,,,2,4,35,4,0,0,2,64,
2026-07-21 06:00:00,2026-07-23 00:00:00,NBS,71,47,40,9,0.0,2.0,0.0,0.0,,2.0,,3.0,-88,100,25,10,0,0,0,0,0,0.0,77,0.0,37,KMDW,0.0,37,1,9,26,75.0,2.0,2,3,32,4,0,0,2,63,
2026-07-21 06:00:00,2026-07-23 03:00:00,NBS,67,48,50,4,,,,,,,,,-88,100,20,4,0,0,0,0,0,,75,,38,KMDW,,24,36,4,0,,,2,3,25,3,0,0,2,60,
2026-07-21 06:00:00,2026-07-23 06:00:00,NBS,65,51,360,2,0.0,,0.0,,,2.0,,,-88,100,4,3,0,0,0,0,0,0.0,74,0.0,140,KMDW,,4,31,4,0,,,2,3,4,2,0,0,2,59,
2026-07-21 06:00:00,2026-07-23 09:00:00,NBS,62,51,260,3,,,,,,,,,-88,100,7,3,0,0,0,0,0,,75,,41,KMDW,,4,26,4,0,,,3,2,7,2,0,0,2,57,
2026-07-21 06:00:00,2026-07-23 12:00:00,NBS,63,52,250,0,0.0,0.0,0.0,0.0,,1.0,,2.0,-88,100,8,3,0,0,0,0,0,0.0,76,0.0,41,KMDW,0.0,5,25,4,3,61.0,3.0,3,2,20,2,0,5,2,59,
2026-07-21 06:00:00,2026-07-23 15:00:00,NBS,73,51,230,0,,,,,,,,,-88,100,9,3,0,0,0,0,0,,82,,50,KMDW,,57,23,4,45,,,2,3,8,2,0,0,3,67,
2026-07-21 06:00:00,2026-07-23 18:00:00,NBS,78,48,100,4,0.0,,0.0,,,1.0,,,-88,100,25,4,0,0,0,0,0,0.0,84,0.0,50,KMDW,,71,14,4,64,,,2,3,22,3,0,0,3,71,
2026-07-21 06:00:00,2026-07-23 21:00:00,NBS,78,48,110,7,,,,,,,,,-88,100,26,7,0,0,0,0,0,,86,,50,KMDW,,65,15,7,86,,,2,3,28,4,0,0,3,68,
2026-07-21 06:00:00,2026-07-24 00:00:00,NBS,76,48,130,8,0.0,0.0,0.0,0.0,,2.0,,2.0,-88,100,28,9,0,0,0,0,0,0.0,88,0.0,50,KMDW,0.0,46,16,8,60,80.0,2.0,2,4,22,4,0,0,2,66,
2026-07-21 06:00:00,2026-07-24 03:00:00,NBS,71,49,160,5,,,,,,,,,-88,100,50,5,0,0,0,0,0,,88,,150,KMDW,,26,19,5,2,,,2,4,27,2,0,0,2,63,
2026-07-21 06:00:00,2026-07-24 06:00:00,NBS,68,52,200,4,0.0,,0.0,,,3.0,,,-88,100,48,4,0,0,0,0,1,0.0,87,0.0,160,KMDW,,4,20,5,0,,,3,3,32,2,0,0,2,62,
2026-07-21 12:00:00,2026-07-21 18:00:00,NBS,85,64,300,15,2.0,,0.0,,1.0,9.0,,,-88,100,40,22,1,0,0,0,3,0.0,110,0.0,47,KMDW,,61,31,19,81,,,2,2,26,4,0,0,2,80,1/9
2026-07-21 12:00:00,2026-07-21 21:00:00,NBS,84,63,320,15,,,,,,,,,-88,100,41,22,2,0,0,0,4,,100,,60,KMDW,,61,32,18,64,,,3,2,28,4,0,0,2,76,
2026-07-21 12:00:00,2026-07-22 00:00:00,NBS,80,62,360,15,5.0,4.0,0.0,0.0,,21.0,,21.0,-88,100,40,19,8,0,0,0,15,0.0,97,0.0,50,KMDW,0.0,31,35,16,18,86.0,2.0,3,3,31,6,0,0,3,73,
2026-07-21 12:00:00,2026-07-22 03:00:00,NBS,73,60,20,13,,,,,,,,,35,100,59,17,7,0,0,0,24,,90,,23,KMDW,,14,1,15,0,,,3,4,31,6,0,0,3,67,
2026-07-21 12:00:00,2026-07-22 06:00:00,NBS,68,58,10,12,38.0,,0.0,,,17.0,,,35,100,68,17,2,0,0,0,24,0.0,84,0.0,27,KMDW,,8,1,15,0,,,2,4,31,4,2,0,2,64,
2026-07-21 12:00:00,2026-07-22 09:00:00,NBS,65,55,350,10,,,,,,,,,-88,100,40,13,0,0,0,0,0,,78,,60,KMDW,,13,36,12,0,,,3,4,24,3,2,0,2,60,
2026-07-21 12:00:00,2026-07-22 12:00:00,NBS,64,53,350,10,6.0,43.0,0.0,0.0,,1.0,,17.0,-88,100,29,13,0,0,0,0,0,0.0,75,0.0,36,KMDW,5.0,17,36,12,11,63.0,3.0,3,4,20,3,2,0,2,60,
2026-07-21 12:00:00,2026-07-22 15:00:00,NBS,69,52,360,11,,,,,,,,,45,100,47,14,0,0,0,0,3,,74,,32,KMDW,,40,0,11,48,,,2,4,29,3,2,0,2,63,
2026-07-21 12:00:00,2026-07-22 18:00:00,NBS,72,49,10,11,4.0,,0.0,,,2.0,,,45,100,52,14,0,0,0,0,3,0.0,73,0.0,45,KMDW,,55,36,11,68,,,2,4,27,4,1,0,2,68,
2026-07-21 12:00:00,2026-07-22 21:00:00,NBS,73,47,30,11,,,,,,,,,-88,100,18,14,0,0,0,0,0,,75,,70,KMDW,,58,0,11,66,,,2,4,23,4,0,0,2,64,
2026-07-21 12:00:00,2026-07-23 00:00:00,NBS,71,47,30,9,0.0,5.0,0.0,0.0,,2.0,,2.0,-88,100,26,10,0,0,0,0,0,0.0,76,0.0,60,KMDW,1.0,36,2,9,25,75.0,2.0,2,3,32,3,0,0,2,62,
2026-07-21 12:00:00,2026-07-23 03:00:00,NBS,67,48,30,4,,,,,,,,,-88,100,22,5,0,0,0,0,0,,73,,70,KMDW,,30,35,4,0,,,2,3,26,2,0,0,2,60,
2026-07-21 12:00:00,2026-07-23 06:00:00,NBS,64,50,320,2,0.0,,0.0,,,1.0,,,-88,100,11,3,0,0,0,0,0,0.0,73,0.0,70,KMDW,,4,29,3,0,,,3,3,10,2,0,0,2,59,
2026-07-21 12:00:00,2026-07-23 09:00:00,NBS,62,51,300,3,,,,,,,,,-88,100,15,3,0,0,0,0,0,,74,,13,KMDW,,4,31,5,0,,,3,3,13,2,0,2,2,58,
2026-07-21 12:00:00,2026-07-23 12:00:00,NBS,63,52,220,0,0.0,0.0,0.0,0.0,,1.0,,1.0,-88,100,8,3,0,0,0,0,0,0.0,75,0.0,29,KMDW,0.0,6,33,3,11,61.0,3.0,3,2,11,1,0,3,2,59,
2026-07-21 12:00:00,2026-07-23 15:00:00,NBS,73,51,230,0,,,,,,,,,-88,100,10,2,0,0,0,0,0,,78,,45,KMDW,,57,27,3,59,,,2,3,8,2,0,0,3,67,
2026-07-21 12:00:00,2026-07-23 18:00:00,NBS,77,48,110,4,0.0,,0.0,,,1.0,,,-88,100,21,4,0,0,0,0,0,0.0,80,0.0,60,KMDW,,69,19,4,81,,,2,4,14,3,0,0,3,71,
2026-07-21 12:00:00,2026-07-23 21:00:00,NBS,77,48,110,7,,,,,,,,,-88,100,27,7,0,0,0,0,0,,87,,60,KMDW,,70,17,7,81,,,2,4,21,3,0,0,2,68,
2026-07-21 12:00:00,2026-07-24 00:00:00,NBS,76,48,140,7,0.0,0.0,0.0,0.0,,2.0,,2.0,-88,100,30,7,0,0,0,0,0,0.0,87,0.0,45,KMDW,0.0,50,17,7,49,80.0,2.0,2,4,22,3,0,0,2,66,
2026-07-21 12:00:00,2026-07-24 03:00:00,NBS,71,49,170,4,,,,,,,,,-88,100,49,5,0,0,0,0,0,,86,,50,KMDW,,14,17,4,0,,,3,4,32,2,0,0,2,63,
2026-07-21 12:00:00,2026-07-24 06:00:00,NBS,68,52,200,3,0.0,,0.0,,,2.0,,,-88,100,52,3,0,0,0,0,1,0.0,89,0.0,160,KMDW,,4,20,5,0,,,3,3,33,2,0,1,2,62,
2026-07-21 12:00:00,2026-07-24 09:00:00,NBS,65,53,230,0,,,,,,,,,-88,100,61,2,0,0,0,0,2,,97,,150,KMDW,,4,21,5,0,,,3,3,24,2,2,7,2,60,
2026-07-21 12:00:00,2026-07-24 12:00:00,NBS,66,54,210,0,2.0,2.0,0.0,0.0,,1.0,,2.0,-88,100,62,2,0,0,0,0,2,0.0,100,0.0,120,KMDW,0.0,5,19,3,1,64.0,3.0,3,3,24,2,1,4,2,61,
2026-07-21 18:00:00,2026-07-22 00:00:00,NBS,79,62,10,14,8.0,,0.0,,2.0,20.0,2.0,,-88,100,53,18,7,0,0,0,16,0.0,100,0.0,50,KMDW,,30,35,17,16,,,3,3,33,5,0,0,3,72,2/20
2026-07-21 18:00:00,2026-07-22 03:00:00,NBS,71,60,30,13,,,,,,,,,35,100,86,17,6,0,0,0,43,,94,,23,KMDW,,8,2,16,0,,,3,4,17,6,0,0,3,66,
2026-07-21 18:00:00,2026-07-22 06:00:00,NBS,67,57,20,12,40.0,,3.0,,,15.0,,,130,100,60,14,1,0,0,0,31,0.0,83,0.0,28,KMDW,,8,2,15,0,,,2,4,32,4,0,0,2,62,
2026-07-21 18:00:00,2026-07-22 09:00:00,NBS,65,55,350,10,,,,,,,,,-88,100,34,10,0,0,0,0,0,,77,,60,KMDW,,13,36,12,0,,,3,4,30,3,1,0,2,60,
2026-07-21 18:00:00,2026-07-22 12:00:00,NBS,64,53,350,10,5.0,42.0,0.0,3.0,,1.0,,15.0,-88,100,17,11,0,0,0,0,0,0.0,74,0.0,60,KMDW,6.0,15,36,12,13,63.0,2.0,3,4,21,3,0,0,2,60,
2026-07-21 18:00:00,2026-07-22 15:00:00,NBS,69,53,0,10,,,,,,,,,-88,100,49,13,0,0,0,0,3,,73,,27,KMDW,,40,0,11,52,,,3,3,26,3,0,0,2,64,
2026-07-21 18:00:00,2026-07-22 18:00:00,NBS,72,50,20,11,6.0,,0.0,,,2.0,,,-88,100,52,13,0,0,0,0,3,0.0,76,0.0,60,KMDW,,55,0,11,52,,,3,3,39,4,0,0,3,68,
2026-07-21 18:00:00,2026-07-22 21:00:00,NBS,72,48,30,10,,,,,,,,,-88,100,32,12,0,0,0,0,0,,76,,50,KMDW,,55,0,10,57,,,2,3,24,4,0,0,3,65,
2026-07-21 18:00:00,2026-07-23 00:00:00,NBS,71,47,40,9,1.0,6.0,0.0,0.0,,2.0,,2.0,-88,100,6,9,0,0,0,0,0,0.0,74,0.0,60,KMDW,2.0,35,3,9,26,75.0,2.0,2,3,5,3,0,0,2,63,
2026-07-21 18:00:00,2026-07-23 03:00:00,NBS,67,49,10,3,,,,,,,,,-88,100,8,3,0,0,0,0,0,,74,,60,KMDW,,4,1,4,0,,,2,3,7,2,0,0,3,60,
2026-07-21 18:00:00,2026-07-23 06:00:00,NBS,64,51,300,3,0.0,,0.0,,,2.0,,,-88,100,12,3,0,0,0,0,0,0.0,73,0.0,44,KMDW,,4,30,5,0,,,3,3,10,2,0,0,2,59,
2026-07-21 18:00:00,2026-07-23 09:00:00,NBS,62,52,280,3,,,,,,,,,-88,100,13,3,0,0,0,0,0,,74,,29,KMDW,,4,30,4,0,,,3,2,7,2,0,5,2,57,
2026-07-21 18:00:00,2026-07-23 12:00:00,NBS,63,52,280,0,3.0,3.0,0.0,0.0,,1.0,,2.0,-88,100,17,3,0,0,0,0,0,0.0,75,0.0,25,KMDW,0.0,4,30,4,8,61.0,3.0,3,2,29,2,0,7,2,59,
2026-07-21 18:00:00,2026-07-23 15:00:00,NBS,73,52,180,0,,,,,,,,,-88,100,18,3,0,0,0,0,0,,77,,21,KMDW,,53,30,3,55,,,2,3,18,2,0,0,2,66,
2026-07-21 18:00:00,2026-07-23 18:00:00,NBS,77,49,120,2,1.0,,0.0,,,1.0,,,-88,100,23,4,0,0,0,0,0,0.0,80,0.0,48,KMDW,,68,14,4,85,,,2,3,13,3,0,0,3,71,
2026-07-21 18:00:00,2026-07-23 21:00:00,NBS,77,49,120,6,,,,,,,,,-88,100,38,7,0,0,0,0,0,,82,,60,KMDW,,64,16,6,70,,,2,3,30,3,0,0,2,68,
2026-07-21 18:00:00,2026-07-24 00:00:00,NBS,75,49,150,7,0.0,0.0,0.0,0.0,,2.0,,2.0,-88,100,40,8,0,0,0,0,0,0.0,84,0.0,46,KMDW,0.0,47,18,7,27,80.0,2.0,2,3,22,4,0,0,3,66,
2026-07-21 18:00:00,2026-07-24 03:00:00,NBS,70,51,170,4,,,,,,,,,-88,100,55,5,0,0,0,0,0,,87,,47,KMDW,,13,18,5,0,,,3,3,27,2,0,0,2,63,
2026-07-21 18:00:00,2026-07-24 06:00:00,NBS,67,53,200,3,0.0,,0.0,,,2.0,,,-88,100,58,3,0,0,0,0,0,0.0,84,0.0,210,KMDW,,4,19,6,0,,,3,3,23,2,0,1,2,61,
2026-07-21 18:00:00,2026-07-24 09:00:00,NBS,65,54,210,2,,,,,,,,,-88,100,63,2,0,0,0,0,0,,86,,110,KMDW,,4,19,5,0,,,3,2,22,2,1,5,2,60,
2026-07-21 18:00:00,2026-07-24 12:00:00,NBS,66,55,210,0,0.0,0.0,0.0,0.0,,1.0,,2.0,-88,100,47,2,0,0,0,0,0,0.0,91,0.0,90,KMDW,0.0,10,19,4,1,64.0,3.0,3,2,28,2,0,2,2,62,
2026-07-21 18:00:00,2026-07-24 15:00:00,NBS,75,53,180,3,,,,,,,,,-88,100,41,4,0,0,0,0,0,,93,,130,KMDW,,48,17,5,43,,,2,3,31,2,0,0,3,68,
2026-07-21 18:00:00,2026-07-24 18:00:00,NBS,79,51,140,5,0.0,,0.0,,,2.0,,,-88,100,43,6,0,0,0,0,0,0.0,98,0.0,50,KMDW,,66,15,7,63,,,2,4,25,3,0,0,2,72,
2026-07-22 00:00:00,2026-07-22 06:00:00,NBS,67,58,20,11,48.0,,0.0,,3.0,17.0,,,-88,100,35,13,2,0,0,0,31,0.0,87,0.0,28,KMDW,,8,2,15,0,,,2,4,34,3,0,0,2,63,3/17
2026-07-22 00:00:00,2026-07-22 09:00:00,NBS,65,55,360,9,,,,,,,,,-88,100,22,10,0,0,0,0,6,,79,,60,KMDW,,11,0,11,0,,,2,4,29,3,0,0,2,60,
2026-07-22 00:00:00,2026-07-22 12:00:00,NBS,64,53,350,9,18.0,48.0,3.0,3.0,,1.0,,17.0,-88,100,22,11,0,0,0,0,3,0.0,74,0.0,190,KMDW,5.0,13,36,11,14,63.0,2.0,2,3,25,3,0,0,2,60,
2026-07-22 00:00:00,2026-07-22 15:00:00,NBS,69,53,0,10,,,,,,,,,-88,100,38,12,0,0,0,0,0,,73,,38,KMDW,,45,0,12,60,,,2,3,27,3,0,0,2,64,
2026-07-22 00:00:00,2026-07-22 18:00:00,NBS,72,50,20,10,17.0,,2.0,,,2.0,,,-88,100,41,12,0,0,0,0,0,0.0,74,0.0,100,KMDW,,60,0,10,73,,,3,3,31,4,0,0,2,68,
2026-07-22 00:00:00,2026-07-22 21:00:00,NBS,72,48,40,10,,,,,,,,,-88,100,28,11,0,0,0,0,0,,74,,60,KMDW,,58,1,11,65,,,2,3,24,4,0,0,3,64,
2026-07-22 00:00:00,2026-07-23 00:00:00,NBS,71,47,50,8,7.0,17.0,0.0,2.0,,2.0,,2.0,-88,100,13,9,0,0,0,0,0,0.0,73,0.0,60,KMDW,1.0,37,3,9,26,75.0,2.0,2,3,13,3,0,0,2,62,
2026-07-22 00:00:00,2026-07-23 03:00:00,NBS,67,48,20,3,,,,,,,,,-88,100,7,3,0,0,0,0,0,,74,,50,KMDW,,5,2,5,0,,,2,3,7,2,0,0,2,60,
2026-07-22 00:00:00,2026-07-23 06:00:00,NBS,64,51,290,3,0.0,,0.0,,,1.0,,,-88,100,24,3,0,0,0,0,0,0.0,73,0.0,44,KMDW,,5,29,4,0,,,2,2,29,2,0,0,2,59,
2026-07-22 00:00:00,2026-07-23 09:00:00,NBS,62,52,290,3,,,,,,,,,-88,100,11,4,0,0,0,0,0,,74,,60,KMDW,,4,30,5,0,,,3,2,14,2,0,0,2,57,
2026-07-22 00:00:00,2026-07-23 12:00:00,NBS,63,52,290,2,0.0,0.0,0.0,0.0,,1.0,,1.0,-88,100,4,3,0,0,0,0,0,0.0,75,0.0,50,KMDW,0.0,4,30,4,14,61.0,3.0,3,2,4,2,0,0,2,59,
2026-07-22 00:00:00,2026-07-23 15:00:00,NBS,73,52,190,0,,,,,,,,,-88,100,28,2,0,0,0,0,0,,77,,25,KMDW,,55,32,3,53,,,2,3,33,2,0,0,2,66,
2026-07-22 00:00:00,2026-07-23 18:00:00,NBS,77,49,140,2,0.0,,0.0,,,1.0,,,-88,100,36,3,0,0,0,0,0,0.0,82,0.0,35,KMDW,,70,21,4,85,,,2,3,18,2,0,0,3,71,
2026-07-22 00:00:00,2026-07-23 21:00:00,NBS,77,49,110,6,,,,,,,,,-88,100,58,7,0,0,0,0,0,,86,,36,KMDW,,66,15,6,59,,,2,3,24,3,0,0,2,68,
2026-07-22 00:00:00,2026-07-24 00:00:00,NBS,76,50,120,7,0.0,0.0,0.0,0.0,,2.0,,2.0,-88,100,58,7,0,0,0,0,0,0.0,86,0.0,48,KMDW,0.0,54,17,7,27,80.0,2.0,2,3,16,4,0,0,3,66,
2026-07-22 00:00:00,2026-07-24 03:00:00,NBS,70,51,160,5,,,,,,,,,-88,100,58,5,0,0,0,0,0,,86,,45,KMDW,,18,16,5,0,,,3,3,27,2,0,1,2,63,
2026-07-22 00:00:00,2026-07-24 06:00:00,NBS,67,54,190,4,0.0,,0.0,,,2.0,,,-88,100,62,4,0,0,0,0,0,0.0,87,0.0,220,KMDW,,9,17,4,0,,,3,3,24,2,1,0,2,61,
2026-07-22 00:00:00,2026-07-24 09:00:00,NBS,64,54,200,1,,,,,,,,,-88,100,52,2,0,0,0,0,0,,91,,140,KMDW,,4,19,3,0,,,3,3,28,2,0,5,2,60,
2026-07-22 00:00:00,2026-07-24 12:00:00,NBS,65,55,220,2,0.0,0.0,0.0,0.0,,1.0,,2.0,-88,100,44,3,0,0,0,0,0,0.0,100,0.0,120,KMDW,0.0,11,24,4,1,64.0,3.0,3,2,25,2,0,2,2,61,
2026-07-22 00:00:00,2026-07-24 15:00:00,NBS,74,54,170,4,,,,,,,,,-88,100,30,4,0,0,0,0,1,,99,,50,KMDW,,57,14,5,42,,,3,3,27,3,0,0,3,68,
2026-07-22 00:00:00,2026-07-24 18:00:00,NBS,79,52,140,6,1.0,,0.0,,,1.0,,,-88,100,36,7,0,0,0,0,2,0.0,100,0.0,50,KMDW,,75,16,6,64,,,4,4,24,3,0,0,2,72,
2026-07-22 00:00:00,2026-07-24 21:00:00,NBS,79,52,150,8,,,,,,,,,-88,100,40,9,0,0,0,0,2,,110,,49,KMDW,,70,17,8,84,,,4,4,27,3,0,0,2,70,
2026-07-22 00:00:00,2026-07-25 00:00:00,NBS,77,53,180,9,2.0,2.0,0.0,0.0,,3.0,,3.0,-88,100,21,10,0,0,0,0,2,0.0,110,0.0,36,KMDW,0.0,56,18,9,61,81.0,3.0,4,5,22,3,0,0,2,68,
2026-07-22 06:00:00,2026-07-22 12:00:00,NBS,64,53,350,9,9.0,,0.0,,3.0,3.0,3.0,,-88,100,23,10,0,0,0,0,12,0.0,76,0.0,110,KMDW,,9,36,10,13,,,3,3,22,2,7,0,2,60,3/3
2026-07-22 06:00:00,2026-07-22 15:00:00,NBS,69,52,0,10,,,,,,,,,-88,100,38,12,0,0,0,0,0,,73,,50,KMDW,,46,1,10,63,,,2,3,29,3,3,0,2,64,
2026-07-22 06:00:00,2026-07-22 18:00:00,NBS,72,50,20,10,11.0,,1.0,,,2.0,,,45,100,53,12,0,0,0,0,0,0.0,76,0.0,44,KMDW,,57,1,10,65,,,3,4,35,3,0,0,2,68,
2026-07-22 06:00:00,2026-07-22 21:00:00,NBS,72,48,50,10,,,,,,,,,-88,100,21,12,0,0,0,0,0,,77,,60,KMDW,,55,2,11,70,,,2,4,17,3,0,0,2,64,
2026-07-22 06:00:00,2026-07-23 00:00:00,NBS,71,46,50,9,2.0,11.0,0.0,1.0,,2.0,,2.0,-88,100,12,9,0,0,0,0,0,0.0,76,0.0,100,KMDW,0.0,36,3,9,25,75.0,2.0,2,3,12,3,0,0,2,62,
2026-07-22 06:00:00,2026-07-23 03:00:00,NBS,67,48,40,3,,,,,,,,,-88,100,11,3,0,0,0,0,0,,77,,60,KMDW,,5,4,5,0,,,2,3,9,2,0,0,2,60,
2026-07-22 06:00:00,2026-07-23 06:00:00,NBS,64,51,300,3,0.0,,0.0,,,1.0,,,-88,100,24,3,0,0,0,0,0,0.0,76,0.0,50,KMDW,,4,32,4,0,,,2,2,32,1,0,0,2,59,
2026-07-22 06:00:00,2026-07-23 09:00:00,NBS,62,51,290,3,,,,,,,,,-88,100,23,3,0,0,0,0,0,,76,,90,KMDW,,4,30,5,0,,,3,2,31,2,0,2,2,57,
2026-07-22 06:00:00,2026-07-23 12:00:00,NBS,63,52,290,0,0.0,0.0,0.0,0.0,,1.0,,1.0,-88,100,4,2,0,0,0,0,0,0.0,76,0.0,60,KMDW,0.0,4,31,4,14,61.0,3.0,3,2,3,2,0,3,2,59,
2026-07-22 06:00:00,2026-07-23 15:00:00,NBS,73,51,330,0,,,,,,,,,-88,100,18,2,0,0,0,0,0,,76,,90,KMDW,,56,33,3,61,,,2,3,7,2,0,0,2,66,
2026-07-22 06:00:00,2026-07-23 18:00:00,NBS,77,49,120,0,0.0,,0.0,,,1.0,,,-88,100,35,4,0,0,0,0,0,0.0,82,0.0,60,KMDW,,68,16,4,75,,,2,3,25,2,0,0,2,71,
2026-07-22 06:00:00,2026-07-23 21:00:00,NBS,77,49,120,5,,,,,,,,,-88,100,56,6,0,0,0,0,0,,85,,38,KMDW,,60,15,5,70,,,2,3,29,3,0,0,2,68,
2026-07-22 06:00:00,2026-07-24 00:00:00,NBS,76,50,160,6,0.0,0.0,0.0,0.0,,2.0,,2.0,-88,100,61,7,0,0,0,0,0,0.0,85,0.0,34,KMDW,0.0,46,15,6,25,80.0,2.0,2,3,33,4,0,0,3,66,
2026-07-22 06:00:00,2026-07-24 03:00:00,NBS,71,51,180,4,,,,,,,,,-88,100,67,5,0,0,0,0,0,,84,,28,KMDW,,30,18,4,0,,,2,3,30,2,0,2,2,63,
2026-07-22 06:00:00,2026-07-24 06:00:00,NBS,68,54,200,3,0.0,,0.0,,,2.0,,,-88,100,83,4,0,0,0,0,0,0.0,81,0.0,120,KMDW,,4,19,5,0,,,2,3,21,2,0,0,2,62,
2026-07-22 06:00:00,2026-07-24 09:00:00,NBS,65,55,210,2,,,,,,,,,-88,100,60,2,0,0,0,0,0,,79,,120,KMDW,,5,19,4,0,,,2,2,28,1,1,5,2,60,
2026-07-22 06:00:00,2026-07-24 12:00:00,NBS,66,55,200,0,0.0,0.0,0.0,0.0,,1.0,,2.0,-88,100,44,2,0,0,0,0,0,0.0,80,0.0,110,KMDW,0.0,6,19,4,5,64.0,3.0,2,2,29,2,0,4,2,62,
2026-07-22 06:00:00,2026-07-24 15:00:00,NBS,75,53,180,4,,,,,,,,,-88,100,32,4,0,0,0,0,1,,94,,150,KMDW,,57,18,6,43,,,2,4,19,2,0,0,3,68,
2026-07-22 06:00:00,2026-07-24 18:00:00,NBS,80,51,160,6,1.0,,0.0,,,1.0,,,-88,100,35,7,0,0,0,0,1,0.0,98,0.0,50,KMDW,,71,17,6,64,,,2,4,23,3,0,0,2,73,
2026-07-22 06:00:00,2026-07-24 21:00:00,NBS,80,52,180,9,,,,,,,,,-88,100,30,10,0,0,0,0,0,,100,,50,KMDW,,67,18,9,85,,,2,4,18,3,0,0,2,70,
2026-07-22 06:00:00,2026-07-25 00:00:00,NBS,78,52,200,10,0.0,1.0,0.0,0.0,,3.0,,3.0,-88,100,13,10,0,0,0,0,0,0.0,110,0.0,41,KMDW,0.0,55,19,10,64,82.0,2.0,3,5,14,4,0,0,2,68,
2026-07-22 06:00:00,2026-07-25 03:00:00,NBS,73,53,210,7,,,,,,,,,-88,100,10,7,0,0,0,0,0,,120,,36,KMDW,,15,22,7,2,,,3,5,10,3,0,0,2,65,
2026-07-22 06:00:00,2026-07-25 06:00:00,NBS,69,56,210,6,0.0,,0.0,,,3.0,,,-88,100,19,7,0,0,0,0,1,0.0,120,0.0,36,KMDW,,10,22,7,1,,,3,4,19,2,0,0,2,63,
2026-07-22 12:00:00,2026-07-22 18:00:00,NBS,72,50,30,10,9.0,,0.0,,3.0,1.0,,,-88,100,30,12,0,0,0,0,3,0.0,75,0.0,47,KMDW,,57,0,11,82,,,2,3,26,3,0,0,2,68,3/1
2026-07-22 12:00:00,2026-07-22 21:00:00,NBS,72,48,40,10,,,,,,,,,-88,100,17,12,0,0,0,0,0,,76,,110,KMDW,,53,1,11,72,,,2,3,20,3,0,0,2,64,
2026-07-22 12:00:00,2026-07-23 00:00:00,NBS,71,46,60,9,4.0,10.0,0.0,0.0,,2.0,,2.0,-88,100,9,9,0,0,0,0,0,0.0,78,0.0,50,KMDW,0.0,37,4,9,24,75.0,2.0,2,3,10,3,0,0,2,62,
2026-07-22 12:00:00,2026-07-23 03:00:00,NBS,67,48,50,3,,,,,,,,,-88,100,17,3,0,0,0,0,0,,78,,50,KMDW,,5,6,5,0,,,2,3,18,2,0,0,2,60,
2026-07-22 12:00:00,2026-07-23 06:00:00,NBS,64,51,290,3,0.0,,0.0,,,1.0,,,-88,100,21,3,0,0,0,0,0,0.0,79,0.0,50,KMDW,,6,1,4,0,,,2,3,29,1,0,0,2,59,
2026-07-22 12:00:00,2026-07-23 09:00:00,NBS,62,51,280,3,,,,,,,,,-88,100,22,3,0,0,0,0,0,,78,,70,KMDW,,4,29,4,0,,,2,2,30,2,1,0,2,57,
2026-07-22 12:00:00,2026-07-23 12:00:00,NBS,63,52,270,1,0.0,0.0,0.0,0.0,,1.0,,1.0,-88,100,7,3,0,0,0,0,0,0.0,76,0.0,37,KMDW,0.0,4,30,3,14,61.0,2.0,2,2,5,2,0,0,2,59,
2026-07-22 12:00:00,2026-07-23 15:00:00,NBS,73,51,150,0,,,,,,,,,-88,100,17,2,0,0,0,0,0,,77,,43,KMDW,,53,8,3,59,,,2,3,10,2,0,0,2,66,
2026-07-22 12:00:00,2026-07-23 18:00:00,NBS,77,49,180,3,0.0,,0.0,,,1.0,,,-88,100,29,3,0,0,0,0,0,0.0,81,0.0,50,KMDW,,66,11,3,83,,,2,3,25,2,0,0,3,71,
2026-07-22 12:00:00,2026-07-23 21:00:00,NBS,77,49,120,6,,,,,,,,,-88,100,53,7,0,0,0,0,0,,88,,60,KMDW,,63,14,6,60,,,2,3,29,3,0,0,2,68,
2026-07-22 12:00:00,2026-07-24 00:00:00,NBS,76,50,130,7,0.0,0.0,0.0,0.0,,2.0,,2.0,-88,100,56,7,0,0,0,0,0,0.0,87,0.0,49,KMDW,0.0,41,14,7,25,80.0,2.0,2,3,31,3,0,0,3,66,
2026-07-22 12:00:00,2026-07-24 03:00:00,NBS,71,51,160,5,,,,,,,,,-88,100,54,5,0,0,0,0,0,,84,,60,KMDW,,22,16,5,0,,,2,3,36,2,0,0,2,63,
2026-07-22 12:00:00,2026-07-24 06:00:00,NBS,67,54,190,3,0.0,,0.0,,,2.0,,,-88,100,75,4,0,0,0,0,0,0.0,82,0.0,160,KMDW,,6,18,4,0,,,3,3,20,2,0,0,2,62,
2026-07-22 12:00:00,2026-07-24 09:00:00,NBS,65,54,220,0,,,,,,,,,-88,100,68,2,0,0,0,0,0,,81,,130,KMDW,,4,21,3,0,,,3,2,25,1,0,5,2,61,
2026-07-22 12:00:00,2026-07-24 12:00:00,NBS,66,55,190,0,0.0,0.0,0.0,0.0,,1.0,,2.0,-88,100,56,2,0,0,0,0,0,0.0,85,0.0,180,KMDW,0.0,6,18,3,9,64.0,3.0,3,2,34,2,0,3,2,61,
2026-07-22 12:00:00,2026-07-24 15:00:00,NBS,75,53,170,4,,,,,,,,,-88,100,37,5,0,0,0,0,0,,84,,37,KMDW,,57,17,5,50,,,2,4,24,2,0,0,3,68,
2026-07-22 12:00:00,2026-07-24 18:00:00,NBS,80,51,160,6,0.0,,0.0,,,1.0,,,-88,100,36,7,0,0,0,0,0,0.0,91,0.0,45,KMDW,,66,17,6,79,,,2,4,29,3,0,0,2,73,
2026-07-22 12:00:00,2026-07-24 21:00:00,NBS,80,52,170,9,,,,,,,,,-88,100,41,10,0,0,0,0,0,,110,,50,KMDW,,66,19,9,85,,,3,4,24,3,0,0,2,70,
2026-07-22 12:00:00,2026-07-25 00:00:00,NBS,78,53,190,10,0.0,0.0,0.0,0.0,,3.0,,3.0,-88,100,22,10,0,0,0,0,0,0.0,120,0.0,44,KMDW,0.0,57,20,10,64,82.0,2.0,3,5,28,3,0,0,2,68,
2026-07-22 12:00:00,2026-07-25 03:00:00,NBS,73,53,200,7,,,,,,,,,-88,100,23,8,0,0,0,0,1,,120,,44,KMDW,,9,20,7,2,,,3,5,25,3,0,0,2,65,
2026-07-22 12:00:00,2026-07-25 06:00:00,NBS,69,55,210,6,0.0,,0.0,,,3.0,,,-88,100,25,7,0,0,0,0,3,0.0,120,0.0,36,KMDW,,5,21,6,1,,,3,4,22,2,0,0,1,63,
2026-07-22 12:00:00,2026-07-25 09:00:00,NBS,67,57,220,5,,,,,,,,,-88,100,45,6,1,0,0,0,2,,130,,50,KMDW,,4,23,6,0,,,3,4,28,2,0,0,2,62,
2026-07-22 12:00:00,2026-07-25 12:00:00,NBS,68,57,210,5,2.0,2.0,0.0,0.0,,3.0,,4.0,-88,100,53,6,2,0,0,0,2,0.0,130,0.0,36,KMDW,0.0,12,21,6,0,66.0,3.0,3,4,23,3,4,0,2,64,
2026-07-22 18:00:00,2026-07-23 00:00:00,NBS,70,46,60,9,0.0,,0.0,,5.0,2.0,3.0,,-88,100,5,9,0,0,0,0,0,0.0,77,0.0,60,KMDW,,34,4,9,23,,,2,3,4,3,0,0,2,62,5/2
2026-07-22 18:00:00,2026-07-23 03:00:00,NBS,67,47,70,3,,,,,,,,,-88,100,5,3,0,0,0,0,0,,78,,50,KMDW,,5,6,4,0,,,2,3,5,2,0,0,2,60,
2026-07-22 18:00:00,2026-07-23 06:00:00,NBS,64,50,280,2,0.0,,0.0,,,1.0,,,-88,100,6,3,0,0,0,0,0,0.0,77,0.0,44,KMDW,,4,30,4,0,,,2,3,6,1,0,0,2,59,
2026-07-22 18:00:00,2026-07-23 09:00:00,NBS,62,51,260,3,,,,,,,,,-88,100,10,3,0,0,0,0,0,,76,,90,KMDW,,4,27,5,0,,,3,2,9,2,0,4,2,58,
2026-07-22 18:00:00,2026-07-23 12:00:00,NBS,63,52,280,0,0.0,0.0,0.0,0.0,,1.0,,1.0,-88,100,4,3,0,0,0,0,0,0.0,76,0.0,50,KMDW,0.0,4,30,4,14,61.0,3.0,3,2,4,1,1,0,2,59,
2026-07-22 18:00:00,2026-07-23 15:00:00,NBS,73,51,200,0,,,,,,,,,-88,100,15,2,0,0,0,0,0,,75,,47,KMDW,,57,3,3,61,,,2,3,11,1,0,0,2,66,
2026-07-22 18:00:00,2026-07-23 18:00:00,NBS,77,49,120,1,0.0,,0.0,,,1.0,,,-88,100,33,3,0,0,0,0,0,0.0,82,0.0,60,KMDW,,67,11,3,74,,,2,3,25,2,0,0,3,71,
2026-07-22 18:00:00,2026-07-23 21:00:00,NBS,77,49,110,7,,,,,,,,,-88,100,48,7,0,0,0,0,0,,85,,60,KMDW,,61,16,7,59,,,2,3,27,3,0,0,3,68,
2026-07-22 18:00:00,2026-07-24 00:00:00,NBS,75,50,130,7,0.0,0.0,0.0,0.0,,2.0,,2.0,-88,100,55,7,0,0,0,0,0,0.0,85,0.0,50,KMDW,0.0,39,15,7,23,79.0,2.0,2,3,31,3,0,0,3,66,
2026-07-22 18:00:00,2026-07-24 03:00:00,NBS,71,51,170,4,,,,,,,,,-88,100,48,5,0,0,0,0,0,,82,,120,KMDW,,5,16,4,0,,,2,4,36,2,0,0,2,63,
2026-07-22 18:00:00,2026-07-24 06:00:00,NBS,68,54,200,3,0.0,,0.0,,,2.0,,,130,100,80,3,0,0,0,0,0,0.0,82,0.0,130,KMDW,,5,18,5,0,,,3,3,27,2,0,0,2,62,
2026-07-22 18:00:00,2026-07-24 09:00:00,NBS,65,54,220,0,,,,,,,,,-88,100,80,2,0,0,0,0,0,,80,,180,KMDW,,5,20,4,0,,,3,3,32,2,0,5,2,60,
2026-07-22 18:00:00,2026-07-24 12:00:00,NBS,66,54,190,0,0.0,0.0,0.0,0.0,,1.0,,2.0,-88,100,75,2,0,0,0,0,0,0.0,83,0.0,80,KMDW,0.0,6,19,4,9,64.0,3.0,3,3,19,2,2,6,2,62,
2026-07-22 18:00:00,2026-07-24 15:00:00,NBS,75,53,170,4,,,,,,,,,-88,100,52,5,0,0,0,0,0,,89,,25,KMDW,,54,19,5,48,,,2,4,29,2,0,0,3,67,
2026-07-22 18:00:00,2026-07-24 18:00:00,NBS,79,51,170,7,0.0,,0.0,,,1.0,,,-88,100,39,8,0,0,0,0,0,0.0,98,0.0,49,KMDW,,64,18,7,71,,,2,4,22,3,0,0,2,73,
2026-07-22 18:00:00,2026-07-24 21:00:00,NBS,80,52,170,9,,,,,,,,,-88,100,37,10,0,0,0,0,0,,100,,48,KMDW,,62,19,9,75,,,3,4,27,3,0,0,2,70,
2026-07-22 18:00:00,2026-07-25 00:00:00,NBS,78,53,190,10,0.0,0.0,0.0,0.0,,3.0,,3.0,-88,100,23,10,0,0,0,0,0,0.0,110,0.0,44,KMDW,0.0,53,20,10,39,82.0,2.0,3,5,24,3,0,0,2,68,
2026-07-22 18:00:00,2026-07-25 03:00:00,NBS,73,54,190,7,,,,,,,,,-88,100,18,8,0,0,0,0,0,,120,,44,KMDW,,6,20,7,2,,,3,5,24,3,0,0,2,65,
2026-07-22 18:00:00,2026-07-25 06:00:00,NBS,69,57,200,6,0.0,,0.0,,,3.0,,,-88,100,17,6,0,0,0,0,2,0.0,120,0.0,-88,KMDW,,5,20,7,1,,,3,4,20,2,0,0,1,64,
2026-07-22 18:00:00,2026-07-25 09:00:00,NBS,67,58,210,5,,,,,,,,,-88,100,40,6,1,0,0,0,3,,130,,41,KMDW,,5,21,7,0,,,3,3,27,3,0,4,2,62,
2026-07-22 18:00:00,2026-07-25 12:00:00,NBS,67,58,210,5,3.0,3.0,0.0,0.0,,3.0,,3.0,-88,100,50,6,2,0,0,0,3,0.0,130,0.0,33,KMDW,0.0,6,21,6,0,66.0,3.0,2,3,23,3,9,5,2,64,
2026-07-22 18:00:00,2026-07-25 15:00:00,NBS,75,59,210,8,,,,,,,,,26,90,53,10,3,0,0,0,1,,130,,19,KMDW,,26,21,8,5,,,3,4,28,3,19,8,2,69,
2026-07-22 18:00:00,2026-07-25 18:00:00,NBS,81,62,210,10,1.0,,0.0,,,5.0,,,16,100,51,12,3,0,0,0,2,0.0,130,0.0,16,KMDW,,37,21,10,9,,,4,5,28,3,21,8,2,76,
2026-07-23 00:00:00,2026-07-23 06:00:00,NBS,64,50,290,2,0.0,,0.0,,7.0,1.0,,,-88,100,5,2,0,0,0,0,0,0.0,77,0.0,47,KMDW,,4,31,3,0,,,2,2,5,1,0,0,2,58,7/1
2026-07-23 00:00:00,2026-07-23 09:00:00,NBS,62,51,260,3,,,,,,,,,-88,100,10,3,0,0,0,0,0,,75,,70,KMDW,,4,28,4,0,,,3,2,9,1,0,3,2,58,
2026-07-23 00:00:00,2026-07-23 12:00:00,NBS,63,51,280,0,0.0,0.0,0.0,0.0,,1.0,,1.0,-88,100,20,3,0,0,0,0,0,0.0,76,0.0,50,KMDW,0.0,5,29,3,15,61.0,3.0,3,2,26,1,0,2,2,59,
2026-07-23 00:00:00,2026-07-23 15:00:00,NBS,73,51,280,0,,,,,,,,,-88,100,20,2,0,0,0,0,0,,77,,50,KMDW,,58,1,3,59,,,2,2,18,1,0,0,2,66,
2026-07-23 00:00:00,2026-07-23 18:00:00,NBS,77,49,150,4,1.0,,0.0,,,1.0,,,-88,100,36,4,0,0,0,0,0,0.0,82,0.0,60,KMDW,,68,10,4,70,,,2,3,24,2,0,0,3,70,
2026-07-23 00:00:00,2026-07-23 21:00:00,NBS,77,49,100,6,,,,,,,,,-88,100,49,7,0,0,0,0,0,,85,,60,KMDW,,62,15,6,58,,,2,3,20,3,0,0,2,68,
2026-07-23 00:00:00,2026-07-24 00:00:00,NBS,75,50,120,7,0.0,1.0,0.0,0.0,,1.0,,1.0,130,100,59,7,0,0,0,0,0,0.0,85,0.0,50,KMDW,0.0,35,13,7,22,79.0,2.0,2,3,25,3,0,0,2,66,
2026-07-23 00:00:00,2026-07-24 03:00:00,NBS,71,51,160,4,,,,,,,,,170,100,58,4,0,0,0,0,0,,83,,110,KMDW,,5,14,4,0,,,3,3,29,2,0,1,2,63,
2026-07-23 00:00:00,2026-07-24 06:00:00,NBS,68,54,200,3,0.0,,0.0,,,2.0,,,130,100,75,3,0,0,0,0,0,0.0,82,0.0,130,KMDW,,5,18,5,0,,,3,3,26,2,0,1,2,62,
2026-07-23 00:00:00,2026-07-24 09:00:00,NBS,65,55,210,0,,,,,,,,,130,100,67,2,0,0,0,0,0,,81,,130,KMDW,,4,19,4,0,,,3,3,33,2,0,3,2,60,
2026-07-23 00:00:00,2026-07-24 12:00:00,NBS,66,55,190,0,0.0,0.0,0.0,0.0,,1.0,,2.0,250,100,77,2,0,0,0,0,0,0.0,85,0.0,190,KMDW,0.0,6,17,5,6,64.0,3.0,3,3,17,2,0,0,2,62,
2026-07-23 00:00:00,2026-07-24 15:00:00,NBS,75,53,170,4,,,,,,,,,-88,100,55,4,0,0,0,0,0,,89,,47,KMDW,,54,18,5,52,,,2,4,37,2,0,0,3,67,
2026-07-23 00:00:00,2026-07-24 18:00:00,NBS,79,52,160,6,0.0,,0.0,,,1.0,,,-88,100,59,7,0,0,0,0,0,0.0,98,0.0,34,KMDW,,68,19,6,66,,,2,4,38,3,0,0,2,73,
2026-07-23 00:00:00,2026-07-24 21:00:00,NBS,80,52,170,9,,,,,,,,,-88,100,35,10,0,0,0,0,0,,110,,34,KMDW,,63,19,9,65,,,3,4,25,3,0,0,2,70,
2026-07-23 00:00:00,2026-07-25 00:00:00,NBS,78,53,200,10,0.0,0.0,0.0,0.0,,3.0,,3.0,-88,100,21,10,0,0,0,0,0,0.0,110,0.0,41,KMDW,0.0,55,20,10,29,82.0,2.0,3,4,25,3,0,0,2,68,
2026-07-23 00:00:00,2026-07-25 03:00:00,NBS,72,54,200,7,,,,,,,,,-88,100,21,7,0,0,0,0,0,,120,,70,KMDW,,24,20,9,1,,,3,5,24,3,0,0,2,65,
2026-07-23 00:00:00,2026-07-25 06:00:00,NBS,68,57,210,6,0.0,,0.0,,,3.0,,,-88,100,19,7,0,0,0,0,1,0.0,120,0.0,47,KMDW,,6,22,7,0,,,3,4,21,2,2,0,2,64,
2026-07-23 00:00:00,2026-07-25 09:00:00,NBS,66,58,220,6,,,,,,,,,-88,100,39,6,1,0,0,0,1,,130,,42,KMDW,,12,23,7,0,,,3,3,26,2,4,5,2,62,
2026-07-23 00:00:00,2026-07-25 12:00:00,NBS,67,59,210,5,2.0,2.0,0.0,0.0,,3.0,,4.0,-88,90,55,6,2,0,0,0,2,0.0,130,0.0,27,KMDW,0.0,12,22,6,0,66.0,3.0,2,3,26,3,17,8,2,64,
2026-07-23 00:00:00,2026-07-25 15:00:00,NBS,75,59,210,8,,,,,,,,,10,40,60,10,4,0,0,0,1,,130,,10,KMDW,,24,20,8,3,,,3,4,28,3,29,14,2,69,
2026-07-23 00:00:00,2026-07-25 18:00:00,NBS,81,62,210,10,1.0,,0.0,,,5.0,,,8,40,48,12,4,0,0,0,1,0.0,130,0.0,8,KMDW,,34,21,10,8,,,4,5,31,4,26,11,2,77,
2026-07-23 00:00:00,2026-07-25 21:00:00,NBS,84,64,220,11,,,,,,,,,25,100,57,14,5,0,0,0,1,,130,,22,KMDW,,43,23,11,37,,,4,5,32,4,14,5,2,77,
2026-07-23 00:00:00,2026-07-26 00:00:00,NBS,83,66,230,10,0.0,1.0,0.0,0.0,,7.0,,10.0,-88,100,36,12,6,0,0,0,1,0.0,120,0.0,50,KMDW,0.0,35,24,10,34,85.0,3.0,4,5,25,4,1,3,2,76,
2026-07-23 06:00:00,2026-07-23 12:00:00,NBS,63,50,290,0,1.0,,0.0,,22.0,1.0,16.0,,-88,100,2,3,0,0,0,0,0,0.0,78,0.0,60,KMDW,,4,30,4,15,,,3,2,5,1,0,0,2,59,22/1
2026-07-23 06:00:00,2026-07-23 15:00:00,NBS,73,50,150,0,,,,,,,,,-88,100,17,2,0,0,0,0,0,,78,,50,KMDW,,57,36,3,62,,,2,2,22,1,0,0,1,66,
2026-07-23 06:00:00,2026-07-23 18:00:00,NBS,77,48,130,3,0.0,,0.0,,,1.0,,,-88,100,44,4,0,0,0,0,0,0.0,83,0.0,60,KMDW,,69,15,3,71,,,2,3,29,2,0,0,3,70,
2026-07-23 06:00:00,2026-07-23 21:00:00,NBS,77,48,120,6,,,,,,,,,-88,100,51,7,0,0,0,0,0,,85,,60,KMDW,,66,16,6,65,,,2,3,36,3,0,0,2,67,
2026-07-23 06:00:00,2026-07-24 00:00:00,NBS,75,49,110,6,0.0,0.0,0.0,0.0,,1.0,,1.0,-88,100,53,7,0,0,0,0,0,0.0,85,0.0,90,KMDW,0.0,38,15,6,23,79.0,2.0,2,3,36,3,0,0,2,66,
2026-07-23 06:00:00,2026-07-24 03:00:00,NBS,71,50,140,4,,,,,,,,,180,100,69,4,0,0,0,0,0,,83,,140,KMDW,,5,15,5,0,,,2,4,31,2,0,0,2,63,
2026-07-23 06:00:00,2026-07-24 06:00:00,NBS,67,53,190,2,0.0,,0.0,,,2.0,,,160,100,61,3,0,0,0,0,0,0.0,80,0.0,160,KMDW,,4,17,5,0,,,3,3,35,2,0,0,2,62,
2026-07-23 06:00:00,2026-07-24 09:00:00,NBS,65,54,230,0,,,,,,,,,130,100,68,2,0,0,0,0,0,,79,,130,KMDW,,4,19,4,0,,,3,3,37,2,0,0,2,60,
2026-07-23 06:00:00,2026-07-24 12:00:00,NBS,66,54,180,0,0.0,0.0,0.0,0.0,,1.0,,2.0,230,100,72,2,0,0,0,0,0,0.0,80,0.0,200,KMDW,0.0,5,17,4,11,64.0,3.0,3,3,23,2,0,0,2,61,
2026-07-23 06:00:00,2026-07-24 15:00:00,NBS,74,53,170,4,,,,,,,,,240,100,62,4,0,0,0,0,0,,82,,190,KMDW,,45,18,5,44,,,2,4,36,2,0,0,3,67,
2026-07-23 06:00:00,2026-07-24 18:00:00,NBS,79,51,150,6,0.0,,0.0,,,1.0,,,-88,100,46,7,0,0,0,0,0,0.0,89,0.0,70,KMDW,,62,18,6,81,,,2,4,30,3,0,0,3,72,
2026-07-23 06:00:00,2026-07-24 21:00:00,NBS,79,52,170,9,,,,,,,,,-88,100,23,9,0,0,0,0,0,,98,,35,KMDW,,62,18,9,62,,,3,4,24,3,0,0,2,70,
2026-07-23 06:00:00,2026-07-25 00:00:00,NBS,77,53,200,9,0.0,1.0,0.0,0.0,,2.0,,2.0,-88,100,22,10,0,0,0,0,0,0.0,100,0.0,27,KMDW,0.0,49,19,9,26,81.0,2.0,3,4,19,4,0,0,2,68,
2026-07-23 06:00:00,2026-07-25 03:00:00,NBS,72,54,210,7,,,,,,,,,-88,100,10,7,0,0,0,0,0,,110,,24,KMDW,,11,21,8,0,,,3,4,5,3,0,0,2,64,
2026-07-23 06:00:00,2026-07-25 06:00:00,NBS,68,57,220,5,0.0,,0.0,,,3.0,,,-88,100,8,6,0,0,0,0,0,0.0,110,0.0,36,KMDW,,5,23,7,0,,,3,3,6,2,0,0,2,63,
2026-07-23 06:00:00,2026-07-25 09:00:00,NBS,66,58,220,5,,,,,,,,,-88,100,43,5,1,0,0,0,0,,120,,44,KMDW,,8,23,6,0,,,3,3,33,3,0,4,2,62,
2026-07-23 06:00:00,2026-07-25 12:00:00,NBS,67,59,200,5,2.0,2.0,0.0,0.0,,3.0,,4.0,49,100,55,5,2,0,0,0,1,0.0,120,0.0,31,KMDW,0.0,11,21,6,3,65.0,3.0,2,3,34,3,3,0,2,64,
2026-07-23 06:00:00,2026-07-25 15:00:00,NBS,74,59,210,8,,,,,,,,,20,100,64,9,3,0,0,0,1,,120,,20,KMDW,,22,21,9,15,,,3,4,27,3,7,0,2,69,
2026-07-23 06:00:00,2026-07-25 18:00:00,NBS,81,62,210,9,2.0,,0.0,,,7.0,,,43,100,54,11,4,0,0,0,1,0.0,120,0.0,20,KMDW,,36,22,10,24,,,4,4,27,5,3,1,3,76,
2026-07-23 06:00:00,2026-07-25 21:00:00,NBS,83,64,230,10,,,,,,,,,50,100,50,12,7,0,0,0,0,,130,,25,KMDW,,46,23,11,72,,,4,4,24,4,0,0,2,76,
2026-07-23 06:00:00,2026-07-26 00:00:00,NBS,82,66,230,10,0.0,1.0,0.0,0.0,,16.0,,16.0,-88,100,46,11,12,0,0,0,1,0.0,120,0.0,25,KMDW,0.0,29,23,10,45,85.0,3.0,4,4,20,3,0,2,2,75,
2026-07-23 06:00:00,2026-07-26 03:00:00,NBS,78,67,230,7,,,,,,,,,-88,100,42,7,11,0,0,0,1,,120,,31,KMDW,,10,22,7,0,,,3,4,27,3,3,3,2,73,
2026-07-23 06:00:00,2026-07-26 06:00:00,NBS,74,68,230,6,3.0,,0.0,,,22.0,,,-88,30,39,7,9,0,0,0,1,0.0,120,0.0,36,KMDW,,9,24,9,0,,,3,3,30,3,20,10,2,71,
2026-07-23 12:00:00,2026-07-23 18:00:00,NBS,76,48,110,4,0.0,,0.0,,12.0,1.0,,,-88,100,25,4,0,0,0,0,0,0.0,81,0.0,60,KMDW,,71,21,4,90,,,2,2,35,2,0,0,3,70,12/1
2026-07-23 12:00:00,2026-07-23 21:00:00,NBS,76,48,110,6,,,,,,,,,-88,100,24,7,0,0,0,0,0,,84,,60,KMDW,,67,15,6,72,,,2,3,36,3,0,0,2,67,
2026-07-23 12:00:00,2026-07-24 00:00:00,NBS,75,48,110,7,0.0,0.0,0.0,0.0,,1.0,,1.0,-88,100,43,7,0,0,0,0,0,0.0,84,0.0,70,KMDW,0.0,37,14,7,23,79.0,2.0,2,3,40,3,0,0,3,66,
2026-07-23 12:00:00,2026-07-24 03:00:00,NBS,71,50,140,4,,,,,,,,,130,100,75,5,0,0,0,0,0,,83,,120,KMDW,,5,15,5,0,,,3,3,29,2,0,0,2,62,
2026-07-23 12:00:00,2026-07-24 06:00:00,NBS,67,53,200,2,0.0,,0.0,,,2.0,,,190,100,68,3,0,0,0,0,0,0.0,80,0.0,190,KMDW,,4,18,5,0,,,3,3,30,2,0,0,2,61,
2026-07-23 12:00:00,2026-07-24 09:00:00,NBS,65,54,210,0,,,,,,,,,170,100,81,2,0,0,0,0,0,,80,,170,KMDW,,4,20,4,0,,,3,3,24,2,0,0,2,61,
2026-07-23 12:00:00,2026-07-24 12:00:00,NBS,66,54,200,0,0.0,0.0,0.0,0.0,,1.0,,2.0,210,100,78,2,0,0,0,0,0,0.0,81,0.0,170,KMDW,0.0,5,20,4,9,64.0,3.0,3,3,25,2,0,0,2,61,
2026-07-23 12:00:00,2026-07-24 15:00:00,NBS,74,52,160,3,,,,,,,,,-88,100,55,4,0,0,0,0,0,,84,,140,KMDW,,43,16,5,57,,,2,3,39,2,0,0,3,67,
2026-07-23 12:00:00,2026-07-24 18:00:00,NBS,79,51,150,6,1.0,,0.0,,,2.0,,,130,100,61,6,0,0,0,0,0,0.0,91,0.0,100,KMDW,,61,18,6,78,,,2,4,32,3,0,0,3,72,
2026-07-23 12:00:00,2026-07-24 21:00:00,NBS,79,52,140,9,,,,,,,,,-88,100,38,9,0,0,0,0,0,,100,,130,KMDW,,62,18,9,72,,,3,3,36,3,0,0,2,70,
2026-07-23 12:00:00,2026-07-25 00:00:00,NBS,77,53,180,9,1.0,1.0,0.0,0.0,,2.0,,2.0,-88,100,27,10,0,0,0,0,0,0.0,110,0.0,50,KMDW,0.0,41,20,9,24,82.0,2.0,3,4,24,4,0,0,3,69,
2026-07-23 12:00:00,2026-07-25 03:00:00,NBS,72,54,210,7,,,,,,,,,-88,100,19,7,0,0,0,0,0,,120,,28,KMDW,,17,21,8,0,,,3,4,19,3,0,0,2,65,
2026-07-23 12:00:00,2026-07-25 06:00:00,NBS,68,57,220,6,1.0,,0.0,,,4.0,,,-88,100,21,6,1,0,0,0,0,0.0,120,0.0,46,KMDW,,10,21,8,0,,,3,3,20,2,1,0,2,63,
2026-07-23 12:00:00,2026-07-25 09:00:00,NBS,66,58,210,5,,,,,,,,,-88,100,51,5,2,0,0,0,6,,120,,30,KMDW,,12,21,7,0,,,3,3,37,2,0,0,2,62,
2026-07-23 12:00:00,2026-07-25 12:00:00,NBS,67,59,200,5,2.0,3.0,0.0,0.0,,5.0,,7.0,50,100,52,6,4,0,0,0,6,0.0,130,0.0,21,KMDW,0.0,12,21,7,5,65.0,3.0,2,3,35,3,4,0,2,64,
2026-07-23 12:00:00,2026-07-25 15:00:00,NBS,74,60,200,8,,,,,,,,,29,100,75,10,6,0,0,0,8,,130,,15,KMDW,,17,21,10,11,,,3,4,27,3,11,5,2,69,
2026-07-23 12:00:00,2026-07-25 18:00:00,NBS,81,63,210,9,4.0,,0.0,,,8.0,,,23,100,59,12,5,0,0,0,8,0.0,120,0.0,16,KMDW,,28,22,10,21,,,4,5,29,4,15,5,3,77,
2026-07-23 12:00:00,2026-07-25 21:00:00,NBS,84,65,230,10,,,,,,,,,-88,100,49,13,7,0,0,0,1,,120,,20,KMDW,,39,23,10,35,,,4,4,28,4,4,2,3,77,
2026-07-23 12:00:00,2026-07-26 00:00:00,NBS,83,66,240,10,1.0,4.0,0.0,0.0,,11.0,,15.0,-88,100,41,12,8,0,0,0,11,0.0,120,0.0,15,KMDW,0.0,31,24,10,29,85.0,3.0,4,4,24,4,0,0,2,76,
2026-07-23 12:00:00,2026-07-26 03:00:00,NBS,78,67,230,7,,,,,,,,,-88,100,46,8,7,0,0,0,3,,120,,28,KMDW,,10,23,7,0,,,3,4,32,4,6,3,2,73,
2026-07-23 12:00:00,2026-07-26 06:00:00,NBS,75,68,230,7,5.0,,0.0,,,12.0,,,-88,40,47,7,6,0,0,0,3,0.0,110,0.0,27,KMDW,,5,24,8,0,,,3,4,34,4,4,10,2,71,
2026-07-23 12:00:00,2026-07-26 09:00:00,NBS,73,69,250,6,,,,,,,,,-88,40,42,7,5,0,0,0,1,,110,,29,KMDW,,10,26,8,0,,,2,3,32,3,13,11,2,71,
2026-07-23 12:00:00,2026-07-26 12:00:00,NBS,74,69,240,5,3.0,8.0,0.0,0.0,,12.0,,13.0,-88,30,35,6,6,0,0,0,1,0.0,120,0.0,5,KMDW,0.0,10,25,7,0,72.0,3.0,2,3,31,3,10,17,2,72,
2026-07-23 18:00:00,2026-07-24 00:00:00,NBS,75,48,120,7,0.0,,0.0,,17.0,1.0,17.0,,-88,100,24,7,0,0,0,0,0,0.0,85,0.0,90,KMDW,,41,14,7,21,,,2,3,30,3,0,0,3,66,17/1
2026-07-23 18:00:00,2026-07-24 03:00:00,NBS,71,50,120,4,,,,,,,,,-88,100,55,4,0,0,0,0,0,,83,,170,KMDW,,5,14,5,0,,,2,3,28,2,0,0,2,63,
2026-07-23 18:00:00,2026-07-24 06:00:00,NBS,68,53,210,3,0.0,,0.0,,,2.0,,,130,100,66,3,0,0,0,0,0,0.0,81,0.0,130,KMDW,,4,18,4,0,,,3,3,32,2,0,0,2,61,
2026-07-23 18:00:00,2026-07-24 09:00:00,NBS,66,54,200,0,,,,,,,,,130,100,68,2,0,0,0,0,0,,80,,130,KMDW,,4,18,4,0,,,3,2,32,2,2,5,2,61,
2026-07-23 18:00:00,2026-07-24 12:00:00,NBS,66,54,190,0,0.0,0.0,0.0,0.0,,1.0,,2.0,170,100,70,2,0,0,0,0,0,0.0,88,0.0,170,KMDW,0.0,4,17,3,12,64.0,3.0,3,2,27,2,0,0,2,61,
2026-07-23 18:00:00,2026-07-24 15:00:00,NBS,74,53,150,3,,,,,,,,,130,100,83,4,0,0,0,0,0,,90,,130,KMDW,,36,15,5,52,,,2,3,20,2,0,0,2,67,
2026-07-23 18:00:00,2026-07-24 18:00:00,NBS,79,51,140,6,1.0,,0.0,,,2.0,,,-88,100,38,7,0,0,0,0,0,0.0,110,0.0,90,KMDW,,63,18,6,81,,,2,3,42,3,0,0,2,72,
2026-07-23 18:00:00,2026-07-24 21:00:00,NBS,80,52,150,8,,,,,,,,,-88,100,29,9,0,0,0,0,0,,120,,100,KMDW,,61,18,8,72,,,2,3,30,3,0,0,2,70,
2026-07-23 18:00:00,2026-07-25 00:00:00,NBS,78,53,170,9,1.0,1.0,0.0,0.0,,2.0,,2.0,-88,100,9,10,0,0,0,0,0,0.0,120,0.0,45,KMDW,0.0,42,19,9,26,82.0,2.0,3,3,12,4,0,0,2,69,
2026-07-23 18:00:00,2026-07-25 03:00:00,NBS,72,55,190,7,,,,,,,,,-88,100,7,7,0,0,0,0,0,,130,,60,KMDW,,5,19,7,0,,,3,3,7,3,0,0,2,65,
2026-07-23 18:00:00,2026-07-25 06:00:00,NBS,68,57,210,6,1.0,,0.0,,,4.0,,,-88,100,14,6,1,0,0,0,0,0.0,130,0.0,90,KMDW,,4,22,7,0,,,3,3,11,2,0,0,2,63,
2026-07-23 18:00:00,2026-07-25 09:00:00,NBS,66,58,200,5,,,,,,,,,-88,100,39,5,1,0,0,0,0,,130,,36,KMDW,,6,23,6,0,,,3,2,32,2,0,3,2,62,
2026-07-23 18:00:00,2026-07-25 12:00:00,NBS,67,59,200,6,3.0,3.0,0.0,0.0,,5.0,,7.0,46,100,50,6,4,0,0,0,1,0.0,130,0.0,34,KMDW,0.0,8,22,7,9,65.0,3.0,2,3,30,3,2,4,2,64,
2026-07-23 18:00:00,2026-07-25 15:00:00,NBS,74,61,210,8,,,,,,,,,16,100,57,10,6,0,0,0,1,,120,,12,KMDW,,18,20,9,37,,,3,3,28,3,12,5,2,70,
2026-07-23 18:00:00,2026-07-25 18:00:00,NBS,80,64,210,9,18.0,,0.0,,,9.0,,,22,100,53,12,5,0,0,0,1,0.0,120,0.0,16,KMDW,,31,22,10,58,,,4,4,32,4,10,0,3,77,
2026-07-23 18:00:00,2026-07-25 21:00:00,NBS,83,66,230,10,,,,,,,,,49,100,54,13,7,0,0,0,0,,120,,22,KMDW,,37,24,11,63,,,3,3,28,4,3,0,3,77,
2026-07-23 18:00:00,2026-07-26 00:00:00,NBS,83,67,230,10,1.0,4.0,0.0,0.0,,13.0,,17.0,-88,100,44,11,8,0,0,0,6,0.0,130,0.0,19,KMDW,0.0,29,24,10,28,85.0,3.0,3,4,19,4,0,1,2,76,
2026-07-23 18:00:00,2026-07-26 03:00:00,NBS,78,68,220,7,,,,,,,,,-88,100,32,8,7,0,0,0,1,,120,,24,KMDW,,5,22,7,1,,,3,3,28,3,0,0,2,74,
2026-07-23 18:00:00,2026-07-26 06:00:00,NBS,75,69,230,7,2.0,,0.0,,,13.0,,,-88,100,44,8,6,0,0,0,2,0.0,110,0.0,70,KMDW,,5,24,7,0,,,2,3,29,3,2,7,2,72,
2026-07-23 18:00:00,2026-07-26 09:00:00,NBS,73,70,230,7,,,,,,,,,-88,40,44,8,7,0,0,0,3,,120,,5,KMDW,,5,24,7,0,,,2,3,37,3,11,12,2,72,
2026-07-23 18:00:00,2026-07-26 12:00:00,NBS,74,70,240,6,3.0,5.0,0.0,0.0,,15.0,,17.0,-88,50,38,6,7,0,0,0,3,0.0,120,0.0,3,KMDW,0.0,5,24,7,1,72.0,2.0,2,3,28,4,16,11,3,73,
2026-07-23 18:00:00,2026-07-26 15:00:00,NBS,84,71,250,6,,,,,,,,,-88,100,45,7,8,0,0,0,2,,120,,12,KMDW,,22,26,8,39,,,2,3,18,4,8,2,3,79,
2026-07-23 18:00:00,2026-07-26 18:00:00,NBS,90,71,240,8,5.0,,0.0,,,17.0,,,-88,100,51,10,7,0,0,0,3,0.0,130,0.0,29,KMDW,,47,25,9,59,,,3,4,25,6,1,0,3,85,
2026-07-24 00:00:00,2026-07-24 06:00:00,NBS,67,53,220,1,0.0,,0.0,,23.0,1.0,,,130,100,70,2,0,0,0,0,0,0.0,82,0.0,130,KMDW,,4,19,4,0,,,3,3,33,2,3,3,2,61,23/1
2026-07-24 00:00:00,2026-07-24 09:00:00,NBS,65,54,220,0,,,,,,,,,130,100,65,1,0,0,0,0,0,,81,,130,KMDW,,4,19,3,0,,,3,3,32,2,2,9,2,60,
2026-07-24 00:00:00,2026-07-24 12:00:00,NBS,66,54,190,0,1.0,0.0,0.0,0.0,,1.0,,1.0,210,100,67,2,0,0,0,0,0,0.0,87,0.0,200,KMDW,0.0,4,17,4,12,64.0,3.0,3,2,28,2,0,0,2,61,
2026-07-24 00:00:00,2026-07-24 15:00:00,NBS,74,53,150,3,,,,,,,,,180,100,80,4,0,0,0,0,0,,89,,170,KMDW,,40,15,4,48,,,2,3,28,2,0,0,3,67,
2026-07-24 00:00:00,2026-07-24 18:00:00,NBS,79,51,140,6,1.0,,0.0,,,1.0,,,-88,100,47,6,0,0,0,0,0,0.0,110,0.0,150,KMDW,,64,17,6,62,,,2,3,36,3,1,0,3,72,
2026-07-24 00:00:00,2026-07-24 21:00:00,NBS,80,52,140,8,,,,,,,,,-88,100,35,8,0,0,0,0,0,,120,,100,KMDW,,58,19,8,68,,,2,3,34,3,0,0,2,70,
2026-07-24 00:00:00,2026-07-25 00:00:00,NBS,78,54,170,9,0.0,1.0,0.0,0.0,,1.0,,1.0,-88,100,16,10,0,0,0,0,0,0.0,120,0.0,90,KMDW,0.0,43,19,9,26,82.0,2.0,2,3,16,4,0,0,2,69,
2026-07-24 00:00:00,2026-07-25 03:00:00,NBS,72,55,180,7,,,,,,,,,-88,100,12,7,1,0,0,0,0,,130,,110,KMDW,,5,19,7,0,,,3,4,12,3,0,0,2,65,
2026-07-24 00:00:00,2026-07-25 06:00:00,NBS,68,57,200,6,1.0,,0.0,,,4.0,,,-88,100,15,6,1,0,0,0,0,0.0,130,0.0,100,KMDW,,4,20,6,0,,,2,3,10,2,0,0,2,63,
2026-07-24 00:00:00,2026-07-25 09:00:00,NBS,66,59,190,5,,,,,,,,,-88,100,22,5,0,0,0,0,0,,130,,60,KMDW,,4,21,6,0,,,2,2,31,2,0,0,2,63,
2026-07-24 00:00:00,2026-07-25 12:00:00,NBS,68,59,200,5,3.0,1.0,0.0,0.0,,3.0,,4.0,-88,100,52,6,2,0,0,0,0,0.0,130,0.0,40,KMDW,0.0,5,22,7,9,65.0,3.0,2,2,31,2,0,0,2,64,
2026-07-24 00:00:00,2026-07-25 15:00:00,NBS,74,62,210,8,,,,,,,,,24,100,64,10,4,0,0,0,0,,120,,10,KMDW,,19,20,10,31,,,3,3,22,3,15,7,2,70,
2026-07-24 00:00:00,2026-07-25 18:00:00,NBS,81,65,210,9,1.0,,0.0,,,7.0,,,14,100,65,12,4,0,0,0,0,0.0,120,0.0,12,KMDW,,30,22,10,55,,,3,3,24,4,18,4,3,77,
2026-07-24 00:00:00,2026-07-25 21:00:00,NBS,84,66,230,10,,,,,,,,,-88,100,37,12,6,0,0,0,1,,130,,13,KMDW,,36,25,11,59,,,3,3,30,4,3,0,2,77,
2026-07-24 00:00:00,2026-07-26 00:00:00,NBS,83,67,230,10,0.0,4.0,0.0,0.0,,10.0,,12.0,-88,100,35,11,7,0,0,0,1,0.0,130,0.0,19,KMDW,0.0,26,24,10,22,85.0,3.0,3,4,29,3,0,0,2,77,
2026-07-24 00:00:00,2026-07-26 03:00:00,NBS,78,69,220,7,,,,,,,,,-88,100,48,8,5,0,0,0,2,,120,,20,KMDW,,10,22,7,0,,,2,3,35,3,0,1,2,73,
2026-07-24 00:00:00,2026-07-26 06:00:00,NBS,75,70,220,7,2.0,,0.0,,,9.0,,,-88,100,64,8,5,0,0,0,2,0.0,120,0.0,19,KMDW,,6,23,8,0,,,2,3,25,3,1,3,2,72,
2026-07-24 00:00:00,2026-07-26 09:00:00,NBS,73,70,230,7,,,,,,,,,-88,100,50,7,8,0,0,0,3,,120,,24,KMDW,,5,24,9,0,,,2,2,37,3,6,6,2,72,
2026-07-24 00:00:00,2026-07-26 12:00:00,NBS,74,71,230,6,11.0,14.0,0.0,0.0,,18.0,,18.0,-88,40,40,6,10,0,0,0,4,0.0,120,0.0,5,KMDW,0.0,6,23,8,1,72.0,2.0,2,2,26,3,18,13,2,73,
2026-07-24 00:00:00,2026-07-26 15:00:00,NBS,83,72,240,7,,,,,,,,,-88,100,48,7,10,0,0,0,2,,120,,90,KMDW,,25,25,8,40,,,2,3,26,4,7,1,3,79,
2026-07-24 00:00:00,2026-07-26 18:00:00,NBS,89,71,230,8,5.0,,0.0,,,19.0,,,110,100,59,10,9,0,0,0,3,0.0,130,0.0,90,KMDW,,45,25,11,59,,,3,4,19,6,0,0,3,84,
2026-07-24 00:00:00,2026-07-26 21:00:00,NBS,90,70,240,10,,,,,,,,,100,100,65,13,10,0,0,0,3,,130,,70,KMDW,,43,26,14,74,,,3,4,21,7,0,0,4,81,
2026-07-24 00:00:00,2026-07-27 00:00:00,NBS,88,70,240,12,5.0,11.0,3.0,3.0,,23.0,,28.0,-88,100,55,14,10,0,0,0,16,0.0,130,0.0,180,KMDW,1.0,28,26,13,54,91.0,2.0,4,5,27,7,0,1,4,80,
2026-07-24 06:00:00,2026-07-24 12:00:00,NBS,66,54,200,0,1.0,,0.0,,24.0,1.0,29.0,,210,100,73,2,0,0,0,0,0,0.0,80,0.0,190,KMDW,,4,20,3,10,,,3,2,24,2,0,0,2,61,24/1
2026-07-24 06:00:00,2026-07-24 15:00:00,NBS,74,52,160,3,,,,,,,,,240,100,94,3,0,0,0,0,0,,92,,200,KMDW,,37,17,4,46,,,2,3,8,1,0,0,2,66,
2026-07-24 06:00:00,2026-07-24 18:00:00,NBS,79,50,160,5,3.0,,0.0,,,1.0,,,220,100,82,5,0,0,0,0,0,0.0,110,0.0,190,KMDW,,63,17,5,77,,,2,3,16,2,0,0,2,70,
2026-07-24 06:00:00,2026-07-24 21:00:00,NBS,80,51,150,7,,,,,,,,,-88,100,33,8,0,0,0,0,0,,110,,110,KMDW,,62,19,7,62,,,2,3,23,3,0,0,2,70,
2026-07-24 06:00:00,2026-07-25 00:00:00,NBS,78,52,180,9,0.0,3.0,0.0,0.0,,1.0,,1.0,-88,100,12,9,0,0,0,0,0,0.0,110,0.0,43,KMDW,0.0,36,19,9,24,82.0,2.0,2,4,17,3,0,0,2,69,
2026-07-24 06:00:00,2026-07-25 03:00:00,NBS,72,54,180,6,,,,,,,,,-88,100,4,6,0,0,0,0,0,,120,,38,KMDW,,4,18,6,0,,,2,4,5,2,0,0,2,65,
2026-07-24 06:00:00,2026-07-25 06:00:00,NBS,68,57,190,5,1.0,,0.0,,,3.0,,,-88,100,11,6,1,0,0,0,0,0.0,120,0.0,130,KMDW,,4,20,6,0,,,3,3,8,2,0,0,1,63,
2026-07-24 06:00:00,2026-07-25 09:00:00,NBS,66,58,200,5,,,,,,,,,-88,100,33,5,0,0,0,0,0,,130,,100,KMDW,,4,21,7,0,,,2,3,21,2,0,0,1,62,
2026-07-24 06:00:00,2026-07-25 12:00:00,NBS,67,59,190,5,2.0,1.0,0.0,0.0,,2.0,,3.0,-88,100,55,6,1,0,0,0,0,0.0,130,0.0,60,KMDW,0.0,5,21,6,6,65.0,2.0,2,3,33,2,0,0,2,64,
2026-07-24 06:00:00,2026-07-25 15:00:00,NBS,75,61,220,8,,,,,,,,,35,100,57,10,3,0,0,0,0,,120,,35,KMDW,,26,22,8,50,,,3,4,32,3,0,0,2,70,
2026-07-24 06:00:00,2026-07-25 18:00:00,NBS,81,64,210,10,2.0,,0.0,,,3.0,,,27,100,58,12,2,0,0,0,0,0.0,120,0.0,27,KMDW,,38,22,10,56,,,4,4,41,3,1,0,2,77,
2026-07-24 06:00:00,2026-07-25 21:00:00,NBS,84,66,230,10,,,,,,,,,49,100,39,13,4,0,0,0,0,,120,,21,KMDW,,38,25,10,53,,,3,3,31,3,1,0,2,77,
2026-07-24 06:00:00,2026-07-26 00:00:00,NBS,83,67,230,10,1.0,3.0,0.0,0.0,,9.0,,9.0,-88,100,28,11,7,0,0,0,0,0.0,120,0.0,16,KMDW,0.0,29,25,10,17,85.0,3.0,3,3,31,3,0,0,2,77,
2026-07-24 06:00:00,2026-07-26 03:00:00,NBS,78,68,220,7,,,,,,,,,-88,100,47,7,7,0,0,0,6,,120,,25,KMDW,,11,23,7,0,,,3,3,32,2,0,1,2,74,
2026-07-24 06:00:00,2026-07-26 06:00:00,NBS,74,69,230,7,2.0,,0.0,,,11.0,,,-88,80,56,7,6,0,0,0,10,0.0,120,0.0,43,KMDW,,11,23,8,0,,,2,2,28,3,9,8,1,72,
2026-07-24 06:00:00,2026-07-26 09:00:00,NBS,73,70,240,6,,,,,,,,,-88,50,51,7,9,0,0,0,6,,120,,6,KMDW,,12,24,8,0,,,2,2,29,3,12,10,2,72,
2026-07-24 06:00:00,2026-07-26 12:00:00,NBS,74,70,230,6,4.0,6.0,0.0,0.0,,18.0,,18.0,-88,30,51,6,10,0,0,0,12,0.0,130,0.0,50,KMDW,0.0,11,24,7,2,72.0,2.0,2,2,28,3,16,16,2,72,
2026-07-24 06:00:00,2026-07-26 15:00:00,NBS,83,72,230,7,,,,,,,,,14,100,59,8,8,0,0,0,13,,130,,14,KMDW,,23,24,8,37,,,3,3,22,4,21,4,3,79,
2026-07-24 06:00:00,2026-07-26 18:00:00,NBS,89,72,240,8,5.0,,0.0,,,19.0,,,50,100,67,9,10,0,0,0,14,0.0,130,0.0,41,KMDW,,44,25,9,52,,,3,4,15,6,1,0,4,84,
2026-07-24 06:00:00,2026-07-26 21:00:00,NBS,90,71,230,12,,,,,,,,,-88,100,54,15,12,0,0,0,4,,130,,26,KMDW,,44,24,12,75,,,3,5,21,7,0,1,4,82,
2026-07-24 06:00:00,2026-07-27 00:00:00,NBS,88,72,240,12,6.0,8.0,0.0,0.0,,27.0,,29.0,-88,100,36,15,9,0,0,0,5,0.0,130,0.0,90,KMDW,0.0,30,25,12,55,91.0,3.0,3,5,25,6,0,0,3,81,
2026-07-24 06:00:00,2026-07-27 03:00:00,NBS,83,72,220,9,,,,,,,,,-88,100,40,10,13,0,0,0,1,,130,,90,KMDW,,6,23,9,2,,,3,5,23,5,3,1,3,78,
2026-07-24 06:00:00,2026-07-27 06:00:00,NBS,79,72,200,9,2.0,,0.0,,,24.0,,,-88,100,44,10,14,0,0,0,2,0.0,130,0.0,90,KMDW,,5,20,9,1,,,3,4,19,5,2,7,3,76,
2026-07-24 12:00:00,2026-07-24 18:00:00,NBS,79,49,160,5,2.0,,0.0,,10.0,1.0,,,230,100,75,5,0,0,0,0,0,0.0,100,0.0,190,KMDW,,64,17,5,78,,,2,3,20,2,0,0,2,70,10/1
2026-07-24 12:00:00,2026-07-24 21:00:00,NBS,80,51,140,7,,,,,,,,,-88,100,34,8,0,0,0,0,0,,110,,70,KMDW,,63,20,7,61,,,2,3,26,3,0,0,2,70,
2026-07-24 12:00:00,2026-07-25 00:00:00,NBS,78,52,170,8,1.0,2.0,0.0,0.0,,1.0,,1.0,-88,100,11,9,0,0,0,0,0,0.0,110,0.0,90,KMDW,0.0,40,20,8,21,82.0,2.0,2,4,14,3,1,0,2,69,
2026-07-24 12:00:00,2026-07-25 03:00:00,NBS,72,54,170,6,,,,,,,,,-88,100,10,6,0,0,0,0,0,,120,,36,KMDW,,5,17,6,0,,,3,4,11,2,1,0,2,65,
2026-07-24 12:00:00,2026-07-25 06:00:00,NBS,68,56,190,6,1.0,,0.0,,,3.0,,,-88,100,10,6,0,0,0,0,0,0.0,120,0.0,140,KMDW,,4,20,6,0,,,3,3,8,2,1,0,1,63,
2026-07-24 12:00:00,2026-07-25 09:00:00,NBS,66,57,190,5,,,,,,,,,-88,100,36,5,0,0,0,0,0,,130,,100,KMDW,,4,20,6,0,,,3,3,25,2,0,0,1,62,
2026-07-24 12:00:00,2026-07-25 12:00:00,NBS,67,58,200,5,1.0,1.0,0.0,0.0,,2.0,,3.0,-88,100,50,6,2,0,0,0,0,0.0,130,0.0,50,KMDW,0.0,5,21,7,8,65.0,3.0,2,3,33,2,0,0,2,64,
2026-07-24 12:00:00,2026-07-25 15:00:00,NBS,76,61,200,8,,,,,,,,,27,100,61,10,3,0,0,0,8,,130,,27,KMDW,,23,21,8,24,,,3,4,22,3,7,2,2,70,
2026-07-24 12:00:00,2026-07-25 18:00:00,NBS,82,64,210,10,2.0,,0.0,,,3.0,,,22,100,52,12,2,0,0,0,0,0.0,120,0.0,22,KMDW,,35,22,10,58,,,3,4,35,3,2,0,2,77,
2026-07-24 12:00:00,2026-07-25 21:00:00,NBS,84,66,220,10,,,,,,,,,35,100,39,13,5,0,0,0,0,,120,,32,KMDW,,40,24,10,56,,,3,3,27,3,0,0,2,78,
2026-07-24 12:00:00,2026-07-26 00:00:00,NBS,83,68,230,10,1.0,2.0,0.0,0.0,,7.0,,8.0,-88,100,21,11,6,0,0,0,0,0.0,120,0.0,29,KMDW,0.0,25,25,10,20,86.0,3.0,3,3,29,3,0,0,2,76,
2026-07-24 12:00:00,2026-07-26 03:00:00,NBS,79,69,220,7,,,,,,,,,-88,100,19,8,5,0,0,0,2,,120,,31,KMDW,,8,23,7,0,,,2,3,29,3,0,2,2,73,
2026-07-24 12:00:00,2026-07-26 06:00:00,NBS,75,70,230,7,2.0,,0.0,,,8.0,,,-88,60,36,8,5,0,0,0,22,0.0,120,0.0,32,KMDW,,8,23,8,0,,,2,3,35,3,8,9,2,72,
2026-07-24 12:00:00,2026-07-26 09:00:00,NBS,73,71,240,7,,,,,,,,,110,40,71,8,7,0,0,0,2,,120,,36,KMDW,,9,25,7,0,,,2,2,28,3,11,14,2,72,
2026-07-24 12:00:00,2026-07-26 12:00:00,NBS,74,71,230,6,6.0,9.0,0.0,0.0,,15.0,,15.0,-88,20,55,6,7,0,0,0,7,0.0,120,0.0,7,KMDW,0.0,8,25,6,6,72.0,2.0,2,2,35,3,26,21,2,73,
2026-07-24 12:00:00,2026-07-26 15:00:00,NBS,84,72,240,6,,,,,,,,,-88,100,63,8,6,0,0,0,1,,120,,44,KMDW,,24,25,8,31,,,2,3,21,3,6,2,3,80,
2026-07-24 12:00:00,2026-07-26 18:00:00,NBS,90,72,220,7,5.0,,0.0,,,9.0,,,-88,100,70,8,5,0,0,0,9,0.0,130,0.0,80,KMDW,,35,23,10,50,,,3,4,25,4,0,0,3,85,
2026-07-24 12:00:00,2026-07-26 21:00:00,NBS,91,71,230,10,,,,,,,,,-88,100,52,13,7,0,0,0,22,,130,,120,KMDW,,40,25,14,65,,,3,5,29,6,0,0,3,82,
2026-07-24 12:00:00,2026-07-27 00:00:00,NBS,88,71,240,11,8.0,12.0,0.0,0.0,,19.0,,19.0,-88,100,45,13,10,0,0,0,23,0.0,130,0.0,170,KMDW,0.0,24,25,15,43,92.0,2.0,3,5,32,6,0,0,3,81,
2026-07-24 12:00:00,2026-07-27 03:00:00,NBS,83,72,240,8,,,,,,,,,-88,100,46,9,11,0,0,0,7,,130,,190,KMDW,,6,25,10,1,,,3,5,30,5,0,0,3,77,
2026-07-24 12:00:00,2026-07-27 06:00:00,NBS,79,72,230,8,4.0,,0.0,,,20.0,,,-88,100,49,9,12,0,0,0,7,0.0,130,0.0,130,KMDW,,6,26,10,0,,,3,5,29,5,0,3,3,76,
2026-07-24 12:00:00,2026-07-27 09:00:00,NBS,78,72,240,8,,,,,,,,,-88,100,52,9,6,0,0,0,9,,130,,150,KMDW,,6,28,9,0,,,3,4,23,5,0,5,3,75,
2026-07-24 12:00:00,2026-07-27 12:00:00,NBS,78,72,230,8,15.0,18.0,0.0,0.0,,10.0,,20.0,-88,100,49,9,6,0,0,0,10,0.0,130,0.0,120,KMDW,0.0,6,27,8,1,76.0,3.0,3,4,16,5,0,8,3,76,
2026-07-24 18:00:00,2026-07-25 00:00:00,NBS,78,52,160,8,0.0,,0.0,,24.0,1.0,31.0,,-88,100,20,9,0,0,0,0,0,0.0,110,0.0,60,KMDW,,39,19,8,22,,,2,4,28,3,0,0,2,68,24/1
2026-07-24 18:00:00,2026-07-25 03:00:00,NBS,72,54,170,6,,,,,,,,,-88,100,10,6,0,0,0,0,0,,120,,36,KMDW,,5,18,6,0,,,2,4,8,2,0,0,2,65,
2026-07-24 18:00:00,2026-07-25 06:00:00,NBS,68,56,190,5,0.0,,0.0,,,3.0,,,-88,100,7,6,0,0,0,0,0,0.0,130,0.0,130,KMDW,,4,19,7,0,,,2,3,6,2,0,0,1,63,
2026-07-24 18:00:00,2026-07-25 09:00:00,NBS,66,57,190,5,,,,,,,,,-88,100,27,5,0,0,0,0,0,,120,,45,KMDW,,4,20,7,0,,,2,3,26,2,0,0,1,62,
2026-07-24 18:00:00,2026-07-25 12:00:00,NBS,67,58,190,5,2.0,0.0,0.0,0.0,,2.0,,3.0,-88,100,44,5,2,0,0,0,0,0.0,130,0.0,50,KMDW,0.0,5,20,7,10,65.0,2.0,2,2,30,2,1,0,2,64,
2026-07-24 18:00:00,2026-07-25 15:00:00,NBS,76,60,210,7,,,,,,,,,35,100,56,9,3,0,0,0,0,,120,,35,KMDW,,24,21,7,30,,,3,3,27,3,0,0,2,70,
2026-07-24 18:00:00,2026-07-25 18:00:00,NBS,82,63,210,9,10.0,,0.0,,,3.0,,,27,100,43,11,3,0,0,0,0,0.0,120,0.0,27,KMDW,,39,22,10,71,,,3,4,27,3,3,0,2,77,
2026-07-24 18:00:00,2026-07-25 21:00:00,NBS,84,65,220,10,,,,,,,,,35,100,29,12,5,0,0,0,0,,120,,34,KMDW,,44,22,10,66,,,3,4,35,3,0,0,2,77,
2026-07-24 18:00:00,2026-07-26 00:00:00,NBS,83,66,230,10,1.0,10.0,0.0,0.0,,7.0,,9.0,-88,100,49,11,7,0,0,0,0,0.0,120,0.0,31,KMDW,0.0,30,25,10,22,86.0,3.0,3,4,36,3,0,0,2,76,
2026-07-24 18:00:00,2026-07-26 03:00:00,NBS,79,68,210,7,,,,,,,,,-88,100,21,8,6,0,0,0,0,,120,,28,KMDW,,5,22,7,0,,,2,4,29,3,0,1,2,73,
2026-07-24 18:00:00,2026-07-26 06:00:00,NBS,75,69,220,7,1.0,,0.0,,,8.0,,,-88,80,43,7,4,0,0,0,0,0.0,120,0.0,28,KMDW,,5,22,8,0,,,2,3,23,3,0,5,1,72,
2026-07-24 18:00:00,2026-07-26 09:00:00,NBS,73,71,230,6,,,,,,,,,-88,70,42,7,5,0,0,0,1,,110,,11,KMDW,,6,24,7,0,,,2,3,33,3,4,11,2,72,
2026-07-24 18:00:00,2026-07-26 12:00:00,NBS,74,71,230,6,3.0,4.0,0.0,0.0,,12.0,,13.0,-88,40,69,6,5,0,0,0,1,0.0,110,0.0,4,KMDW,0.0,5,24,6,9,72.0,2.0,1,2,29,3,6,15,2,73,
2026-07-24 18:00:00,2026-07-26 15:00:00,NBS,83,72,240,7,,,,,,,,,-88,100,64,8,6,0,0,0,6,,120,,11,KMDW,,20,24,8,42,,,2,3,31,3,10,4,3,79,
2026-07-24 18:00:00,2026-07-26 18:00:00,NBS,90,72,220,9,3.0,,0.0,,,11.0,,,-88,100,45,11,6,0,0,0,2,0.0,130,0.0,170,KMDW,,41,24,11,80,,,3,4,34,5,0,0,3,85,
2026-07-24 18:00:00,2026-07-26 21:00:00,NBS,90,71,230,11,,,,,,,,,-88,100,50,15,7,0,0,0,7,,130,,80,KMDW,,42,25,15,68,,,3,4,24,7,0,0,4,82,
2026-07-24 18:00:00,2026-07-27 00:00:00,NBS,88,71,250,12,6.0,10.0,0.0,0.0,,22.0,,22.0,-88,100,50,16,12,0,0,0,7,0.0,140,0.0,70,KMDW,0.0,30,25,15,32,91.0,2.0,4,4,32,7,0,0,4,81,
2026-07-24 18:00:00,2026-07-27 03:00:00,NBS,83,72,180,9,,,,,,,,,-88,100,43,10,16,0,0,0,4,,130,,38,KMDW,,14,17,12,2,,,3,4,30,6,2,3,3,77,
2026-07-24 18:00:00,2026-07-27 06:00:00,NBS,79,72,210,9,8.0,,0.0,,,30.0,,,-88,100,45,10,12,0,0,0,5,0.0,130,0.0,110,KMDW,,6,21,10,1,,,3,3,30,4,11,5,3,76,
2026-07-24 18:00:00,2026-07-27 09:00:00,NBS,78,73,210,9,,,,,,,,,-88,100,58,11,13,0,0,0,10,,130,,120,KMDW,,7,22,9,0,,,2,3,31,5,5,3,3,75,
2026-07-24 18:00:00,2026-07-27 12:00:00,NBS,78,72,200,8,28.0,34.0,21.0,21.0,,26.0,,31.0,-88,70,56,10,13,0,0,0,13,0.0,130,0.0,120,KMDW,4.0,8,21,8,0,77.0,3.0,2,3,23,5,11,10,3,75,
2026-07-24 18:00:00,2026-07-27 15:00:00,NBS,85,73,210,11,,,,,,,,,130,100,63,15,10,0,0,0,9,,130,,90,KMDW,,22,21,11,27,,,4,2,15,5,8,2,3,81,
2026-07-24 18:00:00,2026-07-27 18:00:00,NBS,91,74,210,14,18.0,,0.0,,,24.0,,,-88,100,40,20,12,0,0,0,10,0.0,140,0.0,33,KMDW,,44,21,14,52,,,5,3,10,7,1,0,4,87,
2026-07-25 00:00:00,2026-07-25 06:00:00,NBS,68,56,190,6,0.0,,0.0,,30.0,3.0,,,-88,100,9,6,0,0,0,0,0,0.0,130,0.0,120,KMDW,,4,19,7,0,,,2,3,9,2,0,0,1,63,30/3
2026-07-25 00:00:00,2026-07-25 09:00:00,NBS,66,57,190,5,,,,,,,,,-88,100,12,6,0,0,0,0,0,,130,,70,KMDW,,4,20,7,0,,,2,3,10,2,0,0,1,62,
2026-07-25 00:00:00,2026-07-25 12:00:00,NBS,67,58,190,5,1.0,0.0,0.0,0.0,,2.0,,3.0,-88,100,30,5,1,0,0,0,0,0.0,130,0.0,60,KMDW,0.0,5,20,7,12,65.0,2.0,2,3,29,2,0,0,2,64,
2026-07-25 00:00:00,2026-07-25 15:00:00,NBS,76,60,210,7,,,,,,,,,35,100,62,9,4,0,0,0,0,,120,,35,KMDW,,18,21,7,26,,,3,3,29,3,0,0,2,70,
2026-07-25 00:00:00,2026-07-25 18:00:00,NBS,82,63,210,9,2.0,,0.0,,,4.0,,,27,100,58,12,4,0,0,0,0,0.0,120,0.0,27,KMDW,,34,21,9,46,,,3,4,28,3,0,0,2,77,
2026-07-25 00:00:00,2026-07-25 21:00:00,NBS,84,65,220,10,,,,,,,,,35,100,51,12,5,0,0,0,0,,120,,34,KMDW,,38,22,10,56,,,3,4,33,3,0,0,2,77,
2026-07-25 00:00:00,2026-07-26 00:00:00,NBS,83,67,230,10,1.0,2.0,0.0,0.0,,7.0,,9.0,35,100,45,11,6,0,0,0,0,0.0,120,0.0,32,KMDW,0.0,24,25,10,20,85.0,3.0,3,4,32,3,0,0,2,76,
2026-07-25 00:00:00,2026-07-26 03:00:00,NBS,78,68,210,7,,,,,,,,,35,100,32,8,6,0,0,0,0,,120,,35,KMDW,,5,22,7,0,,,2,4,33,3,0,1,2,73,
2026-07-25 00:00:00,2026-07-26 06:00:00,NBS,75,69,210,7,1.0,,0.0,,,9.0,,,-88,90,38,7,5,0,0,0,0,0.0,120,0.0,29,KMDW,,5,22,8,0,,,2,3,31,3,2,5,2,72,
2026-07-25 00:00:00,2026-07-26 09:00:00,NBS,73,70,220,6,,,,,,,,,45,60,57,7,2,0,0,0,22,,110,,22,KMDW,,5,23,8,0,,,1,2,37,3,7,10,2,71,
2026-07-25 00:00:00,2026-07-26 12:00:00,NBS,74,71,240,6,2.0,4.0,0.0,0.0,,4.0,,9.0,22,30,76,6,2,0,0,0,19,0.0,110,0.0,12,KMDW,0.0,5,25,6,7,72.0,2.0,1,2,21,3,24,17,2,73,
2026-07-25 00:00:00,2026-07-26 15:00:00,NBS,83,72,230,7,,,,,,,,,-88,100,63,8,3,0,0,0,21,,120,,5,KMDW,,23,26,7,47,,,2,3,23,3,1,0,3,79,
2026-07-25 00:00:00,2026-07-26 18:00:00,NBS,90,72,230,8,3.0,,0.0,,,8.0,,,-88,100,73,10,4,0,0,0,5,0.0,130,0.0,31,KMDW,,46,24,8,70,,,3,4,28,5,0,0,3,84,
2026-07-25 00:00:00,2026-07-26 21:00:00,NBS,91,70,220,11,,,,,,,,,-88,100,37,14,6,0,0,0,2,,130,,32,KMDW,,42,24,13,53,,,3,3,29,7,0,0,4,82,
2026-07-25 00:00:00,2026-07-27 00:00:00,NBS,89,71,230,12,5.0,9.0,0.0,0.0,,28.0,,28.0,-88,100,67,15,19,0,0,0,2,0.0,140,0.0,110,KMDW,0.0,22,23,14,22,92.0,2.0,3,4,36,7,0,0,4,80,
2026-07-25 00:00:00,2026-07-27 03:00:00,NBS,83,72,200,9,,,,,,,,,-88,100,51,11,22,0,0,0,14,,140,,39,KMDW,,10,24,10,0,,,3,4,23,5,9,3,3,77,
2026-07-25 00:00:00,2026-07-27 06:00:00,NBS,79,72,210,9,7.0,,0.0,,,44.0,,,-88,100,60,11,21,0,0,0,10,0.0,140,0.0,18,KMDW,,5,20,11,0,,,3,3,34,4,6,6,2,76,
2026-07-25 00:00:00,2026-07-27 09:00:00,NBS,78,72,240,9,,,,,,,,,130,100,69,11,12,0,0,0,4,,130,,80,KMDW,,5,31,10,0,,,3,3,23,4,3,5,3,75,
2026-07-25 00:00:00,2026-07-27 12:00:00,NBS,78,72,220,9,24.0,29.0,2.0,2.0,,23.0,,44.0,-88,90,64,11,10,0,0,0,6,0.0,130,0.0,100,KMDW,1.0,6,23,9,0,77.0,3.0,3,3,18,5,5,10,3,76,
2026-07-25 00:00:00,2026-07-27 15:00:00,NBS,85,73,230,12,,,,,,,,,-88,100,59,17,9,0,0,0,20,,130,,100,KMDW,,26,22,12,29,,,4,3,30,6,0,0,4,81,
2026-07-25 00:00:00,2026-07-27 18:00:00,NBS,91,73,230,15,21.0,,0.0,,,27.0,,,-88,100,38,21,15,0,0,0,24,0.0,140,0.0,90,KMDW,,38,22,15,56,,,5,3,19,8,0,0,5,87,
2026-07-25 00:00:00,2026-07-27 21:00:00,NBS,92,72,230,17,,,,,,,,,-88,100,44,26,17,0,0,0,26,,140,,60,KMDW,,26,22,17,81,,,5,4,32,9,0,0,5,84,
2026-07-25 00:00:00,2026-07-28 00:00:00,NBS,89,72,240,16,36.0,51.0,6.0,6.0,,30.0,,34.0,-88,100,27,21,15,0,0,0,28,0.0,130,0.0,70,KMDW,2.0,19,21,16,60,93.0,3.0,6,4,32,8,0,1,4,81,
2026-07-25 06:00:00,2026-07-25 12:00:00,NBS,66,58,190,6,1.0,,0.0,,25.0,2.0,37.0,,80,100,62,6,1,0,0,0,0,0.0,130,0.0,70,KMDW,,5,19,7,9,,,2,3,26,2,0,0,1,64,25/2
2026-07-25 06:00:00,2026-07-25 15:00:00,NBS,74,61,200,7,,,,,,,,,22,100,77,9,4,0,0,0,6,,130,,22,KMDW,,15,20,8,20,,,3,3,22,2,5,2,2,70,
2026-07-25 06:00:00,2026-07-25 18:00:00,NBS,80,63,200,10,3.0,,0.0,,,4.0,,,13,100,80,13,4,0,0,0,16,0.0,120,0.0,13,KMDW,,24,21,10,22,,,3,3,24,3,17,1,2,75,
2026-07-25 06:00:00,2026-07-25 21:00:00,NBS,83,66,210,11,,,,,,,,,27,100,54,14,4,0,0,0,0,,120,,23,KMDW,,31,21,11,57,,,3,2,33,3,0,0,2,77,
2026-07-25 06:00:00,2026-07-26 00:00:00,NBS,82,68,210,10,1.0,3.0,0.0,0.0,,6.0,,8.0,27,100,58,11,6,0,0,0,0,0.0,130,0.0,23,KMDW,0.0,23,23,10,16,84.0,2.0,2,3,25,3,0,0,1,76,
2026-07-25 06:00:00,2026-07-26 03:00:00,NBS,78,69,200,7,,,,,,,,,35,100,62,7,5,0,0,0,4,,120,,35,KMDW,,5,23,7,0,,,2,2,38,2,0,2,1,73,
2026-07-25 06:00:00,2026-07-26 06:00:00,NBS,74,70,220,7,1.0,,0.0,,,6.0,,,60,90,70,8,3,0,0,0,1,0.0,110,0.0,34,KMDW,,5,23,7,0,,,2,2,42,2,2,4,1,72,
2026-07-25 06:00:00,2026-07-26 09:00:00,NBS,73,71,220,6,,,,,,,,,130,80,75,7,2,0,0,0,16,,110,,34,KMDW,,5,23,7,0,,,2,2,30,2,2,7,2,72,
2026-07-25 06:00:00,2026-07-26 12:00:00,NBS,74,72,230,6,4.0,6.0,0.0,0.0,,5.0,,9.0,45,60,68,6,2,0,0,0,0,0.0,110,0.0,27,KMDW,0.0,5,25,6,6,72.0,2.0,1,2,29,3,12,12,2,73,
2026-07-25 06:00:00,2026-07-26 15:00:00,NBS,83,72,230,7,,,,,,,,,110,100,72,8,3,0,0,0,0,,110,,110,KMDW,,24,23,7,50,,,2,2,26,3,4,2,3,79,
2026-07-25 06:00:00,2026-07-26 18:00:00,NBS,90,71,220,7,1.0,,0.0,,,8.0,,,130,100,60,8,4,0,0,0,0,0.0,130,0.0,70,KMDW,,42,24,7,78,,,3,4,33,5,0,0,3,85,
2026-07-25 06:00:00,2026-07-26 21:00:00,NBS,91,70,230,11,,,,,,,,,-88,100,43,13,6,0,0,0,2,,130,,32,KMDW,,42,24,11,66,,,3,4,37,7,0,0,4,82,
2026-07-25 06:00:00,2026-07-27 00:00:00,NBS,89,71,230,12,9.0,10.0,0.0,0.0,,20.0,,20.0,-88,100,37,14,14,0,0,0,4,0.0,130,0.0,130,KMDW,0.0,26,24,14,24,92.0,2.0,3,4,38,7,0,0,4,81,
2026-07-25 06:00:00,2026-07-27 03:00:00,NBS,82,72,220,9,,,,,,,,,-88,100,54,10,16,0,0,0,9,,130,,45,KMDW,,7,16,10,0,,,4,5,41,5,2,0,3,77,
2026-07-25 06:00:00,2026-07-27 06:00:00,NBS,79,72,240,9,17.0,,0.0,,,26.0,,,-88,100,60,10,12,0,0,0,9,0.0,130,0.0,70,KMDW,,7,23,10,0,,,3,4,22,4,2,4,3,76,
2026-07-25 06:00:00,2026-07-27 09:00:00,NBS,77,72,240,9,,,,,,,,,-88,100,53,10,7,0,0,0,12,,130,,120,KMDW,,5,27,9,0,,,3,3,31,4,2,7,3,75,
2026-07-25 06:00:00,2026-07-27 12:00:00,NBS,78,73,250,10,27.0,44.0,13.0,13.0,,11.0,,26.0,-88,90,49,11,6,0,0,0,7,0.0,130,0.0,80,KMDW,3.0,8,32,10,5,76.0,3.0,2,3,32,5,7,11,3,76,
2026-07-25 06:00:00,2026-07-27 15:00:00,NBS,85,74,250,12,,,,,,,,,-88,100,41,17,8,0,0,0,24,,130,,110,KMDW,,32,26,12,42,,,4,3,35,6,2,0,3,81,
2026-07-25 06:00:00,2026-07-27 18:00:00,NBS,90,74,240,16,24.0,,1.0,,,22.0,,,-88,100,40,24,13,0,0,0,16,0.0,140,0.0,100,KMDW,,55,24,16,62,,,5,3,35,9,2,0,5,86,
2026-07-25 06:00:00,2026-07-27 21:00:00,NBS,91,73,250,17,,,,,,,,,-88,100,24,25,16,0,0,0,12,,130,,90,KMDW,,43,24,17,81,,,5,3,21,9,0,0,5,84,
2026-07-25 06:00:00,2026-07-28 00:00:00,NBS,87,73,260,14,25.0,42.0,0.0,1.0,,37.0,,37.0,-88,100,21,19,20,0,0,0,11,0.0,120,0.0,210,KMDW,0.0,29,25,14,60,92.0,3.0,6,4,30,8,0,0,4,81,
2026-07-25 06:00:00,2026-07-28 03:00:00,NBS,81,72,240,10,,,,,,,,,-88,100,28,12,16,0,0,0,6,,120,,170,KMDW,,7,24,10,2,,,5,4,20,6,1,1,3,76,
2026-07-25 06:00:00,2026-07-28 06:00:00,NBS,77,70,30,10,16.0,,0.0,,,25.0,,,-88,100,28,11,15,0,0,0,5,0.0,110,0.0,90,KMDW,,12,16,11,1,,,3,4,22,5,3,4,3,73,
2026-07-25 12:00:00,2026-07-25 18:00:00,NBS,78,63,200,10,7.0,,0.0,,13.0,5.0,,,22,100,91,14,4,0,0,0,0,0.0,120,0.0,19,KMDW,,25,20,10,25,,,4,2,23,3,5,0,2,73,13/5
2026-07-25 12:00:00,2026-07-25 21:00:00,NBS,82,66,210,11,,,,,,,,,27,100,68,14,5,0,0,0,0,,120,,24,KMDW,,28,21,11,47,,,3,2,21,3,0,0,2,75,
2026-07-25 12:00:00,2026-07-26 00:00:00,NBS,81,68,230,9,0.0,7.0,0.0,0.0,,6.0,,10.0,27,100,53,10,5,0,0,0,0,0.0,130,0.0,25,KMDW,0.0,23,23,9,16,83.0,3.0,3,2,35,3,0,0,1,76,
2026-07-25 12:00:00,2026-07-26 03:00:00,NBS,77,69,200,6,,,,,,,,,45,100,47,7,3,0,0,0,0,,120,,45,KMDW,,5,21,6,0,,,2,2,36,2,0,1,2,73,
2026-07-25 12:00:00,2026-07-26 06:00:00,NBS,74,70,210,6,0.0,,0.0,,,5.0,,,-88,100,54,7,2,0,0,0,0,0.0,110,0.0,38,KMDW,,4,23,6,0,,,2,2,41,2,5,4,2,72,
2026-07-25 12:00:00,2026-07-26 09:00:00,NBS,73,71,220,6,,,,,,,,,130,100,69,6,1,0,0,0,15,,110,,29,KMDW,,5,25,6,0,,,2,2,36,3,7,6,2,71,
2026-07-25 12:00:00,2026-07-26 12:00:00,NBS,74,71,220,5,3.0,3.0,0.0,0.0,,2.0,,6.0,22,60,61,6,2,0,0,0,0,0.0,110,0.0,17,KMDW,0.0,5,23,5,8,72.0,2.0,1,2,29,2,22,12,2,73,
2026-07-25 12:00:00,2026-07-26 15:00:00,NBS,83,73,230,6,,,,,,,,,100,100,58,7,3,0,0,0,0,,120,,70,KMDW,,25,21,6,48,,,2,2,31,3,1,0,3,79,
2026-07-25 12:00:00,2026-07-26 18:00:00,NBS,89,72,220,8,3.0,,0.0,,,7.0,,,130,100,68,10,5,0,0,0,0,0.0,130,0.0,80,KMDW,,42,23,8,82,,,3,3,36,5,0,0,3,84,
2026-07-25 12:00:00,2026-07-26 21:00:00,NBS,91,71,230,12,,,,,,,,,-88,100,40,16,7,0,0,0,5,,130,,130,KMDW,,44,23,12,67,,,3,4,42,6,0,0,3,83,
2026-07-25 12:00:00,2026-07-27 00:00:00,NBS,89,73,230,13,16.0,19.0,2.0,2.0,,23.0,,23.0,-88,100,23,17,15,0,0,0,5,0.0,130,0.0,120,KMDW,1.0,23,24,13,24,91.0,2.0,3,4,31,7,0,0,3,82,
2026-07-25 12:00:00,2026-07-27 03:00:00,NBS,83,74,210,10,,,,,,,,,-88,100,41,12,19,0,0,0,14,,130,,42,KMDW,,9,15,10,0,,,3,4,37,5,0,0,3,79,
2026-07-25 12:00:00,2026-07-27 06:00:00,NBS,79,73,210,9,21.0,,0.0,,,40.0,,,-88,100,66,11,21,0,0,0,8,0.0,130,0.0,26,KMDW,,5,20,9,0,,,3,3,13,4,0,3,3,76,
2026-07-25 12:00:00,2026-07-27 09:00:00,NBS,78,73,210,9,,,,,,,,,-88,100,45,10,22,0,0,0,11,,140,,26,KMDW,,4,21,11,0,,,3,3,25,4,8,4,3,75,
2026-07-25 12:00:00,2026-07-27 12:00:00,NBS,78,73,170,9,15.0,37.0,0.0,0.0,,34.0,,40.0,-88,40,66,11,13,0,0,0,29,0.0,140,0.0,60,KMDW,0.0,10,19,14,9,76.0,3.0,3,3,31,5,2,13,3,76,
2026-07-25 12:00:00,2026-07-27 15:00:00,NBS,85,74,240,11,,,,,,,,,-88,100,48,15,12,0,0,0,10,,140,,130,KMDW,,14,22,15,50,,,4,3,29,6,0,0,4,81,
2026-07-25 12:00:00,2026-07-27 18:00:00,NBS,90,74,250,14,26.0,,0.0,,,25.0,,,-88,100,41,20,10,0,0,0,33,0.0,140,0.0,100,KMDW,,33,25,17,70,,,6,3,21,8,2,0,5,87,
2026-07-25 12:00:00,2026-07-27 21:00:00,NBS,90,73,250,15,,,,,,,,,-88,100,28,21,11,0,0,0,30,,140,,200,KMDW,,48,25,15,81,,,6,3,19,9,0,0,5,84,
2026-07-25 12:00:00,2026-07-28 00:00:00,NBS,86,73,240,13,28.0,45.0,2.0,2.0,,24.0,,30.0,-88,100,18,17,16,0,0,0,29,0.0,130,0.0,170,KMDW,1.0,25,23,13,60,92.0,3.0,6,4,18,8,0,0,4,81,
2026-07-25 12:00:00,2026-07-28 03:00:00,NBS,81,72,250,10,,,,,,,,,-88,100,27,13,11,0,0,0,7,,130,,130,KMDW,,6,23,11,2,,,5,4,24,6,1,0,3,77,
2026-07-25 12:00:00,2026-07-28 06:00:00,NBS,77,71,300,10,23.0,,0.0,,,23.0,,,-88,100,35,12,13,0,0,0,23,0.0,130,0.0,150,KMDW,,6,25,10,1,,,4,4,25,5,6,5,3,74,
2026-07-25 12:00:00,2026-07-28 09:00:00,NBS,75,70,330,10,,,,,,,,,-88,40,45,12,8,0,0,0,3,,120,,180,KMDW,,8,31,10,0,,,3,4,34,5,6,11,3,73,
2026-07-25 12:00:00,2026-07-28 12:00:00,NBS,75,69,340,10,9.0,30.0,1.0,1.0,,13.0,,23.0,-88,40,43,13,4,0,0,0,4,0.0,120,0.0,140,KMDW,0.0,10,33,10,1,74.0,3.0,3,3,23,5,14,11,3,73,
2026-07-25 18:00:00,2026-07-26 00:00:00,NBS,80,68,230,8,0.0,,0.0,,4.0,7.0,23.0,,27,100,48,9,5,0,0,0,0,0.0,120,0.0,24,KMDW,,24,24,8,12,,,2,2,36,2,2,0,1,76,4/7
2026-07-25 18:00:00,2026-07-26 03:00:00,NBS,76,70,210,6,,,,,,,,,-88,100,28,6,4,0,0,0,0,,120,,30,KMDW,,5,22,6,0,,,2,2,23,2,0,1,2,73,
2026-07-25 18:00:00,2026-07-26 06:00:00,NBS,73,71,220,6,0.0,,0.0,,,5.0,,,-88,70,39,6,2,0,0,0,12,0.0,110,0.0,43,KMDW,,4,23,7,0,,,2,1,31,2,5,5,1,72,
2026-07-25 18:00:00,2026-07-26 09:00:00,NBS,72,71,220,5,,,,,,,,,130,70,63,6,3,0,0,0,12,,110,,42,KMDW,,5,24,6,0,,,1,1,31,2,11,9,2,71,
2026-07-25 18:00:00,2026-07-26 12:00:00,NBS,73,72,220,5,4.0,4.0,0.0,0.0,,5.0,,8.0,22,50,68,5,4,0,0,0,0,0.0,120,0.0,15,KMDW,0.0,5,23,7,7,71.0,2.0,1,2,21,2,20,12,2,73,
2026-07-25 18:00:00,2026-07-26 15:00:00,NBS,82,73,190,5,,,,,,,,,13,80,56,5,8,0,0,0,0,,120,,13,KMDW,,22,20,6,43,,,2,2,28,3,17,5,3,79,
2026-07-25 18:00:00,2026-07-26 18:00:00,NBS,89,72,220,8,3.0,,0.0,,,16.0,,,35,100,59,9,7,0,0,0,7,0.0,120,0.0,35,KMDW,,42,23,8,70,,,3,3,32,5,2,0,3,85,
2026-07-25 18:00:00,2026-07-26 21:00:00,NBS,90,71,230,11,,,,,,,,,-88,100,41,14,8,0,0,0,21,,130,,90,KMDW,,40,23,11,60,,,3,3,33,6,0,0,3,82,
2026-07-25 18:00:00,2026-07-27 00:00:00,NBS,88,73,230,12,6.0,6.0,0.0,0.0,,21.0,,23.0,-88,100,34,15,11,0,0,0,5,0.0,120,0.0,120,KMDW,2.0,26,24,12,20,91.0,2.0,3,4,30,6,0,1,3,82,
2026-07-25 18:00:00,2026-07-27 03:00:00,NBS,83,74,210,9,,,,,,,,,-88,100,51,11,14,0,0,0,10,,130,,150,KMDW,,5,22,9,0,,,3,4,39,5,1,2,3,79,
2026-07-25 18:00:00,2026-07-27 06:00:00,NBS,79,74,210,8,22.0,,2.0,,,29.0,,,-88,70,47,9,14,0,0,0,6,0.0,130,0.0,60,KMDW,,5,22,8,0,,,3,3,35,4,1,7,3,76,
2026-07-25 18:00:00,2026-07-27 09:00:00,NBS,78,74,220,8,,,,,,,,,-88,100,60,9,21,0,0,0,12,,130,,49,KMDW,,5,23,10,0,,,3,3,33,4,3,1,3,76,
2026-07-25 18:00:00,2026-07-27 12:00:00,NBS,77,73,220,8,51.0,62.0,15.0,17.0,,34.0,,34.0,-88,100,51,9,15,0,0,0,13,0.0,130,0.0,43,KMDW,4.0,5,20,9,8,76.0,3.0,3,3,39,4,0,4,3,75,
2026-07-25 18:00:00,2026-07-27 15:00:00,NBS,84,75,210,10,,,,,,,,,-88,100,87,12,13,0,0,0,21,,130,,60,KMDW,,19,21,10,34,,,4,3,11,5,3,1,3,80,
2026-07-25 18:00:00,2026-07-27 18:00:00,NBS,90,76,220,12,51.0,,3.0,,,27.0,,,-88,100,55,18,10,0,0,0,16,0.0,130,0.0,120,KMDW,,38,22,12,74,,,6,3,38,7,0,0,4,87,
2026-07-25 18:00:00,2026-07-27 21:00:00,NBS,90,74,230,14,,,,,,,,,-88,100,37,20,10,0,0,0,23,,140,,100,KMDW,,35,23,16,72,,,6,3,21,7,0,0,4,84,
2026-07-25 18:00:00,2026-07-28 00:00:00,NBS,86,75,250,12,27.0,64.0,1.0,4.0,,24.0,,34.0,-88,100,26,15,15,0,0,0,23,0.0,130,0.0,150,KMDW,1.0,25,24,17,32,92.0,4.0,6,3,20,7,0,0,4,81,
2026-07-25 18:00:00,2026-07-28 03:00:00,NBS,80,73,280,10,,,,,,,,,-88,100,34,13,11,0,0,0,47,,140,,220,KMDW,,10,25,10,2,,,5,4,22,6,6,2,3,77,
2026-07-25 18:00:00,2026-07-28 06:00:00,NBS,76,72,310,10,30.0,,2.0,,,23.0,,,-88,100,41,11,11,0,0,0,45,0.0,120,0.0,220,KMDW,,7,29,10,1,,,4,4,24,5,8,5,3,74,
2026-07-25 18:00:00,2026-07-28 09:00:00,NBS,74,70,340,11,,,,,,,,,-88,100,51,14,4,0,0,0,2,,120,,210,KMDW,,9,34,11,0,,,3,4,34,6,3,4,3,72,
2026-07-25 18:00:00,2026-07-28 12:00:00,NBS,74,69,0,12,4.0,25.0,0.0,2.0,,9.0,,23.0,-88,90,58,15,3,0,0,0,1,0.0,120,0.0,10,KMDW,1.0,21,0,13,1,73.0,3.0,3,4,26,5,14,7,3,71,
2026-07-25 18:00:00,2026-07-28 15:00:00,NBS,78,68,10,13,,,,,,,,,-88,100,55,18,2,0,0,0,0,,110,,140,KMDW,,29,0,14,35,,,3,4,27,5,2,0,3,74,
2026-07-25 18:00:00,2026-07-28 18:00:00,NBS,81,66,10,15,0.0,,0.0,,,4.0,,,-88,100,28,22,2,0,0,0,0,0.0,110,0.0,130,KMDW,,39,1,15,59,,,4,5,26,6,0,0,3,78,
2026-07-26 00:00:00,2026-07-26 06:00:00,NBS,73,70,230,6,0.0,,0.0,,13.0,4.0,,,22,90,56,6,2,0,0,0,0,0.0,120,0.0,21,KMDW,,5,23,8,0,,,2,1,35,2,0,4,1,72,13/4
2026-07-26 00:00:00,2026-07-26 09:00:00,NBS,72,71,220,5,,,,,,,,,18,70,80,6,2,0,0,0,0,,110,,18,KMDW,,5,25,6,0,,,1,1,20,2,12,9,1,71,
2026-07-26 00:00:00,2026-07-26 12:00:00,NBS,73,71,230,5,2.0,2.0,0.0,0.0,,5.0,,8.0,27,50,74,6,3,0,0,0,0,0.0,120,0.0,21,KMDW,0.0,6,23,7,7,71.0,2.0,1,2,29,2,17,12,2,73,
2026-07-26 00:00:00,2026-07-26 15:00:00,NBS,82,73,230,6,,,,,,,,,22,100,62,6,4,0,0,0,15,,120,,22,KMDW,,23,24,6,44,,,2,2,32,3,11,2,3,79,
2026-07-26 00:00:00,2026-07-26 18:00:00,NBS,89,72,230,7,2.0,,0.0,,,11.0,,,35,100,52,8,6,0,0,0,18,0.0,120,0.0,35,KMDW,,43,26,7,64,,,3,4,31,4,0,0,3,85,
2026-07-26 00:00:00,2026-07-26 21:00:00,NBS,90,72,230,10,,,,,,,,,-88,100,36,12,7,0,0,0,18,,120,,100,KMDW,,44,25,10,66,,,3,4,26,6,0,0,3,83,
2026-07-26 00:00:00,2026-07-27 00:00:00,NBS,88,73,220,10,6.0,7.0,0.0,0.0,,18.0,,21.0,-88,100,20,12,10,0,0,0,5,0.0,120,0.0,70,KMDW,2.0,27,24,10,23,91.0,2.0,3,3,24,6,2,0,3,82,
2026-07-26 00:00:00,2026-07-27 03:00:00,NBS,83,74,200,8,,,,,,,,,-88,100,29,8,12,0,0,0,1,,130,,120,KMDW,,5,23,8,0,,,3,3,30,5,3,1,3,79,
2026-07-26 00:00:00,2026-07-27 06:00:00,NBS,79,74,210,7,14.0,,0.0,,,29.0,,,-88,70,56,8,18,0,0,0,11,0.0,130,0.0,100,KMDW,,4,22,8,0,,,3,3,36,4,4,7,2,76,
2026-07-26 00:00:00,2026-07-27 09:00:00,NBS,77,74,240,8,,,,,,,,,180,100,64,8,20,0,0,0,22,,130,,130,KMDW,,4,23,8,0,,,3,4,37,4,0,3,3,76,
2026-07-26 00:00:00,2026-07-27 12:00:00,NBS,77,73,230,8,21.0,29.0,2.0,2.0,,37.0,,41.0,-88,50,53,10,17,0,0,0,23,0.0,130,0.0,130,KMDW,3.0,4,21,8,5,76.0,3.0,3,4,36,4,3,13,3,76,
2026-07-26 00:00:00,2026-07-27 15:00:00,NBS,84,75,200,10,,,,,,,,,-88,100,90,14,14,0,0,0,64,,130,,70,KMDW,,16,22,10,31,,,4,3,12,5,0,1,3,80,
2026-07-26 00:00:00,2026-07-27 18:00:00,NBS,90,76,200,13,40.0,,6.0,,,33.0,,,-88,100,33,18,20,0,0,0,24,0.0,140,0.0,90,KMDW,,33,21,13,83,,,5,3,29,6,1,0,4,87,
2026-07-26 00:00:00,2026-07-27 21:00:00,NBS,90,75,230,15,,,,,,,,,-88,100,18,21,11,0,0,0,30,,140,,60,KMDW,,34,24,16,71,,,6,3,29,7,1,0,4,85,
2026-07-26 00:00:00,2026-07-28 00:00:00,NBS,86,75,260,13,28.0,55.0,2.0,8.0,,23.0,,41.0,-88,100,33,17,13,0,0,0,36,0.0,130,0.0,100,KMDW,3.0,27,26,15,25,92.0,4.0,6,4,35,7,0,0,3,80,
2026-07-26 00:00:00,2026-07-28 03:00:00,NBS,80,73,290,10,,,,,,,,,-88,100,46,13,16,0,0,0,24,,120,,100,KMDW,,6,25,10,1,,,5,4,30,6,3,1,3,77,
2026-07-26 00:00:00,2026-07-28 06:00:00,NBS,76,71,320,10,35.0,,1.0,,,31.0,,,-88,100,52,12,17,0,0,0,54,0.0,120,0.0,140,KMDW,,6,31,10,0,,,4,3,30,5,3,6,3,74,
2026-07-26 00:00:00,2026-07-28 09:00:00,NBS,74,70,340,11,,,,,,,,,-88,100,55,14,5,0,0,0,11,,120,,270,KMDW,,7,34,11,0,,,3,4,33,5,7,3,3,72,
2026-07-26 00:00:00,2026-07-28 12:00:00,NBS,73,68,0,12,3.0,35.0,0.0,1.0,,12.0,,31.0,-88,100,50,16,3,0,0,0,10,0.0,120,0.0,10,KMDW,0.0,10,2,14,1,73.0,3.0,3,4,35,5,21,8,3,71,
2026-07-26 00:00:00,2026-07-28 15:00:00,NBS,78,67,0,14,,,,,,,,,-88,100,63,20,4,0,0,0,0,,120,,200,KMDW,,26,1,14,36,,,4,4,30,5,5,0,3,74,
2026-07-26 00:00:00,2026-07-28 18:00:00,NBS,80,65,10,16,0.0,,0.0,,,7.0,,,-88,100,31,23,2,0,0,0,1,0.0,120,0.0,180,KMDW,,32,1,16,58,,,4,5,23,6,3,0,3,76,
2026-07-26 00:00:00,2026-07-28 21:00:00,NBS,79,61,20,17,,,,,,,,,-88,100,20,25,4,0,0,0,0,,110,,120,KMDW,,37,36,17,61,,,4,5,27,6,2,0,3,72,
2026-07-26 00:00:00,2026-07-29 00:00:00,NBS,76,59,20,16,1.0,2.0,0.0,0.0,,13.0,,13.0,-88,100,12,24,8,0,0,0,1,0.0,110,0.0,130,KMDW,0.0,16,2,16,39,82.0,4.0,3,5,24,7,0,0,3,70,
2026-07-26 06:00:00,2026-07-26 12:00:00,NBS,73,71,240,5,1.0,,0.0,,4.0,6.0,5.0,,13,70,81,6,2,0,0,0,16,0.0,120,0.0,12,KMDW,,5,24,7,7,,,1,1,20,2,21,8,2,73,4/6
2026-07-26 06:00:00,2026-07-26 15:00:00,NBS,82,73,220,6,,,,,,,,,27,100,58,6,3,0,0,0,1,,130,,27,KMDW,,24,25,6,52,,,2,2,31,3,2,1,3,79,
2026-07-26 06:00:00,2026-07-26 18:00:00,NBS,88,73,220,7,2.0,,0.0,,,13.0,,,35,100,48,8,7,0,0,0,1,0.0,130,0.0,35,KMDW,,44,24,7,78,,,3,3,30,4,0,0,3,85,
2026-07-26 06:00:00,2026-07-26 21:00:00,NBS,90,73,250,9,,,,,,,,,-88,100,53,11,9,0,0,0,12,,130,,150,KMDW,,46,27,9,65,,,3,3,32,4,0,0,3,82,
2026-07-26 06:00:00,2026-07-27 00:00:00,NBS,88,74,200,9,20.0,21.0,2.0,2.0,,18.0,,18.0,-88,100,32,10,9,0,0,0,2,0.0,130,0.0,100,KMDW,3.0,17,27,9,21,91.0,2.0,3,3,28,5,0,0,3,82,
2026-07-26 06:00:00,2026-07-27 03:00:00,NBS,82,75,170,7,,,,,,,,,-88,100,45,8,7,0,0,0,2,,130,,90,KMDW,,5,22,7,0,,,2,3,33,4,1,2,3,79,
2026-07-26 06:00:00,2026-07-27 06:00:00,NBS,79,75,260,7,21.0,,2.0,,,12.0,,,-88,70,55,7,9,0,0,0,29,0.0,130,0.0,190,KMDW,,4,26,7,0,,,2,3,33,4,1,6,2,76,
2026-07-26 06:00:00,2026-07-27 09:00:00,NBS,77,75,250,7,,,,,,,,,170,100,73,7,15,0,0,0,23,,130,,160,KMDW,,4,26,9,0,,,2,3,35,4,0,3,3,76,
2026-07-26 06:00:00,2026-07-27 12:00:00,NBS,77,74,230,8,23.0,35.0,2.0,4.0,,31.0,,31.0,200,60,71,10,15,0,0,0,30,0.0,130,0.0,150,KMDW,5.0,5,24,8,4,76.0,3.0,3,3,26,4,1,11,3,76,
2026-07-26 06:00:00,2026-07-27 15:00:00,NBS,83,75,210,10,,,,,,,,,190,100,75,13,17,0,0,0,33,,130,,150,KMDW,,16,24,12,29,,,5,3,29,5,0,0,3,80,
2026-07-26 06:00:00,2026-07-27 18:00:00,NBS,90,76,240,13,58.0,,37.0,,,34.0,,,-88,100,42,17,19,0,0,0,22,0.0,140,0.0,120,KMDW,,24,25,14,66,,,6,4,37,7,0,0,5,87,
2026-07-26 06:00:00,2026-07-27 21:00:00,NBS,91,76,250,14,,,,,,,,,-88,100,38,20,11,0,0,0,22,,130,,90,KMDW,,33,26,18,69,,,6,3,35,8,0,0,5,84,
2026-07-26 06:00:00,2026-07-28 00:00:00,NBS,87,76,240,14,36.0,72.0,6.0,43.0,,24.0,,42.0,-88,100,28,18,14,0,0,0,10,0.0,130,0.0,47,KMDW,6.0,21,26,15,23,92.0,4.0,6,3,31,8,0,1,4,82,
2026-07-26 06:00:00,2026-07-28 03:00:00,NBS,81,74,320,10,,,,,,,,,-88,100,57,12,23,0,0,0,61,,130,,45,KMDW,,8,29,10,0,,,5,4,37,6,5,1,3,77,
2026-07-26 06:00:00,2026-07-28 06:00:00,NBS,77,72,330,10,37.0,,1.0,,,43.0,,,-88,90,52,12,23,0,0,0,43,0.0,120,0.0,41,KMDW,,7,34,10,0,,,4,4,37,5,16,8,3,74,
2026-07-26 06:00:00,2026-07-28 09:00:00,NBS,75,71,360,11,,,,,,,,,-88,100,52,14,8,0,0,0,0,,110,,26,KMDW,,12,1,13,0,,,3,3,29,5,13,5,3,73,
2026-07-26 06:00:00,2026-07-28 12:00:00,NBS,74,69,0,12,2.0,40.0,0.0,1.0,,16.0,,43.0,-88,100,49,15,3,0,0,0,0,0.0,110,0.0,130,KMDW,0.0,14,1,13,3,73.0,3.0,2,3,35,4,12,6,3,71,
2026-07-26 06:00:00,2026-07-28 15:00:00,NBS,78,67,10,13,,,,,,,,,60,100,57,18,2,0,0,0,1,,120,,18,KMDW,,28,1,14,41,,,3,3,24,5,6,0,3,74,
2026-07-26 06:00:00,2026-07-28 18:00:00,NBS,80,65,10,15,0.0,,0.0,,,4.0,,,-88,100,37,22,1,0,0,0,1,0.0,120,0.0,240,KMDW,,35,1,15,61,,,4,4,21,6,2,0,3,78,
2026-07-26 06:00:00,2026-07-28 21:00:00,NBS,79,61,10,16,,,,,,,,,-88,100,19,24,1,0,0,0,1,,110,,210,KMDW,,34,1,16,82,,,4,5,23,6,0,0,3,73,
2026-07-26 06:00:00,2026-07-29 00:00:00,NBS,76,58,10,15,1.0,1.0,0.0,0.0,,5.0,,5.0,-88,100,8,21,1,0,0,0,1,0.0,110,0.0,210,KMDW,0.0,22,1,15,61,82.0,4.0,4,5,16,6,0,0,3,70,
2026-07-26 06:00:00,2026-07-29 03:00:00,NBS,72,57,10,11,,,,,,,,,-88,100,14,15,1,0,0,0,2,,110,,-88,KMDW,,12,1,11,2,,,3,5,29,6,0,0,3,66,
2026-07-26 06:00:00,2026-07-29 06:00:00,NBS,69,57,20,9,1.0,,0.0,,,4.0,,,-88,100,16,11,1,0,0,0,2,0.0,110,0.0,-88,KMDW,,11,2,10,1,,,3,4,30,4,0,0,2,64,
2026-07-26 12:00:00,2026-07-26 18:00:00,NBS,88,73,220,6,1.0,,0.0,,3.0,13.0,,,45,100,53,7,7,0,0,0,6,0.0,130,0.0,36,KMDW,,42,24,6,51,,,3,2,30,4,0,0,3,84,3/13
2026-07-26 12:00:00,2026-07-26 21:00:00,NBS,90,72,240,8,,,,,,,,,-88,100,52,9,8,0,0,0,11,,120,,80,KMDW,,41,26,8,62,,,3,3,35,4,0,0,3,83,
2026-07-26 12:00:00,2026-07-27 00:00:00,NBS,88,74,230,7,8.0,10.0,0.0,0.0,,18.0,,18.0,-88,100,42,8,8,0,0,0,1,0.0,120,0.0,110,KMDW,3.0,19,25,7,19,91.0,2.0,3,3,35,5,0,0,3,81,
2026-07-26 12:00:00,2026-07-27 03:00:00,NBS,82,75,190,6,,,,,,,,,-88,100,51,6,7,0,0,0,3,,120,,130,KMDW,,5,19,6,0,,,2,3,41,3,2,1,2,79,
2026-07-26 12:00:00,2026-07-27 06:00:00,NBS,79,75,80,7,21.0,,0.0,,,19.0,,,-88,100,51,7,13,0,0,0,22,0.0,130,0.0,80,KMDW,,5,20,10,0,,,2,3,37,3,8,2,2,76,
2026-07-26 12:00:00,2026-07-27 09:00:00,NBS,77,75,210,7,,,,,,,,,130,100,75,8,27,0,0,0,38,,130,,110,KMDW,,5,24,9,0,,,2,3,35,4,0,0,3,77,
2026-07-26 12:00:00,2026-07-27 12:00:00,NBS,78,75,210,9,40.0,44.0,5.0,5.0,,45.0,,45.0,130,100,73,10,21,0,0,0,42,0.0,130,0.0,90,KMDW,6.0,5,26,9,4,76.0,3.0,3,4,27,4,0,0,3,76,
2026-07-26 12:00:00,2026-07-27 15:00:00,NBS,83,75,200,11,,,,,,,,,130,100,66,14,9,0,0,0,33,,130,,80,KMDW,,16,21,11,21,,,5,4,29,5,0,0,3,81,
2026-07-26 12:00:00,2026-07-27 18:00:00,NBS,89,76,220,13,64.0,,33.0,,,20.0,,,-88,100,28,18,8,0,0,0,22,0.0,140,0.0,80,KMDW,,31,24,14,64,,,6,4,31,6,0,0,4,87,
2026-07-26 12:00:00,2026-07-27 21:00:00,NBS,90,76,260,15,,,,,,,,,-88,100,45,21,11,0,0,0,30,,130,,80,KMDW,,36,26,16,61,,,6,3,41,7,0,0,4,84,
2026-07-26 12:00:00,2026-07-28 00:00:00,NBS,87,76,240,13,42.0,75.0,4.0,37.0,,33.0,,33.0,-88,100,30,18,23,0,0,0,17,0.0,120,0.0,70,KMDW,8.0,16,25,13,21,92.0,4.0,6,3,30,8,0,0,4,82,
2026-07-26 12:00:00,2026-07-28 03:00:00,NBS,81,74,320,11,,,,,,,,,-88,100,71,13,23,0,0,0,8,,120,,25,KMDW,,6,26,11,0,,,5,4,33,7,6,2,4,77,
2026-07-26 12:00:00,2026-07-28 06:00:00,NBS,76,72,0,10,50.0,,12.0,,,43.0,,,-88,80,75,12,20,0,0,0,28,0.0,120,0.0,60,KMDW,,7,1,10,0,,,4,4,32,5,11,7,3,74,
2026-07-26 12:00:00,2026-07-28 09:00:00,NBS,73,70,0,12,,,,,,,,,25,100,51,15,10,0,0,0,5,,110,,17,KMDW,,10,1,12,0,,,3,3,39,5,21,7,3,72,
2026-07-26 12:00:00,2026-07-28 12:00:00,NBS,73,68,0,12,1.0,52.0,1.0,13.0,,18.0,,43.0,16,90,61,16,6,0,0,0,28,0.0,110,0.0,5,KMDW,1.0,12,1,14,3,72.0,3.0,2,3,31,4,27,10,2,71,
2026-07-26 12:00:00,2026-07-28 15:00:00,NBS,76,67,10,13,,,,,,,,,22,100,61,19,3,0,0,0,0,,110,,10,KMDW,,23,2,14,30,,,3,3,29,4,15,3,2,73,
2026-07-26 12:00:00,2026-07-28 18:00:00,NBS,79,64,10,15,1.0,,0.0,,,7.0,,,-88,100,45,23,2,0,0,0,0,0.0,110,0.0,12,KMDW,,28,1,15,51,,,3,4,26,5,2,0,3,76,
2026-07-26 12:00:00,2026-07-28 21:00:00,NBS,78,60,10,16,,,,,,,,,-88,100,15,24,2,0,0,0,0,,110,,270,KMDW,,31,0,16,84,,,3,5,13,5,0,0,3,71,
2026-07-26 12:00:00,2026-07-29 00:00:00,NBS,75,57,10,15,0.0,1.0,0.0,0.0,,6.0,,9.0,-88,100,8,23,2,0,0,0,0,0.0,110,0.0,270,KMDW,0.0,18,1,15,62,81.0,3.0,3,4,12,5,0,0,3,67,
2026-07-26 12:00:00,2026-07-29 03:00:00,NBS,70,55,10,12,,,,,,,,,-88,100,24,16,1,0,0,0,0,,100,,4,KMDW,,10,1,12,2,,,2,4,21,5,0,0,3,64,
2026-07-26 12:00:00,2026-07-29 06:00:00,NBS,68,57,10,10,1.0,,0.0,,,5.0,,,-88,100,18,12,1,0,0,0,0,0.0,100,0.0,80,KMDW,,5,2,10,1,,,2,3,19,3,0,0,2,63,
2026-07-26 12:00:00,2026-07-29 09:00:00,NBS,67,58,10,8,,,,,,,,,-88,100,14,9,1,0,0,0,0,,100,,-88,KMDW,,5,36,8,0,,,2,3,13,3,2,0,2,63,
2026-07-26 12:00:00,2026-07-29 12:00:00,NBS,68,59,10,8,0.0,1.0,0.0,0.0,,3.0,,5.0,-88,100,12,9,1,0,0,0,0,0.0,100,0.0,1,KMDW,0.0,13,1,9,1,66.0,3.0,3,3,22,3,3,0,3,65,
2026-07-26 18:00:00,2026-07-27 00:00:00,NBS,88,73,240,6,6.0,,0.0,,3.0,19.0,5.0,,-88,100,33,7,8,0,0,0,4,0.0,110,0.0,160,KMDW,,20,27,6,20,,,2,2,38,3,0,0,3,82,3/19
2026-07-26 18:00:00,2026-07-27 03:00:00,NBS,82,75,200,5,,,,,,,,,-88,100,37,6,6,0,0,0,1,,120,,250,KMDW,,4,23,6,0,,,2,3,35,3,0,2,2,79,
2026-07-26 18:00:00,2026-07-27 06:00:00,NBS,78,75,210,6,23.0,,0.0,,,10.0,,,130,70,61,7,8,0,0,0,12,0.0,130,0.0,130,KMDW,,4,22,8,0,,,2,3,35,4,9,6,2,76,
2026-07-26 18:00:00,2026-07-27 09:00:00,NBS,77,75,200,7,,,,,,,,,220,70,62,8,15,0,0,0,12,,130,,170,KMDW,,4,19,8,0,,,2,3,31,4,12,11,3,76,
2026-07-26 18:00:00,2026-07-27 12:00:00,NBS,77,74,130,8,46.0,48.0,22.0,22.0,,37.0,,38.0,-88,70,51,10,23,0,0,0,29,0.0,140,0.0,90,KMDW,5.0,5,21,8,10,76.0,3.0,3,4,30,4,13,6,3,76,
2026-07-26 18:00:00,2026-07-27 15:00:00,NBS,82,75,170,11,,,,,,,,,130,100,69,13,16,0,0,0,34,,140,,100,KMDW,,16,14,11,29,,,6,4,32,6,1,1,3,80,
2026-07-26 18:00:00,2026-07-27 18:00:00,NBS,88,76,190,13,47.0,,26.0,,,29.0,,,-88,100,44,19,9,0,0,0,35,0.0,140,0.0,140,KMDW,,31,20,15,76,,,6,3,32,7,3,0,4,87,
2026-07-26 18:00:00,2026-07-27 21:00:00,NBS,89,76,230,14,,,,,,,,,-88,100,15,20,13,0,0,0,7,,130,,100,KMDW,,31,23,16,68,,,6,3,20,7,0,0,4,84,
2026-07-26 18:00:00,2026-07-28 00:00:00,NBS,86,77,240,13,31.0,50.0,6.0,32.0,,33.0,,40.0,-88,100,25,17,20,0,0,0,8,0.0,130,0.0,70,KMDW,7.0,20,25,14,24,91.0,4.0,5,3,29,7,0,0,4,82,
2026-07-26 18:00:00,2026-07-28 03:00:00,NBS,80,75,110,10,,,,,,,,,130,100,84,13,24,0,0,0,36,,130,,32,KMDW,,5,28,10,0,,,5,3,25,6,1,1,3,78,
2026-07-26 18:00:00,2026-07-28 06:00:00,NBS,76,72,340,10,40.0,,2.0,,,42.0,,,-88,90,52,12,18,0,0,0,14,0.0,120,0.0,90,KMDW,,12,35,10,0,,,3,3,33,6,4,4,4,74,
2026-07-26 18:00:00,2026-07-28 09:00:00,NBS,73,70,10,12,,,,,,,,,-88,100,63,15,6,0,0,0,0,,110,,48,KMDW,,10,1,12,0,,,2,3,37,5,18,6,3,71,
2026-07-26 18:00:00,2026-07-28 12:00:00,NBS,72,68,10,13,13.0,54.0,1.0,3.0,,12.0,,42.0,16,100,62,16,3,0,0,0,15,0.0,110,0.0,3,KMDW,1.0,14,1,14,4,72.0,2.0,2,3,37,4,26,7,2,71,
2026-07-26 18:00:00,2026-07-28 15:00:00,NBS,75,67,10,13,,,,,,,,,22,100,74,19,2,0,0,0,0,,110,,22,KMDW,,24,1,15,29,,,3,3,26,4,13,3,2,73,
2026-07-26 18:00:00,2026-07-28 18:00:00,NBS,78,66,10,15,0.0,,0.0,,,5.0,,,-88,100,43,22,2,0,0,0,0,0.0,110,0.0,90,KMDW,,29,1,15,64,,,3,3,30,5,4,0,3,76,
2026-07-26 18:00:00,2026-07-28 21:00:00,NBS,77,61,20,16,,,,,,,,,-88,100,19,23,2,0,0,0,0,,110,,230,KMDW,,27,1,16,63,,,3,4,24,5,0,0,3,71,
2026-07-26 18:00:00,2026-07-29 00:00:00,NBS,75,58,10,15,0.0,0.0,0.0,0.0,,7.0,,7.0,-88,100,4,21,2,0,0,0,0,0.0,110,0.0,270,KMDW,0.0,21,1,15,38,80.0,3.0,3,4,5,5,0,0,3,69,
2026-07-26 18:00:00,2026-07-29 03:00:00,NBS,71,56,20,12,,,,,,,,,-88,100,7,17,1,0,0,0,0,,100,,-88,KMDW,,10,1,12,2,,,3,4,7,5,0,0,3,64,
2026-07-26 18:00:00,2026-07-29 06:00:00,NBS,69,58,10,10,1.0,,0.0,,,5.0,,,-88,100,13,12,1,0,0,0,0,0.0,100,0.0,-88,KMDW,,7,2,10,1,,,3,3,17,3,0,0,2,64,
2026-07-26 18:00:00,2026-07-29 09:00:00,NBS,67,60,10,8,,,,,,,,,-88,100,11,9,1,0,0,0,0,,100,,240,KMDW,,6,2,8,0,,,3,3,8,3,0,0,2,64,
2026-07-26 18:00:00,2026-07-29 12:00:00,NBS,68,61,10,7,1.0,1.0,0.0,0.0,,3.0,,5.0,-88,100,6,8,1,0,0,0,0,0.0,100,0.0,90,KMDW,0.0,11,2,7,1,66.0,3.0,3,3,9,3,2,0,2,65,
2026-07-26 18:00:00,2026-07-29 15:00:00,NBS,75,61,20,9,,,,,,,,,-88,100,10,10,2,0,0,0,0,,110,,80,KMDW,,28,2,10,43,,,3,3,8,4,2,0,3,70,
2026-07-26 18:00:00,2026-07-29 18:00:00,NBS,79,59,30,9,2.0,,0.0,,,3.0,,,-88,100,6,11,1,0,0,0,0,0.0,110,0.0,70,KMDW,,38,2,11,64,,,4,4,7,5,0,0,3,75,
2026-07-27 00:00:00,2026-07-27 06:00:00,NBS,78,75,210,6,5.0,,0.0,,5.0,9.0,,,250,70,62,7,7,0,0,0,12,0.0,120,0.0,140,KMDW,,5,23,9,0,,,2,2,41,3,14,5,2,76,5/9
2026-07-27 00:00:00,2026-07-27 09:00:00,NBS,77,75,220,7,,,,,,,,,-88,70,54,8,7,0,0,0,3,,130,,48,KMDW,,4,22,8,0,,,2,3,30,3,21,10,2,76,
2026-07-27 00:00:00,2026-07-27 12:00:00,NBS,77,74,190,8,38.0,42.0,22.0,22.0,,43.0,,43.0,-88,70,55,10,28,0,0,0,22,0.0,130,0.0,60,KMDW,1.0,8,21,10,8,75.0,3.0,3,3,28,4,16,6,3,76,
2026-07-27 00:00:00,2026-07-27 15:00:00,NBS,81,75,180,10,,,,,,,,,80,70,76,13,31,0,0,0,45,,140,,90,KMDW,,16,15,11,27,,,5,3,26,5,7,6,3,79,
2026-07-27 00:00:00,2026-07-27 18:00:00,NBS,87,77,190,13,69.0,,29.0,,,53.0,,,-88,100,57,16,18,0,0,0,36,0.0,130,0.0,100,KMDW,,28,19,16,68,,,6,3,33,7,0,1,4,86,
2026-07-27 00:00:00,2026-07-27 21:00:00,NBS,89,76,230,15,,,,,,,,,-88,100,38,21,21,0,0,0,24,,140,,70,KMDW,,29,22,17,65,,,6,3,34,7,0,0,4,84,
2026-07-27 00:00:00,2026-07-28 00:00:00,NBS,87,77,240,14,28.0,78.0,4.0,33.0,,48.0,,56.0,-88,100,33,19,28,0,0,0,8,0.0,130,0.0,120,KMDW,6.0,18,25,15,22,91.0,4.0,6,3,29,7,0,1,3,82,
2026-07-27 00:00:00,2026-07-28 03:00:00,NBS,82,76,180,10,,,,,,,,,-88,100,46,13,23,0,0,0,23,,120,,80,KMDW,,5,25,10,0,,,5,3,32,6,3,2,3,78,
2026-07-27 00:00:00,2026-07-28 06:00:00,NBS,77,73,330,10,59.0,,20.0,,,35.0,,,-88,80,44,13,12,0,0,0,12,0.0,110,0.0,320,KMDW,,4,33,11,0,,,3,3,39,6,1,5,4,75,
2026-07-27 00:00:00,2026-07-28 09:00:00,NBS,73,70,0,12,,,,,,,,,130,100,68,16,5,0,0,0,0,,110,,70,KMDW,,8,0,17,0,,,2,3,39,5,11,6,3,72,
2026-07-27 00:00:00,2026-07-28 12:00:00,NBS,73,68,0,12,3.0,59.0,1.0,21.0,,12.0,,35.0,22,70,54,16,2,0,0,0,0,0.0,110,0.0,22,KMDW,3.0,8,1,17,8,72.0,3.0,2,3,39,4,15,8,2,71,
2026-07-27 00:00:00,2026-07-28 15:00:00,NBS,76,67,0,13,,,,,,,,,-88,100,65,18,2,0,0,0,0,,110,,27,KMDW,,23,1,17,39,,,3,3,31,4,11,3,2,73,
2026-07-27 00:00:00,2026-07-28 18:00:00,NBS,78,66,10,15,2.0,,0.0,,,4.0,,,-88,100,26,21,1,0,0,0,0,0.0,110,0.0,80,KMDW,,31,1,19,84,,,4,4,23,5,4,0,3,76,
2026-07-27 00:00:00,2026-07-28 21:00:00,NBS,77,61,10,16,,,,,,,,,-88,100,8,23,1,0,0,0,0,,110,,100,KMDW,,32,1,17,72,,,3,4,8,5,0,0,3,71,
2026-07-27 00:00:00,2026-07-29 00:00:00,NBS,75,58,10,15,0.0,2.0,0.0,0.0,,5.0,,5.0,-88,100,1,21,1,0,0,0,0,0.0,110,0.0,240,KMDW,0.0,23,1,17,29,80.0,3.0,3,4,2,5,0,0,3,69,
2026-07-27 00:00:00,2026-07-29 03:00:00,NBS,71,56,10,12,,,,,,,,,-88,100,16,16,1,0,0,0,0,,100,,-88,KMDW,,9,1,12,0,,,2,4,28,5,1,0,3,64,
2026-07-27 00:00:00,2026-07-29 06:00:00,NBS,69,58,10,10,0.0,,0.0,,,4.0,,,-88,100,13,12,1,0,0,0,0,0.0,100,0.0,-88,KMDW,,7,2,10,0,,,2,3,12,3,0,1,2,64,
2026-07-27 00:00:00,2026-07-29 09:00:00,NBS,67,60,10,8,,,,,,,,,-88,100,9,9,1,0,0,0,0,,100,,270,KMDW,,5,1,8,0,,,2,3,8,3,0,0,2,64,
2026-07-27 00:00:00,2026-07-29 12:00:00,NBS,68,61,0,7,0.0,1.0,0.0,0.0,,3.0,,4.0,-88,100,4,9,1,0,0,0,0,0.0,100,0.0,-88,KMDW,0.0,5,1,7,1,66.0,2.0,2,3,4,3,3,0,2,65,
2026-07-27 00:00:00,2026-07-29 15:00:00,NBS,75,61,20,9,,,,,,,,,-88,100,10,11,2,0,0,0,0,,110,,-88,KMDW,,27,3,10,43,,,3,3,8,4,2,0,3,70,
2026-07-27 00:00:00,2026-07-29 18:00:00,NBS,79,59,30,10,0.0,,0.0,,,3.0,,,-88,100,9,12,2,0,0,0,0,0.0,110,0.0,-88,KMDW,,39,2,10,64,,,3,4,8,5,0,0,3,75,
2026-07-27 00:00:00,2026-07-29 21:00:00,NBS,79,57,30,10,,,,,,,,,-88,100,6,12,2,0,0,0,0,,110,,-88,KMDW,,38,1,10,83,,,3,4,6,6,0,0,3,71,
2026-07-27 00:00:00,2026-07-30 00:00:00,NBS,77,55,40,9,0.0,0.0,0.0,0.0,,5.0,,5.0,-88,100,1,10,2,0,0,0,0,0.0,110,0.0,110,KMDW,0.0,15,4,9,62,81.0,3.0,3,5,1,5,0,0,3,69,
2026-07-27 06:00:00,2026-07-27 12:00:00,NBS,77,75,220,8,13.0,,2.0,,5.0,28.0,5.0,,8,50,69,9,18,0,0,0,39,0.0,130,0.0,8,KMDW,,6,22,10,7,,,2,2,31,4,31,10,2,76,5/28
2026-07-27 06:00:00,2026-07-27 15:00:00,NBS,82,75,220,10,,,,,,,,,90,100,78,14,21,0,0,0,29,,130,,100,KMDW,,18,22,12,37,,,5,3,21,5,0,0,3,79,
2026-07-27 06:00:00,2026-07-27 18:00:00,NBS,88,77,220,13,66.0,,32.0,,,44.0,,,110,100,61,19,19,0,0,0,31,0.0,140,0.0,80,KMDW,,32,21,14,65,,,6,3,36,6,0,0,4,86,
2026-07-27 06:00:00,2026-07-27 21:00:00,NBS,91,76,210,16,,,,,,,,,-88,70,49,24,33,0,0,0,34,,140,,50,KMDW,,22,23,16,57,,,6,3,35,7,6,12,4,85,
2026-07-27 06:00:00,2026-07-28 00:00:00,NBS,89,77,230,16,39.0,74.0,1.0,33.0,,62.0,,65.0,-88,90,35,24,30,0,0,0,10,0.0,120,0.0,80,KMDW,10.0,14,24,16,21,92.0,4.0,5,3,36,7,13,7,3,84,
2026-07-27 06:00:00,2026-07-28 03:00:00,NBS,83,75,240,11,,,,,,,,,-88,70,34,16,25,0,0,0,15,,120,,100,KMDW,,5,24,11,0,,,4,4,36,5,14,7,3,79,
2026-07-27 06:00:00,2026-07-28 06:00:00,NBS,77,72,320,10,59.0,,4.0,,,39.0,,,130,80,63,14,16,0,0,0,19,0.0,110,0.0,130,KMDW,,13,33,10,0,,,3,3,34,5,10,7,3,75,
2026-07-27 06:00:00,2026-07-28 09:00:00,NBS,73,69,10,12,,,,,,,,,130,90,75,16,4,0,0,0,0,,110,,29,KMDW,,7,1,14,0,,,2,3,30,4,10,9,2,71,
2026-07-27 06:00:00,2026-07-28 12:00:00,NBS,72,67,10,12,2.0,59.0,0.0,4.0,,9.0,,39.0,130,70,88,16,2,0,0,0,0,0.0,110,0.0,17,KMDW,4.0,14,1,15,5,72.0,3.0,2,3,19,4,14,12,2,69,
2026-07-27 06:00:00,2026-07-28 15:00:00,NBS,76,66,10,13,,,,,,,,,130,100,71,18,2,0,0,0,0,,110,,26,KMDW,,25,1,16,42,,,2,3,39,4,5,3,2,72,
2026-07-27 06:00:00,2026-07-28 18:00:00,NBS,78,63,10,15,1.0,,0.0,,,4.0,,,-88,100,23,22,1,0,0,0,0,0.0,110,0.0,90,KMDW,,35,1,17,84,,,3,3,22,5,1,0,3,75,
2026-07-27 06:00:00,2026-07-28 21:00:00,NBS,78,59,10,16,,,,,,,,,-88,100,12,23,1,0,0,0,0,,110,,100,KMDW,,33,1,17,72,,,3,4,8,5,0,0,2,71,
2026-07-27 06:00:00,2026-07-29 00:00:00,NBS,75,56,10,14,0.0,1.0,0.0,0.0,,5.0,,5.0,-88,100,9,20,1,0,0,0,0,0.0,110,0.0,100,KMDW,0.0,23,1,17,26,80.0,3.0,3,4,24,5,0,0,2,68,
2026-07-27 06:00:00,2026-07-29 03:00:00,NBS,71,55,10,11,,,,,,,,,-88,100,4,15,1,0,0,0,0,,100,,100,KMDW,,11,1,11,0,,,2,4,4,5,1,0,3,64,
2026-07-27 06:00:00,2026-07-29 06:00:00,NBS,69,57,20,9,0.0,,0.0,,,4.0,,,-88,100,6,10,1,0,0,0,0,0.0,100,0.0,-88,KMDW,,6,2,10,0,,,2,3,5,3,0,0,2,64,
2026-07-27 06:00:00,2026-07-29 09:00:00,NBS,67,58,10,7,,,,,,,,,-88,100,9,8,1,0,0,0,0,,100,,-88,KMDW,,5,2,8,0,,,2,3,7,3,0,0,2,63,
2026-07-27 06:00:00,2026-07-29 12:00:00,NBS,68,59,360,7,0.0,0.0,0.0,0.0,,2.0,,4.0,-88,100,4,8,1,0,0,0,0,0.0,100,0.0,-88,KMDW,0.0,7,1,8,9,66.0,2.0,2,3,5,3,2,0,2,65,
2026-07-27 06:00:00,2026-07-29 15:00:00,NBS,76,59,20,9,,,,,,,,,-88,100,8,11,2,0,0,0,0,,110,,-88,KMDW,,28,2,10,43,,,3,3,8,4,2,0,3,71,
2026-07-27 06:00:00,2026-07-29 18:00:00,NBS,80,56,20,10,0.0,,0.0,,,3.0,,,-88,100,8,12,1,0,0,0,0,0.0,110,0.0,-88,KMDW,,40,2,10,64,,,3,4,8,5,0,0,3,75,
2026-07-27 06:00:00,2026-07-29 21:00:00,NBS,80,54,30,10,,,,,,,,,-88,100,6,12,1,0,0,0,0,,110,,-88,KMDW,,36,2,10,84,,,3,4,6,5,0,0,3,71,
2026-07-27 06:00:00,2026-07-30 00:00:00,NBS,78,54,40,9,0.0,0.0,0.0,0.0,,5.0,,5.0,-88,100,0,9,2,0,0,0,0,0.0,110,0.0,-88,KMDW,0.0,16,4,9,62,82.0,3.0,3,5,0,5,0,0,3,70,
2026-07-27 06:00:00,2026-07-30 03:00:00,NBS,73,56,30,5,,,,,,,,,-88,100,7,5,2,0,0,0,1,,110,,270,KMDW,,5,5,5,2,,,3,4,6,4,0,0,3,66,
2026-07-27 06:00:00,2026-07-30 06:00:00,NBS,70,58,340,4,0.0,,0.0,,,5.0,,,-88,100,10,4,2,0,0,0,1,0.0,110,0.0,100,KMDW,,4,32,4,1,,,3,4,8,3,0,2,3,65,
2026-07-27 12:00:00,2026-07-27 18:00:00,NBS,90,77,230,13,72.0,,63.0,,3.0,31.0,,,27,100,43,18,17,0,0,0,24,0.0,140,0.0,27,KMDW,,32,23,17,68,,,7,4,33,6,10,1,4,88,3/31
2026-07-27 12:00:00,2026-07-27 21:00:00,NBS,91,76,210,16,,,,,,,,,-88,100,37,24,32,0,0,0,22,,130,,70,KMDW,,31,24,16,64,,,6,3,23,7,2,2,4,85,
2026-07-27 12:00:00,2026-07-28 00:00:00,NBS,89,77,240,15,31.0,81.0,10.0,73.0,,54.0,,54.0,-88,100,43,23,27,0,0,0,12,0.0,120,0.0,120,KMDW,9.0,16,24,18,21,93.0,4.0,5,3,35,7,1,0,3,84,
2026-07-27 12:00:00,2026-07-28 03:00:00,NBS,83,76,230,12,,,,,,,,,-88,100,26,18,16,0,0,0,12,,120,,270,KMDW,,5,25,12,0,,,4,3,27,5,11,2,3,79,
2026-07-27 12:00:00,2026-07-28 06:00:00,NBS,77,72,320,12,50.0,,5.0,,,25.0,,,18,60,57,16,11,0,0,0,17,0.0,110,0.0,18,KMDW,,5,32,14,0,,,4,3,30,5,22,7,3,74,
2026-07-27 12:00:00,2026-07-28 09:00:00,NBS,73,68,360,12,,,,,,,,,8,90,74,17,3,0,0,0,15,,110,,8,KMDW,,14,36,17,0,,,3,3,29,4,27,6,2,71,
2026-07-27 12:00:00,2026-07-28 12:00:00,NBS,72,66,0,12,2.0,52.0,1.0,6.0,,9.0,,25.0,13,70,77,16,1,0,0,0,15,0.0,110,0.0,9,KMDW,3.0,18,1,17,4,71.0,3.0,2,3,19,4,22,8,2,69,
2026-07-27 12:00:00,2026-07-28 15:00:00,NBS,75,66,10,12,,,,,,,,,35,100,65,18,1,0,0,0,0,,110,,27,KMDW,,22,1,17,35,,,3,3,35,4,3,0,2,72,
2026-07-27 12:00:00,2026-07-28 18:00:00,NBS,78,63,10,15,0.0,,0.0,,,3.0,,,-88,100,28,22,1,0,0,0,0,0.0,110,0.0,190,KMDW,,33,1,17,81,,,3,3,20,5,1,0,3,75,
2026-07-27 12:00:00,2026-07-28 21:00:00,NBS,78,58,10,16,,,,,,,,,-88,100,19,24,1,0,0,0,0,,110,,110,KMDW,,34,1,18,67,,,3,4,28,4,0,0,2,71,
2026-07-27 12:00:00,2026-07-29 00:00:00,NBS,75,55,10,14,0.0,0.0,0.0,0.0,,4.0,,4.0,-88,100,10,22,1,0,0,0,0,0.0,110,0.0,230,KMDW,0.0,21,1,18,24,80.0,3.0,3,4,26,4,0,0,2,66,
2026-07-27 12:00:00,2026-07-29 03:00:00,NBS,71,54,20,11,,,,,,,,,-88,100,20,15,0,0,0,0,0,,100,,180,KMDW,,10,1,13,0,,,2,3,27,4,0,0,2,63,
2026-07-27 12:00:00,2026-07-29 06:00:00,NBS,68,56,20,9,0.0,,0.0,,,3.0,,,-88,100,13,10,1,0,0,0,0,0.0,100,0.0,170,KMDW,,8,2,12,0,,,2,3,10,3,0,0,2,63,
2026-07-27 12:00:00,2026-07-29 09:00:00,NBS,67,58,0,7,,,,,,,,,-88,100,6,8,0,0,0,0,0,,100,,-88,KMDW,,5,2,8,0,,,2,3,6,3,0,2,2,63,
2026-07-27 12:00:00,2026-07-29 12:00:00,NBS,68,59,0,7,0.0,0.0,0.0,0.0,,2.0,,3.0,-88,100,1,8,1,0,0,0,0,0.0,100,0.0,-88,KMDW,0.0,10,2,9,11,66.0,2.0,2,3,2,3,2,0,2,65,
2026-07-27 12:00:00,2026-07-29 15:00:00,NBS,76,59,20,9,,,,,,,,,-88,100,9,11,1,0,0,0,0,,100,,-88,KMDW,,35,2,11,57,,,3,3,8,4,1,0,3,70,
2026-07-27 12:00:00,2026-07-29 18:00:00,NBS,80,56,20,10,0.0,,0.0,,,2.0,,,-88,100,10,12,1,0,0,0,0,0.0,100,0.0,90,KMDW,,47,2,12,79,,,3,4,8,4,0,0,3,75,
2026-07-27 12:00:00,2026-07-29 21:00:00,NBS,80,54,20,10,,,,,,,,,-88,100,8,12,1,0,0,0,0,,110,,70,KMDW,,53,1,10,83,,,3,4,7,4,0,0,3,71,
2026-07-27 12:00:00,2026-07-30 00:00:00,NBS,78,54,10,8,0.0,0.0,0.0,0.0,,4.0,,4.0,-88,100,2,9,3,0,0,0,0,0.0,110,0.0,-88,KMDW,0.0,25,35,10,62,82.0,3.0,3,5,4,4,0,0,3,69,
2026-07-27 12:00:00,2026-07-30 03:00:00,NBS,73,55,10,4,,,,,,,,,-88,100,11,4,2,0,0,0,1,,110,,70,KMDW,,9,34,6,2,,,3,5,8,4,0,0,3,66,
2026-07-27 12:00:00,2026-07-30 06:00:00,NBS,70,58,340,3,0.0,,0.0,,,4.0,,,-88,100,15,3,2,0,0,0,1,0.0,110,0.0,70,KMDW,,4,33,7,1,,,3,4,10,3,0,2,3,65,
2026-07-27 12:00:00,2026-07-30 09:00:00,NBS,69,59,310,3,,,,,,,,,-88,100,16,4,2,0,0,0,1,,110,,80,KMDW,,4,33,6,0,,,3,4,14,2,0,3,2,65,
2026-07-27 12:00:00,2026-07-30 12:00:00,NBS,70,60,290,3,1.0,1.0,0.0,0.0,,3.0,,5.0,-88,100,11,3,2,0,0,0,1,0.0,110,0.0,90,KMDW,0.0,5,30,6,1,68.0,3.0,3,4,12,2,0,5,2,66,
2026-07-27 18:00:00,2026-07-28 00:00:00,NBS,89,76,230,14,47.0,,13.0,,7.0,61.0,9.0,,-88,100,48,22,34,0,0,0,37,0.0,130,0.0,90,KMDW,,15,25,17,17,,,5,3,41,7,0,2,3,83,7/61
2026-07-27 18:00:00,2026-07-28 03:00:00,NBS,83,76,240,11,,,,,,,,,-88,70,29,17,26,0,0,0,36,,110,,110,KMDW,,5,26,11,0,,,4,3,31,5,7,4,3,79,
2026-07-27 18:00:00,2026-07-28 06:00:00,NBS,77,72,330,12,32.0,,7.0,,,36.0,,,13,60,59,16,12,0,0,0,9,0.0,110,0.0,13,KMDW,,6,34,14,0,,,4,4,32,5,23,5,3,75,
2026-07-27 18:00:00,2026-07-28 09:00:00,NBS,72,68,0,13,,,,,,,,,7,80,81,17,5,0,0,0,0,,110,,7,KMDW,,7,1,16,0,,,2,3,27,4,37,7,2,70,
2026-07-27 18:00:00,2026-07-28 12:00:00,NBS,71,66,10,12,7.0,45.0,0.0,7.0,,10.0,,36.0,8,90,81,16,1,0,0,0,0,0.0,110,0.0,8,KMDW,3.0,14,1,16,5,71.0,3.0,2,2,16,3,32,4,2,69,
2026-07-27 18:00:00,2026-07-28 15:00:00,NBS,75,65,10,13,,,,,,,,,15,100,69,18,1,0,0,0,0,,110,,15,KMDW,,24,1,16,45,,,3,2,34,3,14,2,2,71,
2026-07-27 18:00:00,2026-07-28 18:00:00,NBS,78,62,10,15,0.0,,0.0,,,2.0,,,-88,100,35,22,0,0,0,0,0,0.0,110,0.0,240,KMDW,,34,1,17,74,,,3,4,34,4,5,0,2,75,
2026-07-27 18:00:00,2026-07-28 21:00:00,NBS,78,56,10,16,,,,,,,,,-88,100,29,24,1,0,0,0,0,,110,,260,KMDW,,34,1,17,70,,,3,4,35,4,1,0,2,71,
2026-07-27 18:00:00,2026-07-29 00:00:00,NBS,75,54,20,14,0.0,0.0,0.0,0.0,,3.0,,3.0,-88,100,15,22,1,0,0,0,0,0.0,110,0.0,140,KMDW,0.0,21,1,17,26,80.0,3.0,2,4,29,4,2,0,2,67,
2026-07-27 18:00:00,2026-07-29 03:00:00,NBS,71,54,10,11,,,,,,,,,-88,100,20,15,1,0,0,0,0,,110,,270,KMDW,,6,1,11,0,,,2,3,24,4,2,0,2,63,
2026-07-27 18:00:00,2026-07-29 06:00:00,NBS,69,56,20,9,0.0,,0.0,,,3.0,,,-88,100,12,10,1,0,0,0,0,0.0,100,0.0,-88,KMDW,,6,1,10,0,,,2,2,11,3,4,0,2,63,
2026-07-27 18:00:00,2026-07-29 09:00:00,NBS,67,58,350,7,,,,,,,,,-88,100,12,8,0,0,0,0,0,,100,,100,KMDW,,4,2,7,0,,,2,2,10,3,1,0,2,63,
2026-07-27 18:00:00,2026-07-29 12:00:00,NBS,68,59,360,7,0.0,0.0,0.0,0.0,,2.0,,3.0,-88,100,2,8,1,0,0,0,0,0.0,100,0.0,19,KMDW,0.0,7,2,7,12,66.0,2.0,2,2,3,2,2,0,2,65,
2026-07-27 18:00:00,2026-07-29 15:00:00,NBS,76,58,20,9,,,,,,,,,-88,100,7,11,2,0,0,0,0,,100,,36,KMDW,,28,3,10,60,,,2,3,8,4,1,0,3,70,
2026-07-27 18:00:00,2026-07-29 18:00:00,NBS,80,55,30,10,0.0,,0.0,,,2.0,,,-88,100,9,13,1,0,0,0,0,0.0,100,0.0,-88,KMDW,,41,2,11,83,,,3,3,7,4,0,0,3,75,
2026-07-27 18:00:00,2026-07-29 21:00:00,NBS,81,53,20,10,,,,,,,,,-88,100,7,13,1,0,0,0,0,,110,,70,KMDW,,46,1,10,76,,,3,4,7,5,0,0,3,71,
2026-07-27 18:00:00,2026-07-30 00:00:00,NBS,79,53,20,9,0.0,0.0,0.0,0.0,,4.0,,4.0,-88,100,9,9,2,0,0,0,0,0.0,110,0.0,44,KMDW,0.0,24,36,9,37,82.0,3.0,3,4,24,5,0,0,3,69,
2026-07-27 18:00:00,2026-07-30 03:00:00,NBS,73,55,20,4,,,,,,,,,-88,100,10,5,3,0,0,0,0,,110,,90,KMDW,,5,32,5,2,,,3,4,8,4,0,0,3,66,
2026-07-27 18:00:00,2026-07-30 06:00:00,NBS,70,58,310,3,0.0,,0.0,,,6.0,,,-88,100,13,3,2,0,0,0,0,0.0,110,0.0,160,KMDW,,4,30,4,1,,,3,4,9,3,0,3,3,65,
2026-07-27 18:00:00,2026-07-30 09:00:00,NBS,69,59,280,3,,,,,,,,,-88,100,22,3,3,0,0,0,0,,110,,60,KMDW,,4,27,5,0,,,3,4,17,3,2,5,3,65,
2026-07-27 18:00:00,2026-07-30 12:00:00,NBS,71,60,280,3,0.0,1.0,0.0,0.0,,7.0,,9.0,-88,100,13,3,3,0,0,0,0,0.0,110,0.0,70,KMDW,0.0,4,27,5,1,68.0,3.0,3,3,14,3,1,6,3,66,
2026-07-27 18:00:00,2026-07-30 15:00:00,NBS,80,60,270,4,,,,,,,,,-88,100,12,4,4,0,0,0,5,,120,,80,KMDW,,28,29,6,41,,,3,4,9,4,0,0,3,73,
2026-07-27 18:00:00,2026-07-30 18:00:00,NBS,86,61,260,6,0.0,,0.0,,,7.0,,,-88,100,21,7,5,0,0,0,6,0.0,120,0.0,45,KMDW,,57,28,8,62,,,3,4,14,4,0,0,4,80,
2026-07-28 00:00:00,2026-07-28 06:00:00,NBS,77,73,310,11,45.0,,3.0,,15.0,34.0,,,-88,90,35,16,11,0,0,0,6,0.0,110,0.0,60,KMDW,,5,33,12,0,,,3,3,34,5,3,3,3,75,15/34
2026-07-28 00:00:00,2026-07-28 09:00:00,NBS,72,68,10,12,,,,,,,,,11,100,86,17,2,0,0,0,0,,110,,8,KMDW,,13,1,18,0,,,2,2,28,4,24,6,2,70,
2026-07-28 00:00:00,2026-07-28 12:00:00,NBS,71,66,10,12,1.0,45.0,0.0,3.0,,7.0,,34.0,11,100,84,16,1,0,0,0,12,0.0,110,0.0,9,KMDW,2.0,14,1,17,6,71.0,3.0,2,2,10,3,27,5,2,69,
2026-07-28 00:00:00,2026-07-28 15:00:00,NBS,75,65,10,12,,,,,,,,,13,100,60,18,1,0,0,0,0,,110,,13,KMDW,,22,1,17,49,,,3,2,31,3,16,0,2,71,
2026-07-28 00:00:00,2026-07-28 18:00:00,NBS,79,61,10,15,0.0,,0.0,,,2.0,,,22,100,19,22,0,0,0,0,0,0.0,110,0.0,22,KMDW,,29,1,17,82,,,3,3,12,4,7,0,2,75,
2026-07-28 00:00:00,2026-07-28 21:00:00,NBS,78,56,10,16,,,,,,,,,-88,100,22,23,0,0,0,0,0,,110,,240,KMDW,,30,0,17,71,,,3,4,28,4,3,0,2,70,
2026-07-28 00:00:00,2026-07-29 00:00:00,NBS,75,53,10,15,0.0,0.0,0.0,0.0,,4.0,,4.0,-88,100,18,22,1,0,0,0,0,0.0,110,0.0,260,KMDW,0.0,17,1,16,25,80.0,2.0,3,3,27,4,3,0,2,67,
2026-07-28 00:00:00,2026-07-29 03:00:00,NBS,71,54,10,11,,,,,,,,,-88,100,28,16,1,0,0,0,0,,110,,270,KMDW,,6,1,12,0,,,2,3,30,4,4,0,2,64,
2026-07-28 00:00:00,2026-07-29 06:00:00,NBS,69,56,10,9,0.0,,0.0,,,3.0,,,-88,100,16,11,0,0,0,0,0,0.0,110,0.0,-88,KMDW,,5,1,10,0,,,2,2,12,3,8,0,2,63,
2026-07-28 00:00:00,2026-07-29 09:00:00,NBS,67,58,360,7,,,,,,,,,-88,100,11,8,0,0,0,0,0,,100,,270,KMDW,,4,2,8,0,,,2,2,11,3,9,0,2,63,
2026-07-28 00:00:00,2026-07-29 12:00:00,NBS,68,59,350,7,0.0,0.0,0.0,0.0,,2.0,,3.0,-88,100,2,8,1,0,0,0,0,0.0,100,0.0,50,KMDW,0.0,4,2,8,12,66.0,2.0,2,2,4,2,9,0,2,65,
2026-07-28 00:00:00,2026-07-29 15:00:00,NBS,76,58,20,9,,,,,,,,,-88,100,7,10,1,0,0,0,0,,100,,-88,KMDW,,29,3,12,62,,,2,3,9,3,0,0,3,70,
2026-07-28 00:00:00,2026-07-29 18:00:00,NBS,80,55,20,10,0.0,,0.0,,,2.0,,,-88,100,7,13,1,0,0,0,0,0.0,110,0.0,-88,KMDW,,41,2,12,85,,,3,3,7,4,0,0,3,75,
2026-07-28 00:00:00,2026-07-29 21:00:00,NBS,81,53,20,10,,,,,,,,,-88,100,5,13,1,0,0,0,0,,110,,36,KMDW,,46,2,11,73,,,3,4,6,5,0,0,3,71,
2026-07-28 00:00:00,2026-07-30 00:00:00,NBS,79,53,30,9,0.0,0.0,0.0,0.0,,3.0,,3.0,-88,100,21,10,1,0,0,0,0,0.0,110,0.0,70,KMDW,0.0,18,2,9,30,82.0,3.0,3,4,34,5,0,0,3,69,
2026-07-28 00:00:00,2026-07-30 03:00:00,NBS,73,55,20,5,,,,,,,,,-88,100,9,5,1,0,0,0,0,,110,,210,KMDW,,4,3,5,1,,,3,4,8,4,0,0,3,66,
2026-07-28 00:00:00,2026-07-30 06:00:00,NBS,70,58,310,3,0.0,,0.0,,,4.0,,,-88,100,19,4,2,0,0,0,0,0.0,110,0.0,60,KMDW,,4,34,5,0,,,3,4,25,3,2,0,3,65,
2026-07-28 00:00:00,2026-07-30 09:00:00,NBS,69,59,280,4,,,,,,,,,-88,100,18,4,2,0,0,0,0,,110,,70,KMDW,,4,29,4,0,,,3,3,11,3,0,3,2,65,
2026-07-28 00:00:00,2026-07-30 12:00:00,NBS,70,60,280,3,0.0,0.0,0.0,0.0,,3.0,,5.0,-88,100,11,4,2,0,0,0,0,0.0,110,0.0,60,KMDW,0.0,5,27,5,1,68.0,3.0,3,3,9,2,0,4,2,66,
2026-07-28 00:00:00,2026-07-30 15:00:00,NBS,80,60,260,4,,,,,,,,,-88,100,14,4,3,0,0,0,4,,110,,80,KMDW,,29,28,7,41,,,2,4,9,3,0,0,3,73,
2026-07-28 00:00:00,2026-07-30 18:00:00,NBS,85,60,270,6,0.0,,0.0,,,5.0,,,-88,100,23,7,3,0,0,0,7,0.0,110,0.0,70,KMDW,,56,28,7,61,,,3,4,15,4,0,0,3,79,
2026-07-28 00:00:00,2026-07-30 21:00:00,NBS,85,61,270,8,,,,,,,,,-88,100,33,9,5,0,0,0,6,,120,,70,KMDW,,55,27,9,80,,,3,5,28,3,0,0,3,76,
2026-07-28 00:00:00,2026-07-31 00:00:00,NBS,83,61,190,8,9.0,7.0,0.0,0.0,,15.0,,15.0,-88,100,33,8,10,0,0,0,7,0.0,120,0.0,160,KMDW,0.0,31,26,9,56,87.0,3.0,3,6,25,3,0,0,2,74,
2026-07-28 06:00:00,2026-07-28 12:00:00,NBS,71,66,0,12,0.0,,0.0,,12.0,8.0,15.0,,15,100,78,17,1,0,0,0,0,0.0,110,0.0,9,KMDW,,14,1,16,6,,,1,2,23,3,13,2,2,69,12/8
2026-07-28 06:00:00,2026-07-28 15:00:00,NBS,75,65,10,13,,,,,,,,,15,100,75,18,1,0,0,0,16,,110,,14,KMDW,,19,1,15,24,,,2,2,27,3,6,1,2,71,
2026-07-28 06:00:00,2026-07-28 18:00:00,NBS,78,63,10,14,0.0,,0.0,,,2.0,,,-88,100,33,21,0,0,0,0,0,0.0,110,0.0,30,KMDW,,28,1,16,71,,,3,3,22,4,0,0,2,75,
2026-07-28 06:00:00,2026-07-28 21:00:00,NBS,78,56,10,16,,,,,,,,,-88,100,8,23,0,0,0,0,0,,110,,270,KMDW,,27,0,16,69,,,3,4,7,4,0,0,2,70,
2026-07-28 06:00:00,2026-07-29 00:00:00,NBS,75,53,10,14,0.0,0.0,0.0,0.0,,3.0,,3.0,-88,100,8,22,1,0,0,0,0,0.0,110,0.0,140,KMDW,0.0,13,0,14,23,80.0,3.0,3,3,14,4,1,0,2,67,
2026-07-28 06:00:00,2026-07-29 03:00:00,NBS,71,54,20,11,,,,,,,,,-88,100,19,16,1,0,0,0,0,,100,,270,KMDW,,5,2,11,0,,,2,3,26,4,2,0,2,64,
2026-07-28 06:00:00,2026-07-29 06:00:00,NBS,69,56,10,8,0.0,,0.0,,,3.0,,,-88,100,8,10,0,0,0,0,0,0.0,100,0.0,-88,KMDW,,5,1,10,0,,,2,2,9,3,0,0,2,63,
2026-07-28 06:00:00,2026-07-29 09:00:00,NBS,67,58,0,7,,,,,,,,,-88,100,10,8,0,0,0,0,0,,100,,270,KMDW,,4,1,7,0,,,2,2,10,3,0,0,2,63,
2026-07-28 06:00:00,2026-07-29 12:00:00,NBS,68,59,360,7,0.0,0.0,0.0,0.0,,2.0,,3.0,-88,100,3,8,1,0,0,0,0,0.0,100,0.0,-88,KMDW,0.0,5,2,7,12,66.0,2.0,2,2,3,2,0,0,2,65,
2026-07-28 06:00:00,2026-07-29 15:00:00,NBS,76,58,30,9,,,,,,,,,-88,100,12,10,1,0,0,0,0,,100,,28,KMDW,,29,3,9,60,,,2,2,8,4,0,0,3,70,
2026-07-28 06:00:00,2026-07-29 18:00:00,NBS,80,56,30,9,0.0,,0.0,,,2.0,,,-88,100,9,11,1,0,0,0,0,0.0,110,0.0,80,KMDW,,39,3,9,86,,,3,3,7,4,0,0,3,75,
2026-07-28 06:00:00,2026-07-29 21:00:00,NBS,80,54,40,10,,,,,,,,,-88,100,8,12,1,0,0,0,0,,110,,-88,KMDW,,41,1,10,72,,,3,4,8,5,0,0,3,71,
2026-07-28 06:00:00,2026-07-30 00:00:00,NBS,78,53,40,8,0.0,0.0,0.0,0.0,,3.0,,3.0,-88,100,3,9,1,0,0,0,0,0.0,110,0.0,34,KMDW,0.0,15,4,8,26,82.0,3.0,3,4,5,5,0,0,3,69,
2026-07-28 06:00:00,2026-07-30 03:00:00,NBS,73,56,30,4,,,,,,,,,-88,100,7,4,1,0,0,0,0,,110,,24,KMDW,,4,11,4,0,,,3,4,4,4,0,0,3,65,
2026-07-28 06:00:00,2026-07-30 06:00:00,NBS,70,58,280,3,0.0,,0.0,,,5.0,,,-88,100,11,4,2,0,0,0,0,0.0,110,0.0,38,KMDW,,4,25,4,0,,,3,4,4,3,0,4,3,65,
2026-07-28 06:00:00,2026-07-30 09:00:00,NBS,68,59,290,4,,,,,,,,,-88,100,14,4,2,0,0,0,0,,110,,60,KMDW,,4,29,4,0,,,4,4,11,3,0,9,2,64,
2026-07-28 06:00:00,2026-07-30 12:00:00,NBS,69,60,280,3,1.0,1.0,0.0,0.0,,5.0,,7.0,-88,100,10,3,3,0,0,0,0,0.0,110,0.0,50,KMDW,0.0,4,30,4,4,67.0,3.0,3,4,16,2,2,8,2,66,
2026-07-28 06:00:00,2026-07-30 15:00:00,NBS,79,60,260,3,,,,,,,,,-88,100,16,4,3,0,0,0,2,,110,,70,KMDW,,26,26,5,42,,,3,4,12,3,0,0,3,73,
2026-07-28 06:00:00,2026-07-30 18:00:00,NBS,85,60,240,5,1.0,,0.0,,,5.0,,,-88,100,20,6,3,0,0,0,3,0.0,110,0.0,50,KMDW,,60,32,6,62,,,3,5,18,3,0,0,3,79,
2026-07-28 06:00:00,2026-07-30 21:00:00,NBS,85,61,240,8,,,,,,,,,-88,100,34,9,7,0,0,0,7,,120,,46,KMDW,,54,28,8,72,,,3,5,25,3,0,0,3,76,
2026-07-28 06:00:00,2026-07-31 00:00:00,NBS,83,61,160,8,11.0,9.0,0.0,0.0,,15.0,,15.0,-88,100,30,8,9,0,0,0,7,0.0,120,0.0,60,KMDW,0.0,26,25,8,48,87.0,3.0,3,5,25,3,0,0,2,74,
2026-07-28 06:00:00,2026-07-31 03:00:00,NBS,77,62,160,5,,,,,,,,,-88,100,41,5,6,0,0,0,1,,120,,50,KMDW,,5,22,6,1,,,3,5,28,3,2,0,3,71,
2026-07-28 06:00:00,2026-07-31 06:00:00,NBS,74,63,190,4,1.0,,0.0,,,12.0,,,-88,100,52,5,5,0,0,0,3,0.0,120,0.0,60,KMDW,,4,23,6,0,,,3,4,30,3,2,3,2,69,
2026-07-28 12:00:00,2026-07-28 18:00:00,NBS,79,63,10,14,0.0,,0.0,,7.0,3.0,,,-88,100,34,20,0,0,0,0,0,0.0,110,0.0,45,KMDW,,27,1,15,66,,,3,3,29,3,6,1,2,76,7/3
2026-07-28 12:00:00,2026-07-28 21:00:00,NBS,78,57,10,15,,,,,,,,,-88,100,8,21,0,0,0,0,0,,110,,270,KMDW,,26,0,15,69,,,3,4,7,3,1,1,2,71,
2026-07-28 12:00:00,2026-07-29 00:00:00,NBS,75,54,10,14,0.0,0.0,0.0,0.0,,3.0,,3.0,-88,100,7,22,1,0,0,0,0,0.0,110,0.0,270,KMDW,0.0,11,1,14,22,80.0,3.0,3,4,7,4,0,0,2,67,
2026-07-28 12:00:00,2026-07-29 03:00:00,NBS,71,54,10,11,,,,,,,,,-88,100,5,16,1,0,0,0,0,,110,,270,KMDW,,5,2,11,0,,,2,3,5,4,0,0,2,63,
2026-07-28 12:00:00,2026-07-29 06:00:00,NBS,69,57,10,8,0.0,,0.0,,,3.0,,,-88,100,8,11,1,0,0,0,0,0.0,100,0.0,-88,KMDW,,5,2,9,0,,,2,2,8,3,2,0,2,64,
2026-07-28 12:00:00,2026-07-29 09:00:00,NBS,67,58,10,7,,,,,,,,,-88,100,9,8,0,0,0,0,0,,100,,270,KMDW,,4,2,7,0,,,2,2,11,2,0,0,1,63,
2026-07-28 12:00:00,2026-07-29 12:00:00,NBS,68,59,0,7,0.0,0.0,0.0,0.0,,2.0,,3.0,-88,100,5,8,1,0,0,0,0,0.0,100,0.0,60,KMDW,0.0,5,2,7,12,66.0,2.0,2,2,4,2,0,0,2,65,
2026-07-28 12:00:00,2026-07-29 15:00:00,NBS,76,58,30,9,,,,,,,,,-88,100,11,11,1,0,0,0,0,,100,,60,KMDW,,27,3,9,62,,,2,2,7,3,0,0,2,70,
2026-07-28 12:00:00,2026-07-29 18:00:00,NBS,79,56,40,10,0.0,,0.0,,,2.0,,,-88,100,10,12,1,0,0,0,0,0.0,110,0.0,90,KMDW,,38,3,10,85,,,2,3,8,3,0,0,2,74,
2026-07-28 12:00:00,2026-07-29 21:00:00,NBS,80,53,50,10,,,,,,,,,-88,100,8,12,1,0,0,0,0,,110,,70,KMDW,,39,1,10,72,,,2,3,7,4,0,0,3,71,
2026-07-28 12:00:00,2026-07-30 00:00:00,NBS,78,52,50,8,0.0,0.0,0.0,0.0,,4.0,,4.0,-88,100,11,9,1,0,0,0,0,0.0,110,0.0,50,KMDW,0.0,16,5,8,26,82.0,2.0,3,3,12,4,0,0,3,69,
2026-07-28 12:00:00,2026-07-30 03:00:00,NBS,72,55,20,3,,,,,,,,,-88,100,19,4,2,0,0,0,0,,110,,70,KMDW,,4,19,4,0,,,3,4,14,3,0,0,3,65,
2026-07-28 12:00:00,2026-07-30 06:00:00,NBS,69,57,300,1,0.0,,0.0,,,8.0,,,-88,100,22,2,4,0,0,0,0,0.0,110,0.0,39,KMDW,,4,25,4,0,,,3,4,22,2,0,1,2,64,
2026-07-28 12:00:00,2026-07-30 09:00:00,NBS,68,58,290,3,,,,,,,,,-88,100,51,3,4,0,0,0,6,,120,,36,KMDW,,4,27,5,0,,,3,3,38,2,1,10,2,64,
2026-07-28 12:00:00,2026-07-30 12:00:00,NBS,69,59,310,3,0.0,1.0,0.0,0.0,,7.0,,9.0,-88,100,15,3,4,0,0,0,0,0.0,110,0.0,20,KMDW,0.0,8,30,5,6,67.0,3.0,3,3,12,2,2,10,2,65,
2026-07-28 12:00:00,2026-07-30 15:00:00,NBS,79,60,320,2,,,,,,,,,-88,100,18,4,2,0,0,0,1,,110,,25,KMDW,,32,35,5,53,,,2,4,11,3,0,0,3,73,
2026-07-28 12:00:00,2026-07-30 18:00:00,NBS,85,60,140,4,0.0,,0.0,,,5.0,,,-88,100,31,4,3,0,0,0,2,0.0,110,0.0,40,KMDW,,52,35,6,60,,,3,4,22,3,0,0,3,79,
2026-07-28 12:00:00,2026-07-30 21:00:00,NBS,84,60,90,7,,,,,,,,,-88,100,30,8,6,0,0,0,2,,110,,43,KMDW,,44,23,7,57,,,3,5,27,3,0,0,2,75,
2026-07-28 12:00:00,2026-07-31 00:00:00,NBS,82,60,140,7,9.0,7.0,0.0,0.0,,13.0,,13.0,-88,100,32,8,7,0,0,0,2,0.0,110,0.0,60,KMDW,0.0,20,19,7,33,87.0,2.0,3,5,25,3,0,0,2,73,
2026-07-28 12:00:00,2026-07-31 03:00:00,NBS,77,62,170,5,,,,,,,,,-88,100,40,5,5,0,0,0,0,,110,,70,KMDW,,5,21,5,1,,,3,5,29,3,0,0,3,71,
2026-07-28 12:00:00,2026-07-31 06:00:00,NBS,74,63,190,4,0.0,,0.0,,,10.0,,,-88,100,58,5,3,0,0,0,0,0.0,110,0.0,60,KMDW,,4,21,5,0,,,3,4,31,2,0,4,2,69,
2026-07-28 12:00:00,2026-07-31 09:00:00,NBS,72,64,200,5,,,,,,,,,-88,100,58,5,3,0,0,0,3,,110,,60,KMDW,,4,19,6,0,,,3,3,36,2,0,2,2,68,
2026-07-28 12:00:00,2026-07-31 12:00:00,NBS,72,64,200,4,0.0,1.0,0.0,0.0,,7.0,,12.0,-88,100,61,5,4,0,0,0,4,0.0,110,0.0,42,KMDW,0.0,6,20,8,0,71.0,3.0,2,3,27,3,0,0,2,69,
2026-07-28 18:00:00,2026-07-29 00:00:00,NBS,74,54,10,13,0.0,,0.0,,5.0,3.0,6.0,,-88,100,6,20,1,0,0,0,0,0.0,110,0.0,270,KMDW,,13,1,13,22,,,2,4,6,4,0,0,2,67,5/3
2026-07-28 18:00:00,2026-07-29 03:00:00,NBS,70,54,10,11,,,,,,,,,-88,100,6,16,1,0,0,0,0,,100,,270,KMDW,,5,2,11,0,,,2,3,7,4,0,0,2,64,
2026-07-28 18:00:00,2026-07-29 06:00:00,NBS,68,57,20,8,0.0,,0.0,,,3.0,,,-88,100,8,10,0,0,0,0,0,0.0,100,0.0,170,KMDW,,4,2,9,0,,,2,2,8,3,0,1,2,64,
2026-07-28 18:00:00,2026-07-29 09:00:00,NBS,67,59,360,6,,,,,,,,,-88,100,11,7,0,0,0,0,0,,100,,70,KMDW,,4,2,7,0,,,2,2,11,2,1,3,1,63,
2026-07-28 18:00:00,2026-07-29 12:00:00,NBS,68,60,360,6,0.0,0.0,0.0,0.0,,2.0,,3.0,-88,100,2,8,0,0,0,0,0,0.0,100,0.0,60,KMDW,0.0,4,2,7,12,65.0,2.0,2,2,4,2,0,0,1,65,
2026-07-28 18:00:00,2026-07-29 15:00:00,NBS,76,59,30,9,,,,,,,,,-88,100,13,10,1,0,0,0,0,,100,,60,KMDW,,29,2,10,62,,,2,2,12,2,0,0,2,70,
2026-07-28 18:00:00,2026-07-29 18:00:00,NBS,79,57,30,9,0.0,,0.0,,,2.0,,,-88,100,11,12,1,0,0,0,0,0.0,100,0.0,70,KMDW,,35,2,9,85,,,2,2,6,3,0,0,2,75,
2026-07-28 18:00:00,2026-07-29 21:00:00,NBS,80,54,30,10,,,,,,,,,-88,100,8,12,0,0,0,0,0,,100,,-88,KMDW,,34,2,10,72,,,2,2,7,3,0,0,2,71,
2026-07-28 18:00:00,2026-07-30 00:00:00,NBS,77,53,50,8,0.0,0.0,0.0,0.0,,3.0,,3.0,-88,100,4,9,0,0,0,0,0,0.0,110,0.0,-88,KMDW,0.0,12,3,8,26,81.0,2.0,2,3,6,3,0,0,2,69,
2026-07-28 18:00:00,2026-07-30 03:00:00,NBS,72,56,150,3,,,,,,,,,-88,100,12,3,1,0,0,0,0,,110,,270,KMDW,,4,8,4,0,,,2,3,9,2,0,0,2,66,
2026-07-28 18:00:00,2026-07-30 06:00:00,NBS,69,59,240,1,1.0,,0.0,,,4.0,,,-88,100,23,2,1,0,0,0,0,0.0,110,0.0,100,KMDW,,4,24,3,0,,,3,3,26,2,0,4,2,65,
2026-07-28 18:00:00,2026-07-30 09:00:00,NBS,67,59,260,3,,,,,,,,,-88,100,22,3,1,0,0,0,0,,110,,120,KMDW,,3,26,5,0,,,3,3,27,2,3,8,2,64,
2026-07-28 18:00:00,2026-07-30 12:00:00,NBS,68,59,270,3,5.0,6.0,0.0,0.0,,3.0,,5.0,-88,100,9,3,2,0,0,0,0,0.0,110,0.0,32,KMDW,0.0,4,27,5,12,66.0,3.0,3,3,10,2,2,8,2,65,
2026-07-28 18:00:00,2026-07-30 15:00:00,NBS,80,60,300,0,,,,,,,,,-88,100,29,3,3,0,0,0,0,,110,,34,KMDW,,22,30,5,59,,,2,4,36,3,0,0,3,73,
2026-07-28 18:00:00,2026-07-30 18:00:00,NBS,85,59,300,4,0.0,,0.0,,,5.0,,,-88,100,37,4,3,0,0,0,0,0.0,120,0.0,50,KMDW,,47,31,5,81,,,2,4,35,3,0,0,3,79,
2026-07-28 18:00:00,2026-07-30 21:00:00,NBS,85,59,210,7,,,,,,,,,-88,100,41,8,4,0,0,0,0,,110,,50,KMDW,,52,27,7,54,,,2,4,30,3,0,0,2,76,
2026-07-28 18:00:00,2026-07-31 00:00:00,NBS,83,59,210,8,2.0,1.0,0.0,0.0,,7.0,,8.0,-88,100,42,8,3,0,0,0,0,0.0,110,0.0,60,KMDW,0.0,28,26,8,30,86.0,2.0,3,4,33,3,0,0,3,74,
2026-07-28 18:00:00,2026-07-31 03:00:00,NBS,77,61,190,5,,,,,,,,,-88,100,56,5,3,0,0,0,0,,110,,250,KMDW,,5,23,5,2,,,3,3,30,2,0,0,2,70,
2026-07-28 18:00:00,2026-07-31 06:00:00,NBS,73,63,200,5,0.0,,0.0,,,6.0,,,-88,100,56,5,2,0,0,0,0,0.0,110,0.0,260,KMDW,,4,23,7,0,,,3,3,27,2,1,0,2,68,
2026-07-28 18:00:00,2026-07-31 09:00:00,NBS,72,63,200,5,,,,,,,,,-88,100,61,6,2,0,0,0,1,,110,,210,KMDW,,4,22,7,0,,,3,3,34,3,0,0,2,68,
2026-07-28 18:00:00,2026-07-31 12:00:00,NBS,72,63,200,5,1.0,1.0,0.0,0.0,,4.0,,6.0,-88,100,67,6,2,0,0,0,3,0.0,110,0.0,200,KMDW,0.0,6,21,9,0,70.0,3.0,2,3,26,3,0,0,2,68,
2026-07-28 18:00:00,2026-07-31 15:00:00,NBS,79,63,200,7,,,,,,,,,-88,100,81,9,2,0,0,0,7,,130,,140,KMDW,,28,21,10,22,,,3,3,23,4,0,0,3,73,
2026-07-28 18:00:00,2026-07-31 18:00:00,NBS,82,63,200,9,5.0,,0.0,,,5.0,,,70,100,92,10,2,0,0,0,11,0.0,120,0.0,70,KMDW,,39,23,10,17,,,5,3,10,7,9,4,4,75,
2026-07-29 00:00:00,2026-07-29 06:00:00,NBS,68,57,20,8,0.0,,0.0,,15.0,3.0,,,-88,100,6,10,0,0,0,0,0,0.0,100,0.0,-88,KMDW,,5,1,9,0,,,2,2,8,3,0,0,2,63,15/3
2026-07-29 00:00:00,2026-07-29 09:00:00,NBS,67,58,360,6,,,,,,,,,-88,100,10,7,0,0,0,0,0,,100,,70,KMDW,,4,1,7,0,,,2,2,10,2,0,0,1,63,
2026-07-29 00:00:00,2026-07-29 12:00:00,NBS,68,60,360,6,0.0,0.0,0.0,0.0,,1.0,,3.0,-88,100,3,8,0,0,0,0,0,0.0,100,0.0,-88,KMDW,0.0,4,2,6,12,65.0,2.0,1,2,5,2,0,0,1,65,
2026-07-29 00:00:00,2026-07-29 15:00:00,NBS,75,59,30,8,,,,,,,,,-88,100,5,10,1,0,0,0,0,,100,,-88,KMDW,,27,2,10,64,,,2,2,8,2,0,0,1,70,
2026-07-29 00:00:00,2026-07-29 18:00:00,NBS,78,57,30,9,0.0,,0.0,,,1.0,,,-88,100,7,11,0,0,0,0,0,0.0,100,0.0,100,KMDW,,36,3,10,87,,,2,3,7,2,0,0,2,74,
2026-07-29 00:00:00,2026-07-29 21:00:00,NBS,79,54,30,10,,,,,,,,,-88,100,8,11,0,0,0,0,0,,100,,-88,KMDW,,34,2,10,72,,,2,3,8,3,0,0,2,71,
2026-07-29 00:00:00,2026-07-30 00:00:00,NBS,76,53,40,8,0.0,0.0,0.0,0.0,,2.0,,2.0,-88,100,5,8,0,0,0,0,0,0.0,110,0.0,-88,KMDW,0.0,12,3,8,26,79.0,2.0,2,3,7,3,0,0,2,68,
2026-07-29 00:00:00,2026-07-30 03:00:00,NBS,71,55,150,3,,,,,,,,,-88,100,13,3,0,0,0,0,0,,110,,270,KMDW,,4,4,4,0,,,2,4,9,2,0,0,2,64,
2026-07-29 00:00:00,2026-07-30 06:00:00,NBS,68,57,250,0,0.0,,0.0,,,3.0,,,-88,100,16,2,1,0,0,0,0,0.0,110,0.0,240,KMDW,,4,27,3,0,,,2,4,11,2,0,5,2,63,
2026-07-29 00:00:00,2026-07-30 09:00:00,NBS,66,58,260,3,,,,,,,,,-88,100,21,3,0,0,0,0,0,,110,,120,KMDW,,4,28,3,0,,,2,4,28,2,2,8,2,62,
2026-07-29 00:00:00,2026-07-30 12:00:00,NBS,67,58,260,3,2.0,0.0,0.0,0.0,,4.0,,5.0,-88,100,11,3,2,0,0,0,0,0.0,120,0.0,80,KMDW,0.0,4,29,4,12,64.0,2.0,2,4,11,2,0,0,2,64,
2026-07-29 00:00:00,2026-07-30 15:00:00,NBS,79,59,300,0,,,,,,,,,-88,100,34,3,3,0,0,0,0,,120,,24,KMDW,,19,32,5,62,,,2,4,35,3,0,0,3,72,
2026-07-29 00:00:00,2026-07-30 18:00:00,NBS,84,59,320,4,0.0,,0.0,,,5.0,,,-88,100,41,4,2,0,0,0,0,0.0,120,0.0,23,KMDW,,41,33,6,75,,,2,3,41,3,0,0,3,78,
2026-07-29 00:00:00,2026-07-30 21:00:00,NBS,85,58,70,7,,,,,,,,,-88,100,60,7,2,0,0,0,0,,110,,32,KMDW,,52,29,7,54,,,2,3,37,3,0,0,2,75,
2026-07-29 00:00:00,2026-07-31 00:00:00,NBS,81,59,140,7,1.0,3.0,0.0,0.0,,8.0,,9.0,-88,100,66,8,3,0,0,0,0,0.0,110,0.0,43,KMDW,0.0,25,25,7,27,85.0,2.0,2,4,31,3,0,0,2,72,
2026-07-29 00:00:00,2026-07-31 03:00:00,NBS,76,61,180,5,,,,,,,,,-88,100,61,5,3,0,0,0,0,,110,,130,KMDW,,4,17,5,0,,,2,3,28,2,0,1,2,69,
2026-07-29 00:00:00,2026-07-31 06:00:00,NBS,73,62,190,5,0.0,,0.0,,,8.0,,,-88,100,73,6,2,0,0,0,0,0.0,110,0.0,120,KMDW,,4,20,5,0,,,2,3,28,2,2,3,2,68,
2026-07-29 00:00:00,2026-07-31 09:00:00,NBS,71,62,190,6,,,,,,,,,-88,100,76,6,1,0,0,0,0,,110,,190,KMDW,,4,20,6,0,,,2,2,22,3,0,3,2,66,
2026-07-29 00:00:00,2026-07-31 12:00:00,NBS,71,62,200,6,1.0,2.0,0.0,0.0,,4.0,,8.0,-88,100,69,7,1,0,0,0,2,0.0,110,0.0,160,KMDW,0.0,6,21,8,0,69.0,2.0,2,2,26,3,0,0,2,68,
2026-07-29 00:00:00,2026-07-31 15:00:00,NBS,78,63,200,8,,,,,,,,,-88,100,82,10,2,0,0,0,28,,130,,140,KMDW,,35,21,10,36,,,4,3,26,5,0,0,3,72,
2026-07-29 00:00:00,2026-07-31 18:00:00,NBS,79,63,190,10,12.0,,1.0,,,4.0,,,130,100,86,14,1,0,0,0,46,0.0,140,0.0,90,KMDW,,39,20,10,36,,,6,3,19,7,2,0,4,75,
2026-07-29 00:00:00,2026-07-31 21:00:00,NBS,78,63,180,11,,,,,,,,,90,100,83,14,4,0,0,0,54,,130,,90,KMDW,,42,20,11,17,,,6,3,28,8,1,1,4,72,
2026-07-29 00:00:00,2026-08-01 00:00:00,NBS,75,63,150,11,49.0,51.0,11.0,12.0,,15.0,,15.0,70,100,87,12,9,0,0,0,69,0.0,130,0.0,60,KMDW,3.0,15,17,11,11,80.0,4.0,5,3,10,9,3,2,5,71,
2026-07-29 06:00:00,2026-07-29 12:00:00,NBS,68,60,360,6,0.0,,0.0,,23.0,1.0,17.0,,-88,100,2,8,0,0,0,0,0,0.0,99,0.0,-88,KMDW,,5,1,7,13,,,1,2,3,2,0,0,1,65,23/1
2026-07-29 06:00:00,2026-07-29 15:00:00,NBS,75,60,30,9,,,,,,,,,-88,100,3,10,1,0,0,0,0,,100,,20,KMDW,,27,2,10,64,,,2,2,5,2,0,0,1,70,
2026-07-29 06:00:00,2026-07-29 18:00:00,NBS,78,58,40,9,0.0,,0.0,,,1.0,,,-88,100,6,11,0,0,0,0,0,0.0,100,0.0,-88,KMDW,,35,2,10,88,,,2,2,5,2,0,0,2,74,
2026-07-29 06:00:00,2026-07-29 21:00:00,NBS,79,55,40,10,,,,,,,,,-88,100,6,11,0,0,0,0,0,,100,,-88,KMDW,,30,2,10,71,,,2,2,7,2,0,0,2,71,
2026-07-29 06:00:00,2026-07-30 00:00:00,NBS,76,54,40,8,0.0,0.0,0.0,0.0,,1.0,,1.0,-88,100,3,8,0,0,0,0,0,0.0,100,0.0,240,KMDW,0.0,11,2,8,24,79.0,2.0,2,3,5,2,0,0,2,68,
2026-07-29 06:00:00,2026-07-30 03:00:00,NBS,70,56,50,3,,,,,,,,,-88,100,6,3,0,0,0,0,0,,110,,140,KMDW,,4,5,4,0,,,2,3,7,2,0,0,2,64,
2026-07-29 06:00:00,2026-07-30 06:00:00,NBS,67,58,300,0,0.0,,0.0,,,3.0,,,-88,100,10,1,0,0,0,0,0,0.0,110,0.0,-88,KMDW,,4,29,3,0,,,2,3,9,1,0,5,2,63,
2026-07-29 06:00:00,2026-07-30 09:00:00,NBS,65,58,280,0,,,,,,,,,-88,100,18,2,0,0,0,0,0,,110,,270,KMDW,,4,27,4,0,,,2,3,14,2,1,10,2,62,
2026-07-29 06:00:00,2026-07-30 12:00:00,NBS,67,59,280,1,2.0,0.0,0.0,0.0,,2.0,,4.0,-88,100,14,3,1,0,0,0,15,0.0,110,0.0,70,KMDW,0.0,4,29,4,10,65.0,2.0,2,3,17,2,0,3,2,64,
2026-07-29 06:00:00,2026-07-30 15:00:00,NBS,78,59,270,0,,,,,,,,,-88,100,12,2,2,0,0,0,0,,110,,70,KMDW,,22,30,3,62,,,2,3,9,2,0,0,2,72,
2026-07-29 06:00:00,2026-07-30 18:00:00,NBS,84,58,140,0,2.0,,0.0,,,3.0,,,-88,100,11,3,2,0,0,0,0,0.0,110,0.0,50,KMDW,,53,5,4,84,,,2,3,8,2,0,0,3,78,
2026-07-29 06:00:00,2026-07-30 21:00:00,NBS,85,57,190,6,,,,,,,,,-88,100,33,6,1,0,0,0,0,,110,,35,KMDW,,61,18,6,69,,,2,3,34,3,0,0,2,75,
2026-07-29 06:00:00,2026-07-31 00:00:00,NBS,81,58,220,6,2.0,2.0,0.0,0.0,,5.0,,5.0,-88,100,58,7,2,0,0,0,0,0.0,110,0.0,150,KMDW,0.0,27,25,8,23,85.0,2.0,2,3,33,3,0,0,3,73,
2026-07-29 06:00:00,2026-07-31 03:00:00,NBS,76,60,190,5,,,,,,,,,-88,100,96,5,1,0,0,0,0,,110,,170,KMDW,,4,23,6,0,,,2,3,13,2,0,2,2,68,
2026-07-29 06:00:00,2026-07-31 06:00:00,NBS,72,62,200,5,1.0,,0.0,,,5.0,,,-88,100,73,6,1,0,0,0,0,0.0,110,0.0,230,KMDW,,4,22,6,0,,,2,3,21,2,1,3,2,68,
2026-07-29 06:00:00,2026-07-31 09:00:00,NBS,71,62,200,6,,,,,,,,,-88,100,68,6,1,0,0,0,0,,110,,200,KMDW,,4,21,7,0,,,2,2,35,2,0,5,2,66,
2026-07-29 06:00:00,2026-07-31 12:00:00,NBS,71,62,200,6,0.0,0.0,0.0,0.0,,3.0,,5.0,-88,100,73,7,1,0,0,0,0,0.0,110,0.0,190,KMDW,0.0,5,20,7,4,70.0,2.0,2,2,27,3,2,1,2,68,
2026-07-29 06:00:00,2026-07-31 15:00:00,NBS,77,63,190,9,,,,,,,,,-88,100,94,11,2,0,0,0,27,,120,,120,KMDW,,25,21,10,18,,,3,3,5,4,2,0,3,72,
2026-07-29 06:00:00,2026-07-31 18:00:00,NBS,78,63,180,11,16.0,,0.0,,,5.0,,,80,100,95,14,2,0,0,0,48,0.0,130,0.0,42,KMDW,,33,19,11,13,,,5,3,4,6,6,2,4,73,
2026-07-29 06:00:00,2026-07-31 21:00:00,NBS,76,63,160,11,,,,,,,,,60,100,95,15,6,0,0,0,62,,140,,23,KMDW,,20,7,11,4,,,5,3,5,7,8,4,4,71,
2026-07-29 06:00:00,2026-08-01 00:00:00,NBS,74,63,120,12,58.0,57.0,14.0,14.0,,17.0,,17.0,47,100,91,15,9,0,0,0,77,0.0,140,0.0,47,KMDW,4.0,23,10,12,6,80.0,4.0,5,3,7,7,4,3,4,69,
2026-07-29 06:00:00,2026-08-01 03:00:00,NBS,72,63,110,14,,,,,,,,,30,100,97,16,10,0,0,0,79,,140,,30,KMDW,,10,8,14,0,,,3,3,5,8,15,5,4,67,
2026-07-29 06:00:00,2026-08-01 06:00:00,NBS,70,65,110,12,69.0,,30.0,,,23.0,,,29,80,97,16,11,0,0,0,80,0.0,130,0.0,23,KMDW,,13,9,12,0,,,3,3,5,7,19,7,4,67,
2026-07-29 12:00:00,2026-07-29 18:00:00,NBS,77,57,40,9,0.0,,0.0,,18.0,1.0,,,-88,100,7,11,0,0,0,0,0,0.0,100,0.0,20,KMDW,,37,2,10,88,,,2,2,7,2,0,0,2,74,18/1
2026-07-29 12:00:00,2026-07-29 21:00:00,NBS,78,54,40,9,,,,,,,,,-88,100,7,10,0,0,0,0,0,,100,,-88,KMDW,,31,2,9,71,,,1,2,6,2,0,0,2,71,
2026-07-29 12:00:00,2026-07-30 00:00:00,NBS,75,52,40,8,0.0,0.0,0.0,0.0,,1.0,,1.0,-88,100,2,8,0,0,0,0,0,0.0,100,0.0,-88,KMDW,0.0,13,2,8,22,79.0,1.0,2,3,3,2,0,0,1,67,
2026-07-29 12:00:00,2026-07-30 03:00:00,NBS,70,55,50,0,,,,,,,,,-88,100,7,2,0,0,0,0,0,,110,,-88,KMDW,,4,5,3,0,,,1,4,7,2,0,0,2,63,
2026-07-29 12:00:00,2026-07-30 06:00:00,NBS,66,57,300,0,0.0,,0.0,,,3.0,,,-88,100,8,1,0,0,0,0,0,0.0,110,0.0,-88,KMDW,,4,32,2,0,,,2,3,7,1,2,0,2,63,
2026-07-29 12:00:00,2026-07-30 09:00:00,NBS,64,57,280,1,,,,,,,,,-88,100,14,2,0,0,0,0,0,,110,,270,KMDW,,4,27,3,0,,,2,3,10,1,0,6,2,61,
2026-07-29 12:00:00,2026-07-30 12:00:00,NBS,66,57,290,0,0.0,0.0,0.0,0.0,,2.0,,3.0,-88,100,11,3,1,0,0,0,0,0.0,110,0.0,230,KMDW,0.0,3,29,3,11,64.0,2.0,2,3,21,1,0,1,2,63,
2026-07-29 12:00:00,2026-07-30 15:00:00,NBS,78,57,260,0,,,,,,,,,-88,100,12,2,1,0,0,0,0,,110,,80,KMDW,,19,25,3,62,,,2,3,9,2,0,0,2,71,
2026-07-29 12:00:00,2026-07-30 18:00:00,NBS,84,57,190,0,0.0,,0.0,,,2.0,,,-88,100,35,3,1,0,0,0,0,0.0,110,0.0,170,KMDW,,55,23,3,84,,,2,3,39,2,0,0,2,77,
2026-07-29 12:00:00,2026-07-30 21:00:00,NBS,85,57,180,5,,,,,,,,,-88,100,35,6,1,0,0,0,0,,110,,120,KMDW,,65,22,5,69,,,2,3,26,3,0,0,2,75,
2026-07-29 12:00:00,2026-07-31 00:00:00,NBS,81,58,210,6,1.0,1.0,0.0,0.0,,4.0,,4.0,150,100,58,7,1,0,0,0,0,0.0,110,0.0,140,KMDW,0.0,22,25,6,23,85.0,2.0,2,3,32,3,0,0,2,72,
2026-07-29 12:00:00,2026-07-31 03:00:00,NBS,76,59,190,5,,,,,,,,,-88,100,70,5,1,0,0,0,0,,110,,180,KMDW,,4,22,5,0,,,2,2,20,2,0,1,2,69,
2026-07-29 12:00:00,2026-07-31 06:00:00,NBS,72,61,200,5,1.0,,0.0,,,4.0,,,-88,100,73,5,1,0,0,0,0,0.0,110,0.0,180,KMDW,,4,22,6,0,,,2,2,13,2,1,2,2,67,
2026-07-29 12:00:00,2026-07-31 09:00:00,NBS,70,61,200,5,,,,,,,,,-88,100,57,6,0,0,0,0,0,,110,,160,KMDW,,4,22,7,0,,,2,2,35,2,0,4,2,66,
2026-07-29 12:00:00,2026-07-31 12:00:00,NBS,70,61,190,5,0.0,1.0,0.0,0.0,,2.0,,4.0,-88,100,47,6,0,0,0,0,1,0.0,110,0.0,180,KMDW,0.0,5,21,7,10,69.0,2.0,2,2,40,3,1,2,2,67,
2026-07-29 12:00:00,2026-07-31 15:00:00,NBS,77,62,190,8,,,,,,,,,130,100,82,10,1,0,0,0,16,,110,,130,KMDW,,26,20,11,20,,,3,2,24,5,2,0,3,71,
2026-07-29 12:00:00,2026-07-31 18:00:00,NBS,77,62,180,10,16.0,,2.0,,,3.0,,,50,100,95,14,1,0,0,0,32,0.0,120,0.0,50,KMDW,,43,19,11,29,,,5,3,8,7,13,2,4,72,
2026-07-29 12:00:00,2026-07-31 21:00:00,NBS,74,62,140,11,,,,,,,,,50,100,92,15,5,0,0,0,58,,140,,50,KMDW,,23,13,11,4,,,6,3,10,7,7,3,4,69,
2026-07-29 12:00:00,2026-08-01 00:00:00,NBS,73,62,140,12,62.0,61.0,19.0,21.0,,18.0,,18.0,50,100,89,15,11,0,0,0,77,0.0,140,0.0,25,KMDW,4.0,20,14,12,3,79.0,4.0,4,4,10,7,9,6,4,68,
2026-07-29 12:00:00,2026-08-01 03:00:00,NBS,70,62,110,12,,,,,,,,,60,100,96,15,15,0,0,0,61,,130,,18,KMDW,,5,10,12,0,,,3,3,6,8,9,3,4,67,
2026-07-29 12:00:00,2026-08-01 06:00:00,NBS,69,64,110,12,68.0,,24.0,,,30.0,,,46,80,96,15,14,0,0,0,49,0.0,130,0.0,31,KMDW,,10,11,13,0,,,3,3,6,6,17,7,4,66,
2026-07-29 12:00:00,2026-08-01 09:00:00,NBS,68,64,100,12,,,,,,,,,6,80,96,15,11,0,0,0,37,,130,,6,KMDW,,11,11,13,0,,,2,3,8,7,31,8,4,66,
2026-07-29 12:00:00,2026-08-01 12:00:00,NBS,68,64,90,12,58.0,83.0,18.0,42.0,,18.0,,30.0,6,40,84,14,8,0,0,0,37,0.0,130,0.0,4,KMDW,6.0,13,10,15,0,66.0,2.0,2,3,13,6,38,15,4,67,
2026-07-29 18:00:00,2026-07-30 00:00:00,NBS,76,52,40,8,0.0,,0.0,,10.0,1.0,26.0,,-88,100,2,9,0,0,0,0,0,0.0,100,0.0,-88,KMDW,,13,3,8,23,,,1,3,3,2,0,0,1,67,10/1
2026-07-29 18:00:00,2026-07-30 03:00:00,NBS,71,55,50,2,,,,,,,,,-88,100,9,2,0,0,0,0,0,,100,,-88,KMDW,,4,5,4,0,,,2,4,8,2,0,1,2,64,
2026-07-29 18:00:00,2026-07-30 06:00:00,NBS,67,57,330,0,0.0,,0.0,,,2.0,,,-88,80,19,1,0,0,0,0,12,0.0,100,0.0,7,KMDW,,4,36,3,0,,,2,4,14,1,3,8,1,63,
2026-07-29 18:00:00,2026-07-30 09:00:00,NBS,65,57,290,0,,,,,,,,,-88,100,21,2,0,0,0,0,12,,100,,7,KMDW,,4,28,3,0,,,2,3,21,1,3,11,2,61,
2026-07-29 18:00:00,2026-07-30 12:00:00,NBS,66,57,290,1,0.0,0.0,0.0,0.0,,1.0,,2.0,-88,100,17,3,0,0,0,0,14,0.0,110,0.0,7,KMDW,0.0,4,27,3,11,63.0,2.0,2,3,24,2,3,9,2,63,
2026-07-29 18:00:00,2026-07-30 15:00:00,NBS,79,57,240,0,,,,,,,,,-88,100,11,2,1,0,0,0,0,,110,,-88,KMDW,,20,25,4,63,,,2,3,9,2,0,0,2,71,
2026-07-29 18:00:00,2026-07-30 18:00:00,NBS,84,56,230,0,0.0,,0.0,,,2.0,,,-88,100,30,3,1,0,0,0,0,0.0,110,0.0,80,KMDW,,48,23,4,85,,,2,3,29,2,0,0,2,77,
2026-07-29 18:00:00,2026-07-30 21:00:00,NBS,85,56,230,6,,,,,,,,,-88,100,39,6,1,0,0,0,0,,110,,220,KMDW,,61,23,6,69,,,2,3,30,3,0,0,2,75,
2026-07-29 18:00:00,2026-07-31 00:00:00,NBS,83,57,200,6,0.0,0.0,0.0,0.0,,3.0,,3.0,-88,100,55,7,1,0,0,0,0,0.0,110,0.0,150,KMDW,0.0,21,22,6,23,86.0,2.0,2,3,37,3,0,0,3,73,
2026-07-29 18:00:00,2026-07-31 03:00:00,NBS,77,58,190,5,,,,,,,,,130,100,59,5,1,0,0,0,0,,110,,130,KMDW,,5,22,6,0,,,3,3,33,2,0,0,2,69,
2026-07-29 18:00:00,2026-07-31 06:00:00,NBS,73,61,220,4,0.0,,0.0,,,4.0,,,-88,100,57,5,1,0,0,0,0,0.0,110,0.0,180,KMDW,,4,22,6,0,,,2,3,25,2,0,1,2,67,
2026-07-29 18:00:00,2026-07-31 09:00:00,NBS,71,61,210,4,,,,,,,,,-88,100,51,5,0,0,0,0,0,,110,,180,KMDW,,3,22,6,0,,,2,2,29,2,0,5,2,66,
2026-07-29 18:00:00,2026-07-31 12:00:00,NBS,71,61,190,5,0.0,0.0,0.0,0.0,,2.0,,4.0,-88,100,36,5,1,0,0,0,0,0.0,110,0.0,170,KMDW,0.0,4,21,6,10,68.0,2.0,2,2,31,2,2,3,2,67,
2026-07-29 18:00:00,2026-07-31 15:00:00,NBS,79,62,190,8,,,,,,,,,-88,100,83,9,1,0,0,0,6,,110,,130,KMDW,,31,20,10,54,,,3,3,19,4,0,0,3,72,
2026-07-29 18:00:00,2026-07-31 18:00:00,NBS,78,62,180,10,8.0,,0.0,,,2.0,,,-88,100,100,13,1,0,0,0,17,0.0,110,0.0,100,KMDW,,47,19,10,46,,,6,3,0,6,1,0,4,72,
2026-07-29 18:00:00,2026-07-31 21:00:00,NBS,75,62,160,10,,,,,,,,,70,100,96,13,3,0,0,0,23,,120,,70,KMDW,,30,16,10,21,,,6,3,5,7,0,0,4,69,
2026-07-29 18:00:00,2026-08-01 00:00:00,NBS,75,62,140,10,58.0,54.0,15.0,15.0,,16.0,,16.0,80,100,92,11,10,0,0,0,77,0.0,130,0.0,60,KMDW,4.0,20,6,10,9,81.0,4.0,5,3,7,7,4,2,4,70,
2026-07-29 18:00:00,2026-08-01 03:00:00,NBS,72,63,90,10,,,,,,,,,80,100,98,11,14,0,0,0,71,,130,,60,KMDW,,11,8,10,0,,,4,3,3,7,6,2,4,68,
2026-07-29 18:00:00,2026-08-01 06:00:00,NBS,70,64,90,11,72.0,,32.0,,,25.0,,,48,100,97,12,12,0,0,0,75,0.0,130,0.0,26,KMDW,,12,9,11,0,,,3,3,4,6,14,3,3,68,
2026-07-29 18:00:00,2026-08-01 09:00:00,NBS,70,65,90,11,,,,,,,,,8,50,99,13,8,0,0,0,55,,130,,3,KMDW,,11,9,11,0,,,3,3,3,5,29,10,3,67,
2026-07-29 18:00:00,2026-08-01 12:00:00,NBS,70,65,80,11,66.0,87.0,24.0,56.0,,16.0,,26.0,6,30,89,13,8,0,0,0,55,0.0,130,0.0,1,KMDW,7.0,15,9,14,0,67.0,2.0,2,2,9,5,38,16,3,68,
2026-07-29 18:00:00,2026-08-01 15:00:00,NBS,72,66,70,11,,,,,,,,,6,20,95,15,5,0,0,0,43,,130,,4,KMDW,,20,7,11,2,,,3,3,5,5,38,18,3,70,
2026-07-29 18:00:00,2026-08-01 18:00:00,NBS,72,66,60,12,45.0,,4.0,,,10.0,,,7,40,88,18,4,0,0,0,30,0.0,130,0.0,7,KMDW,,23,6,13,5,,,4,3,10,6,27,11,4,71,
2026-07-30 00:00:00,2026-07-30 06:00:00,NBS,67,57,300,0,0.0,,0.0,,16.0,2.0,,,-88,100,11,1,0,0,0,0,12,0.0,100,0.0,7,KMDW,,4,9,3,0,,,2,4,9,1,1,5,1,63,16/2
2026-07-30 00:00:00,2026-07-30 09:00:00,NBS,65,57,280,0,,,,,,,,,-88,100,26,2,0,0,0,0,12,,100,,40,KMDW,,4,26,3,0,,,2,4,26,1,3,10,2,61,
2026-07-30 00:00:00,2026-07-30 12:00:00,NBS,66,57,290,0,0.0,0.0,0.0,0.0,,1.0,,2.0,-88,100,15,3,0,0,0,0,12,0.0,110,0.0,7,KMDW,0.0,3,27,3,12,63.0,2.0,2,4,26,1,0,5,2,63,
2026-07-30 00:00:00,2026-07-30 15:00:00,NBS,79,57,240,0,,,,,,,,,-88,100,7,2,1,0,0,0,0,,110,,280,KMDW,,18,24,3,65,,,1,3,9,1,0,0,2,71,
2026-07-30 00:00:00,2026-07-30 18:00:00,NBS,84,56,230,0,0.0,,0.0,,,1.0,,,-88,100,31,4,0,0,0,0,0,0.0,110,0.0,120,KMDW,,53,22,4,86,,,2,3,30,2,0,0,3,77,
2026-07-30 00:00:00,2026-07-30 21:00:00,NBS,85,57,190,6,,,,,,,,,-88,100,43,6,0,0,0,0,0,,110,,210,KMDW,,60,20,6,70,,,2,2,40,3,0,0,2,75,
2026-07-30 00:00:00,2026-07-31 00:00:00,NBS,83,58,160,6,0.0,0.0,0.0,0.0,,2.0,,2.0,-88,100,51,7,0,0,0,0,0,0.0,110,0.0,220,KMDW,0.0,20,20,6,22,86.0,2.0,2,3,35,3,0,0,2,73,
2026-07-30 00:00:00,2026-07-31 03:00:00,NBS,77,60,190,5,,,,,,,,,130,100,61,5,0,0,0,0,0,,110,,130,KMDW,,4,21,5,0,,,3,3,29,2,0,0,2,70,
2026-07-30 00:00:00,2026-07-31 06:00:00,NBS,73,62,210,4,0.0,,0.0,,,3.0,,,-88,100,57,5,0,0,0,0,0,0.0,110,0.0,170,KMDW,,4,22,5,0,,,2,3,32,2,0,1,2,68,
2026-07-30 00:00:00,2026-07-31 09:00:00,NBS,71,62,210,4,,,,,,,,,-88,100,35,5,0,0,0,0,0,,110,,250,KMDW,,4,21,6,0,,,2,2,7,2,0,4,2,66,
2026-07-30 00:00:00,2026-07-31 12:00:00,NBS,71,62,190,5,0.0,0.0,0.0,0.0,,2.0,,3.0,-88,100,19,5,0,0,0,0,0,0.0,100,0.0,160,KMDW,0.0,4,20,6,10,68.0,2.0,2,2,27,3,0,0,2,68,
2026-07-30 00:00:00,2026-07-31 15:00:00,NBS,79,63,180,7,,,,,,,,,-88,100,69,9,1,0,0,0,7,,110,,70,KMDW,,35,19,11,53,,,3,2,38,4,0,0,3,73,
2026-07-30 00:00:00,2026-07-31 18:00:00,NBS,79,62,170,10,3.0,,0.0,,,2.0,,,-88,100,96,14,1,0,0,0,9,0.0,110,0.0,48,KMDW,,53,18,11,57,,,5,3,4,6,2,0,4,73,
2026-07-30 00:00:00,2026-07-31 21:00:00,NBS,77,63,160,10,,,,,,,,,80,100,99,13,2,0,0,0,38,,120,,35,KMDW,,33,17,10,28,,,5,3,2,6,0,1,4,71,
2026-07-30 00:00:00,2026-08-01 00:00:00,NBS,75,64,140,9,46.0,46.0,5.0,5.0,,14.0,,14.0,80,100,86,10,8,0,0,0,44,0.0,140,0.0,60,KMDW,1.0,13,9,9,7,81.0,4.0,5,3,12,6,1,3,4,70,
2026-07-30 00:00:00,2026-08-01 03:00:00,NBS,73,65,90,10,,,,,,,,,50,100,97,11,15,0,0,0,37,,140,,40,KMDW,,7,8,10,0,,,3,3,5,6,12,4,3,69,
2026-07-30 00:00:00,2026-08-01 06:00:00,NBS,71,66,80,11,70.0,,18.0,,,28.0,,,16,40,96,13,15,0,0,0,74,0.0,130,0.0,8,KMDW,,12,7,11,0,,,3,3,8,5,24,9,3,68,
2026-07-30 00:00:00,2026-08-01 09:00:00,NBS,70,67,70,11,,,,,,,,,6,30,95,13,12,0,0,0,61,,130,,3,KMDW,,12,7,16,0,,,2,3,8,5,36,14,3,68,
2026-07-30 00:00:00,2026-08-01 12:00:00,NBS,70,67,70,11,74.0,87.0,58.0,76.0,,20.0,,28.0,5,20,90,14,8,0,0,0,61,0.0,130,0.0,4,KMDW,9.0,15,7,18,0,67.0,2.0,2,2,11,4,46,19,3,69,
2026-07-30 00:00:00,2026-08-01 15:00:00,NBS,72,68,60,11,,,,,,,,,6,30,93,16,6,0,0,0,76,,130,,6,KMDW,,17,5,15,1,,,2,2,10,5,37,17,3,71,
2026-07-30 00:00:00,2026-08-01 18:00:00,NBS,72,67,50,12,58.0,,28.0,,,11.0,,,8,60,85,17,5,0,0,0,58,0.0,130,0.0,8,KMDW,,19,5,14,4,,,4,3,11,6,25,10,4,71,
2026-07-30 00:00:00,2026-08-01 21:00:00,NBS,72,65,40,14,,,,,,,,,16,100,71,19,8,0,0,0,22,,130,,16,KMDW,,17,4,15,9,,,4,3,32,6,12,4,3,70,
2026-07-30 00:00:00,2026-08-02 00:00:00,NBS,73,65,30,13,34.0,64.0,8.0,36.0,,16.0,,18.0,44,100,62,17,7,0,0,0,22,0.0,130,0.0,32,KMDW,5.0,18,3,15,13,75.0,3.0,3,3,29,7,9,4,3,69,
2026-07-30 06:00:00,2026-07-30 12:00:00,NBS,66,58,280,0,0.0,,0.0,,9.0,1.0,20.0,,-88,100,7,2,0,0,0,0,0,0.0,100,0.0,-88,KMDW,,3,28,3,13,,,2,4,12,1,0,0,2,63,9/1
2026-07-30 06:00:00,2026-07-30 15:00:00,NBS,79,58,240,0,,,,,,,,,-88,100,17,2,1,0,0,0,0,,110,,180,KMDW,,20,25,4,65,,,1,3,28,1,0,0,2,72,
2026-07-30 06:00:00,2026-07-30 18:00:00,NBS,83,57,220,3,0.0,,0.0,,,1.0,,,-88,100,43,4,1,0,0,0,0,0.0,110,0.0,100,KMDW,,54,21,4,87,,,2,2,40,2,0,0,3,77,
2026-07-30 06:00:00,2026-07-30 21:00:00,NBS,84,58,150,6,,,,,,,,,130,100,58,6,0,0,0,0,0,,110,,110,KMDW,,59,21,6,68,,,2,2,35,2,0,0,2,75,
2026-07-30 06:00:00,2026-07-31 00:00:00,NBS,83,58,170,6,0.0,0.0,0.0,0.0,,2.0,,2.0,-88,100,44,7,0,0,0,0,0,0.0,110,0.0,230,KMDW,0.0,21,20,6,20,86.0,2.0,2,2,37,3,0,0,2,73,
2026-07-30 06:00:00,2026-07-31 03:00:00,NBS,76,60,180,4,,,,,,,,,280,100,58,5,0,0,0,0,0,,110,,260,KMDW,,4,20,5,0,,,2,3,33,2,0,0,2,69,
2026-07-30 06:00:00,2026-07-31 06:00:00,NBS,72,62,210,4,0.0,,0.0,,,3.0,,,260,100,71,5,0,0,0,0,0,0.0,110,0.0,250,KMDW,,4,21,6,0,,,2,2,30,2,0,0,2,68,
2026-07-30 06:00:00,2026-07-31 09:00:00,NBS,70,62,190,4,,,,,,,,,-88,100,56,4,0,0,0,0,0,,110,,240,KMDW,,4,20,6,0,,,2,2,30,2,0,4,2,66,
2026-07-30 06:00:00,2026-07-31 12:00:00,NBS,71,62,170,4,1.0,0.0,0.0,0.0,,2.0,,3.0,130,100,60,4,0,0,0,0,0,0.0,110,0.0,130,KMDW,0.0,4,19,7,10,69.0,2.0,1,2,24,2,0,0,2,68,
2026-07-30 06:00:00,2026-07-31 15:00:00,NBS,80,63,180,7,,,,,,,,,130,100,80,8,1,0,0,0,0,,110,,100,KMDW,,27,19,10,40,,,2,2,28,4,0,0,3,73,
2026-07-30 06:00:00,2026-07-31 18:00:00,NBS,80,61,170,9,10.0,,0.0,,,3.0,,,160,100,99,12,1,0,0,0,21,0.0,120,0.0,130,KMDW,,47,18,11,49,,,4,3,3,5,0,0,3,73,
2026-07-30 06:00:00,2026-07-31 21:00:00,NBS,77,62,170,9,,,,,,,,,80,100,100,11,3,0,0,0,48,,130,,44,KMDW,,34,17,14,26,,,5,3,1,6,2,0,3,71,
2026-07-30 06:00:00,2026-08-01 00:00:00,NBS,76,64,120,9,35.0,35.0,8.0,8.0,,13.0,,13.0,90,100,94,10,8,0,0,0,53,0.0,140,0.0,36,KMDW,3.0,17,13,12,8,82.0,3.0,4,3,8,6,1,0,3,70,
2026-07-30 06:00:00,2026-08-01 03:00:00,NBS,73,65,100,10,,,,,,,,,80,100,99,12,11,0,0,0,55,,140,,8,KMDW,,13,10,11,0,,,3,3,1,7,4,0,4,69,
2026-07-30 06:00:00,2026-08-01 06:00:00,NBS,71,67,90,11,75.0,,39.0,,,24.0,,,80,100,98,13,12,0,0,0,64,0.0,140,0.0,28,KMDW,,12,9,12,0,,,2,2,5,6,6,0,3,68,
2026-07-30 06:00:00,2026-08-01 09:00:00,NBS,70,67,90,12,,,,,,,,,45,100,99,15,13,0,0,0,90,,140,,14,KMDW,,11,8,15,0,,,2,2,2,7,16,0,4,69,
2026-07-30 06:00:00,2026-08-01 12:00:00,NBS,70,67,80,12,77.0,87.0,39.0,78.0,,23.0,,27.0,9,70,92,15,8,0,0,0,42,0.0,140,0.0,3,KMDW,8.0,14,7,16,0,68.0,2.0,2,2,7,6,32,10,4,69,
2026-07-30 06:00:00,2026-08-01 15:00:00,NBS,72,68,60,13,,,,,,,,,6,40,94,18,6,0,0,0,62,,130,,3,KMDW,,20,6,13,2,,,3,2,5,6,37,14,4,71,
2026-07-30 06:00:00,2026-08-01 18:00:00,NBS,72,66,50,14,61.0,,18.0,,,13.0,,,6,60,88,21,6,0,0,0,62,0.0,130,0.0,4,KMDW,,24,5,15,4,,,4,3,10,7,34,11,4,70,
2026-07-30 06:00:00,2026-08-01 21:00:00,NBS,72,65,40,16,,,,,,,,,7,30,80,23,9,0,0,0,20,,130,,7,KMDW,,24,5,16,3,,,4,3,17,8,31,15,4,69,
2026-07-30 06:00:00,2026-08-02 00:00:00,NBS,73,65,30,14,23.0,69.0,1.0,19.0,,18.0,,20.0,16,30,61,20,9,0,0,0,7,0.0,130,0.0,16,KMDW,4.0,17,4,14,3,75.0,4.0,3,4,30,8,26,13,4,69,
2026-07-30 06:00:00,2026-08-02 03:00:00,NBS,70,64,30,13,,,,,,,,,14,90,47,15,4,0,0,0,3,,120,,14,KMDW,,10,3,13,1,,,2,3,36,7,26,7,4,67,
2026-07-30 06:00:00,2026-08-02 06:00:00,NBS,69,65,20,12,9.0,,0.0,,,9.0,,,7,60,51,13,3,0,0,0,3,0.0,120,0.0,7,KMDW,,9,2,12,0,,,2,3,35,6,28,8,3,67,
2026-07-30 12:00:00,2026-07-30 18:00:00,NBS,84,57,220,3,0.0,,0.0,,6.0,1.0,,,-88,100,31,4,0,0,0,0,0,0.0,110,0.0,60,KMDW,,53,17,3,87,,,1,2,38,2,0,0,3,78,6/1
2026-07-30 12:00:00,2026-07-30 21:00:00,NBS,86,58,140,6,,,,,,,,,130,100,60,6,0,0,0,0,0,,110,,110,KMDW,,56,18,6,69,,,1,2,35,2,0,0,2,75,
2026-07-30 12:00:00,2026-07-31 00:00:00,NBS,83,58,150,7,0.0,0.0,0.0,0.0,,2.0,,2.0,-88,100,53,7,0,0,0,0,0,0.0,110,0.0,170,KMDW,0.0,16,15,7,18,86.0,1.0,2,2,37,2,0,0,2,73,
2026-07-30 12:00:00,2026-07-31 03:00:00,NBS,76,60,170,5,,,,,,,,,210,100,73,5,0,0,0,0,0,,110,,210,KMDW,,4,19,5,0,,,2,2,30,2,0,0,2,69,
2026-07-30 12:00:00,2026-07-31 06:00:00,NBS,72,61,200,5,0.0,,0.0,,,3.0,,,-88,100,56,5,0,0,0,0,0,0.0,110,0.0,250,KMDW,,4,20,5,0,,,2,2,34,2,0,0,1,67,
2026-07-30 12:00:00,2026-07-31 09:00:00,NBS,70,62,200,4,,,,,,,,,-88,100,46,4,0,0,0,0,0,,110,,210,KMDW,,4,20,6,0,,,2,2,30,2,0,0,2,66,
2026-07-30 12:00:00,2026-07-31 12:00:00,NBS,70,62,170,4,0.0,0.0,0.0,0.0,,2.0,,3.0,-88,100,44,5,0,0,0,0,0,0.0,100,0.0,210,KMDW,0.0,4,19,6,10,69.0,2.0,1,2,33,2,0,0,2,67,
2026-07-30 12:00:00,2026-07-31 15:00:00,NBS,80,63,170,7,,,,,,,,,250,100,77,9,0,0,0,0,0,,100,,220,KMDW,,29,18,11,55,,,2,2,27,3,0,0,3,73,
2026-07-30 12:00:00,2026-07-31 18:00:00,NBS,82,62,170,10,1.0,,0.0,,,2.0,,,200,100,99,13,0,0,0,0,2,0.0,110,0.0,180,KMDW,,52,18,15,55,,,3,3,3,5,0,0,3,74,
2026-07-30 12:00:00,2026-07-31 21:00:00,NBS,79,63,150,10,,,,,,,,,60,100,99,13,4,0,0,0,34,,130,,60,KMDW,,39,18,15,24,,,5,3,5,5,4,1,3,72,
2026-07-30 12:00:00,2026-08-01 00:00:00,NBS,76,63,130,10,50.0,49.0,8.0,8.0,,21.0,,21.0,60,100,93,12,14,0,0,0,54,0.0,140,0.0,60,KMDW,5.0,16,15,14,7,83.0,3.0,4,3,10,6,0,0,3,71,
2026-07-30 12:00:00,2026-08-01 03:00:00,NBS,73,64,120,11,,,,,,,,,50,100,99,13,17,0,0,0,60,,150,,14,KMDW,,9,12,13,0,,,3,3,4,7,4,0,4,69,
2026-07-30 12:00:00,2026-08-01 06:00:00,NBS,71,66,110,11,70.0,,46.0,,,39.0,,,47,100,96,13,21,0,0,0,69,0.0,140,0.0,15,KMDW,,10,11,15,0,,,2,2,5,6,13,4,4,69,
2026-07-30 12:00:00,2026-08-01 09:00:00,NBS,70,67,100,12,,,,,,,,,14,70,93,16,22,0,0,0,97,,140,,3,KMDW,,13,11,17,0,,,2,2,19,7,29,5,4,68,
2026-07-30 12:00:00,2026-08-01 12:00:00,NBS,70,67,90,12,81.0,85.0,57.0,103.0,,37.0,,43.0,6,30,78,15,13,0,0,0,74,0.0,140,0.0,2,KMDW,10.0,15,9,15,0,68.0,2.0,2,2,26,6,43,17,4,69,
2026-07-30 12:00:00,2026-08-01 15:00:00,NBS,72,68,70,13,,,,,,,,,7,40,97,18,11,0,0,0,83,,140,,6,KMDW,,18,7,13,2,,,3,2,5,7,33,13,4,70,
2026-07-30 12:00:00,2026-08-01 18:00:00,NBS,72,67,50,14,68.0,,19.0,,,23.0,,,9,70,94,21,12,0,0,0,83,0.0,140,0.0,6,KMDW,,20,5,17,7,,,4,3,6,7,27,9,4,70,
2026-07-30 12:00:00,2026-08-01 21:00:00,NBS,72,66,40,16,,,,,,,,,7,40,89,22,18,0,0,0,34,,130,,7,KMDW,,19,3,19,7,,,4,3,7,7,29,10,4,69,
2026-07-30 12:00:00,2026-08-02 00:00:00,NBS,72,64,30,16,43.0,78.0,1.0,20.0,,35.0,,35.0,9,40,76,21,15,0,0,0,26,0.0,130,0.0,7,KMDW,4.0,21,3,20,6,75.0,3.0,3,3,15,7,28,12,3,69,
2026-07-30 12:00:00,2026-08-02 03:00:00,NBS,70,64,30,14,,,,,,,,,6,40,69,18,10,0,0,0,3,,120,,2,KMDW,,12,3,18,0,,,2,3,32,7,36,11,4,67,
2026-07-30 12:00:00,2026-08-02 06:00:00,NBS,68,65,20,12,10.0,,0.0,,,20.0,,,6,30,65,15,5,0,0,0,3,0.0,120,0.0,6,KMDW,,12,2,19,0,,,2,2,34,6,33,11,3,67,
2026-07-30 12:00:00,2026-08-02 09:00:00,NBS,68,66,20,12,,,,,,,,,7,40,72,15,3,0,0,0,2,,110,,7,KMDW,,13,2,16,0,,,2,2,28,5,33,11,3,67,
2026-07-30 12:00:00,2026-08-02 12:00:00,NBS,69,66,20,12,3.0,11.0,0.0,0.0,,6.0,,20.0,7,50,59,15,3,0,0,0,2,0.0,110,0.0,7,KMDW,0.0,15,2,16,0,66.0,2.0,2,2,27,4,32,11,3,68,
2026-07-30 18:00:00,2026-07-31 00:00:00,NBS,82,58,160,6,0.0,,0.0,,8.0,2.0,21.0,,130,100,73,7,0,0,0,0,0,0.0,110,0.0,130,KMDW,,18,22,6,19,,,2,2,26,3,0,0,2,73,8/2
2026-07-30 18:00:00,2026-07-31 03:00:00,NBS,77,59,170,4,,,,,,,,,270,100,77,5,0,0,0,0,0,,100,,270,KMDW,,4,19,4,0,,,3,3,24,2,0,0,2,69,
2026-07-30 18:00:00,2026-07-31 06:00:00,NBS,73,61,200,4,0.0,,0.0,,,3.0,,,260,100,71,4,0,0,0,0,0,0.0,100,0.0,250,KMDW,,4,21,6,0,,,2,2,28,2,0,0,2,67,
2026-07-30 18:00:00,2026-07-31 09:00:00,NBS,71,61,200,4,,,,,,,,,-88,100,50,4,0,0,0,0,0,,100,,240,KMDW,,4,21,6,0,,,2,2,36,1,0,0,1,67,
2026-07-30 18:00:00,2026-07-31 12:00:00,NBS,70,61,170,4,0.0,0.0,0.0,0.0,,2.0,,3.0,-88,100,47,4,0,0,0,0,0,0.0,100,0.0,200,KMDW,0.0,4,19,6,10,69.0,2.0,2,2,35,2,0,0,2,67,
2026-07-30 18:00:00,2026-07-31 15:00:00,NBS,80,62,180,8,,,,,,,,,260,100,72,10,1,0,0,0,0,,100,,200,KMDW,,32,19,11,59,,,2,3,19,3,0,0,2,73,
2026-07-30 18:00:00,2026-07-31 18:00:00,NBS,82,61,180,11,2.0,,0.0,,,2.0,,,240,100,91,15,0,0,0,0,1,0.0,100,0.0,180,KMDW,,55,18,12,62,,,3,3,11,5,0,0,3,75,
2026-07-30 18:00:00,2026-07-31 21:00:00,NBS,79,62,170,12,,,,,,,,,90,100,100,16,4,0,0,0,6,,130,,90,KMDW,,38,17,12,28,,,5,3,0,5,0,0,3,72,
2026-07-30 18:00:00,2026-08-01 00:00:00,NBS,76,63,160,10,37.0,37.0,5.0,5.0,,17.0,,17.0,70,100,97,14,11,0,0,0,47,0.0,150,0.0,70,KMDW,2.0,20,16,10,10,83.0,3.0,4,4,5,7,0,0,3,70,
2026-07-30 18:00:00,2026-08-01 03:00:00,NBS,73,64,130,12,,,,,,,,,70,100,99,14,13,0,0,0,54,,140,,70,KMDW,,5,11,12,0,,,3,3,2,7,0,0,3,68,
2026-07-30 18:00:00,2026-08-01 06:00:00,NBS,72,66,80,11,78.0,,69.0,,,32.0,,,60,100,99,14,16,0,0,0,72,0.0,140,0.0,36,KMDW,,8,9,12,0,,,3,3,2,6,0,0,3,69,
2026-07-30 18:00:00,2026-08-01 09:00:00,NBS,70,67,100,12,,,,,,,,,29,100,99,17,17,0,0,0,82,,140,,7,KMDW,,15,10,12,0,,,2,2,2,7,21,2,4,68,
2026-07-30 18:00:00,2026-08-01 12:00:00,NBS,70,67,90,13,91.0,94.0,86.0,155.0,,30.0,,37.0,17,80,92,17,11,0,0,0,65,0.0,140,0.0,6,KMDW,10.0,16,9,15,2,68.0,2.0,1,2,10,7,27,6,4,69,
2026-07-30 18:00:00,2026-08-01 15:00:00,NBS,71,68,70,13,,,,,,,,,6,40,94,19,10,0,0,0,65,,140,,2,KMDW,,22,8,16,12,,,2,2,12,6,38,14,4,70,
2026-07-30 18:00:00,2026-08-01 18:00:00,NBS,71,67,60,15,82.0,,45.0,,,21.0,,,6,30,99,22,11,0,0,0,63,0.0,140,0.0,6,KMDW,,23,7,17,12,,,3,2,2,7,39,17,4,70,
2026-07-30 18:00:00,2026-08-01 21:00:00,NBS,71,66,40,16,,,,,,,,,6,20,88,25,17,0,0,0,42,,140,,6,KMDW,,19,5,19,5,,,3,2,9,8,40,19,4,69,
2026-07-30 18:00:00,2026-08-02 00:00:00,NBS,71,65,40,16,65.0,88.0,25.0,70.0,,30.0,,30.0,4,30,76,25,17,0,0,0,42,0.0,130,0.0,3,KMDW,9.0,21,4,19,2,74.0,3.0,2,3,15,8,42,18,4,68,
2026-07-30 18:00:00,2026-08-02 03:00:00,NBS,70,65,30,15,,,,,,,,,3,30,74,23,11,0,0,0,17,,120,,3,KMDW,,16,3,15,0,,,2,2,20,8,40,13,4,67,
2026-07-30 18:00:00,2026-08-02 06:00:00,NBS,69,66,20,14,33.0,,15.0,,,21.0,,,3,30,75,18,6,0,0,0,17,0.0,120,0.0,3,KMDW,,14,2,15,0,,,1,2,25,6,39,13,3,67,
2026-07-30 18:00:00,2026-08-02 09:00:00,NBS,68,66,20,14,,,,,,,,,6,40,72,17,4,0,0,0,12,,120,,6,KMDW,,13,2,15,0,,,1,2,25,6,38,13,3,67,
2026-07-30 18:00:00,2026-08-02 12:00:00,NBS,68,66,20,14,9.0,34.0,0.0,15.0,,10.0,,21.0,6,40,68,18,4,0,0,0,12,0.0,120,0.0,6,KMDW,4.0,16,2,15,0,66.0,2.0,2,2,16,5,37,14,3,67,
2026-07-30 18:00:00,2026-08-02 15:00:00,NBS,71,66,20,15,,,,,,,,,7,60,66,23,4,0,0,0,5,,110,,7,KMDW,,23,2,16,10,,,2,3,22,5,35,10,3,69,
2026-07-30 18:00:00,2026-08-02 18:00:00,NBS,71,65,20,17,5.0,,0.0,,,8.0,,,13,100,70,26,4,0,0,0,5,0.0,110,0.0,11,KMDW,,28,2,17,15,,,3,3,21,6,20,7,3,71,
2026-07-31 00:00:00,2026-07-31 06:00:00,NBS,73,61,200,4,0.0,,0.0,,8.0,3.0,,,130,100,58,4,0,0,0,0,0,0.0,110,0.0,130,KMDW,,4,21,5,0,,,2,3,31,2,0,0,2,68,8/3
2026-07-31 00:00:00,2026-07-31 09:00:00,NBS,71,62,190,4,,,,,,,,,-88,100,47,4,0,0,0,0,0,,100,,160,KMDW,,4,20,5,0,,,2,2,30,2,0,0,2,67,
2026-07-31 00:00:00,2026-07-31 12:00:00,NBS,71,62,170,4,1.0,0.0,0.0,0.0,,1.0,,3.0,-88,100,50,5,0,0,0,0,0,0.0,100,0.0,190,KMDW,0.0,4,18,5,10,69.0,2.0,1,2,33,2,0,0,2,67,
2026-07-31 00:00:00,2026-07-31 15:00:00,NBS,80,62,170,8,,,,,,,,,230,100,77,10,0,0,0,0,0,,100,,190,KMDW,,30,18,12,45,,,2,3,21,3,0,0,2,74,
2026-07-31 00:00:00,2026-07-31 18:00:00,NBS,82,61,180,11,2.0,,0.0,,,1.0,,,240,100,93,15,0,0,0,0,4,0.0,110,0.0,180,KMDW,,48,18,16,50,,,3,3,9,4,0,0,3,75,
2026-07-31 00:00:00,2026-07-31 21:00:00,NBS,79,61,180,12,,,,,,,,,70,100,95,15,4,0,0,0,17,,140,,70,KMDW,,36,18,18,34,,,4,3,9,5,2,0,3,72,
2026-07-31 00:00:00,2026-08-01 00:00:00,NBS,76,63,150,11,55.0,22.0,3.0,3.0,,22.0,,22.0,70,100,90,14,15,0,0,0,68,0.0,140,0.0,60,KMDW,2.0,17,16,14,9,83.0,3.0,4,4,13,6,0,0,3,70,
2026-07-31 00:00:00,2026-08-01 03:00:00,NBS,73,64,110,11,,,,,,,,,70,100,99,15,21,0,0,0,67,,140,,47,KMDW,,6,12,13,0,,,3,3,3,7,1,0,4,68,
2026-07-31 00:00:00,2026-08-01 06:00:00,NBS,71,67,100,12,80.0,,24.0,,,43.0,,,60,100,100,15,20,0,0,0,68,0.0,140,0.0,36,KMDW,,7,11,15,0,,,3,3,1,6,2,0,3,69,
2026-07-31 00:00:00,2026-08-01 09:00:00,NBS,70,67,100,12,,,,,,,,,45,90,98,17,20,0,0,0,86,,140,,18,KMDW,,9,12,14,0,,,2,2,3,6,3,0,3,68,
2026-07-31 00:00:00,2026-08-01 12:00:00,NBS,70,67,100,13,89.0,96.0,47.0,71.0,,36.0,,45.0,15,90,91,17,16,0,0,0,81,0.0,140,0.0,11,KMDW,12.0,11,11,13,2,68.0,2.0,2,2,10,6,19,1,3,69,
2026-07-31 00:00:00,2026-08-01 15:00:00,NBS,70,68,80,14,,,,,,,,,7,40,95,20,10,0,0,0,73,,130,,3,KMDW,,21,9,14,7,,,2,2,6,5,35,14,3,69,
2026-07-31 00:00:00,2026-08-01 18:00:00,NBS,70,67,50,15,85.0,,26.0,,,22.0,,,7,30,99,22,12,0,0,0,77,0.0,140,0.0,2,KMDW,,19,6,15,13,,,3,2,3,7,35,15,4,69,
2026-07-31 00:00:00,2026-08-01 21:00:00,NBS,70,66,30,16,,,,,,,,,7,30,100,25,19,0,0,0,82,,140,,4,KMDW,,17,3,18,3,,,3,2,0,8,34,18,4,68,
2026-07-31 00:00:00,2026-08-02 00:00:00,NBS,70,66,30,17,73.0,92.0,31.0,57.0,,34.0,,34.0,7,40,91,25,15,0,0,0,60,0.0,130,0.0,5,KMDW,7.0,15,3,20,2,73.0,3.0,2,3,9,8,36,17,4,68,
2026-07-31 00:00:00,2026-08-02 03:00:00,NBS,70,66,30,16,,,,,,,,,4,30,85,22,11,0,0,0,43,,130,,2,KMDW,,14,3,20,0,,,2,2,21,7,43,14,4,67,
2026-07-31 00:00:00,2026-08-02 06:00:00,NBS,69,66,20,13,34.0,,5.0,,,23.0,,,6,30,83,18,8,0,0,0,43,0.0,130,0.0,5,KMDW,,14,3,20,0,,,1,2,24,6,39,14,3,67,
2026-07-31 00:00:00,2026-08-02 09:00:00,NBS,68,66,20,13,,,,,,,,,6,30,86,17,5,0,0,0,5,,120,,3,KMDW,,15,2,19,0,,,1,2,20,5,41,15,3,67,
2026-07-31 00:00:00,2026-08-02 12:00:00,NBS,68,66,20,13,11.0,37.0,0.0,5.0,,11.0,,23.0,6,30,73,17,5,0,0,0,13,0.0,110,0.0,6,KMDW,1.0,19,2,18,0,66.0,2.0,1,2,18,5,41,18,3,68,
2026-07-31 00:00:00,2026-08-02 15:00:00,NBS,70,66,20,15,,,,,,,,,7,40,71,23,4,0,0,0,3,,110,,7,KMDW,,20,2,18,4,,,2,2,25,5,37,14,2,69,
2026-07-31 00:00:00,2026-08-02 18:00:00,NBS,71,66,20,17,5.0,,0.0,,,8.0,,,12,100,62,27,3,0,0,0,3,0.0,110,0.0,12,KMDW,,28,1,17,23,,,2,2,25,5,14,4,3,72,
2026-07-31 00:00:00,2026-08-02 21:00:00,NBS,71,63,20,17,,,,,,,,,25,100,40,25,3,0,0,0,1,,110,,19,KMDW,,34,1,17,53,,,3,3,28,5,6,2,3,69,
2026-07-31 00:00:00,2026-08-03 00:00:00,NBS,70,62,10,15,1.0,6.0,0.0,0.0,,8.0,,11.0,44,100,21,21,1,0,0,0,1,0.0,100,0.0,19,KMDW,0.0,21,1,15,38,74.0,3.0,2,3,21,5,4,2,2,66,
2026-07-31 06:00:00,2026-07-31 12:00:00,NBS,71,62,170,5,0.0,,0.0,,4.0,1.0,10.0,,-88,100,27,5,0,0,0,0,0,0.0,100,0.0,130,KMDW,,4,18,5,11,,,1,2,29,2,0,0,2,67,4/1
2026-07-31 06:00:00,2026-07-31 15:00:00,NBS,79,63,170,8,,,,,,,,,250,100,71,10,0,0,0,0,0,,99,,210,KMDW,,33,18,13,59,,,2,2,28,3,0,0,2,73,
2026-07-31 06:00:00,2026-07-31 18:00:00,NBS,81,62,180,11,3.0,,0.0,,,1.0,,,90,100,93,16,0,0,0,0,6,0.0,110,0.0,100,KMDW,,47,18,15,34,,,4,3,9,4,2,0,2,74,
2026-07-31 06:00:00,2026-07-31 21:00:00,NBS,77,62,180,12,,,,,,,,,60,100,96,16,3,0,0,0,36,,140,,60,KMDW,,31,18,12,21,,,5,3,9,5,0,0,3,71,
2026-07-31 06:00:00,2026-08-01 00:00:00,NBS,75,63,170,12,59.0,59.0,9.0,9.0,,22.0,,22.0,60,100,89,17,15,0,0,0,88,0.0,150,0.0,47,KMDW,3.0,15,17,13,2,83.0,2.0,4,3,12,7,0,0,3,70,
2026-07-31 06:00:00,2026-08-01 03:00:00,NBS,72,64,130,13,,,,,,,,,45,100,95,18,22,0,0,0,77,,140,,42,KMDW,,6,14,13,0,,,3,3,5,6,5,1,3,68,
2026-07-31 06:00:00,2026-08-01 06:00:00,NBS,71,67,110,13,78.0,,32.0,,,47.0,,,18,90,96,18,24,0,0,0,83,0.0,150,0.0,18,KMDW,,8,13,14,0,,,2,2,6,5,15,1,3,69,
2026-07-31 06:00:00,2026-08-01 09:00:00,NBS,70,67,110,13,,,,,,,,,8,70,95,18,22,0,0,0,99,,140,,8,KMDW,,9,12,15,0,,,2,2,5,5,30,0,3,68,
2026-07-31 06:00:00,2026-08-01 12:00:00,NBS,70,67,100,13,93.0,96.0,47.0,79.0,,40.0,,47.0,7,50,94,19,17,0,0,0,56,0.0,140,0.0,7,KMDW,12.0,9,11,13,0,68.0,2.0,2,2,10,5,34,6,3,69,
2026-07-31 06:00:00,2026-08-01 15:00:00,NBS,70,68,90,14,,,,,,,,,5,20,99,20,11,0,0,0,57,,130,,5,KMDW,,17,9,14,4,,,2,2,4,5,51,17,3,70,
2026-07-31 06:00:00,2026-08-01 18:00:00,NBS,70,67,70,16,86.0,,28.0,,,22.0,,,5,20,99,24,12,0,0,0,85,0.0,130,0.0,5,KMDW,,18,8,16,13,,,3,2,3,6,50,22,3,70,
2026-07-31 06:00:00,2026-08-01 21:00:00,NBS,70,66,50,17,,,,,,,,,5,10,100,26,16,0,0,0,48,,130,,3,KMDW,,19,5,18,4,,,3,2,1,7,43,26,3,68,
2026-07-31 06:00:00,2026-08-02 00:00:00,NBS,70,66,40,18,80.0,93.0,34.0,62.0,,30.0,,30.0,6,20,96,28,12,0,0,0,74,0.0,130,0.0,3,KMDW,8.0,18,4,20,2,73.0,3.0,2,2,6,7,39,23,3,68,
2026-07-31 06:00:00,2026-08-02 03:00:00,NBS,70,66,40,15,,,,,,,,,2,20,99,24,7,0,0,0,51,,130,,1,KMDW,,15,4,16,0,,,2,2,1,6,43,16,3,67,
2026-07-31 06:00:00,2026-08-02 06:00:00,NBS,69,66,30,14,49.0,,7.0,,,16.0,,,7,30,99,20,5,0,0,0,46,0.0,130,0.0,5,KMDW,,13,3,17,0,,,2,2,1,5,38,13,3,67,
2026-07-31 06:00:00,2026-08-02 09:00:00,NBS,68,66,20,13,,,,,,,,,7,40,93,18,3,0,0,0,35,,130,,5,KMDW,,13,2,17,0,,,1,2,8,4,33,11,2,67,
2026-07-31 06:00:00,2026-08-02 12:00:00,NBS,68,66,20,14,13.0,45.0,0.0,7.0,,7.0,,16.0,7,50,84,18,2,0,0,0,35,0.0,120,0.0,5,KMDW,2.0,15,2,17,0,66.0,2.0,1,2,12,4,36,12,2,68,
2026-07-31 06:00:00,2026-08-02 15:00:00,NBS,70,66,20,15,,,,,,,,,12,100,68,23,3,0,0,0,20,,110,,11,KMDW,,24,1,17,16,,,2,2,29,5,25,5,2,69,
2026-07-31 06:00:00,2026-08-02 18:00:00,NBS,70,65,20,17,10.0,,0.0,,,7.0,,,21,100,67,26,3,0,0,0,20,0.0,110,0.0,19,KMDW,,32,1,17,38,,,3,2,19,5,5,2,3,71,
2026-07-31 06:00:00,2026-08-02 21:00:00,NBS,70,63,10,17,,,,,,,,,48,100,46,25,3,0,0,0,0,,110,,25,KMDW,,33,1,17,54,,,3,3,24,5,2,0,2,68,
2026-07-31 06:00:00,2026-08-03 00:00:00,NBS,69,62,10,14,1.0,7.0,0.0,0.0,,9.0,,10.0,-88,100,34,20,2,0,0,0,0,0.0,100,0.0,40,KMDW,0.0,17,1,14,41,74.0,3.0,2,3,25,4,2,0,2,66,
2026-07-31 06:00:00,2026-08-03 03:00:00,NBS,67,60,10,12,,,,,,,,,-88,100,20,15,0,0,0,0,0,,100,,-88,KMDW,,8,0,12,2,,,2,4,25,4,2,0,2,64,
2026-07-31 06:00:00,2026-08-03 06:00:00,NBS,66,62,10,9,0.0,,0.0,,,4.0,,,-88,100,15,10,0,0,0,0,0,0.0,99,0.0,-88,KMDW,,6,36,9,0,,,3,4,13,3,0,2,2,64,
2026-07-31 12:00:00,2026-07-31 18:00:00,NBS,80,62,170,11,6.0,,1.0,,1.0,0.0,,,90,100,94,16,0,0,0,0,13,0.0,120,0.0,100,KMDW,,50,18,17,56,,,4,3,8,4,2,0,3,73,1/0
2026-07-31 12:00:00,2026-07-31 21:00:00,NBS,75,63,180,12,,,,,,,,,45,70,97,17,4,0,0,0,64,,140,,45,KMDW,,32,18,13,12,,,5,3,7,5,5,4,3,71,
2026-07-31 12:00:00,2026-08-01 00:00:00,NBS,74,64,160,12,63.0,63.0,7.0,8.0,,25.0,,25.0,45,100,90,18,18,0,0,0,92,0.0,150,0.0,45,KMDW,3.0,12,17,12,2,82.0,3.0,4,3,11,7,3,2,3,69,
2026-07-31 12:00:00,2026-08-01 03:00:00,NBS,71,64,130,13,,,,,,,,,35,100,98,18,20,0,0,0,76,,140,,35,KMDW,,13,14,13,0,,,3,3,3,7,7,1,3,68,
2026-07-31 12:00:00,2026-08-01 06:00:00,NBS,70,67,120,12,90.0,,32.0,,,43.0,,,11,50,97,17,23,0,0,0,85,0.0,150,0.0,11,KMDW,,6,12,15,0,,,3,2,5,6,22,4,3,68,
2026-07-31 12:00:00,2026-08-01 09:00:00,NBS,70,67,110,12,,,,,,,,,8,50,97,18,22,0,0,0,100,,140,,8,KMDW,,8,12,17,0,,,2,2,4,5,32,4,3,68,
2026-07-31 12:00:00,2026-08-01 12:00:00,NBS,70,68,100,13,95.0,97.0,78.0,110.0,,41.0,,47.0,8,40,88,17,19,0,0,0,72,0.0,140,0.0,6,KMDW,12.0,9,11,15,0,68.0,2.0,2,2,11,5,31,11,3,69,
2026-07-31 12:00:00,2026-08-01 15:00:00,NBS,70,69,90,14,,,,,,,,,5,20,99,20,14,0,0,0,73,,130,,5,KMDW,,15,9,15,3,,,2,2,5,5,50,20,3,69,
2026-07-31 12:00:00,2026-08-01 18:00:00,NBS,69,68,70,16,87.0,,38.0,,,27.0,,,5,20,99,24,14,0,0,0,86,0.0,130,0.0,5,KMDW,,15,8,16,6,,,2,2,3,6,51,21,4,69,
2026-07-31 12:00:00,2026-08-01 21:00:00,NBS,68,67,50,17,,,,,,,,,5,20,99,27,17,0,0,0,37,,130,,5,KMDW,,16,5,18,6,,,2,2,5,7,46,21,4,67,
2026-07-31 12:00:00,2026-08-02 00:00:00,NBS,69,67,40,17,85.0,95.0,35.0,73.0,,32.0,,35.0,5,20,96,27,16,0,0,0,82,0.0,130,0.0,5,KMDW,12.0,15,4,19,3,72.0,2.0,2,2,9,7,42,17,3,68,
2026-07-31 12:00:00,2026-08-02 03:00:00,NBS,69,66,30,16,,,,,,,,,6,30,99,24,11,0,0,0,50,,130,,3,KMDW,,11,3,18,0,,,1,2,4,6,41,15,3,66,
2026-07-31 12:00:00,2026-08-02 06:00:00,NBS,68,67,20,14,49.0,,18.0,,,21.0,,,6,30,98,20,5,0,0,0,50,0.0,130,0.0,2,KMDW,,9,3,19,0,,,1,2,3,5,37,12,3,67,
2026-07-31 12:00:00,2026-08-02 09:00:00,NBS,68,67,20,13,,,,,,,,,13,80,99,19,3,0,0,0,36,,130,,2,KMDW,,12,2,19,0,,,1,2,1,4,27,6,3,68,
2026-07-31 12:00:00,2026-08-02 12:00:00,NBS,68,66,10,14,36.0,55.0,15.0,33.0,,8.0,,21.0,15,100,91,19,2,0,0,0,41,0.0,120,0.0,5,KMDW,4.0,14,2,17,2,66.0,2.0,1,2,8,4,27,7,2,68,
2026-07-31 12:00:00,2026-08-02 15:00:00,NBS,70,67,20,16,,,,,,,,,13,100,77,23,3,0,0,0,41,,110,,8,KMDW,,19,1,19,13,,,2,2,28,5,20,2,3,69,
2026-07-31 12:00:00,2026-08-02 18:00:00,NBS,70,66,10,17,6.0,,0.0,,,6.0,,,24,100,75,26,2,0,0,0,9,0.0,110,0.0,14,KMDW,,29,1,19,30,,,3,2,23,5,5,0,3,70,
2026-07-31 12:00:00,2026-08-02 21:00:00,NBS,70,63,10,17,,,,,,,,,47,100,52,26,2,0,0,0,1,,110,,19,KMDW,,31,0,18,40,,,3,3,22,5,3,0,2,68,
2026-07-31 12:00:00,2026-08-03 00:00:00,NBS,70,62,10,15,2.0,6.0,0.0,0.0,,8.0,,8.0,-88,100,35,21,2,0,0,0,1,0.0,100,0.0,19,KMDW,0.0,21,0,17,31,73.0,2.0,3,3,25,4,1,0,2,67,
2026-07-31 12:00:00,2026-08-03 03:00:00,NBS,67,60,10,12,,,,,,,,,-88,100,20,16,1,0,0,0,0,,100,,34,KMDW,,5,0,12,2,,,2,4,31,4,1,0,3,64,
2026-07-31 12:00:00,2026-08-03 06:00:00,NBS,66,62,10,9,0.0,,0.0,,,5.0,,,-88,100,23,10,0,0,0,0,0,0.0,99,0.0,27,KMDW,,5,1,9,0,,,3,5,21,3,3,3,2,64,
2026-07-31 12:00:00,2026-08-03 09:00:00,NBS,65,62,0,8,,,,,,,,,-88,100,31,9,0,0,0,0,0,,96,,-88,KMDW,,6,35,8,0,,,3,5,29,4,1,0,3,64,
2026-07-31 12:00:00,2026-08-03 12:00:00,NBS,66,62,10,8,0.0,0.0,0.0,0.0,,1.0,,5.0,-88,100,30,9,0,0,0,0,0,0.0,95,0.0,160,KMDW,0.0,8,36,9,1,64.0,3.0,3,5,32,4,2,2,3,65,
2026-07-31 18:00:00,2026-08-01 00:00:00,NBS,73,64,160,13,79.0,,24.0,,1.0,20.0,5.0,,60,100,84,20,14,0,0,0,48,0.0,150,0.0,60,KMDW,,14,17,13,2,,,4,3,20,6,0,0,3,69,1/20
2026-07-31 18:00:00,2026-08-01 03:00:00,NBS,71,64,130,13,,,,,,,,,60,70,92,19,15,0,0,0,73,,140,,50,KMDW,,5,14,13,0,,,3,3,23,6,0,5,3,68,
2026-07-31 18:00:00,2026-08-01 06:00:00,NBS,70,67,100,13,87.0,,34.0,,,34.0,,,35,50,93,18,18,0,0,0,68,0.0,140,0.0,31,KMDW,,5,11,13,0,,,3,2,9,6,13,4,3,67,
2026-07-31 18:00:00,2026-08-01 09:00:00,NBS,69,68,100,12,,,,,,,,,11,50,94,17,21,0,0,0,90,,140,,11,KMDW,,9,10,14,0,,,2,2,8,5,24,3,3,68,
2026-07-31 18:00:00,2026-08-01 12:00:00,NBS,69,68,90,13,99.0,100.0,65.0,99.0,,36.0,,41.0,7,40,84,17,16,0,0,0,74,0.0,140,0.0,7,KMDW,12.0,8,10,15,2,67.0,2.0,1,1,10,5,40,10,3,68,
2026-07-31 18:00:00,2026-08-01 15:00:00,NBS,70,69,80,14,,,,,,,,,7,40,94,20,13,0,0,0,44,,130,,7,KMDW,,15,9,15,4,,,2,2,10,5,40,13,3,70,
2026-07-31 18:00:00,2026-08-01 18:00:00,NBS,69,69,60,15,95.0,,44.0,,,24.0,,,5,30,97,23,13,0,0,0,74,0.0,130,0.0,5,KMDW,,17,7,16,5,,,2,2,8,6,44,14,4,69,
2026-07-31 18:00:00,2026-08-01 21:00:00,NBS,68,67,50,17,,,,,,,,,5,20,84,27,18,0,0,0,58,,140,,5,KMDW,,17,5,18,5,,,2,2,27,7,40,17,4,69,
2026-07-31 18:00:00,2026-08-02 00:00:00,NBS,69,67,40,18,92.0,100.0,27.0,71.0,,35.0,,35.0,5,30,89,29,18,0,0,0,63,0.0,140,0.0,5,KMDW,12.0,16,4,19,2,72.0,2.0,1,2,11,7,39,15,3,68,
2026-07-31 18:00:00,2026-08-02 03:00:00,NBS,68,66,40,18,,,,,,,,,7,40,92,27,12,0,0,0,24,,130,,7,KMDW,,6,4,18,0,,,1,2,19,7,33,7,3,66,
2026-07-31 18:00:00,2026-08-02 06:00:00,NBS,68,67,30,15,71.0,,13.0,,,23.0,,,8,50,73,23,6,0,0,0,24,0.0,130,0.0,8,KMDW,,9,4,17,0,,,2,2,29,6,33,7,3,67,
2026-07-31 18:00:00,2026-08-02 09:00:00,NBS,67,66,30,15,,,,,,,,,7,100,96,21,4,0,0,0,14,,130,,5,KMDW,,16,4,18,0,,,2,2,7,5,31,5,3,66,
2026-07-31 18:00:00,2026-08-02 12:00:00,NBS,68,66,20,15,43.0,71.0,6.0,19.0,,7.0,,23.0,14,100,76,20,2,0,0,0,30,0.0,130,0.0,5,KMDW,2.0,18,3,17,3,66.0,3.0,2,2,27,5,26,6,3,67,
2026-07-31 18:00:00,2026-08-02 15:00:00,NBS,70,67,20,16,,,,,,,,,14,100,66,24,3,0,0,0,12,,120,,4,KMDW,,25,2,18,13,,,2,2,30,5,21,6,3,69,
2026-07-31 18:00:00,2026-08-02 18:00:00,NBS,70,66,20,18,26.0,,1.0,,,6.0,,,23,100,87,28,3,0,0,0,7,0.0,110,0.0,11,KMDW,,28,3,18,36,,,2,2,23,6,8,2,3,70,
2026-07-31 18:00:00,2026-08-02 21:00:00,NBS,70,64,10,17,,,,,,,,,44,100,49,26,2,0,0,0,0,,110,,14,KMDW,,28,2,17,46,,,3,3,26,5,3,2,3,69,
2026-07-31 18:00:00,2026-08-03 00:00:00,NBS,69,62,10,15,6.0,16.0,0.0,1.0,,7.0,,9.0,-88,100,34,22,2,0,0,0,0,0.0,100,0.0,30,KMDW,0.0,17,1,15,33,73.0,3.0,3,3,33,4,1,0,2,66,
2026-07-31 18:00:00,2026-08-03 03:00:00,NBS,67,61,10,12,,,,,,,,,-88,100,27,18,1,0,0,0,1,,100,,41,KMDW,,12,2,12,2,,,3,4,29,4,2,0,2,64,
2026-07-31 18:00:00,2026-08-03 06:00:00,NBS,66,63,20,10,2.0,,0.0,,,5.0,,,-88,100,24,11,0,0,0,0,1,0.0,100,0.0,-88,KMDW,,6,3,10,0,,,2,4,21,4,1,2,2,64,
2026-07-31 18:00:00,2026-08-03 09:00:00,NBS,65,62,30,9,,,,,,,,,-88,100,27,10,0,0,0,0,1,,98,,-88,KMDW,,7,4,9,0,,,2,4,30,4,0,3,3,64,
2026-07-31 18:00:00,2026-08-03 12:00:00,NBS,66,62,30,9,1.0,4.0,0.0,0.0,,1.0,,5.0,-88,100,19,10,0,0,0,0,1,0.0,95,0.0,-88,KMDW,0.0,9,4,9,1,63.0,2.0,2,4,29,5,2,3,3,64,
2026-07-31 18:00:00,2026-08-03 15:00:00,NBS,70,63,40,11,,,,,,,,,-88,100,27,14,0,0,0,0,1,,96,,-88,KMDW,,24,4,11,43,,,2,4,31,5,0,0,3,69,
2026-07-31 18:00:00,2026-08-03 18:00:00,NBS,73,63,30,11,2.0,,0.0,,,1.0,,,-88,100,20,14,0,0,0,0,1,0.0,97,0.0,-88,KMDW,,30,4,11,64,,,3,5,28,6,0,0,3,72,
2026-08-01 00:00:00,2026-08-01 06:00:00,NBS,70,66,100,12,67.0,,14.0,,1.0,32.0,,,45,70,92,17,15,0,0,0,68,0.0,140,0.0,39,KMDW,,5,11,12,0,,,2,2,14,6,4,1,3,67,1/32
2026-08-01 00:00:00,2026-08-01 09:00:00,NBS,69,68,110,12,,,,,,,,,45,70,95,17,20,0,0,0,90,,140,,37,KMDW,,5,10,13,0,,,2,1,8,5,8,2,3,68,
2026-08-01 00:00:00,2026-08-01 12:00:00,NBS,69,68,100,13,99.0,99.0,70.0,84.0,,37.0,,42.0,13,50,84,17,20,0,0,0,78,0.0,130,0.0,13,KMDW,12.0,9,10,14,1,68.0,2.0,1,1,10,5,24,8,3,68,
2026-08-01 00:00:00,2026-08-01 15:00:00,NBS,70,68,80,14,,,,,,,,,11,40,87,21,15,0,0,0,53,,130,,10,KMDW,,16,9,14,7,,,1,1,13,5,28,12,3,70,
2026-08-01 00:00:00,2026-08-01 18:00:00,NBS,69,68,60,16,97.0,,49.0,,,27.0,,,8,30,89,25,13,0,0,0,61,0.0,130,0.0,8,KMDW,,15,7,16,15,,,2,2,14,6,31,16,3,69,
2026-08-01 00:00:00,2026-08-01 21:00:00,NBS,68,66,50,17,,,,,,,,,6,20,85,28,19,0,0,0,58,,130,,6,KMDW,,17,5,19,6,,,2,2,25,6,40,19,3,68,
2026-08-01 00:00:00,2026-08-02 00:00:00,NBS,69,66,40,17,94.0,99.0,34.0,83.0,,36.0,,36.0,5,20,89,28,18,0,0,0,70,0.0,130,0.0,5,KMDW,12.0,14,4,19,2,72.0,2.0,1,2,13,6,42,16,3,67,
2026-08-01 00:00:00,2026-08-02 03:00:00,NBS,68,65,40,17,,,,,,,,,6,40,99,26,12,0,0,0,38,,130,,6,KMDW,,6,4,18,0,,,1,2,3,7,41,10,3,66,
2026-08-01 00:00:00,2026-08-02 06:00:00,NBS,68,66,40,15,54.0,,6.0,,,22.0,,,7,40,86,22,7,0,0,0,45,0.0,130,0.0,7,KMDW,,7,5,18,0,,,2,2,26,6,34,7,3,67,
2026-08-01 00:00:00,2026-08-02 09:00:00,NBS,68,66,30,14,,,,,,,,,8,70,98,21,4,0,0,0,26,,130,,8,KMDW,,9,4,17,0,,,2,2,5,5,30,2,3,67,
2026-08-01 00:00:00,2026-08-02 12:00:00,NBS,68,66,30,15,31.0,63.0,1.0,7.0,,8.0,,22.0,8,70,83,20,3,0,0,0,18,0.0,130,0.0,7,KMDW,6.0,11,3,18,3,66.0,3.0,2,2,25,5,33,7,3,67,
2026-08-01 00:00:00,2026-08-02 15:00:00,NBS,70,66,30,16,,,,,,,,,11,100,76,25,4,0,0,0,27,,120,,4,KMDW,,25,3,18,24,,,2,2,18,4,22,6,2,69,
2026-08-01 00:00:00,2026-08-02 18:00:00,NBS,70,65,20,18,12.0,,0.0,,,7.0,,,20,100,80,27,3,0,0,0,7,0.0,120,0.0,6,KMDW,,29,2,18,58,,,2,2,22,5,10,0,3,70,
2026-08-01 00:00:00,2026-08-02 21:00:00,NBS,71,63,10,17,,,,,,,,,47,100,48,27,3,0,0,0,1,,110,,7,KMDW,,27,2,17,51,,,3,3,29,5,2,0,3,68,
2026-08-01 00:00:00,2026-08-03 00:00:00,NBS,70,61,10,15,4.0,12.0,0.0,0.0,,8.0,,11.0,44,100,44,23,1,0,0,0,1,0.0,100,0.0,15,KMDW,0.0,17,1,16,21,73.0,2.0,3,3,37,4,2,0,2,66,
2026-08-01 00:00:00,2026-08-03 03:00:00,NBS,67,60,10,12,,,,,,,,,-88,100,32,17,1,0,0,0,0,,100,,19,KMDW,,10,1,12,0,,,2,4,31,4,3,0,2,64,
2026-08-01 00:00:00,2026-08-03 06:00:00,NBS,66,62,20,9,1.0,,0.0,,,5.0,,,-88,100,25,10,1,0,0,0,0,0.0,100,0.0,6,KMDW,,7,3,10,0,,,2,3,24,4,2,2,2,64,
2026-08-01 00:00:00,2026-08-03 09:00:00,NBS,65,63,30,9,,,,,,,,,-88,100,20,10,0,0,0,0,1,,97,,12,KMDW,,4,4,9,0,,,2,3,24,4,1,4,2,64,
2026-08-01 00:00:00,2026-08-03 12:00:00,NBS,66,62,20,9,1.0,2.0,0.0,0.0,,2.0,,5.0,-88,100,15,10,0,0,0,0,1,0.0,96,0.0,-88,KMDW,0.0,8,3,9,1,64.0,2.0,2,3,14,4,6,3,3,65,
2026-08-01 00:00:00,2026-08-03 15:00:00,NBS,71,63,40,11,,,,,,,,,-88,100,21,14,0,0,0,0,1,,96,,-88,KMDW,,29,4,12,42,,,2,3,32,5,0,0,3,69,
2026-08-01 00:00:00,2026-08-03 18:00:00,NBS,73,63,40,12,1.0,,0.0,,,1.0,,,-88,100,13,15,0,0,0,0,1,0.0,97,0.0,-88,KMDW,,33,3,12,63,,,3,4,9,5,0,0,3,72,
2026-08-01 00:00:00,2026-08-03 21:00:00,NBS,73,61,30,12,,,,,,,,,-88,100,9,15,0,0,0,0,1,,98,,-88,KMDW,,29,3,12,84,,,3,5,7,5,1,0,3,69,
2026-08-01 00:00:00,2026-08-04 00:00:00,NBS,72,60,40,10,1.0,2.0,0.0,0.0,,1.0,,1.0,-88,100,2,11,0,0,0,0,1,0.0,100,0.0,-88,KMDW,0.0,14,3,10,63,75.0,3.0,3,5,3,4,0,0,3,68,
2026-08-01 06:00:00,2026-08-01 12:00:00,NBS,70,68,90,13,99.0,,55.0,,2.0,40.0,1.0,,35,50,86,18,21,0,0,0,90,0.0,140,0.0,22,KMDW,,9,10,15,2,,,1,1,9,7,14,8,3,69,2/40
2026-08-01 06:00:00,2026-08-01 15:00:00,NBS,70,68,80,15,,,,,,,,,11,50,92,22,17,0,0,0,72,,140,,10,KMDW,,14,9,15,17,,,2,1,7,7,23,10,4,70,
2026-08-01 06:00:00,2026-08-01 18:00:00,NBS,69,68,60,17,96.0,,46.0,,,29.0,,,7,20,81,26,13,0,0,0,68,0.0,130,0.0,7,KMDW,,17,7,17,14,,,2,1,26,7,36,21,4,71,
2026-08-01 06:00:00,2026-08-01 21:00:00,NBS,69,66,40,18,,,,,,,,,9,20,94,29,19,0,0,0,66,,130,,9,KMDW,,16,4,18,9,,,2,1,10,6,27,17,3,68,
2026-08-01 06:00:00,2026-08-02 00:00:00,NBS,69,65,30,18,92.0,99.0,18.0,64.0,,34.0,,35.0,9,30,82,29,18,0,0,0,60,0.0,140,0.0,8,KMDW,12.0,14,4,21,1,72.0,2.0,1,1,22,6,35,13,3,67,
2026-08-01 06:00:00,2026-08-02 03:00:00,NBS,69,65,30,17,,,,,,,,,8,50,93,25,11,0,0,0,43,,130,,8,KMDW,,6,4,17,0,,,1,2,7,6,36,7,3,66,
2026-08-01 06:00:00,2026-08-02 06:00:00,NBS,68,66,40,14,62.0,,3.0,,,19.0,,,6,40,85,20,5,0,0,0,36,0.0,130,0.0,6,KMDW,,8,5,16,0,,,2,2,27,4,43,8,3,67,
2026-08-01 06:00:00,2026-08-02 09:00:00,NBS,68,66,30,14,,,,,,,,,8,80,87,20,3,0,0,0,6,,130,,8,KMDW,,10,4,17,0,,,2,2,26,4,31,1,2,67,
2026-08-01 06:00:00,2026-08-02 12:00:00,NBS,68,66,20,14,41.0,64.0,12.0,15.0,,8.0,,19.0,11,80,81,19,3,0,0,0,17,0.0,130,0.0,11,KMDW,4.0,10,3,18,1,66.0,2.0,2,2,13,4,27,5,2,68,
2026-08-01 06:00:00,2026-08-02 15:00:00,NBS,70,67,30,16,,,,,,,,,11,70,92,23,5,0,0,0,0,,120,,11,KMDW,,22,4,19,32,,,2,1,18,4,26,5,2,69,
2026-08-01 06:00:00,2026-08-02 18:00:00,NBS,71,66,20,17,16.0,,0.0,,,8.0,,,18,100,57,25,4,0,0,0,0,0.0,120,0.0,18,KMDW,,26,3,18,61,,,2,2,37,4,7,1,2,72,
2026-08-01 06:00:00,2026-08-02 21:00:00,NBS,71,63,20,17,,,,,,,,,41,100,25,25,3,0,0,0,0,,110,,22,KMDW,,27,3,17,62,,,2,2,15,4,0,0,2,69,
2026-08-01 06:00:00,2026-08-03 00:00:00,NBS,70,61,10,15,0.0,18.0,0.0,0.0,,7.0,,11.0,-88,100,6,22,1,0,0,0,0,0.0,100,0.0,17,KMDW,0.0,17,1,15,23,74.0,2.0,2,3,6,4,0,0,2,67,
2026-08-01 06:00:00,2026-08-03 03:00:00,NBS,67,60,10,12,,,,,,,,,-88,100,44,16,0,0,0,0,0,,100,,21,KMDW,,9,1,12,0,,,2,3,30,3,3,0,2,64,
2026-08-01 06:00:00,2026-08-03 06:00:00,NBS,67,62,20,9,0.0,,0.0,,,4.0,,,-88,100,24,10,0,0,0,0,0,0.0,100,0.0,21,KMDW,,6,3,9,0,,,2,3,13,3,0,0,2,64,
2026-08-01 06:00:00,2026-08-03 09:00:00,NBS,66,63,30,8,,,,,,,,,-88,100,23,8,0,0,0,0,0,,97,,12,KMDW,,5,4,9,0,,,2,3,16,3,0,3,2,64,
2026-08-01 06:00:00,2026-08-03 12:00:00,NBS,66,63,30,8,0.0,0.0,0.0,0.0,,1.0,,4.0,-88,100,22,9,0,0,0,0,0,0.0,95,0.0,7,KMDW,0.0,10,4,10,4,64.0,2.0,2,3,24,4,6,4,3,65,
2026-08-01 06:00:00,2026-08-03 15:00:00,NBS,71,63,50,10,,,,,,,,,-88,100,29,12,0,0,0,0,0,,96,,20,KMDW,,26,5,11,42,,,2,3,29,4,0,0,3,69,
2026-08-01 06:00:00,2026-08-03 18:00:00,NBS,73,62,40,10,0.0,,0.0,,,1.0,,,-88,100,18,13,0,0,0,0,0,0.0,95,0.0,20,KMDW,,31,4,11,63,,,3,4,13,5,0,0,3,73,
2026-08-01 06:00:00,2026-08-03 21:00:00,NBS,74,60,40,10,,,,,,,,,-88,100,8,12,0,0,0,0,0,,97,,-88,KMDW,,30,4,10,84,,,2,5,7,5,0,0,3,69,
2026-08-01 06:00:00,2026-08-04 00:00:00,NBS,73,59,40,9,0.0,0.0,0.0,0.0,,1.0,,1.0,-88,100,2,10,0,0,0,0,0,0.0,100,0.0,-88,KMDW,0.0,14,3,9,63,76.0,2.0,2,5,3,4,0,0,3,68,
2026-08-01 06:00:00,2026-08-04 03:00:00,NBS,68,60,40,6,,,,,,,,,-88,100,12,7,0,0,0,0,0,,100,,-88,KMDW,,5,3,7,2,,,2,4,14,4,0,0,3,64,
2026-08-01 06:00:00,2026-08-04 06:00:00,NBS,66,62,40,5,0.0,,0.0,,,2.0,,,-88,100,10,5,0,0,0,0,0,0.0,100,0.0,35,KMDW,,4,4,6,0,,,2,4,7,3,0,2,2,64,
2026-08-01 12:00:00,2026-08-01 18:00:00,NBS,69,68,60,17,90.0,,39.0,,1.0,26.0,,,13,50,78,27,13,0,0,0,51,0.0,130,0.0,13,KMDW,,17,7,17,19,,,2,1,28,6,22,11,3,71,1/26
2026-08-01 12:00:00,2026-08-01 21:00:00,NBS,69,67,40,18,,,,,,,,,8,20,89,29,22,0,0,0,46,,130,,8,KMDW,,15,4,18,11,,,2,1,11,6,31,19,3,68,
2026-08-01 12:00:00,2026-08-02 00:00:00,NBS,69,66,30,18,86.0,96.0,36.0,75.0,,43.0,,43.0,6,20,82,29,22,0,0,0,32,0.0,130,0.0,6,KMDW,11.0,12,4,18,4,73.0,2.0,2,2,20,6,39,18,3,68,
2026-08-01 12:00:00,2026-08-02 03:00:00,NBS,69,65,30,16,,,,,,,,,6,40,83,25,14,0,0,0,22,,130,,6,KMDW,,6,4,16,0,,,2,2,26,6,37,8,3,66,
2026-08-01 12:00:00,2026-08-02 06:00:00,NBS,69,66,30,13,35.0,,2.0,,,27.0,,,7,60,79,19,6,0,0,0,29,0.0,130,0.0,7,KMDW,,5,4,14,0,,,2,2,35,4,36,4,2,67,
2026-08-01 12:00:00,2026-08-02 09:00:00,NBS,69,67,30,13,,,,,,,,,9,70,81,18,4,0,0,0,12,,130,,9,KMDW,,8,3,16,0,,,2,2,29,4,29,3,2,68,
2026-08-01 12:00:00,2026-08-02 12:00:00,NBS,69,67,30,13,20.0,50.0,2.0,4.0,,7.0,,27.0,9,60,76,18,3,0,0,0,4,0.0,130,0.0,9,KMDW,4.0,10,3,18,5,67.0,2.0,2,2,17,4,30,7,2,68,
2026-08-01 12:00:00,2026-08-02 15:00:00,NBS,71,67,20,15,,,,,,,,,11,70,78,22,3,0,0,0,4,,120,,11,KMDW,,22,3,18,36,,,2,1,33,4,24,7,2,70,
2026-08-01 12:00:00,2026-08-02 18:00:00,NBS,72,66,20,16,4.0,,0.0,,,5.0,,,18,100,43,25,2,0,0,0,4,0.0,120,0.0,18,KMDW,,29,3,19,58,,,3,2,27,4,7,3,2,73,
2026-08-01 12:00:00,2026-08-02 21:00:00,NBS,72,64,10,16,,,,,,,,,35,100,29,24,2,0,0,0,0,,110,,35,KMDW,,26,2,17,62,,,3,2,23,4,0,0,2,70,
2026-08-01 12:00:00,2026-08-03 00:00:00,NBS,70,63,10,14,0.0,4.0,0.0,0.0,,6.0,,8.0,-88,100,15,21,1,0,0,0,0,0.0,100,0.0,18,KMDW,0.0,17,1,17,21,75.0,2.0,2,3,25,4,0,0,2,67,
2026-08-01 12:00:00,2026-08-03 03:00:00,NBS,68,61,10,11,,,,,,,,,-88,100,46,16,1,0,0,0,0,,100,,15,KMDW,,11,1,12,0,,,2,4,23,4,2,0,2,64,
2026-08-01 12:00:00,2026-08-03 06:00:00,NBS,67,63,20,8,0.0,,0.0,,,5.0,,,-88,100,36,10,0,0,0,0,0,0.0,99,0.0,12,KMDW,,7,3,10,0,,,2,4,33,3,2,2,2,65,
2026-08-01 12:00:00,2026-08-03 09:00:00,NBS,66,63,30,7,,,,,,,,,-88,100,51,8,0,0,0,0,0,,96,,8,KMDW,,8,4,9,0,,,2,3,36,3,4,5,2,64,
2026-08-01 12:00:00,2026-08-03 12:00:00,NBS,66,63,40,7,0.0,0.0,0.0,0.0,,1.0,,5.0,-88,100,44,8,0,0,0,0,0,0.0,95,0.0,9,KMDW,0.0,18,5,11,7,64.0,2.0,2,3,28,4,2,4,3,65,
2026-08-01 12:00:00,2026-08-03 15:00:00,NBS,72,64,50,9,,,,,,,,,-88,100,28,10,0,0,0,0,0,,94,,19,KMDW,,28,5,10,43,,,3,3,26,5,0,0,3,70,
2026-08-01 12:00:00,2026-08-03 18:00:00,NBS,74,62,40,10,0.0,,0.0,,,1.0,,,-88,100,16,12,0,0,0,0,0,0.0,94,0.0,20,KMDW,,31,5,10,78,,,3,4,11,5,0,0,3,74,
2026-08-01 12:00:00,2026-08-03 21:00:00,NBS,75,60,40,10,,,,,,,,,-88,100,12,12,0,0,0,0,0,,98,,-88,KMDW,,28,5,10,83,,,3,4,12,5,0,0,3,70,
2026-08-01 12:00:00,2026-08-04 00:00:00,NBS,73,59,50,9,0.0,0.0,0.0,0.0,,2.0,,2.0,-88,100,6,9,0,0,0,0,0,0.0,99,0.0,13,KMDW,0.0,17,5,9,62,76.0,2.0,2,5,11,4,0,0,2,68,
2026-08-01 12:00:00,2026-08-04 03:00:00,NBS,68,60,50,6,,,,,,,,,-88,100,12,7,0,0,0,0,0,,100,,-88,KMDW,,4,7,6,2,,,2,4,8,4,0,0,3,65,
2026-08-01 12:00:00,2026-08-04 06:00:00,NBS,66,62,50,5,0.0,,0.0,,,2.0,,,-88,100,17,5,0,0,0,0,0,0.0,100,0.0,280,KMDW,,4,5,5,0,,,2,4,24,3,0,2,3,64,
2026-08-01 12:00:00,2026-08-04 09:00:00,NBS,65,62,0,4,,,,,,,,,-88,100,24,4,0,0,0,0,0,,100,,170,KMDW,,4,18,4,0,,,3,4,27,3,2,6,3,63,
2026-08-01 12:00:00,2026-08-04 12:00:00,NBS,66,62,280,4,0.0,0.0,0.0,0.0,,1.0,,2.0,-88,90,15,4,0,0,0,0,0,0.0,100,0.0,170,KMDW,0.0,7,25,4,1,64.0,3.0,3,4,24,3,2,9,3,65,
2026-08-01 18:00:00,2026-08-02 00:00:00,NBS,70,67,30,17,81.0,,16.0,,1.0,40.0,2.0,,22,30,88,27,19,0,0,0,43,0.0,130,0.0,22,KMDW,,12,4,18,4,,,2,2,9,5,19,12,3,69,1/40
2026-08-01 18:00:00,2026-08-02 03:00:00,NBS,70,66,30,16,,,,,,,,,27,50,90,24,11,0,0,0,29,,130,,27,KMDW,,5,4,16,0,,,2,1,17,5,18,6,3,68,
2026-08-01 18:00:00,2026-08-02 06:00:00,NBS,69,67,30,14,32.0,,2.0,,,20.0,,,18,50,66,19,4,0,0,0,18,0.0,130,0.0,18,KMDW,,6,4,14,0,,,2,2,39,4,18,8,2,67,
2026-08-01 18:00:00,2026-08-02 09:00:00,NBS,69,67,30,13,,,,,,,,,18,70,85,17,1,0,0,0,19,,130,,18,KMDW,,8,3,14,0,,,2,2,23,3,9,5,2,67,
2026-08-01 18:00:00,2026-08-02 12:00:00,NBS,69,67,20,14,7.0,34.0,0.0,2.0,,3.0,,20.0,15,100,67,18,2,0,0,0,16,0.0,120,0.0,15,KMDW,4.0,8,2,16,8,67.0,2.0,2,2,34,4,9,4,2,68,
2026-08-01 18:00:00,2026-08-02 15:00:00,NBS,72,68,30,15,,,,,,,,,13,100,81,23,3,0,0,0,4,,120,,13,KMDW,,23,3,18,36,,,2,1,28,3,12,2,2,70,
2026-08-01 18:00:00,2026-08-02 18:00:00,NBS,73,67,20,16,3.0,,0.0,,,5.0,,,27,100,45,24,2,0,0,0,0,0.0,110,0.0,19,KMDW,,29,1,16,57,,,2,2,31,4,1,0,2,73,
2026-08-01 18:00:00,2026-08-02 21:00:00,NBS,73,64,10,16,,,,,,,,,45,100,33,24,2,0,0,0,0,,110,,31,KMDW,,27,1,16,59,,,2,2,27,4,0,0,2,71,
2026-08-01 18:00:00,2026-08-03 00:00:00,NBS,71,63,10,14,1.0,3.0,0.0,0.0,,8.0,,8.0,-88,100,5,20,1,0,0,0,0,0.0,100,0.0,50,KMDW,0.0,15,1,14,24,75.0,2.0,2,2,5,3,0,0,2,68,
2026-08-01 18:00:00,2026-08-03 03:00:00,NBS,68,62,10,11,,,,,,,,,-88,100,18,16,1,0,0,0,0,,100,,40,KMDW,,13,1,11,0,,,2,3,30,3,0,0,2,65,
2026-08-01 18:00:00,2026-08-03 06:00:00,NBS,67,64,10,8,0.0,,0.0,,,4.0,,,-88,100,21,10,0,0,0,0,8,0.0,97,0.0,38,KMDW,,5,1,8,0,,,2,3,26,3,0,4,2,65,
2026-08-01 18:00:00,2026-08-03 09:00:00,NBS,66,64,40,7,,,,,,,,,-88,100,36,7,0,0,0,0,0,,93,,-88,KMDW,,6,7,7,0,,,2,3,24,3,2,7,2,64,
2026-08-01 18:00:00,2026-08-03 12:00:00,NBS,67,64,40,7,0.0,1.0,0.0,0.0,,1.0,,4.0,-88,100,18,7,0,0,0,0,0,0.0,91,0.0,35,KMDW,0.0,8,7,7,10,64.0,2.0,2,3,20,3,3,10,3,66,
2026-08-01 18:00:00,2026-08-03 15:00:00,NBS,73,64,60,9,,,,,,,,,-88,100,7,10,0,0,0,0,0,,91,,-88,KMDW,,23,8,9,60,,,2,3,6,4,0,0,3,70,
2026-08-01 18:00:00,2026-08-03 18:00:00,NBS,75,63,50,9,0.0,,0.0,,,1.0,,,-88,100,8,12,0,0,0,0,0,0.0,91,0.0,-88,KMDW,,33,6,9,83,,,3,4,7,4,0,0,3,74,
2026-08-01 18:00:00,2026-08-03 21:00:00,NBS,76,60,50,10,,,,,,,,,-88,100,5,11,0,0,0,0,0,,93,,-88,KMDW,,30,5,10,76,,,3,4,6,4,0,0,2,71,
2026-08-01 18:00:00,2026-08-04 00:00:00,NBS,74,59,50,8,0.0,0.0,0.0,0.0,,1.0,,1.0,-88,100,2,9,0,0,0,0,0,0.0,94,0.0,-88,KMDW,0.0,13,6,8,38,77.0,2.0,2,5,2,4,0,0,2,68,
2026-08-01 18:00:00,2026-08-04 03:00:00,NBS,69,60,70,5,,,,,,,,,-88,100,7,6,0,0,0,0,0,,99,,-88,KMDW,,5,8,5,2,,,2,4,5,3,0,1,2,65,
2026-08-01 18:00:00,2026-08-04 06:00:00,NBS,66,62,80,4,0.0,,0.0,,,2.0,,,-88,100,11,4,0,0,0,0,0,0.0,100,0.0,-88,KMDW,,4,10,5,0,,,2,4,10,3,0,2,2,64,
2026-08-01 18:00:00,2026-08-04 09:00:00,NBS,65,62,180,3,,,,,,,,,-88,100,19,3,0,0,0,0,0,,100,,-88,KMDW,,4,16,4,0,,,2,4,20,2,0,0,2,63,
2026-08-01 18:00:00,2026-08-04 12:00:00,NBS,66,62,210,3,0.0,0.0,0.0,0.0,,1.0,,2.0,-88,100,13,3,0,0,0,0,0,0.0,100,0.0,280,KMDW,0.0,3,18,4,1,64.0,2.0,2,4,21,2,0,2,3,65,
2026-08-01 18:00:00,2026-08-04 15:00:00,NBS,76,64,180,4,,,,,,,,,-88,100,12,4,0,0,0,0,0,,100,,280,KMDW,,27,18,5,42,,,2,5,9,3,0,0,3,72,
2026-08-01 18:00:00,2026-08-04 18:00:00,NBS,80,63,170,4,0.0,,0.0,,,1.0,,,-88,100,13,5,0,0,0,0,0,0.0,100,0.0,280,KMDW,,47,18,5,64,,,3,5,8,3,0,0,3,76,
2026-08-02 00:00:00,2026-08-02 06:00:00,NBS,69,66,30,13,16.0,,1.0,,3.0,8.0,,,35,100,81,19,1,0,0,0,18,0.0,130,0.0,35,KMDW,,6,4,14,0,,,2,2,28,4,6,6,2,67,3/8
2026-08-02 00:00:00,2026-08-02 09:00:00,NBS,68,66,20,13,,,,,,,,,18,100,96,17,1,0,0,0,4,,130,,17,KMDW,,6,2,15,0,,,2,2,5,3,12,5,2,67,
2026-08-02 00:00:00,2026-08-02 12:00:00,NBS,69,66,20,13,10.0,23.0,0.0,1.0,,1.0,,9.0,18,100,84,18,1,0,0,0,9,0.0,130,0.0,18,KMDW,4.0,10,2,17,7,67.0,2.0,2,2,11,4,13,4,2,68,
2026-08-02 00:00:00,2026-08-02 15:00:00,NBS,72,67,20,15,,,,,,,,,18,100,71,22,2,0,0,0,0,,120,,16,KMDW,,23,3,19,41,,,2,1,27,3,10,4,2,70,
2026-08-02 00:00:00,2026-08-02 18:00:00,NBS,73,66,20,16,4.0,,0.0,,,3.0,,,27,100,56,24,2,0,0,0,0,0.0,110,0.0,21,KMDW,,25,1,18,61,,,2,2,33,4,0,1,2,73,
2026-08-02 00:00:00,2026-08-02 21:00:00,NBS,74,64,10,16,,,,,,,,,45,100,42,24,2,0,0,0,0,,110,,22,KMDW,,26,1,16,61,,,2,2,30,4,0,0,2,71,
2026-08-02 00:00:00,2026-08-03 00:00:00,NBS,71,62,10,14,0.0,4.0,0.0,0.0,,8.0,,8.0,-88,100,13,21,1,0,0,0,0,0.0,100,0.0,28,KMDW,0.0,16,1,15,24,75.0,2.0,2,3,12,3,0,0,2,67,
2026-08-02 00:00:00,2026-08-03 03:00:00,NBS,68,61,0,11,,,,,,,,,-88,100,20,15,0,0,0,0,0,,98,,38,KMDW,,6,0,11,0,,,2,3,20,3,1,0,2,64,
2026-08-02 00:00:00,2026-08-03 06:00:00,NBS,66,63,10,8,0.0,,0.0,,,3.0,,,-88,100,41,9,0,0,0,0,0,0.0,95,0.0,60,KMDW,,5,2,8,0,,,2,3,33,3,0,0,2,64,
2026-08-02 00:00:00,2026-08-03 09:00:00,NBS,66,63,40,6,,,,,,,,,-88,100,36,7,0,0,0,0,15,,91,,120,KMDW,,5,7,7,0,,,2,2,32,3,1,3,2,64,
2026-08-02 00:00:00,2026-08-03 12:00:00,NBS,66,63,50,6,1.0,1.0,0.0,0.0,,1.0,,3.0,-88,100,18,7,0,0,0,0,15,0.0,89,0.0,70,KMDW,0.0,6,8,6,10,64.0,2.0,2,3,18,3,3,4,3,65,
2026-08-02 00:00:00,2026-08-03 15:00:00,NBS,73,62,60,8,,,,,,,,,-88,100,7,10,0,0,0,0,0,,89,,-88,KMDW,,23,8,9,62,,,2,3,9,4,0,0,3,69,
2026-08-02 00:00:00,2026-08-03 18:00:00,NBS,75,61,60,9,0.0,,0.0,,,1.0,,,-88,100,6,10,0,0,0,0,0,0.0,90,0.0,-88,KMDW,,32,7,9,86,,,3,4,7,4,0,0,3,73,
2026-08-02 00:00:00,2026-08-03 21:00:00,NBS,76,59,60,9,,,,,,,,,-88,100,6,10,0,0,0,0,0,,92,,-88,KMDW,,28,5,9,74,,,3,5,6,4,0,0,2,70,
2026-08-02 00:00:00,2026-08-04 00:00:00,NBS,74,57,60,8,0.0,0.0,0.0,0.0,,1.0,,1.0,-88,100,0,8,0,0,0,0,0,0.0,94,0.0,-88,KMDW,0.0,10,5,8,30,77.0,2.0,2,5,1,3,0,0,2,67,
2026-08-02 00:00:00,2026-08-04 03:00:00,NBS,69,58,80,5,,,,,,,,,-88,100,10,5,0,0,0,0,0,,99,,280,KMDW,,4,7,5,0,,,2,5,8,3,0,1,2,64,
2026-08-02 00:00:00,2026-08-04 06:00:00,NBS,66,60,130,4,0.0,,0.0,,,2.0,,,-88,100,12,4,0,0,0,0,0,0.0,99,0.0,280,KMDW,,4,12,5,0,,,2,5,18,2,0,2,2,63,
2026-08-02 00:00:00,2026-08-04 09:00:00,NBS,64,60,190,3,,,,,,,,,-88,100,16,3,0,0,0,0,0,,100,,36,KMDW,,4,18,5,0,,,3,4,26,2,0,2,2,63,
2026-08-02 00:00:00,2026-08-04 12:00:00,NBS,65,61,200,3,0.0,0.0,0.0,0.0,,1.0,,2.0,-88,100,12,3,0,0,0,0,0,0.0,100,0.0,36,KMDW,0.0,4,21,4,1,63.0,2.0,2,4,27,2,2,5,3,63,
2026-08-02 00:00:00,2026-08-04 15:00:00,NBS,75,63,200,4,,,,,,,,,-88,100,11,4,0,0,0,0,0,,100,,-88,KMDW,,33,22,6,42,,,2,5,10,3,0,0,3,71,
2026-08-02 00:00:00,2026-08-04 18:00:00,NBS,80,61,190,5,0.0,,0.0,,,1.0,,,-88,100,15,5,0,0,0,0,0,0.0,100,0.0,-88,KMDW,,55,23,6,63,,,3,5,19,3,0,0,3,75,
2026-08-02 00:00:00,2026-08-04 21:00:00,NBS,81,60,170,7,,,,,,,,,-88,100,11,7,0,0,0,0,0,,100,,60,KMDW,,52,21,7,83,,,3,5,8,3,0,0,2,73,
2026-08-02 00:00:00,2026-08-05 00:00:00,NBS,79,61,190,6,0.0,0.0,0.0,0.0,,3.0,,3.0,-88,100,14,7,1,0,0,0,0,0.0,110,0.0,36,KMDW,0.0,18,20,7,61,81.0,3.0,2,5,11,3,0,0,2,72,
2026-08-02 06:00:00,2026-08-02 12:00:00,NBS,69,66,20,13,5.0,,0.0,,5.0,2.0,3.0,,35,100,65,18,1,0,0,0,3,0.0,120,0.0,20,KMDW,,10,1,16,8,,,2,2,30,4,0,0,2,68,5/2
2026-08-02 06:00:00,2026-08-02 15:00:00,NBS,72,66,20,15,,,,,,,,,27,100,52,22,2,0,0,0,0,,110,,14,KMDW,,24,1,17,53,,,2,1,39,4,0,0,2,70,
2026-08-02 06:00:00,2026-08-02 18:00:00,NBS,73,65,10,16,2.0,,0.0,,,4.0,,,35,100,39,24,2,0,0,0,0,0.0,110,0.0,28,KMDW,,29,1,18,71,,,2,2,26,5,0,0,2,74,
2026-08-02 06:00:00,2026-08-02 21:00:00,NBS,74,63,10,15,,,,,,,,,35,100,29,23,3,0,0,0,0,,100,,17,KMDW,,26,1,16,65,,,3,2,19,4,0,0,2,70,
2026-08-02 06:00:00,2026-08-03 00:00:00,NBS,71,62,10,14,0.0,2.0,0.0,0.0,,7.0,,7.0,-88,100,14,20,1,0,0,0,0,0.0,99,0.0,17,KMDW,0.0,16,1,15,21,76.0,2.0,2,2,21,4,0,0,2,67,
2026-08-02 06:00:00,2026-08-03 03:00:00,NBS,68,61,10,11,,,,,,,,,-88,100,27,15,0,0,0,0,0,,96,,27,KMDW,,5,0,11,0,,,2,3,28,3,4,0,2,64,
2026-08-02 06:00:00,2026-08-03 06:00:00,NBS,66,63,10,7,0.0,,0.0,,,2.0,,,-88,100,23,9,0,0,0,0,0,0.0,92,0.0,35,KMDW,,5,1,8,0,,,2,3,16,2,0,3,1,64,
2026-08-02 06:00:00,2026-08-03 09:00:00,NBS,66,63,30,6,,,,,,,,,-88,100,19,6,0,0,0,0,0,,90,,27,KMDW,,4,3,6,0,,,2,3,19,2,0,5,2,64,
2026-08-02 06:00:00,2026-08-03 12:00:00,NBS,66,63,40,5,1.0,1.0,0.0,0.0,,1.0,,2.0,-88,100,12,6,0,0,0,0,0,0.0,87,0.0,5,KMDW,0.0,5,6,5,8,64.0,2.0,2,2,20,3,6,5,2,65,
2026-08-02 06:00:00,2026-08-03 15:00:00,NBS,73,62,60,7,,,,,,,,,-88,100,23,8,0,0,0,0,0,,86,,6,KMDW,,26,7,7,50,,,2,3,22,3,0,0,3,70,
2026-08-02 06:00:00,2026-08-03 18:00:00,NBS,76,60,60,8,0.0,,0.0,,,1.0,,,-88,100,17,8,0,0,0,0,0,0.0,86,0.0,17,KMDW,,33,6,8,83,,,2,4,12,3,0,0,3,74,
2026-08-02 06:00:00,2026-08-03 21:00:00,NBS,77,58,70,8,,,,,,,,,-88,100,13,8,0,0,0,0,0,,90,,16,KMDW,,33,8,8,72,,,2,4,12,3,0,0,2,71,
2026-08-02 06:00:00,2026-08-04 00:00:00,NBS,74,57,70,7,0.0,0.0,0.0,0.0,,2.0,,2.0,-88,100,3,7,0,0,0,0,0,0.0,95,0.0,-88,KMDW,0.0,12,7,7,26,78.0,2.0,2,5,3,2,0,0,2,68,
2026-08-02 06:00:00,2026-08-04 03:00:00,NBS,69,58,90,5,,,,,,,,,-88,100,22,5,0,0,0,0,23,,96,,-88,KMDW,,4,10,5,0,,,2,4,15,2,0,0,2,64,
2026-08-02 06:00:00,2026-08-04 06:00:00,NBS,66,60,140,4,0.0,,0.0,,,2.0,,,-88,100,42,4,0,0,0,0,23,0.0,98,0.0,280,KMDW,,4,14,6,0,,,2,3,37,2,0,3,2,63,
2026-08-02 06:00:00,2026-08-04 09:00:00,NBS,64,60,180,1,,,,,,,,,-88,100,20,2,0,0,0,0,24,,96,,280,KMDW,,4,19,5,0,,,2,3,32,2,0,3,2,62,
2026-08-02 06:00:00,2026-08-04 12:00:00,NBS,65,60,190,3,0.0,0.0,0.0,0.0,,1.0,,2.0,-88,100,12,3,0,0,0,0,24,0.0,96,0.0,210,KMDW,0.0,4,20,5,4,63.0,2.0,2,3,28,2,0,4,2,63,
2026-08-02 06:00:00,2026-08-04 15:00:00,NBS,76,62,190,4,,,,,,,,,-88,100,14,4,0,0,0,0,0,,100,,29,KMDW,,28,20,8,42,,,2,4,24,3,0,0,3,72,
2026-08-02 06:00:00,2026-08-04 18:00:00,NBS,81,61,200,5,0.0,,0.0,,,1.0,,,-88,100,24,5,0,0,0,0,0,0.0,100,0.0,29,KMDW,,51,22,7,63,,,3,3,28,3,0,0,3,77,
2026-08-02 06:00:00,2026-08-04 21:00:00,NBS,82,60,190,7,,,,,,,,,-88,100,18,7,0,0,0,0,0,,100,,280,KMDW,,51,21,7,82,,,3,3,17,3,0,0,2,74,
2026-08-02 06:00:00,2026-08-05 00:00:00,NBS,79,61,200,6,0.0,0.0,0.0,0.0,,3.0,,3.0,-88,100,13,6,1,0,0,0,0,0.0,100,0.0,29,KMDW,0.0,27,21,7,61,82.0,2.0,2,4,17,3,0,0,2,72,
2026-08-02 06:00:00,2026-08-05 03:00:00,NBS,73,62,180,5,,,,,,,,,-88,100,24,5,1,0,0,0,0,,110,,-88,KMDW,,4,19,6,2,,,2,4,20,3,0,0,2,68,
2026-08-02 06:00:00,2026-08-05 06:00:00,NBS,70,63,190,5,0.0,,0.0,,,5.0,,,-88,100,29,6,1,0,0,0,1,0.0,110,0.0,180,KMDW,,4,20,7,0,,,2,3,19,3,0,2,2,66,
2026-08-02 12:00:00,2026-08-02 18:00:00,NBS,74,65,20,16,8.0,,0.0,,3.0,5.0,,,35,100,47,25,3,0,0,0,9,0.0,110,0.0,28,KMDW,,31,1,17,58,,,2,2,28,5,0,0,2,74,3/5
2026-08-02 12:00:00,2026-08-02 21:00:00,NBS,74,63,10,16,,,,,,,,,45,100,32,24,3,0,0,0,0,,100,,15,KMDW,,27,0,16,59,,,2,2,24,4,0,0,2,70,
2026-08-02 12:00:00,2026-08-03 00:00:00,NBS,71,62,10,14,3.0,8.0,0.0,0.0,,9.0,,9.0,-88,100,22,20,1,0,0,0,0,0.0,100,0.0,17,KMDW,0.0,13,0,14,19,75.0,2.0,2,2,23,3,0,0,2,68,
2026-08-02 12:00:00,2026-08-03 03:00:00,NBS,67,61,10,10,,,,,,,,,-88,100,17,14,0,0,0,0,0,,96,,19,KMDW,,6,0,10,0,,,2,3,14,3,3,0,2,64,
2026-08-02 12:00:00,2026-08-03 06:00:00,NBS,66,63,0,7,0.0,,0.0,,,2.0,,,-88,100,24,8,0,0,0,0,0,0.0,93,0.0,32,KMDW,,5,1,7,0,,,2,3,17,2,1,1,1,65,
2026-08-02 12:00:00,2026-08-03 09:00:00,NBS,66,64,20,5,,,,,,,,,-88,100,32,6,0,0,0,0,0,,90,,10,KMDW,,4,5,5,0,,,2,3,22,2,0,3,2,65,
2026-08-02 12:00:00,2026-08-03 12:00:00,NBS,66,64,30,5,0.0,0.0,0.0,0.0,,1.0,,2.0,-88,100,15,6,0,0,0,0,0,0.0,87,0.0,7,KMDW,0.0,4,7,5,8,64.0,2.0,2,2,22,3,3,2,2,65,
2026-08-02 12:00:00,2026-08-03 15:00:00,NBS,73,63,70,7,,,,,,,,,-88,100,17,7,0,0,0,0,0,,86,,32,KMDW,,24,8,7,58,,,2,3,15,3,0,0,2,70,
2026-08-02 12:00:00,2026-08-03 18:00:00,NBS,76,60,70,7,0.0,,0.0,,,1.0,,,-88,100,20,8,0,0,0,0,0,0.0,87,0.0,34,KMDW,,38,5,7,76,,,2,4,28,3,0,0,3,74,
2026-08-02 12:00:00,2026-08-03 21:00:00,NBS,77,58,70,7,,,,,,,,,-88,100,23,8,0,0,0,0,0,,90,,31,KMDW,,35,8,7,65,,,2,4,22,3,0,0,2,71,
2026-08-02 12:00:00,2026-08-04 00:00:00,NBS,75,58,70,7,0.0,0.0,0.0,0.0,,2.0,,2.0,-88,100,13,7,0,0,0,0,0,0.0,95,0.0,28,KMDW,0.0,13,10,7,24,78.0,2.0,2,4,13,2,0,0,1,68,
2026-08-02 12:00:00,2026-08-04 03:00:00,NBS,69,59,110,5,,,,,,,,,-88,100,26,5,0,0,0,0,20,,100,,-88,KMDW,,4,12,5,0,,,2,3,24,2,0,0,2,64,
2026-08-02 12:00:00,2026-08-04 06:00:00,NBS,66,61,160,4,0.0,,0.0,,,2.0,,,-88,100,34,5,0,0,0,0,20,0.0,100,0.0,-88,KMDW,,4,16,6,0,,,2,3,37,2,0,3,2,64,
2026-08-02 12:00:00,2026-08-04 09:00:00,NBS,64,60,200,4,,,,,,,,,-88,100,50,4,0,0,0,0,23,,100,,-88,KMDW,,4,19,5,0,,,2,3,43,2,0,4,2,62,
2026-08-02 12:00:00,2026-08-04 12:00:00,NBS,65,60,190,4,0.0,1.0,0.0,0.0,,1.0,,2.0,-88,100,34,4,0,0,0,0,23,0.0,100,0.0,28,KMDW,0.0,4,19,5,6,63.0,2.0,2,3,38,2,0,4,2,63,
2026-08-02 12:00:00,2026-08-04 15:00:00,NBS,76,63,190,5,,,,,,,,,-88,100,14,6,0,0,0,0,0,,110,,28,KMDW,,23,21,7,46,,,2,3,9,3,0,0,3,72,
2026-08-02 12:00:00,2026-08-04 18:00:00,NBS,81,61,190,6,0.0,,0.0,,,1.0,,,-88,100,23,6,0,0,0,0,0,0.0,110,0.0,30,KMDW,,51,22,6,67,,,2,3,25,4,0,0,3,77,
2026-08-02 12:00:00,2026-08-04 21:00:00,NBS,83,60,190,7,,,,,,,,,-88,100,19,8,0,0,0,0,0,,110,,48,KMDW,,58,21,7,82,,,2,3,19,3,0,0,2,75,
2026-08-02 12:00:00,2026-08-05 00:00:00,NBS,80,62,190,7,0.0,0.0,0.0,0.0,,3.0,,3.0,-88,100,12,7,0,0,0,0,0,0.0,110,0.0,36,KMDW,0.0,16,19,7,61,83.0,2.0,2,4,15,3,0,0,2,73,
2026-08-02 12:00:00,2026-08-05 03:00:00,NBS,73,63,180,6,,,,,,,,,-88,100,23,6,1,0,0,0,1,,110,,180,KMDW,,4,19,6,2,,,2,3,17,3,0,0,2,69,
2026-08-02 12:00:00,2026-08-05 06:00:00,NBS,70,64,190,6,0.0,,0.0,,,3.0,,,-88,100,33,7,0,0,0,0,3,0.0,110,0.0,280,KMDW,,4,19,6,0,,,2,3,19,3,0,2,2,67,
2026-08-02 12:00:00,2026-08-05 09:00:00,NBS,69,63,200,6,,,,,,,,,-88,100,33,6,0,0,0,0,6,,120,,110,KMDW,,4,20,7,0,,,2,3,21,3,0,4,2,66,
2026-08-02 12:00:00,2026-08-05 12:00:00,NBS,69,64,210,6,4.0,4.0,0.0,0.0,,3.0,,3.0,-88,90,40,6,1,0,0,0,10,0.0,130,0.0,100,KMDW,0.0,5,20,7,1,67.0,2.0,2,3,23,3,2,7,2,68,
2026-08-02 18:00:00,2026-08-03 00:00:00,NBS,71,62,10,14,1.0,,0.0,,9.0,9.0,5.0,,-88,100,14,20,1,0,0,0,0,0.0,99,0.0,12,KMDW,,14,0,14,20,,,2,2,15,4,0,0,2,67,9/9
2026-08-02 18:00:00,2026-08-03 03:00:00,NBS,68,61,0,10,,,,,,,,,-88,100,24,14,0,0,0,0,0,,95,,17,KMDW,,5,0,10,0,,,2,3,18,3,0,0,2,64,
2026-08-02 18:00:00,2026-08-03 06:00:00,NBS,67,63,360,7,0.0,,0.0,,,3.0,,,-88,100,32,8,0,0,0,0,0,0.0,92,0.0,20,KMDW,,5,1,7,0,,,2,3,30,2,5,5,1,64,
2026-08-02 18:00:00,2026-08-03 09:00:00,NBS,66,64,0,5,,,,,,,,,-88,100,40,5,0,0,0,0,0,,89,,11,KMDW,,4,3,6,0,,,2,2,29,2,2,8,2,64,
2026-08-02 18:00:00,2026-08-03 12:00:00,NBS,67,64,30,4,0.0,0.0,0.0,0.0,,1.0,,3.0,-88,70,24,5,0,0,0,0,0,0.0,87,0.0,9,KMDW,0.0,5,6,4,8,64.0,2.0,1,2,30,3,9,12,3,66,
2026-08-02 18:00:00,2026-08-03 15:00:00,NBS,74,63,60,6,,,,,,,,,-88,100,26,6,0,0,0,0,0,,86,,17,KMDW,,25,7,6,57,,,2,3,20,3,2,1,3,71,
2026-08-02 18:00:00,2026-08-03 18:00:00,NBS,76,61,70,6,1.0,,0.0,,,1.0,,,-88,100,21,7,0,0,0,0,0,0.0,86,0.0,28,KMDW,,37,6,6,74,,,2,3,19,3,0,0,3,74,
2026-08-02 18:00:00,2026-08-03 21:00:00,NBS,77,59,70,7,,,,,,,,,-88,100,10,8,0,0,0,0,0,,92,,36,KMDW,,33,8,7,72,,,2,4,7,3,0,0,2,71,
2026-08-02 18:00:00,2026-08-04 00:00:00,NBS,75,58,80,7,0.0,1.0,0.0,0.0,,1.0,,1.0,-88,100,5,7,0,0,0,0,0,0.0,96,0.0,36,KMDW,0.0,11,9,7,25,79.0,2.0,1,5,5,2,0,0,2,69,
2026-08-02 18:00:00,2026-08-04 03:00:00,NBS,70,59,110,5,,,,,,,,,-88,100,14,5,0,0,0,0,0,,100,,22,KMDW,,4,11,6,0,,,1,4,16,2,0,1,2,65,
2026-08-02 18:00:00,2026-08-04 06:00:00,NBS,67,61,150,5,0.0,,0.0,,,2.0,,,-88,100,24,5,0,0,0,0,15,0.0,100,0.0,18,KMDW,,4,15,6,0,,,2,3,26,2,0,1,2,64,
2026-08-02 18:00:00,2026-08-04 09:00:00,NBS,64,60,190,4,,,,,,,,,-88,100,28,4,0,0,0,0,15,,100,,160,KMDW,,3,18,6,0,,,2,3,29,2,0,4,2,63,
2026-08-02 18:00:00,2026-08-04 12:00:00,NBS,65,61,200,4,0.0,0.0,0.0,0.0,,1.0,,2.0,-88,100,18,5,0,0,0,0,15,0.0,100,0.0,10,KMDW,0.0,3,19,6,8,63.0,2.0,2,3,25,2,1,8,2,64,
2026-08-02 18:00:00,2026-08-04 15:00:00,NBS,76,64,200,6,,,,,,,,,-88,100,9,7,0,0,0,0,0,,97,,17,KMDW,,27,21,8,59,,,2,4,8,3,0,0,3,72,
2026-08-02 18:00:00,2026-08-04 18:00:00,NBS,80,62,200,7,0.0,,0.0,,,1.0,,,-88,100,28,9,0,0,0,0,0,0.0,97,0.0,130,KMDW,,51,21,7,75,,,2,3,26,3,0,0,3,77,
2026-08-02 18:00:00,2026-08-04 21:00:00,NBS,82,61,190,8,,,,,,,,,-88,100,16,8,0,0,0,0,0,,100,,32,KMDW,,52,20,8,62,,,2,3,13,3,0,0,2,74,
2026-08-02 18:00:00,2026-08-05 00:00:00,NBS,80,63,190,7,0.0,0.0,0.0,0.0,,3.0,,3.0,-88,100,15,7,0,0,0,0,0,0.0,100,0.0,37,KMDW,0.0,20,20,7,35,83.0,2.0,2,4,11,3,0,0,2,73,
2026-08-02 18:00:00,2026-08-05 03:00:00,NBS,74,63,190,6,,,,,,,,,-88,100,34,7,1,0,0,0,0,,100,,210,KMDW,,4,19,6,2,,,2,4,18,3,0,0,2,69,
2026-08-02 18:00:00,2026-08-05 06:00:00,NBS,70,64,190,6,1.0,,0.0,,,4.0,,,-88,100,43,7,0,0,0,0,2,0.0,110,0.0,160,KMDW,,4,20,7,0,,,2,3,25,3,0,3,2,67,
2026-08-02 18:00:00,2026-08-05 09:00:00,NBS,68,63,200,6,,,,,,,,,-88,100,40,6,0,0,0,0,7,,110,,140,KMDW,,5,20,7,0,,,2,3,29,3,0,4,2,66,
2026-08-02 18:00:00,2026-08-05 12:00:00,NBS,69,64,200,6,3.0,3.0,0.0,0.0,,4.0,,5.0,-88,90,50,6,1,0,0,0,10,0.0,120,0.0,90,KMDW,0.0,5,20,6,1,66.0,2.0,2,3,26,3,3,9,2,67,
2026-08-02 18:00:00,2026-08-05 15:00:00,NBS,76,66,210,6,,,,,,,,,-88,100,56,6,4,0,0,0,24,,130,,70,KMDW,,21,21,6,40,,,3,3,21,3,2,0,3,72,
2026-08-02 18:00:00,2026-08-05 18:00:00,NBS,79,65,190,6,10.0,,0.0,,,9.0,,,-88,100,67,7,5,0,0,0,27,0.0,130,0.0,70,KMDW,,44,21,9,60,,,4,4,19,4,0,0,3,76,
2026-08-03 00:00:00,2026-08-03 06:00:00,NBS,67,63,350,7,0.0,,0.0,,28.0,2.0,,,-88,100,32,8,0,0,0,0,0,0.0,92,0.0,17,KMDW,,5,0,8,0,,,2,2,31,2,1,5,1,64,28/2
2026-08-03 00:00:00,2026-08-03 09:00:00,NBS,65,63,350,5,,,,,,,,,-88,90,38,5,0,0,0,0,12,,90,,14,KMDW,,5,2,5,0,,,1,2,29,2,8,9,2,63,
2026-08-03 00:00:00,2026-08-03 12:00:00,NBS,66,63,20,4,1.0,0.0,0.0,0.0,,1.0,,2.0,-88,70,18,4,0,0,0,0,12,0.0,87,0.0,20,KMDW,0.0,5,6,4,10,64.0,2.0,1,2,25,2,22,12,2,65,
2026-08-03 00:00:00,2026-08-03 15:00:00,NBS,74,63,100,4,,,,,,,,,-88,100,33,5,0,0,0,0,0,,86,,30,KMDW,,25,8,4,57,,,2,3,25,3,0,0,3,70,
2026-08-03 00:00:00,2026-08-03 18:00:00,NBS,77,61,80,5,2.0,,0.0,,,1.0,,,-88,100,22,6,0,0,0,0,0,0.0,87,0.0,28,KMDW,,38,7,5,82,,,2,3,20,3,0,0,3,74,
2026-08-03 00:00:00,2026-08-03 21:00:00,NBS,77,59,70,7,,,,,,,,,-88,100,27,8,0,0,0,0,0,,93,,40,KMDW,,34,9,7,66,,,2,4,20,3,0,0,2,71,
2026-08-03 00:00:00,2026-08-04 00:00:00,NBS,75,59,90,6,0.0,2.0,0.0,0.0,,2.0,,2.0,-88,100,9,7,0,0,0,0,0,0.0,99,0.0,42,KMDW,0.0,12,10,6,25,79.0,2.0,2,4,7,2,0,0,2,69,
2026-08-03 00:00:00,2026-08-04 03:00:00,NBS,70,60,110,4,,,,,,,,,-88,100,27,5,0,0,0,0,0,,110,,9,KMDW,,4,13,5,0,,,1,3,28,2,0,1,2,65,
2026-08-03 00:00:00,2026-08-04 06:00:00,NBS,67,61,160,5,0.0,,0.0,,,2.0,,,-88,100,42,5,0,0,0,0,0,0.0,110,0.0,8,KMDW,,4,16,6,0,,,2,3,40,2,0,1,1,64,
2026-08-03 00:00:00,2026-08-04 09:00:00,NBS,65,61,190,5,,,,,,,,,-88,100,34,5,0,0,0,0,0,,100,,31,KMDW,,4,19,6,0,,,2,3,33,2,0,3,2,63,
2026-08-03 00:00:00,2026-08-04 12:00:00,NBS,66,61,200,5,2.0,2.0,0.0,0.0,,1.0,,2.0,-88,100,19,5,0,0,0,0,0,0.0,100,0.0,70,KMDW,0.0,4,21,6,9,63.0,2.0,2,2,26,2,0,5,2,64,
2026-08-03 00:00:00,2026-08-04 15:00:00,NBS,77,64,210,6,,,,,,,,,-88,100,34,8,0,0,0,0,0,,100,,3,KMDW,,29,22,8,50,,,2,3,36,3,0,0,2,73,
2026-08-03 00:00:00,2026-08-04 18:00:00,NBS,81,62,200,8,0.0,,0.0,,,1.0,,,-88,100,27,9,0,0,0,0,0,0.0,100,0.0,8,KMDW,,45,21,8,72,,,2,3,31,3,0,0,3,77,
2026-08-03 00:00:00,2026-08-04 21:00:00,NBS,82,61,200,8,,,,,,,,,-88,100,28,9,0,0,0,0,0,,100,,11,KMDW,,46,22,8,64,,,2,3,32,3,0,0,2,75,
2026-08-03 00:00:00,2026-08-05 00:00:00,NBS,80,62,210,7,0.0,0.0,0.0,0.0,,3.0,,3.0,-88,100,33,7,0,0,0,0,0,0.0,100,0.0,120,KMDW,0.0,30,22,8,26,83.0,2.0,2,4,38,3,0,0,2,73,
2026-08-03 00:00:00,2026-08-05 03:00:00,NBS,74,63,190,6,,,,,,,,,-88,100,33,7,1,0,0,0,0,,110,,60,KMDW,,11,21,6,0,,,2,3,29,3,1,0,2,69,
2026-08-03 00:00:00,2026-08-05 06:00:00,NBS,71,64,190,6,0.0,,0.0,,,5.0,,,-88,100,30,7,1,0,0,0,8,0.0,110,0.0,60,KMDW,,6,20,8,0,,,2,3,22,3,0,2,2,67,
2026-08-03 00:00:00,2026-08-05 09:00:00,NBS,69,63,210,6,,,,,,,,,-88,100,42,6,1,0,0,0,14,,120,,90,KMDW,,4,20,6,0,,,2,3,36,3,2,5,2,66,
2026-08-03 00:00:00,2026-08-05 12:00:00,NBS,69,64,210,5,4.0,5.0,0.0,0.0,,6.0,,7.0,-88,100,49,6,3,0,0,0,15,0.0,130,0.0,80,KMDW,0.0,5,21,7,0,67.0,3.0,2,3,28,3,4,7,2,68,
2026-08-03 00:00:00,2026-08-05 15:00:00,NBS,77,66,230,6,,,,,,,,,-88,100,60,6,4,0,0,0,22,,130,,60,KMDW,,22,24,8,32,,,2,3,24,3,3,0,3,72,
2026-08-03 00:00:00,2026-08-05 18:00:00,NBS,80,65,200,6,8.0,,0.0,,,10.0,,,-88,100,67,7,5,0,0,0,24,0.0,130,0.0,70,KMDW,,44,22,9,53,,,3,3,15,3,0,0,3,77,
2026-08-03 00:00:00,2026-08-05 21:00:00,NBS,79,65,210,7,,,,,,,,,-88,100,74,8,14,0,0,0,42,,130,,38,KMDW,,41,22,8,75,,,4,4,12,3,1,0,3,74,
2026-08-03 00:00:00,2026-08-06 00:00:00,NBS,76,65,210,6,26.0,29.0,3.0,3.0,,28.0,,28.0,-88,100,68,7,18,0,0,0,45,0.0,130,0.0,33,KMDW,1.0,17,20,7,56,81.0,4.0,4,4,13,3,2,0,3,72,
2026-08-03 06:00:00,2026-08-03 12:00:00,NBS,67,63,10,3,3.0,,0.0,,41.0,1.0,32.0,,-88,90,31,4,0,0,0,0,12,0.0,87,0.0,12,KMDW,,5,6,3,10,,,1,2,41,2,2,7,2,65,41/1
2026-08-03 06:00:00,2026-08-03 15:00:00,NBS,75,63,120,1,,,,,,,,,-88,100,27,3,0,0,0,0,0,,87,,26,KMDW,,23,14,3,55,,,2,3,34,2,0,0,3,71,
2026-08-03 06:00:00,2026-08-03 18:00:00,NBS,78,61,110,4,4.0,,0.0,,,2.0,,,-88,100,28,4,0,0,0,0,10,0.0,87,0.0,34,KMDW,,37,14,4,81,,,2,3,36,2,0,0,3,75,
2026-08-03 06:00:00,2026-08-03 21:00:00,NBS,78,60,100,6,,,,,,,,,-88,100,25,7,0,0,0,0,0,,90,,50,KMDW,,33,12,6,63,,,2,4,24,3,0,0,2,72,
2026-08-03 06:00:00,2026-08-04 00:00:00,NBS,76,59,120,6,2.0,5.0,0.0,0.0,,3.0,,3.0,-88,100,17,7,0,0,0,0,0,0.0,98,0.0,33,KMDW,2.0,10,12,6,22,80.0,2.0,2,4,22,2,0,0,1,70,
2026-08-03 06:00:00,2026-08-04 03:00:00,NBS,71,60,120,5,,,,,,,,,-88,100,16,5,0,0,0,0,0,,110,,32,KMDW,,4,14,6,0,,,1,3,24,2,0,0,1,66,
2026-08-03 06:00:00,2026-08-04 06:00:00,NBS,68,61,160,5,0.0,,0.0,,,2.0,,,-88,100,28,6,0,0,0,0,0,0.0,110,0.0,31,KMDW,,4,17,7,0,,,1,3,34,2,0,0,2,65,
2026-08-03 06:00:00,2026-08-04 09:00:00,NBS,66,61,190,5,,,,,,,,,-88,100,33,5,0,0,0,0,0,,100,,49,KMDW,,4,20,6,0,,,2,3,29,2,0,0,1,64,
2026-08-03 06:00:00,2026-08-04 12:00:00,NBS,66,62,200,5,1.0,1.0,0.0,0.0,,1.0,,2.0,-88,100,14,5,0,0,0,0,0,0.0,97,0.0,50,KMDW,0.0,4,20,6,10,64.0,2.0,2,3,28,2,0,5,2,64,
2026-08-03 06:00:00,2026-08-04 15:00:00,NBS,77,64,210,7,,,,,,,,,-88,100,31,8,0,0,0,0,0,,95,,39,KMDW,,30,20,10,55,,,2,3,27,2,0,0,2,73,
2026-08-03 06:00:00,2026-08-04 18:00:00,NBS,81,63,210,8,0.0,,0.0,,,2.0,,,-88,100,29,10,0,0,0,0,0,0.0,97,0.0,60,KMDW,,48,21,10,80,,,2,3,24,3,0,0,2,77,
2026-08-03 06:00:00,2026-08-04 21:00:00,NBS,82,62,210,9,,,,,,,,,-88,100,18,10,0,0,0,0,0,,100,,22,KMDW,,50,20,10,68,,,2,2,23,3,0,0,2,74,
2026-08-03 06:00:00,2026-08-05 00:00:00,NBS,81,63,210,7,0.0,0.0,0.0,0.0,,6.0,,6.0,-88,100,29,8,1,0,0,0,0,0.0,110,0.0,23,KMDW,0.0,25,22,7,24,83.0,2.0,2,3,34,2,0,0,2,74,
2026-08-03 06:00:00,2026-08-05 03:00:00,NBS,74,64,190,7,,,,,,,,,-88,100,31,7,1,0,0,0,1,,110,,60,KMDW,,5,19,7,0,,,2,3,24,3,2,1,2,70,
2026-08-03 06:00:00,2026-08-05 06:00:00,NBS,71,64,190,7,1.0,,0.0,,,5.0,,,-88,100,29,7,2,0,0,0,7,0.0,110,0.0,80,KMDW,,4,20,8,0,,,2,3,30,3,2,3,2,68,
2026-08-03 06:00:00,2026-08-05 09:00:00,NBS,69,64,210,6,,,,,,,,,-88,100,57,6,3,0,0,0,8,,130,,60,KMDW,,5,21,8,0,,,2,3,28,3,4,5,2,67,
2026-08-03 06:00:00,2026-08-05 12:00:00,NBS,70,64,230,5,10.0,10.0,0.0,0.0,,8.0,,10.0,90,80,59,6,4,0,0,0,14,0.0,140,0.0,35,KMDW,0.0,7,23,8,3,68.0,2.0,2,3,26,3,13,8,2,67,
2026-08-03 06:00:00,2026-08-05 15:00:00,NBS,76,66,200,5,,,,,,,,,100,100,73,6,7,0,0,0,45,,130,,50,KMDW,,20,21,7,26,,,3,3,24,3,14,4,3,72,
2026-08-03 06:00:00,2026-08-05 18:00:00,NBS,79,66,190,6,15.0,,0.0,,,14.0,,,100,100,71,7,7,0,0,0,46,0.0,130,0.0,60,KMDW,,44,21,10,44,,,4,3,22,4,5,0,3,76,
2026-08-03 06:00:00,2026-08-05 21:00:00,NBS,78,66,210,7,,,,,,,,,39,100,67,8,15,0,0,0,68,,130,,38,KMDW,,39,21,10,75,,,4,3,16,4,2,0,3,74,
2026-08-03 06:00:00,2026-08-06 00:00:00,NBS,76,66,200,6,54.0,56.0,6.0,6.0,,32.0,,32.0,100,100,66,7,20,0,0,0,70,0.0,130,0.0,36,KMDW,2.0,15,20,9,54,82.0,3.0,3,3,20,3,3,1,3,72,
2026-08-03 06:00:00,2026-08-06 03:00:00,NBS,72,66,210,6,,,,,,,,,41,100,85,6,22,0,0,0,66,,130,,39,KMDW,,4,21,6,1,,,3,3,20,3,16,5,3,69,
2026-08-03 06:00:00,2026-08-06 06:00:00,NBS,69,67,220,6,68.0,,39.0,,,41.0,,,45,100,84,6,20,0,0,0,66,0.0,130,0.0,3,KMDW,,10,23,8,0,,,2,3,30,3,14,6,2,67,
2026-08-03 12:00:00,2026-08-03 18:00:00,NBS,79,62,80,4,1.0,,0.0,,20.0,2.0,,,-88,100,53,4,0,0,0,0,10,0.0,87,0.0,31,KMDW,,36,9,4,67,,,2,2,37,2,0,0,3,76,20/2
2026-08-03 12:00:00,2026-08-03 21:00:00,NBS,80,61,90,6,,,,,,,,,-88,100,26,6,0,0,0,0,0,,91,,45,KMDW,,31,11,6,69,,,2,2,21,2,0,0,2,73,
2026-08-03 12:00:00,2026-08-04 00:00:00,NBS,77,61,110,6,2.0,2.0,0.0,0.0,,4.0,,4.0,-88,100,10,7,0,0,0,0,0,0.0,97,0.0,29,KMDW,2.0,10,11,6,20,81.0,2.0,2,3,12,2,0,0,1,72,
2026-08-03 12:00:00,2026-08-04 03:00:00,NBS,72,62,120,5,,,,,,,,,-88,100,28,5,0,0,0,0,0,,100,,17,KMDW,,4,13,5,0,,,2,3,36,2,0,0,2,67,
2026-08-03 12:00:00,2026-08-04 06:00:00,NBS,69,63,170,6,0.0,,0.0,,,3.0,,,-88,100,36,6,0,0,0,0,14,0.0,100,0.0,11,KMDW,,4,17,6,0,,,2,3,39,2,0,0,1,66,
2026-08-03 12:00:00,2026-08-04 09:00:00,NBS,67,63,190,6,,,,,,,,,-88,100,26,6,0,0,0,0,0,,99,,9,KMDW,,4,20,6,0,,,2,2,31,2,0,0,2,65,
2026-08-03 12:00:00,2026-08-04 12:00:00,NBS,67,63,200,6,0.0,0.0,0.0,0.0,,1.0,,3.0,-88,100,15,6,0,0,0,0,0,0.0,96,0.0,20,KMDW,0.0,4,21,6,8,65.0,2.0,2,2,26,2,0,3,2,66,
2026-08-03 12:00:00,2026-08-04 15:00:00,NBS,77,65,210,7,,,,,,,,,-88,100,28,9,0,0,0,0,0,,95,,46,KMDW,,28,20,10,56,,,2,2,26,2,0,0,2,74,
2026-08-03 12:00:00,2026-08-04 18:00:00,NBS,82,64,210,8,0.0,,0.0,,,2.0,,,-88,100,26,10,0,0,0,0,0,0.0,97,0.0,140,KMDW,,47,21,9,77,,,2,2,26,2,0,0,2,79,
2026-08-03 12:00:00,2026-08-04 21:00:00,NBS,83,63,210,9,,,,,,,,,-88,100,19,10,0,0,0,0,0,,100,,30,KMDW,,45,20,9,68,,,2,2,19,2,0,0,2,75,
2026-08-03 12:00:00,2026-08-05 00:00:00,NBS,81,64,210,8,0.0,0.0,0.0,0.0,,5.0,,5.0,-88,100,19,8,0,0,0,0,0,0.0,110,0.0,180,KMDW,0.0,26,22,8,23,84.0,2.0,2,3,17,3,0,0,2,74,
2026-08-03 12:00:00,2026-08-05 03:00:00,NBS,75,64,190,8,,,,,,,,,-88,100,17,8,1,0,0,0,2,,110,,44,KMDW,,4,19,8,0,,,2,3,11,3,0,2,2,70,
2026-08-03 12:00:00,2026-08-05 06:00:00,NBS,72,65,190,7,1.0,,0.0,,,6.0,,,-88,100,43,8,2,0,0,0,2,0.0,120,0.0,50,KMDW,,4,20,8,0,,,2,3,29,3,2,2,2,68,
2026-08-03 12:00:00,2026-08-05 09:00:00,NBS,70,64,200,6,,,,,,,,,-88,100,63,7,3,0,0,0,4,,130,,41,KMDW,,4,21,9,0,,,3,3,29,3,1,3,2,67,
2026-08-03 12:00:00,2026-08-05 12:00:00,NBS,70,65,230,6,10.0,10.0,0.0,0.0,,11.0,,14.0,90,80,69,7,6,0,0,0,9,0.0,130,0.0,34,KMDW,0.0,7,23,8,5,69.0,2.0,2,3,24,3,10,8,2,68,
2026-08-03 12:00:00,2026-08-05 15:00:00,NBS,75,67,210,6,,,,,,,,,110,100,81,7,9,0,0,0,18,,130,,35,KMDW,,22,24,10,45,,,3,3,14,3,7,3,3,72,
2026-08-03 12:00:00,2026-08-05 18:00:00,NBS,79,66,210,7,19.0,,0.0,,,15.0,,,44,100,76,8,8,0,0,0,62,0.0,130,0.0,30,KMDW,,39,23,12,29,,,4,3,12,4,3,0,3,76,
2026-08-03 12:00:00,2026-08-05 21:00:00,NBS,78,66,230,7,,,,,,,,,42,100,77,8,17,0,0,0,58,,130,,32,KMDW,,41,23,9,66,,,4,3,14,4,4,0,2,73,
2026-08-03 12:00:00,2026-08-06 00:00:00,NBS,76,67,360,7,47.0,53.0,3.0,3.0,,40.0,,40.0,47,100,72,7,24,0,0,0,60,0.0,130,0.0,25,KMDW,1.0,14,1,7,40,82.0,3.0,3,4,17,3,6,2,3,72,
2026-08-03 12:00:00,2026-08-06 03:00:00,NBS,72,66,230,6,,,,,,,,,15,30,87,6,26,0,0,0,80,,130,,3,KMDW,,12,1,6,0,,,2,4,18,4,25,10,3,69,
2026-08-03 12:00:00,2026-08-06 06:00:00,NBS,69,67,230,5,67.0,,40.0,,,45.0,,,8,40,91,6,20,0,0,0,80,0.0,130,0.0,8,KMDW,,9,20,7,0,,,2,4,15,3,28,11,3,67,
2026-08-03 12:00:00,2026-08-06 09:00:00,NBS,68,66,240,4,,,,,,,,,7,30,89,5,12,0,0,0,63,,130,,4,KMDW,,12,22,10,0,,,2,4,12,3,29,15,3,66,
2026-08-03 12:00:00,2026-08-06 12:00:00,NBS,68,65,200,4,57.0,79.0,27.0,67.0,,20.0,,45.0,19,40,82,5,6,0,0,0,63,0.0,120,0.0,14,KMDW,8.0,10,19,9,0,66.0,2.0,2,4,12,3,24,15,3,67,
2026-08-03 18:00:00,2026-08-04 00:00:00,NBS,77,62,100,6,3.0,,0.0,,12.0,4.0,45.0,,-88,100,7,7,0,0,0,0,0,0.0,100,0.0,41,KMDW,,8,11,6,18,,,2,3,7,2,0,0,2,71,12/4
2026-08-03 18:00:00,2026-08-04 03:00:00,NBS,72,63,130,5,,,,,,,,,-88,100,12,6,0,0,0,0,0,,110,,41,KMDW,,4,14,6,0,,,2,3,13,2,0,0,1,68,
2026-08-03 18:00:00,2026-08-04 06:00:00,NBS,70,64,170,6,0.0,,0.0,,,2.0,,,-88,100,18,7,0,0,0,0,0,0.0,110,0.0,36,KMDW,,4,17,7,0,,,2,2,26,2,0,0,1,67,
2026-08-03 18:00:00,2026-08-04 09:00:00,NBS,68,63,190,6,,,,,,,,,-88,100,16,6,0,0,0,0,0,,100,,70,KMDW,,4,20,8,0,,,2,2,23,2,0,3,1,66,
2026-08-03 18:00:00,2026-08-04 12:00:00,NBS,68,64,200,6,0.0,0.0,0.0,0.0,,1.0,,2.0,-88,100,12,7,0,0,0,0,0,0.0,96,0.0,39,KMDW,0.0,4,21,7,11,66.0,2.0,1,2,18,2,3,5,1,66,
2026-08-03 18:00:00,2026-08-04 15:00:00,NBS,77,66,210,7,,,,,,,,,-88,100,24,9,0,0,0,0,0,,94,,70,KMDW,,31,21,9,56,,,1,3,20,2,0,0,1,74,
2026-08-03 18:00:00,2026-08-04 18:00:00,NBS,81,64,220,9,0.0,,0.0,,,1.0,,,-88,100,43,10,0,0,0,0,0,0.0,94,0.0,36,KMDW,,45,22,9,73,,,2,3,32,2,0,0,2,78,
2026-08-03 18:00:00,2026-08-04 21:00:00,NBS,82,63,210,9,,,,,,,,,-88,100,39,10,0,0,0,0,0,,97,,44,KMDW,,49,22,9,61,,,2,3,33,2,0,0,1,75,
2026-08-03 18:00:00,2026-08-05 00:00:00,NBS,81,64,200,8,0.0,0.0,0.0,0.0,,5.0,,5.0,-88,100,30,8,1,0,0,0,0,0.0,100,0.0,160,KMDW,0.0,22,20,8,23,84.0,2.0,2,3,33,2,0,0,2,74,
2026-08-03 18:00:00,2026-08-05 03:00:00,NBS,75,65,180,8,,,,,,,,,-88,100,27,8,2,0,0,0,4,,110,,150,KMDW,,4,18,8,0,,,2,3,30,2,1,1,1,70,
2026-08-03 18:00:00,2026-08-05 06:00:00,NBS,72,65,200,7,2.0,,0.0,,,6.0,,,-88,100,54,8,2,0,0,0,5,0.0,130,0.0,80,KMDW,,5,20,8,0,,,2,3,39,2,0,1,2,69,
2026-08-03 18:00:00,2026-08-05 09:00:00,NBS,71,65,200,7,,,,,,,,,-88,100,70,7,4,0,0,0,6,,140,,29,KMDW,,5,20,8,0,,,2,3,33,3,6,3,2,68,
2026-08-03 18:00:00,2026-08-05 12:00:00,NBS,70,66,250,6,18.0,19.0,1.0,1.0,,12.0,,16.0,110,100,73,6,7,0,0,0,25,0.0,140,0.0,20,KMDW,1.0,7,23,9,5,69.0,2.0,2,3,31,3,6,5,2,68,
2026-08-03 18:00:00,2026-08-05 15:00:00,NBS,74,67,230,6,,,,,,,,,90,100,92,7,9,0,0,0,41,,130,,26,KMDW,,17,23,11,30,,,3,2,8,3,6,1,3,71,
2026-08-03 18:00:00,2026-08-05 18:00:00,NBS,78,67,220,6,31.0,,0.0,,,16.0,,,90,100,75,8,8,0,0,0,23,0.0,130,0.0,37,KMDW,,40,24,11,61,,,4,2,24,4,3,0,3,75,
2026-08-03 18:00:00,2026-08-05 21:00:00,NBS,78,66,230,7,,,,,,,,,43,100,79,8,19,0,0,0,55,,130,,26,KMDW,,31,23,10,31,,,5,2,14,4,1,2,3,74,
2026-08-03 18:00:00,2026-08-06 00:00:00,NBS,75,67,290,6,54.0,62.0,11.0,11.0,,43.0,,43.0,46,100,82,7,27,0,0,0,56,0.0,130,0.0,20,KMDW,3.0,10,25,7,18,81.0,3.0,4,3,10,3,12,4,3,72,
2026-08-03 18:00:00,2026-08-06 03:00:00,NBS,72,67,200,6,,,,,,,,,44,90,94,6,23,0,0,0,69,,130,,33,KMDW,,7,15,6,0,,,2,3,7,4,11,6,3,69,
2026-08-03 18:00:00,2026-08-06 06:00:00,NBS,70,67,260,5,74.0,,59.0,,,45.0,,,7,30,96,6,21,0,0,0,62,0.0,130,0.0,1,KMDW,,11,26,7,0,,,2,3,6,3,33,14,3,68,
2026-08-03 18:00:00,2026-08-06 09:00:00,NBS,68,66,310,5,,,,,,,,,27,20,95,5,12,0,0,0,66,,130,,4,KMDW,,7,28,6,0,,,2,3,6,4,24,17,3,67,
2026-08-03 18:00:00,2026-08-06 12:00:00,NBS,68,66,280,4,69.0,87.0,19.0,78.0,,20.0,,45.0,48,40,80,4,5,0,0,0,66,0.0,120,0.0,27,KMDW,9.0,8,27,4,0,66.0,2.0,2,3,9,4,19,15,3,68,
2026-08-03 18:00:00,2026-08-06 15:00:00,NBS,72,67,270,6,,,,,,,,,50,100,79,6,5,0,0,0,22,,120,,8,KMDW,,16,21,6,21,,,3,3,19,5,14,1,4,70,
2026-08-03 18:00:00,2026-08-06 18:00:00,NBS,74,66,360,6,37.0,,3.0,,,12.0,,,50,100,68,6,6,0,0,0,23,0.0,120,0.0,35,KMDW,,33,21,6,36,,,4,4,19,5,5,0,4,73,
2026-08-04 00:00:00,2026-08-04 06:00:00,NBS,70,64,170,6,0.0,,0.0,,30.0,3.0,,,-88,100,25,7,0,0,0,0,0,0.0,110,0.0,42,KMDW,,4,18,9,0,,,2,2,30,2,0,2,1,67,30/3
2026-08-04 00:00:00,2026-08-04 09:00:00,NBS,68,64,190,6,,,,,,,,,-88,100,18,6,0,0,0,0,12,,100,,19,KMDW,,4,20,7,0,,,2,2,27,2,0,4,1,66,
2026-08-04 00:00:00,2026-08-04 12:00:00,NBS,68,64,200,6,0.0,0.0,0.0,0.0,,1.0,,3.0,-88,100,16,7,0,0,0,0,0,0.0,96,0.0,36,KMDW,0.0,4,20,6,10,66.0,2.0,1,2,27,2,1,6,1,67,
2026-08-04 00:00:00,2026-08-04 15:00:00,NBS,77,67,210,7,,,,,,,,,-88,100,30,9,0,0,0,0,0,,94,,50,KMDW,,28,21,8,58,,,2,2,20,2,0,0,1,73,
2026-08-04 00:00:00,2026-08-04 18:00:00,NBS,81,65,200,8,1.0,,0.0,,,2.0,,,-88,100,37,10,0,0,0,0,0,0.0,94,0.0,90,KMDW,,44,20,9,85,,,2,2,33,2,0,0,2,78,
2026-08-04 00:00:00,2026-08-04 21:00:00,NBS,83,64,210,9,,,,,,,,,-88,100,44,10,0,0,0,0,0,,99,,100,KMDW,,49,22,9,65,,,2,2,32,2,0,0,2,76,
2026-08-04 00:00:00,2026-08-05 00:00:00,NBS,81,64,200,8,0.0,1.0,0.0,0.0,,4.0,,4.0,-88,100,39,8,0,0,0,0,0,0.0,100,0.0,220,KMDW,0.0,22,19,8,23,84.0,2.0,2,2,36,2,0,0,2,74,
2026-08-04 00:00:00,2026-08-05 03:00:00,NBS,75,65,190,8,,,,,,,,,-88,100,41,8,1,0,0,0,1,,120,,100,KMDW,,5,19,8,0,,,2,3,25,2,0,1,1,70,
2026-08-04 00:00:00,2026-08-05 06:00:00,NBS,73,65,210,7,1.0,,0.0,,,5.0,,,-88,100,54,8,1,0,0,0,1,0.0,130,0.0,47,KMDW,,5,20,9,0,,,2,3,36,2,0,0,1,69,
2026-08-04 00:00:00,2026-08-05 09:00:00,NBS,71,65,200,7,,,,,,,,,240,100,69,7,2,0,0,0,3,,130,,140,KMDW,,5,20,9,0,,,2,3,28,3,0,0,2,68,
2026-08-04 00:00:00,2026-08-05 12:00:00,NBS,71,66,250,6,13.0,10.0,0.0,0.0,,11.0,,13.0,70,100,61,6,6,0,0,0,48,0.0,140,0.0,49,KMDW,1.0,7,25,9,3,69.0,2.0,1,3,37,3,6,1,2,69,
2026-08-04 00:00:00,2026-08-05 15:00:00,NBS,75,68,220,5,,,,,,,,,90,100,89,7,8,0,0,0,57,,130,,20,KMDW,,13,23,10,27,,,3,2,9,3,10,3,3,72,
2026-08-04 00:00:00,2026-08-05 18:00:00,NBS,78,68,210,7,17.0,,0.0,,,16.0,,,60,100,73,8,8,0,0,0,26,0.0,130,0.0,22,KMDW,,36,24,11,29,,,4,2,34,4,2,0,3,76,
2026-08-04 00:00:00,2026-08-05 21:00:00,NBS,78,67,210,7,,,,,,,,,50,100,81,8,16,0,0,0,41,,130,,15,KMDW,,39,23,10,33,,,4,3,16,4,0,0,3,74,
2026-08-04 00:00:00,2026-08-06 00:00:00,NBS,75,67,300,7,62.0,76.0,13.0,13.0,,46.0,,46.0,90,100,81,7,30,0,0,0,42,0.0,130,0.0,20,KMDW,3.0,12,28,7,18,81.0,3.0,3,3,17,3,3,2,3,72,
2026-08-04 00:00:00,2026-08-06 03:00:00,NBS,72,67,180,5,,,,,,,,,44,100,95,6,25,0,0,0,81,,140,,32,KMDW,,9,20,5,0,,,2,3,8,3,9,4,3,68,
2026-08-04 00:00:00,2026-08-06 06:00:00,NBS,70,68,230,5,83.0,,70.0,,,45.0,,,50,40,97,6,19,0,0,0,49,0.0,130,0.0,29,KMDW,,6,20,7,0,,,2,3,6,4,18,10,3,68,
2026-08-04 00:00:00,2026-08-06 09:00:00,NBS,68,67,310,5,,,,,,,,,60,50,95,5,13,0,0,0,62,,130,,60,KMDW,,4,23,5,0,,,2,3,8,4,17,13,3,67,
2026-08-04 00:00:00,2026-08-06 12:00:00,NBS,68,67,270,4,72.0,89.0,19.0,89.0,,21.0,,45.0,50,60,84,5,6,0,0,0,51,0.0,120,0.0,37,KMDW,10.0,8,24,5,0,66.0,2.0,2,3,9,4,24,12,3,68,
2026-08-04 00:00:00,2026-08-06 15:00:00,NBS,72,67,90,5,,,,,,,,,16,100,86,6,5,0,0,0,22,,120,,15,KMDW,,23,20,7,35,,,3,3,10,4,16,1,3,70,
2026-08-04 00:00:00,2026-08-06 18:00:00,NBS,74,67,50,5,41.0,,8.0,,,14.0,,,23,100,66,6,8,0,0,0,22,0.0,120,0.0,23,KMDW,,31,21,7,51,,,3,3,22,4,6,2,4,74,
2026-08-04 00:00:00,2026-08-06 21:00:00,NBS,75,65,60,7,,,,,,,,,42,100,50,7,14,0,0,0,28,,110,,20,KMDW,,22,17,7,60,,,4,3,26,4,4,2,3,72,
2026-08-04 00:00:00,2026-08-07 00:00:00,NBS,74,64,80,7,25.0,55.0,1.0,9.0,,30.0,,30.0,42,100,29,7,18,0,0,0,14,0.0,110,0.0,22,KMDW,3.0,8,14,7,41,78.0,3.0,3,3,29,3,5,2,3,70,
2026-08-04 06:00:00,2026-08-04 12:00:00,NBS,68,64,190,6,0.0,,0.0,,18.0,1.0,22.0,,-88,100,10,7,0,0,0,0,0,0.0,97,0.0,36,KMDW,,4,20,7,12,,,1,2,20,1,0,1,1,66,18/1
2026-08-04 06:00:00,2026-08-04 15:00:00,NBS,77,66,210,7,,,,,,,,,-88,100,28,9,0,0,0,0,0,,94,,43,KMDW,,29,21,9,60,,,1,2,35,2,0,0,1,74,
2026-08-04 06:00:00,2026-08-04 18:00:00,NBS,82,64,200,8,2.0,,0.0,,,2.0,,,-88,100,37,10,0,0,0,0,0,0.0,95,0.0,46,KMDW,,47,21,8,77,,,2,2,32,2,0,0,2,78,
2026-08-04 06:00:00,2026-08-04 21:00:00,NBS,83,63,210,8,,,,,,,,,-88,100,36,9,0,0,0,0,0,,97,,80,KMDW,,54,23,9,63,,,2,2,34,2,0,0,2,75,
2026-08-04 06:00:00,2026-08-05 00:00:00,NBS,81,64,200,7,0.0,2.0,0.0,0.0,,5.0,,5.0,-88,100,16,8,0,0,0,0,0,0.0,100,0.0,50,KMDW,0.0,20,19,8,22,84.0,2.0,2,2,19,2,0,0,2,73,
2026-08-04 06:00:00,2026-08-05 03:00:00,NBS,75,64,190,7,,,,,,,,,-88,100,48,8,1,0,0,0,0,,120,,140,KMDW,,4,19,7,0,,,2,3,41,2,0,0,1,70,
2026-08-04 06:00:00,2026-08-05 06:00:00,NBS,73,65,200,7,7.0,,0.0,,,6.0,,,170,100,68,8,2,0,0,0,21,0.0,120,0.0,110,KMDW,,4,19,8,0,,,2,3,30,2,0,0,1,69,
2026-08-04 06:00:00,2026-08-05 09:00:00,NBS,71,65,210,7,,,,,,,,,130,100,74,7,3,0,0,0,3,,130,,50,KMDW,,5,22,7,0,,,2,3,26,3,0,0,2,68,
2026-08-04 06:00:00,2026-08-05 12:00:00,NBS,71,66,270,5,17.0,20.0,0.0,0.0,,13.0,,16.0,70,100,63,6,6,0,0,0,20,0.0,140,0.0,50,KMDW,5.0,6,26,9,3,69.0,2.0,2,2,28,3,1,0,2,68,
2026-08-04 06:00:00,2026-08-05 15:00:00,NBS,74,67,190,6,,,,,,,,,70,100,79,7,9,0,0,0,21,,130,,60,KMDW,,15,22,9,31,,,3,2,26,4,0,0,3,72,
2026-08-04 06:00:00,2026-08-05 18:00:00,NBS,78,68,230,8,53.0,,7.0,,,16.0,,,45,100,89,10,8,0,0,0,18,0.0,130,0.0,45,KMDW,,31,23,9,57,,,4,2,15,4,0,0,3,76,
2026-08-04 06:00:00,2026-08-05 21:00:00,NBS,78,68,240,8,,,,,,,,,37,100,71,9,16,0,0,0,22,,130,,20,KMDW,,29,25,10,52,,,4,2,24,5,1,0,3,74,
2026-08-04 06:00:00,2026-08-06 00:00:00,NBS,75,68,30,7,57.0,79.0,9.0,16.0,,44.0,,44.0,90,100,81,7,27,0,0,0,36,0.0,130,0.0,13,KMDW,4.0,11,28,7,12,82.0,3.0,4,2,29,4,4,3,3,72,
2026-08-04 06:00:00,2026-08-06 03:00:00,NBS,72,68,80,5,,,,,,,,,43,100,96,5,24,0,0,0,69,,130,,13,KMDW,,6,11,6,0,,,2,2,5,3,7,4,3,70,
2026-08-04 06:00:00,2026-08-06 06:00:00,NBS,70,68,20,5,85.0,,56.0,,,44.0,,,60,30,94,6,22,0,0,0,46,0.0,130,0.0,22,KMDW,,9,25,7,0,,,2,2,6,4,17,14,3,69,
2026-08-04 06:00:00,2026-08-06 09:00:00,NBS,68,67,340,5,,,,,,,,,100,40,91,5,12,0,0,0,62,,130,,22,KMDW,,8,34,7,0,,,2,2,16,4,10,13,3,68,
2026-08-04 06:00:00,2026-08-06 12:00:00,NBS,68,67,350,4,73.0,90.0,52.0,108.0,,19.0,,44.0,50,40,80,4,4,0,0,0,33,0.0,120,0.0,38,KMDW,10.0,9,0,7,1,67.0,2.0,2,2,18,4,16,15,3,68,
2026-08-04 06:00:00,2026-08-06 15:00:00,NBS,71,67,10,5,,,,,,,,,27,100,89,6,4,0,0,0,44,,120,,12,KMDW,,20,33,7,22,,,3,3,8,4,22,6,3,70,
2026-08-04 06:00:00,2026-08-06 18:00:00,NBS,74,67,10,5,35.0,,3.0,,,11.0,,,50,100,80,6,7,0,0,0,52,0.0,110,0.0,14,KMDW,,26,27,6,30,,,3,3,19,4,8,1,3,73,
2026-08-04 06:00:00,2026-08-06 21:00:00,NBS,75,67,30,6,,,,,,,,,38,100,50,7,11,0,0,0,12,,110,,38,KMDW,,31,26,7,48,,,3,3,26,5,3,1,3,72,
2026-08-04 06:00:00,2026-08-07 00:00:00,NBS,74,65,60,7,24.0,54.0,1.0,4.0,,22.0,,22.0,41,100,29,7,14,0,0,0,12,0.0,110,0.0,24,KMDW,1.0,10,9,7,40,78.0,3.0,2,3,29,3,4,2,3,71,
2026-08-04 06:00:00,2026-08-07 03:00:00,NBS,71,65,90,4,,,,,,,,,34,100,35,4,10,0,0,0,4,,110,,22,KMDW,,6,16,5,1,,,2,3,36,3,5,2,3,68,
2026-08-04 06:00:00,2026-08-07 06:00:00,NBS,68,66,150,3,8.0,,0.0,,,18.0,,,38,100,39,3,7,0,0,0,4,0.0,100,0.0,32,KMDW,,8,19,6,0,,,2,3,36,3,5,5,3,67,
2026-08-04 12:00:00,2026-08-04 18:00:00,NBS,83,65,210,8,2.0,,0.0,,12.0,2.0,,,-88,100,39,10,0,0,0,0,0,0.0,95,0.0,44,KMDW,,50,21,8,79,,,2,2,35,2,0,0,1,79,12/2
2026-08-04 12:00:00,2026-08-04 21:00:00,NBS,84,63,220,8,,,,,,,,,-88,100,28,9,0,0,0,0,0,,98,,110,KMDW,,55,23,9,65,,,2,2,24,2,0,0,1,76,
2026-08-04 12:00:00,2026-08-05 00:00:00,NBS,82,64,200,7,0.0,2.0,0.0,0.0,,7.0,,7.0,-88,100,34,8,1,0,0,0,0,0.0,110,0.0,140,KMDW,0.0,22,20,8,19,85.0,2.0,2,2,33,2,0,0,2,75,
2026-08-04 12:00:00,2026-08-05 03:00:00,NBS,76,65,190,7,,,,,,,,,-88,100,54,8,2,0,0,0,3,,110,,160,KMDW,,4,19,7,0,,,2,2,41,2,0,0,1,71,
2026-08-04 12:00:00,2026-08-05 06:00:00,NBS,73,66,180,7,7.0,,0.0,,,7.0,,,160,100,60,8,3,0,0,0,16,0.0,120,0.0,140,KMDW,,4,19,10,0,,,2,2,32,2,0,0,1,70,
2026-08-04 12:00:00,2026-08-05 09:00:00,NBS,72,66,210,6,,,,,,,,,130,100,59,7,3,0,0,0,8,,130,,60,KMDW,,5,21,9,0,,,2,3,40,2,0,0,2,69,
2026-08-04 12:00:00,2026-08-05 12:00:00,NBS,71,66,250,6,18.0,16.0,3.0,3.0,,11.0,,14.0,60,100,65,6,6,0,0,0,33,0.0,140,0.0,48,KMDW,5.0,6,25,10,2,70.0,2.0,2,2,24,3,6,0,2,69,
2026-08-04 12:00:00,2026-08-05 15:00:00,NBS,75,68,220,6,,,,,,,,,35,100,73,8,10,0,0,0,43,,130,,35,KMDW,,12,23,9,21,,,3,3,38,3,11,3,3,73,
2026-08-04 12:00:00,2026-08-05 18:00:00,NBS,78,68,230,8,42.0,,7.0,,,18.0,,,35,100,53,10,10,0,0,0,25,0.0,130,0.0,35,KMDW,,32,24,11,59,,,4,3,41,4,3,1,3,77,
2026-08-04 12:00:00,2026-08-05 21:00:00,NBS,78,68,250,8,,,,,,,,,45,100,77,10,21,0,0,0,32,,130,,42,KMDW,,25,25,10,49,,,4,3,22,4,1,2,3,75,
2026-08-04 12:00:00,2026-08-06 00:00:00,NBS,76,68,230,7,56.0,75.0,4.0,11.0,,52.0,,52.0,45,60,78,7,35,0,0,0,38,0.0,130,0.0,40,KMDW,8.0,12,26,9,13,82.0,3.0,3,3,31,4,9,5,3,72,
2026-08-04 12:00:00,2026-08-06 03:00:00,NBS,72,68,300,5,,,,,,,,,28,40,89,5,25,0,0,0,60,,140,,2,KMDW,,12,25,7,0,,,2,2,9,4,21,9,3,70,
2026-08-04 12:00:00,2026-08-06 06:00:00,NBS,70,68,80,6,84.0,,44.0,,,43.0,,,50,40,91,6,16,0,0,0,73,0.0,130,0.0,14,KMDW,,6,20,6,0,,,2,2,8,4,19,11,3,70,
2026-08-04 12:00:00,2026-08-06 09:00:00,NBS,69,67,40,5,,,,,,,,,100,5,88,5,8,0,0,0,63,,130,,1,KMDW,,9,24,5,0,,,2,2,4,4,12,24,3,68,
2026-08-04 12:00:00,2026-08-06 12:00:00,NBS,69,67,40,5,74.0,95.0,31.0,75.0,,16.0,,43.0,-88,5,83,5,6,0,0,0,53,0.0,130,0.0,1,KMDW,9.0,8,12,5,2,67.0,2.0,2,2,6,4,9,25,3,68,
2026-08-04 12:00:00,2026-08-06 15:00:00,NBS,72,67,60,5,,,,,,,,,29,100,87,6,6,0,0,0,47,,120,,6,KMDW,,17,11,6,30,,,3,2,10,4,17,3,3,70,
2026-08-04 12:00:00,2026-08-06 18:00:00,NBS,75,67,60,5,20.0,,1.0,,,17.0,,,32,100,82,6,9,0,0,0,16,0.0,120,0.0,12,KMDW,,25,8,7,26,,,3,3,12,5,13,4,4,73,
2026-08-04 12:00:00,2026-08-06 21:00:00,NBS,75,66,70,6,,,,,,,,,49,100,58,7,15,0,0,0,16,,110,,17,KMDW,,23,12,9,42,,,3,3,21,4,9,4,3,72,
2026-08-04 12:00:00,2026-08-07 00:00:00,NBS,75,65,70,6,21.0,39.0,0.0,1.0,,26.0,,26.0,38,100,38,7,15,0,0,0,8,0.0,100,0.0,8,KMDW,1.0,17,11,7,34,79.0,3.0,3,4,32,3,4,3,2,71,
2026-08-04 12:00:00,2026-08-07 03:00:00,NBS,71,65,90,4,,,,,,,,,38,100,54,4,9,0,0,0,6,,110,,13,KMDW,,10,11,6,0,,,3,4,39,2,6,2,2,68,
2026-08-04 12:00:00,2026-08-07 06:00:00,NBS,69,66,130,3,10.0,,0.0,,,15.0,,,40,40,53,3,6,0,0,0,6,0.0,100,0.0,13,KMDW,,8,16,6,0,,,3,4,37,3,10,9,3,67,
2026-08-04 12:00:00,2026-08-07 09:00:00,NBS,67,66,270,0,,,,,,,,,39,40,70,2,6,0,0,0,2,,100,,1,KMDW,,8,22,5,0,,,3,4,23,2,14,13,2,66,
2026-08-04 12:00:00,2026-08-07 12:00:00,NBS,68,66,270,0,5.0,13.0,0.0,0.0,,12.0,,17.0,30,40,54,3,5,0,0,0,2,0.0,100,0.0,22,KMDW,0.0,12,24,5,0,66.0,3.0,3,4,20,2,19,14,3,67,
2026-08-04 18:00:00,2026-08-05 00:00:00,NBS,82,64,220,7,0.0,,0.0,,12.0,5.0,24.0,,-88,100,17,8,1,0,0,0,0,0.0,97,0.0,110,KMDW,,22,22,7,19,,,2,2,26,2,0,0,2,75,12/5
2026-08-04 18:00:00,2026-08-05 03:00:00,NBS,76,66,180,7,,,,,,,,,-88,100,35,8,1,0,0,0,0,,110,,210,KMDW,,4,18,7,0,,,2,2,36,2,0,0,1,71,
2026-08-04 18:00:00,2026-08-05 06:00:00,NBS,73,66,190,7,6.0,,0.0,,,7.0,,,-88,100,51,9,2,0,0,0,0,0.0,120,0.0,90,KMDW,,5,19,8,0,,,2,2,40,2,0,0,1,70,
2026-08-04 18:00:00,2026-08-05 09:00:00,NBS,72,66,210,7,,,,,,,,,140,100,63,8,3,0,0,0,9,,130,,100,KMDW,,5,20,9,0,,,2,2,36,3,0,0,2,69,
2026-08-04 18:00:00,2026-08-05 12:00:00,NBS,71,66,210,7,15.0,18.0,3.0,3.0,,9.0,,12.0,-88,100,56,8,5,0,0,0,11,0.0,140,0.0,60,KMDW,0.0,5,20,9,6,70.0,2.0,1,2,37,3,2,0,2,69,
2026-08-04 18:00:00,2026-08-05 15:00:00,NBS,75,68,220,7,,,,,,,,,60,100,82,8,7,0,0,0,59,,140,,40,KMDW,,12,22,9,31,,,3,2,24,3,2,0,2,72,
2026-08-04 18:00:00,2026-08-05 18:00:00,NBS,78,68,200,8,61.0,,10.0,,,14.0,,,60,100,57,10,9,0,0,0,36,0.0,130,0.0,60,KMDW,,31,21,11,70,,,4,2,28,4,0,0,3,77,
2026-08-04 18:00:00,2026-08-05 21:00:00,NBS,78,68,230,8,,,,,,,,,-88,100,52,10,15,0,0,0,28,,130,,70,KMDW,,34,24,12,61,,,5,2,38,5,0,0,3,75,
2026-08-04 18:00:00,2026-08-06 00:00:00,NBS,75,68,240,7,71.0,90.0,10.0,20.0,,42.0,,42.0,45,70,78,7,30,0,0,0,49,0.0,130,0.0,45,KMDW,7.0,11,25,10,17,81.0,3.0,3,3,30,4,5,3,3,71,
2026-08-04 18:00:00,2026-08-06 03:00:00,NBS,72,68,330,5,,,,,,,,,35,80,93,6,27,0,0,0,37,,130,,35,KMDW,,5,25,5,0,,,2,2,15,3,9,2,3,70,
2026-08-04 18:00:00,2026-08-06 06:00:00,NBS,70,69,230,5,92.0,,45.0,,,47.0,,,11,40,81,6,18,0,0,0,56,0.0,130,0.0,11,KMDW,,5,22,6,0,,,2,2,24,4,23,11,3,69,
2026-08-04 18:00:00,2026-08-06 09:00:00,NBS,69,68,360,5,,,,,,,,,-88,10,89,5,11,0,0,0,34,,120,,8,KMDW,,5,2,6,0,,,2,2,25,3,11,19,3,68,
2026-08-04 18:00:00,2026-08-06 12:00:00,NBS,69,68,10,4,67.0,96.0,75.0,120.0,,24.0,,47.0,-88,30,81,4,11,0,0,0,34,0.0,120,0.0,2,KMDW,10.0,7,12,6,4,67.0,2.0,1,2,27,3,10,17,3,68,
2026-08-04 18:00:00,2026-08-06 15:00:00,NBS,72,68,30,4,,,,,,,,,-88,100,93,5,9,0,0,0,38,,110,,1,KMDW,,17,14,7,26,,,3,3,5,4,10,2,3,70,
2026-08-04 18:00:00,2026-08-06 18:00:00,NBS,74,67,50,5,38.0,,46.0,,,18.0,,,50,100,87,6,7,0,0,0,15,0.0,110,0.0,29,KMDW,,32,16,8,30,,,4,3,12,4,3,0,3,73,
2026-08-04 18:00:00,2026-08-06 21:00:00,NBS,75,65,110,7,,,,,,,,,-88,100,45,8,14,0,0,0,2,,110,,20,KMDW,,25,16,7,64,,,4,4,14,3,4,2,3,72,
2026-08-04 18:00:00,2026-08-07 00:00:00,NBS,74,64,90,7,23.0,39.0,3.0,49.0,,30.0,,30.0,-88,100,22,7,17,0,0,0,2,0.0,100,0.0,30,KMDW,7.0,16,17,7,32,77.0,3.0,3,4,14,3,4,2,2,70,
2026-08-04 18:00:00,2026-08-07 03:00:00,NBS,70,65,110,4,,,,,,,,,39,100,32,4,11,0,0,0,2,,100,,27,KMDW,,4,17,6,1,,,2,4,32,2,5,1,2,67,
2026-08-04 18:00:00,2026-08-07 06:00:00,NBS,68,66,160,0,2.0,,0.0,,,23.0,,,48,80,41,2,10,0,0,0,2,0.0,99,0.0,4,KMDW,,4,18,6,0,,,2,4,37,2,15,8,3,66,
2026-08-04 18:00:00,2026-08-07 09:00:00,NBS,67,66,190,0,,,,,,,,,30,40,72,2,9,0,0,0,2,,100,,4,KMDW,,5,21,5,0,,,2,4,22,2,19,12,2,66,
2026-08-04 18:00:00,2026-08-07 12:00:00,NBS,68,66,230,0,2.0,4.0,0.0,0.0,,17.0,,24.0,25,30,57,2,6,0,0,0,2,0.0,100,0.0,4,KMDW,0.0,8,23,5,0,66.0,2.0,2,4,26,2,24,15,3,68,
2026-08-04 18:00:00,2026-08-07 15:00:00,NBS,75,68,240,0,,,,,,,,,16,100,47,3,4,0,0,0,2,,100,,13,KMDW,,20,25,8,33,,,3,4,29,3,21,3,3,73,
2026-08-04 18:00:00,2026-08-07 18:00:00,NBS,79,67,210,1,1.0,,0.0,,,12.0,,,29,100,54,4,6,0,0,0,3,0.0,110,0.0,29,KMDW,,35,23,7,49,,,3,4,31,4,5,0,3,77,
2026-08-05 00:00:00,2026-08-05 06:00:00,NBS,73,66,190,7,2.0,,0.0,,19.0,7.0,,,130,100,57,8,3,0,0,0,3,0.0,120,0.0,70,KMDW,,4,19,8,0,,,2,2,37,2,0,0,2,70,19/7
2026-08-05 00:00:00,2026-08-05 09:00:00,NBS,71,66,200,7,,,,,,,,,90,100,72,8,6,0,0,0,4,,130,,60,KMDW,,4,20,7,0,,,1,2,26,3,0,0,2,69,
2026-08-05 00:00:00,2026-08-05 12:00:00,NBS,71,66,210,7,11.0,5.0,1.0,1.0,,10.0,,12.0,60,100,77,8,6,0,0,0,12,0.0,140,0.0,50,KMDW,1.0,6,21,7,4,70.0,2.0,1,2,27,3,4,0,3,69,
2026-08-05 00:00:00,2026-08-05 15:00:00,NBS,75,68,230,7,,,,,,,,,60,100,85,9,6,0,0,0,56,,140,,48,KMDW,,13,22,10,37,,,3,2,14,3,7,3,3,72,
2026-08-05 00:00:00,2026-08-05 18:00:00,NBS,78,68,240,8,42.0,,8.0,,,11.0,,,45,100,69,11,7,0,0,0,41,0.0,130,0.0,42,KMDW,,40,22,14,72,,,4,2,29,4,1,1,3,77,
2026-08-05 00:00:00,2026-08-05 21:00:00,NBS,79,68,240,10,,,,,,,,,45,100,57,11,19,0,0,0,25,,130,,45,KMDW,,36,25,13,61,,,5,2,32,4,2,1,3,75,
2026-08-05 00:00:00,2026-08-06 00:00:00,NBS,75,68,270,7,75.0,86.0,9.0,17.0,,44.0,,44.0,35,70,79,8,30,0,0,0,40,0.0,130,0.0,35,KMDW,10.0,11,27,7,12,81.0,4.0,4,3,28,5,8,4,3,72,
2026-08-05 00:00:00,2026-08-06 03:00:00,NBS,72,68,20,5,,,,,,,,,27,50,99,6,20,0,0,0,32,,130,,27,KMDW,,5,18,5,0,,,2,2,4,4,15,7,3,70,
2026-08-05 00:00:00,2026-08-06 06:00:00,NBS,70,68,270,5,89.0,,48.0,,,41.0,,,35,20,86,5,17,0,0,0,45,0.0,130,0.0,28,KMDW,,5,20,5,0,,,2,2,24,3,22,15,3,69,
2026-08-05 00:00:00,2026-08-06 09:00:00,NBS,69,68,20,4,,,,,,,,,6,30,89,5,11,0,0,0,34,,120,,6,KMDW,,6,2,5,0,,,1,2,23,3,31,18,3,68,
2026-08-05 00:00:00,2026-08-06 12:00:00,NBS,69,68,30,4,61.0,96.0,22.0,70.0,,18.0,,41.0,5,30,76,4,7,0,0,0,19,0.0,110,0.0,4,KMDW,10.0,7,3,5,2,67.0,2.0,1,2,27,3,39,20,3,68,
2026-08-05 00:00:00,2026-08-06 15:00:00,NBS,73,68,30,4,,,,,,,,,10,100,89,5,3,0,0,0,12,,110,,5,KMDW,,19,0,8,23,,,2,3,6,4,32,7,3,72,
2026-08-05 00:00:00,2026-08-06 18:00:00,NBS,74,67,60,5,18.0,,1.0,,,10.0,,,22,100,85,5,5,0,0,0,12,0.0,100,0.0,8,KMDW,,28,2,6,36,,,4,3,14,4,4,0,3,73,
2026-08-05 00:00:00,2026-08-06 21:00:00,NBS,76,66,60,7,,,,,,,,,46,100,45,7,9,0,0,0,12,,100,,12,KMDW,,25,3,7,44,,,4,3,28,3,3,2,2,72,
2026-08-05 00:00:00,2026-08-07 00:00:00,NBS,74,65,70,6,16.0,33.0,0.0,1.0,,19.0,,19.0,-88,100,40,7,11,0,0,0,10,0.0,99,0.0,17,KMDW,0.0,13,4,7,19,78.0,3.0,3,4,36,3,5,2,2,71,
2026-08-05 00:00:00,2026-08-07 03:00:00,NBS,71,65,90,4,,,,,,,,,37,100,50,4,8,0,0,0,34,,97,,15,KMDW,,6,12,6,0,,,2,4,37,2,7,2,2,68,
2026-08-05 00:00:00,2026-08-07 06:00:00,NBS,69,66,170,1,5.0,,0.0,,,12.0,,,-88,100,49,2,4,0,0,0,39,0.0,96,0.0,19,KMDW,,7,22,4,0,,,2,4,34,2,8,5,3,67,
2026-08-05 00:00:00,2026-08-07 09:00:00,NBS,67,66,200,0,,,,,,,,,-88,80,49,2,5,0,0,0,2,,100,,33,KMDW,,8,21,5,0,,,3,4,36,2,9,11,2,66,
2026-08-05 00:00:00,2026-08-07 12:00:00,NBS,68,66,170,0,6.0,9.0,0.0,0.0,,13.0,,17.0,-88,40,53,2,7,0,0,0,2,0.0,100,0.0,37,KMDW,0.0,4,20,4,0,66.0,3.0,3,4,32,2,16,13,2,68,
2026-08-05 00:00:00,2026-08-07 15:00:00,NBS,76,69,180,0,,,,,,,,,23,100,73,3,6,0,0,0,3,,100,,10,KMDW,,18,19,8,36,,,3,3,23,3,13,3,3,74,
2026-08-05 00:00:00,2026-08-07 18:00:00,NBS,79,68,210,2,1.0,,0.0,,,15.0,,,-88,100,53,4,6,0,0,0,3,0.0,110,0.0,28,KMDW,,36,23,7,54,,,3,4,28,4,3,0,3,78,
2026-08-05 00:00:00,2026-08-07 21:00:00,NBS,81,67,210,6,,,,,,,,,44,100,52,7,10,0,0,0,7,,110,,28,KMDW,,42,24,8,72,,,3,4,31,4,3,1,3,76,
2026-08-05 00:00:00,2026-08-08 00:00:00,NBS,79,68,200,7,6.0,8.0,0.0,0.0,,19.0,,21.0,-88,100,40,7,11,0,0,0,6,0.0,120,0.0,33,KMDW,0.0,12,23,7,54,82.0,3.0,3,4,26,4,2,1,3,75,
2026-08-05 06:00:00,2026-08-05 12:00:00,NBS,71,66,210,6,18.0,,3.0,,16.0,13.0,23.0,,60,100,63,7,7,0,0,0,11,0.0,140,0.0,49,KMDW,,5,23,7,8,,,1,3,28,3,0,0,3,70,16/13
2026-08-05 06:00:00,2026-08-05 15:00:00,NBS,76,67,230,7,,,,,,,,,35,100,64,9,8,0,0,0,20,,140,,35,KMDW,,17,23,10,50,,,2,2,36,3,6,0,3,73,
2026-08-05 06:00:00,2026-08-05 18:00:00,NBS,80,67,230,10,32.0,,3.0,,,18.0,,,35,100,69,12,11,0,0,0,34,0.0,130,0.0,35,KMDW,,37,24,13,61,,,4,2,26,5,2,1,3,77,
2026-08-05 06:00:00,2026-08-05 21:00:00,NBS,79,68,230,10,,,,,,,,,60,80,77,12,22,0,0,0,25,,130,,60,KMDW,,30,23,12,45,,,5,2,26,5,4,6,3,75,
2026-08-05 06:00:00,2026-08-06 00:00:00,NBS,75,69,220,8,67.0,80.0,11.0,14.0,,46.0,,46.0,27,50,84,8,28,0,0,0,52,0.0,130,0.0,27,KMDW,6.0,9,29,9,13,83.0,3.0,4,2,22,4,11,9,3,72,
2026-08-05 06:00:00,2026-08-06 03:00:00,NBS,72,68,220,6,,,,,,,,,11,40,89,6,16,0,0,0,26,,130,,11,KMDW,,5,21,6,0,,,2,2,11,4,27,9,3,70,
2026-08-05 06:00:00,2026-08-06 06:00:00,NBS,71,68,200,5,70.0,,48.0,,,34.0,,,15,30,80,5,15,0,0,0,43,0.0,130,0.0,15,KMDW,,6,12,5,0,,,1,2,31,3,23,13,3,69,
2026-08-05 06:00:00,2026-08-06 09:00:00,NBS,70,68,300,5,,,,,,,,,15,50,75,5,12,0,0,0,32,,120,,6,KMDW,,5,12,6,0,,,2,3,30,3,19,9,3,68,
2026-08-05 06:00:00,2026-08-06 12:00:00,NBS,70,68,340,4,32.0,81.0,7.0,55.0,,21.0,,34.0,11,50,82,5,10,0,0,0,17,0.0,110,0.0,4,KMDW,11.0,7,14,6,3,68.0,1.0,2,3,10,3,25,8,2,69,
2026-08-05 06:00:00,2026-08-06 15:00:00,NBS,73,68,360,5,,,,,,,,,5,30,93,5,7,0,0,0,23,,100,,5,KMDW,,18,24,8,21,,,2,3,8,3,44,14,3,72,
2026-08-05 06:00:00,2026-08-06 18:00:00,NBS,74,67,50,5,24.0,,4.0,,,14.0,,,13,80,90,6,7,0,0,0,15,0.0,100,0.0,13,KMDW,,23,25,7,23,,,3,3,18,4,14,3,3,73,
2026-08-05 06:00:00,2026-08-06 21:00:00,NBS,75,65,60,7,,,,,,,,,21,100,56,7,12,0,0,0,26,,100,,9,KMDW,,22,25,8,30,,,3,4,27,3,7,1,2,72,
2026-08-05 06:00:00,2026-08-07 00:00:00,NBS,74,64,80,7,12.0,27.0,0.0,4.0,,21.0,,22.0,41,100,27,8,12,0,0,0,7,0.0,100,0.0,12,KMDW,1.0,11,11,7,12,78.0,3.0,2,4,27,2,4,1,2,70,
2026-08-05 06:00:00,2026-08-07 03:00:00,NBS,71,65,100,4,,,,,,,,,44,100,35,4,7,0,0,0,6,,110,,8,KMDW,,6,17,6,0,,,2,4,24,2,5,2,2,68,
2026-08-05 06:00:00,2026-08-07 06:00:00,NBS,69,66,140,1,4.0,,0.0,,,16.0,,,90,100,60,2,7,0,0,0,28,0.0,110,0.0,1,KMDW,,5,19,5,0,,,2,4,39,2,9,8,2,68,
2026-08-05 06:00:00,2026-08-07 09:00:00,NBS,68,66,180,0,,,,,,,,,-88,90,52,1,6,0,0,0,0,,100,,25,KMDW,,5,21,5,0,,,3,4,30,2,12,10,2,67,
2026-08-05 06:00:00,2026-08-07 12:00:00,NBS,68,66,180,0,5.0,9.0,0.0,0.0,,12.0,,18.0,-88,40,49,2,6,0,0,0,1,0.0,100,0.0,31,KMDW,0.0,8,19,4,2,66.0,2.0,3,4,27,2,17,13,3,68,
2026-08-05 06:00:00,2026-08-07 15:00:00,NBS,75,68,180,2,,,,,,,,,15,100,63,3,7,0,0,0,3,,110,,10,KMDW,,19,19,7,35,,,3,4,20,3,16,3,3,73,
2026-08-05 06:00:00,2026-08-07 18:00:00,NBS,80,68,190,4,4.0,,0.0,,,16.0,,,-88,100,51,5,7,0,0,0,2,0.0,100,0.0,60,KMDW,,35,21,6,55,,,3,3,27,3,5,0,3,78,
2026-08-05 06:00:00,2026-08-07 21:00:00,NBS,81,66,210,7,,,,,,,,,-88,100,54,7,12,0,0,0,12,,110,,30,KMDW,,36,22,8,70,,,3,4,30,4,5,2,3,76,
2026-08-05 06:00:00,2026-08-08 00:00:00,NBS,79,68,190,7,8.0,12.0,0.0,0.0,,22.0,,23.0,-88,100,42,7,11,0,0,0,12,0.0,120,0.0,33,KMDW,0.0,15,21,7,53,83.0,2.0,3,3,27,4,2,1,3,75,
2026-08-05 06:00:00,2026-08-08 03:00:00,NBS,74,68,220,6,,,,,,,,,-88,100,42,6,7,0,0,0,12,,120,,-88,KMDW,,5,23,6,1,,,2,3,26,4,3,0,3,71,
2026-08-05 06:00:00,2026-08-08 06:00:00,NBS,72,69,230,7,20.0,,3.0,,,16.0,,,-88,100,51,7,9,0,0,0,32,0.0,120,0.0,130,KMDW,,5,22,7,0,,,2,2,35,4,4,6,3,70,
2026-08-05 12:00:00,2026-08-05 18:00:00,NBS,81,68,220,9,17.0,,2.0,,15.0,15.0,,,60,100,82,12,10,0,0,0,20,0.0,130,0.0,60,KMDW,,33,24,11,52,,,3,2,23,5,0,0,3,77,15/15
2026-08-05 12:00:00,2026-08-05 21:00:00,NBS,80,68,230,10,,,,,,,,,60,100,85,12,21,0,0,0,22,,130,,50,KMDW,,29,23,11,42,,,4,2,26,5,0,2,3,76,
2026-08-05 12:00:00,2026-08-06 00:00:00,NBS,75,69,250,8,59.0,63.0,17.0,19.0,,42.0,,42.0,70,90,72,8,25,0,0,0,51,0.0,130,0.0,60,KMDW,5.0,15,28,8,12,84.0,2.0,3,2,26,4,8,4,3,72,
2026-08-05 12:00:00,2026-08-06 03:00:00,NBS,73,69,240,6,,,,,,,,,45,80,93,6,18,0,0,0,59,,130,,44,KMDW,,5,20,6,0,,,2,2,10,3,16,4,3,71,
2026-08-05 12:00:00,2026-08-06 06:00:00,NBS,71,69,180,4,60.0,,15.0,,,38.0,,,35,100,88,5,19,0,0,0,57,0.0,130,0.0,30,KMDW,,7,19,5,0,,,1,2,15,2,14,4,2,69,
2026-08-05 12:00:00,2026-08-06 09:00:00,NBS,70,69,260,4,,,,,,,,,13,50,84,4,16,0,0,0,23,,120,,13,KMDW,,5,19,6,0,,,2,2,22,3,23,8,3,69,
2026-08-05 12:00:00,2026-08-06 12:00:00,NBS,70,68,320,4,44.0,74.0,16.0,31.0,,30.0,,38.0,11,60,82,4,12,0,0,0,42,0.0,110,0.0,11,KMDW,12.0,5,23,6,1,69.0,1.0,1,3,10,3,26,7,3,69,
2026-08-05 12:00:00,2026-08-06 15:00:00,NBS,73,68,360,5,,,,,,,,,7,60,94,5,8,0,0,0,30,,110,,7,KMDW,,18,22,10,21,,,2,3,8,3,36,9,3,72,
2026-08-05 12:00:00,2026-08-06 18:00:00,NBS,75,68,70,5,23.0,,2.0,,,15.0,,,18,100,90,6,8,0,0,0,26,0.0,100,0.0,16,KMDW,,23,22,8,26,,,3,3,18,4,7,1,3,74,
2026-08-05 12:00:00,2026-08-06 21:00:00,NBS,76,66,80,6,,,,,,,,,27,90,59,7,11,0,0,0,18,,100,,25,KMDW,,24,23,8,35,,,4,4,27,3,2,2,2,72,
2026-08-05 12:00:00,2026-08-07 00:00:00,NBS,75,66,80,7,24.0,36.0,0.0,2.0,,20.0,,24.0,45,100,35,7,12,0,0,0,23,0.0,100,0.0,30,KMDW,1.0,9,19,7,15,79.0,3.0,3,4,26,3,4,2,2,71,
2026-08-05 12:00:00,2026-08-07 03:00:00,NBS,72,66,110,4,,,,,,,,,43,100,34,4,6,0,0,0,6,,110,,9,KMDW,,5,19,5,0,,,2,4,34,3,4,2,2,69,
2026-08-05 12:00:00,2026-08-07 06:00:00,NBS,70,67,160,3,4.0,,0.0,,,12.0,,,90,100,57,3,5,0,0,0,1,0.0,110,0.0,8,KMDW,,4,19,4,0,,,2,4,36,3,4,6,3,69,
2026-08-05 12:00:00,2026-08-07 09:00:00,NBS,69,67,190,1,,,,,,,,,100,40,92,2,5,0,0,0,12,,100,,49,KMDW,,4,20,5,0,,,3,4,8,3,7,13,3,68,
2026-08-05 12:00:00,2026-08-07 12:00:00,NBS,69,68,220,3,4.0,12.0,0.0,0.0,,12.0,,16.0,100,60,69,3,7,0,0,0,35,0.0,100,0.0,22,KMDW,0.0,5,24,5,2,68.0,3.0,3,4,33,3,10,11,3,69,
2026-08-05 12:00:00,2026-08-07 15:00:00,NBS,76,70,190,3,,,,,,,,,110,100,59,4,5,0,0,0,9,,100,,34,KMDW,,21,20,4,30,,,2,3,22,3,7,1,3,74,
2026-08-05 12:00:00,2026-08-07 18:00:00,NBS,80,69,200,5,4.0,,0.0,,,12.0,,,49,100,45,6,6,0,0,0,10,0.0,100,0.0,20,KMDW,,38,21,6,72,,,3,3,25,4,5,0,3,79,
2026-08-05 12:00:00,2026-08-07 21:00:00,NBS,82,68,210,9,,,,,,,,,48,100,57,10,11,0,0,0,34,,110,,34,KMDW,,36,22,9,68,,,3,3,31,5,5,2,3,77,
2026-08-05 12:00:00,2026-08-08 00:00:00,NBS,80,69,220,8,9.0,12.0,0.0,0.0,,22.0,,22.0,-88,100,39,9,11,0,0,0,19,0.0,110,0.0,210,KMDW,0.0,25,24,8,47,84.0,2.0,3,3,25,5,0,0,3,75,
2026-08-05 12:00:00,2026-08-08 03:00:00,NBS,75,70,230,7,,,,,,,,,-88,100,42,8,6,0,0,0,29,,120,,140,KMDW,,4,24,7,1,,,3,2,31,5,4,0,3,72,
2026-08-05 12:00:00,2026-08-08 06:00:00,NBS,72,70,230,8,29.0,,2.0,,,11.0,,,-88,100,53,8,7,0,0,0,48,0.0,120,0.0,21,KMDW,,4,24,8,0,,,2,2,31,4,5,8,3,71,
2026-08-05 12:00:00,2026-08-08 09:00:00,NBS,71,70,240,8,,,,,,,,,-88,70,73,9,6,0,0,0,40,,120,,150,KMDW,,5,23,8,0,,,2,2,29,4,1,11,2,70,
2026-08-05 12:00:00,2026-08-08 12:00:00,NBS,71,70,250,7,26.0,41.0,0.0,2.0,,15.0,,17.0,-88,50,60,8,8,0,0,0,41,0.0,110,0.0,80,KMDW,1.0,8,25,8,0,70.0,2.0,2,2,32,3,3,10,2,71,
2026-08-05 18:00:00,2026-08-06 00:00:00,NBS,76,69,270,8,51.0,,14.0,,15.0,53.0,13.0,,60,70,90,8,34,0,0,0,79,0.0,130,0.0,60,KMDW,,10,28,8,11,,,4,2,9,5,4,5,3,73,15/53
2026-08-05 18:00:00,2026-08-06 03:00:00,NBS,72,69,220,6,,,,,,,,,70,70,95,6,27,0,0,0,33,,130,,46,KMDW,,5,17,6,0,,,2,1,5,4,6,3,3,70,
2026-08-05 18:00:00,2026-08-06 06:00:00,NBS,71,69,210,5,75.0,,21.0,,,46.0,,,45,50,81,5,17,0,0,0,41,0.0,130,0.0,35,KMDW,,5,22,5,0,,,1,1,23,4,17,8,3,69,
2026-08-05 18:00:00,2026-08-06 09:00:00,NBS,70,69,180,4,,,,,,,,,22,40,95,5,13,0,0,0,50,,120,,20,KMDW,,5,17,5,0,,,1,1,6,3,17,10,3,69,
2026-08-05 18:00:00,2026-08-06 12:00:00,NBS,70,70,90,5,46.0,80.0,11.0,32.0,,23.0,,46.0,13,30,83,5,10,0,0,0,19,0.0,120,0.0,12,KMDW,12.0,6,18,5,2,69.0,1.0,1,1,10,3,22,16,3,70,
2026-08-05 18:00:00,2026-08-06 15:00:00,NBS,73,70,180,5,,,,,,,,,7,30,94,6,7,0,0,0,18,,110,,7,KMDW,,14,20,6,10,,,2,2,6,5,36,14,3,72,
2026-08-05 18:00:00,2026-08-06 18:00:00,NBS,75,69,310,6,26.0,,2.0,,,13.0,,,11,70,96,7,6,0,0,0,18,0.0,110,0.0,11,KMDW,,21,23,7,29,,,3,2,7,5,22,5,3,73,
2026-08-05 18:00:00,2026-08-06 21:00:00,NBS,76,68,40,7,,,,,,,,,27,100,57,7,8,0,0,0,15,,110,,20,KMDW,,21,23,7,22,,,3,2,35,4,2,3,2,74,
2026-08-05 18:00:00,2026-08-07 00:00:00,NBS,75,68,90,7,22.0,41.0,0.0,2.0,,16.0,,20.0,45,100,27,7,7,0,0,0,8,0.0,110,0.0,39,KMDW,3.0,10,12,7,11,78.0,3.0,3,3,25,3,2,2,2,72,
2026-08-05 18:00:00,2026-08-07 03:00:00,NBS,71,68,130,4,,,,,,,,,-88,90,44,4,4,0,0,0,9,,100,,42,KMDW,,5,17,5,0,,,2,3,33,3,3,4,2,70,
2026-08-05 18:00:00,2026-08-07 06:00:00,NBS,70,68,160,2,6.0,,0.0,,,9.0,,,60,30,62,2,3,0,0,0,9,0.0,100,0.0,30,KMDW,,5,18,4,0,,,2,3,36,3,5,14,3,68,
2026-08-05 18:00:00,2026-08-07 09:00:00,NBS,68,68,210,0,,,,,,,,,100,30,75,2,4,0,0,0,28,,100,,10,KMDW,,4,18,3,0,,,3,3,35,3,5,16,3,68,
2026-08-05 18:00:00,2026-08-07 12:00:00,NBS,69,68,180,0,16.0,22.0,0.0,0.0,,9.0,,12.0,110,40,62,2,5,0,0,0,23,0.0,100,0.0,10,KMDW,0.0,5,19,3,4,67.0,3.0,3,3,35,3,10,14,2,69,
2026-08-05 18:00:00,2026-08-07 15:00:00,NBS,76,70,210,2,,,,,,,,,-88,100,56,4,5,0,0,0,7,,100,,14,KMDW,,18,31,4,18,,,2,3,33,3,6,0,3,75,
2026-08-05 18:00:00,2026-08-07 18:00:00,NBS,80,69,200,4,3.0,,0.0,,,13.0,,,48,100,49,5,6,0,0,0,2,0.0,99,0.0,45,KMDW,,39,23,5,61,,,3,3,15,3,4,0,3,79,
2026-08-05 18:00:00,2026-08-07 21:00:00,NBS,82,68,210,7,,,,,,,,,50,100,58,8,12,0,0,0,6,,110,,38,KMDW,,36,25,7,53,,,3,3,25,4,4,2,3,77,
2026-08-05 18:00:00,2026-08-08 00:00:00,NBS,80,69,220,9,22.0,25.0,3.0,3.0,,23.0,,23.0,-88,100,44,9,11,0,0,0,2,0.0,110,0.0,80,KMDW,1.0,20,25,9,27,83.0,2.0,3,3,28,4,0,0,3,75,
2026-08-05 18:00:00,2026-08-08 03:00:00,NBS,75,70,220,7,,,,,,,,,-88,100,51,8,7,0,0,0,13,,120,,120,KMDW,,4,22,7,1,,,3,2,29,5,3,0,3,72,
2026-08-05 18:00:00,2026-08-08 06:00:00,NBS,73,70,230,8,19.0,,2.0,,,13.0,,,-88,100,52,9,9,0,0,0,14,0.0,120,0.0,100,KMDW,,5,24,8,0,,,2,2,28,4,3,6,3,72,
2026-08-05 18:00:00,2026-08-08 09:00:00,NBS,71,70,240,8,,,,,,,,,-88,100,55,9,6,0,0,0,22,,120,,180,KMDW,,8,24,8,0,,,2,2,26,4,4,7,3,70,
2026-08-05 18:00:00,2026-08-08 12:00:00,NBS,71,70,260,7,19.0,34.0,1.0,3.0,,10.0,,13.0,-88,90,50,8,5,0,0,0,22,0.0,110,0.0,80,KMDW,0.0,12,27,8,0,70.0,2.0,2,2,30,3,7,9,2,70,
2026-08-05 18:00:00,2026-08-08 15:00:00,NBS,77,69,290,7,,,,,,,,,-88,100,35,9,7,0,0,0,4,,110,,270,KMDW,,24,30,7,39,,,3,2,19,3,5,1,2,74,
2026-08-05 18:00:00,2026-08-08 18:00:00,NBS,81,66,320,5,6.0,,0.0,,,15.0,,,-88,100,25,6,6,0,0,0,4,0.0,110,0.0,35,KMDW,,48,29,6,60,,,4,4,14,4,2,0,3,78,
2026-08-06 00:00:00,2026-08-06 06:00:00,NBS,71,69,260,6,78.0,,29.0,,10.0,35.0,,,60,20,75,6,13,0,0,0,26,0.0,120,0.0,50,KMDW,,4,25,6,0,,,1,1,28,4,8,18,3,69,10/35
2026-08-06 00:00:00,2026-08-06 09:00:00,NBS,70,68,180,5,,,,,,,,,3,30,86,6,9,0,0,0,22,,120,,3,KMDW,,4,33,5,0,,,1,1,15,4,33,21,3,69,
2026-08-06 00:00:00,2026-08-06 12:00:00,NBS,70,69,140,5,64.0,98.0,29.0,58.0,,22.0,,35.0,27,50,79,5,12,0,0,0,26,0.0,110,0.0,21,KMDW,10.0,7,14,5,4,69.0,1.0,1,1,15,4,22,16,3,70,
2026-08-06 00:00:00,2026-08-06 15:00:00,NBS,73,69,180,5,,,,,,,,,13,50,91,6,13,0,0,0,35,,110,,12,KMDW,,14,16,5,18,,,2,1,8,4,20,12,3,72,
2026-08-06 00:00:00,2026-08-06 18:00:00,NBS,74,69,270,5,34.0,,4.0,,,22.0,,,18,90,93,6,10,0,0,0,23,0.0,110,0.0,18,KMDW,,21,23,5,23,,,3,2,7,4,6,5,3,73,
2026-08-06 00:00:00,2026-08-06 21:00:00,NBS,76,68,110,6,,,,,,,,,27,100,70,7,15,0,0,0,18,,110,,27,KMDW,,25,20,6,32,,,3,2,30,3,2,2,3,73,
2026-08-06 00:00:00,2026-08-07 00:00:00,NBS,75,68,120,6,14.0,36.0,0.0,4.0,,28.0,,32.0,35,100,32,7,16,0,0,0,11,0.0,110,0.0,31,KMDW,3.0,10,19,6,16,78.0,3.0,3,3,27,2,4,2,2,72,
2026-08-06 00:00:00,2026-08-07 03:00:00,NBS,71,67,130,4,,,,,,,,,35,100,55,4,10,0,0,0,8,,110,,29,KMDW,,5,19,6,0,,,2,3,34,2,2,3,2,70,
2026-08-06 00:00:00,2026-08-07 06:00:00,NBS,70,68,150,1,6.0,,0.0,,,16.0,,,45,70,60,2,4,0,0,0,23,0.0,110,0.0,18,KMDW,,5,20,5,0,,,2,3,41,3,8,8,2,68,
2026-08-06 00:00:00,2026-08-07 09:00:00,NBS,68,67,190,0,,,,,,,,,35,30,66,2,4,0,0,0,23,,110,,30,KMDW,,4,20,5,0,,,3,3,32,2,11,16,2,67,
2026-08-06 00:00:00,2026-08-07 12:00:00,NBS,69,68,200,0,12.0,7.0,0.0,0.0,,12.0,,18.0,18,50,71,2,6,0,0,0,4,0.0,100,0.0,11,KMDW,3.0,8,23,5,4,67.0,3.0,3,3,29,2,23,13,2,69,
2026-08-06 00:00:00,2026-08-07 15:00:00,NBS,76,70,240,1,,,,,,,,,47,100,51,3,5,0,0,0,6,,100,,5,KMDW,,20,24,5,32,,,3,3,38,3,8,2,3,75,
2026-08-06 00:00:00,2026-08-07 18:00:00,NBS,81,69,210,4,7.0,,0.0,,,15.0,,,-88,100,47,5,8,0,0,0,6,0.0,100,0.0,48,KMDW,,36,22,6,55,,,3,3,17,3,4,0,3,78,
2026-08-06 00:00:00,2026-08-07 21:00:00,NBS,82,67,220,7,,,,,,,,,-88,100,31,7,11,0,0,0,2,,110,,16,KMDW,,40,25,7,54,,,3,3,12,4,4,1,3,77,
2026-08-06 00:00:00,2026-08-08 00:00:00,NBS,80,68,210,8,9.0,15.0,0.0,0.0,,21.0,,22.0,-88,100,41,9,10,0,0,0,2,0.0,110,0.0,90,KMDW,0.0,26,25,10,23,83.0,3.0,3,3,24,4,0,0,3,75,
2026-08-06 00:00:00,2026-08-08 03:00:00,NBS,75,69,210,7,,,,,,,,,-88,100,62,7,7,0,0,0,41,,120,,60,KMDW,,7,23,7,0,,,2,2,30,4,2,2,3,72,
2026-08-06 00:00:00,2026-08-08 06:00:00,NBS,73,70,240,8,32.0,,11.0,,,12.0,,,-88,100,62,9,8,0,0,0,17,0.0,120,0.0,60,KMDW,,6,25,9,0,,,2,2,30,3,2,3,2,71,
2026-08-06 00:00:00,2026-08-08 09:00:00,NBS,71,69,240,8,,,,,,,,,-88,100,47,9,7,0,0,0,11,,120,,90,KMDW,,5,23,8,0,,,2,2,37,4,1,7,2,69,
2026-08-06 00:00:00,2026-08-08 12:00:00,NBS,71,69,260,7,17.0,45.0,0.0,11.0,,15.0,,18.0,-88,90,52,8,9,0,0,0,11,0.0,110,0.0,1,KMDW,3.0,11,27,8,0,70.0,2.0,2,2,31,3,6,9,2,70,
2026-08-06 00:00:00,2026-08-08 15:00:00,NBS,77,69,310,7,,,,,,,,,-88,100,43,8,7,0,0,0,14,,100,,13,KMDW,,31,31,9,39,,,3,3,16,3,3,0,2,74,
2026-08-06 00:00:00,2026-08-08 18:00:00,NBS,81,65,340,6,5.0,,0.0,,,14.0,,,-88,100,30,7,4,0,0,0,2,0.0,100,0.0,28,KMDW,,52,32,8,60,,,3,4,19,3,0,0,3,78,
2026-08-06 00:00:00,2026-08-08 21:00:00,NBS,83,63,30,7,,,,,,,,,-88,100,11,8,4,0,0,0,3,,110,,20,KMDW,,38,33,7,82,,,3,5,13,4,0,0,2,76,
2026-08-06 00:00:00,2026-08-09 00:00:00,NBS,80,64,100,7,2.0,7.0,0.0,0.0,,10.0,,17.0,-88,100,9,7,5,0,0,0,4,0.0,110,0.0,28,KMDW,0.0,17,8,7,60,83.0,3.0,3,5,19,4,0,0,3,73,
2026-08-06 06:00:00,2026-08-06 12:00:00,NBS,70,69,360,3,59.0,,20.0,,9.0,17.0,10.0,,60,60,83,3,9,0,0,0,47,0.0,120,0.0,44,KMDW,,6,24,3,3,,,1,1,10,3,2,10,3,70,9/17
2026-08-06 06:00:00,2026-08-06 15:00:00,NBS,73,70,140,4,,,,,,,,,18,100,92,4,10,0,0,0,70,,120,,15,KMDW,,12,16,5,12,,,2,1,7,3,3,0,3,72,
2026-08-06 06:00:00,2026-08-06 18:00:00,NBS,75,69,140,5,31.0,,1.0,,,18.0,,,13,100,94,5,10,0,0,0,37,0.0,120,0.0,12,KMDW,,21,20,5,25,,,3,2,8,4,17,1,3,73,
2026-08-06 06:00:00,2026-08-06 21:00:00,NBS,76,68,150,6,,,,,,,,,15,100,86,7,15,0,0,0,39,,130,,15,KMDW,,20,20,6,22,,,3,2,21,3,14,1,2,74,
2026-08-06 06:00:00,2026-08-07 00:00:00,NBS,75,68,160,6,22.0,37.0,1.0,2.0,,29.0,,31.0,15,100,52,7,16,0,0,0,20,0.0,120,0.0,15,KMDW,7.0,13,18,6,12,79.0,3.0,3,2,30,2,17,1,2,73,
2026-08-06 06:00:00,2026-08-07 03:00:00,NBS,72,68,160,4,,,,,,,,,27,100,60,5,9,0,0,0,24,,120,,26,KMDW,,4,18,5,0,,,2,2,33,3,15,3,2,70,
2026-08-06 06:00:00,2026-08-07 06:00:00,NBS,71,69,200,3,11.0,,0.0,,,15.0,,,35,90,71,3,4,0,0,0,12,0.0,120,0.0,16,KMDW,,5,21,6,0,,,2,2,33,3,9,2,3,69,
2026-08-06 06:00:00,2026-08-07 09:00:00,NBS,70,69,210,3,,,,,,,,,35,50,80,3,4,0,0,0,8,,110,,15,KMDW,,5,22,6,0,,,2,2,33,3,9,12,3,69,
2026-08-06 06:00:00,2026-08-07 12:00:00,NBS,70,70,220,2,17.0,26.0,2.0,2.0,,9.0,,17.0,18,40,76,3,5,0,0,0,8,0.0,110,0.0,18,KMDW,8.0,5,22,4,3,68.0,2.0,2,2,19,3,22,15,3,69,
2026-08-06 06:00:00,2026-08-07 15:00:00,NBS,76,71,210,3,,,,,,,,,11,80,67,4,5,0,0,0,8,,100,,9,KMDW,,19,21,4,37,,,2,2,32,3,22,5,3,75,
2026-08-06 06:00:00,2026-08-07 18:00:00,NBS,80,70,210,4,6.0,,0.0,,,14.0,,,27,100,33,5,7,0,0,0,4,0.0,98,0.0,17,KMDW,,33,21,6,61,,,3,2,19,3,0,0,3,80,
2026-08-06 06:00:00,2026-08-07 21:00:00,NBS,82,68,230,8,,,,,,,,,46,100,30,8,10,0,0,0,5,,110,,17,KMDW,,40,24,9,57,,,2,2,27,4,2,2,2,78,
2026-08-06 06:00:00,2026-08-08 00:00:00,NBS,80,69,230,8,5.0,7.0,0.0,0.0,,22.0,,22.0,-88,100,20,9,11,0,0,0,5,0.0,110,0.0,14,KMDW,0.0,21,25,9,22,84.0,2.0,2,2,26,4,0,0,3,76,
2026-08-06 06:00:00,2026-08-08 03:00:00,NBS,75,70,210,7,,,,,,,,,-88,100,68,8,8,0,0,0,33,,120,,30,KMDW,,4,22,7,0,,,2,2,35,3,3,0,2,73,
2026-08-06 06:00:00,2026-08-08 06:00:00,NBS,73,70,240,7,12.0,,0.0,,,19.0,,,-88,100,82,8,12,0,0,0,11,0.0,120,0.0,70,KMDW,,6,24,8,0,,,2,2,27,3,3,2,2,72,
2026-08-06 06:00:00,2026-08-08 09:00:00,NBS,71,69,250,8,,,,,,,,,-88,100,52,9,10,0,0,0,12,,120,,23,KMDW,,5,25,9,0,,,2,2,32,3,2,5,2,70,
2026-08-06 06:00:00,2026-08-08 12:00:00,NBS,71,69,270,7,15.0,22.0,0.0,0.0,,21.0,,23.0,-88,90,49,9,9,0,0,0,12,0.0,110,0.0,11,KMDW,0.0,9,29,8,3,70.0,2.0,1,3,32,3,6,10,2,70,
2026-08-06 06:00:00,2026-08-08 15:00:00,NBS,77,68,300,7,,,,,,,,,-88,100,37,9,3,0,0,0,2,,100,,13,KMDW,,25,32,10,41,,,3,3,22,3,1,0,3,75,
2026-08-06 06:00:00,2026-08-08 18:00:00,NBS,81,65,330,6,3.0,,0.0,,,6.0,,,-88,100,15,7,2,0,0,0,2,0.0,100,0.0,28,KMDW,,50,32,9,62,,,3,4,11,3,0,0,3,79,
2026-08-06 06:00:00,2026-08-08 21:00:00,NBS,82,63,340,7,,,,,,,,,-88,100,10,8,3,0,0,0,4,,110,,36,KMDW,,46,30,8,82,,,3,5,8,4,0,0,3,75,
2026-08-06 06:00:00,2026-08-09 00:00:00,NBS,79,64,140,6,3.0,6.0,0.0,0.0,,8.0,,10.0,-88,100,2,7,4,0,0,0,5,0.0,110,0.0,-88,KMDW,0.0,18,19,6,60,83.0,3.0,3,5,3,3,0,0,2,73,
2026-08-06 06:00:00,2026-08-09 03:00:00,NBS,73,65,190,5,,,,,,,,,-88,100,22,5,4,0,0,0,8,,120,,160,KMDW,,4,21,5,1,,,3,4,29,3,0,2,2,70,
2026-08-06 06:00:00,2026-08-09 06:00:00,NBS,71,66,190,5,4.0,,0.0,,,9.0,,,-88,100,35,5,3,0,0,0,12,0.0,120,0.0,130,KMDW,,4,19,5,0,,,3,4,29,3,0,2,3,68,
2026-08-06 12:00:00,2026-08-06 18:00:00,NBS,75,69,120,4,64.0,,9.0,,10.0,12.0,,,27,100,94,5,7,0,0,0,37,0.0,120,0.0,22,KMDW,,22,16,5,32,,,3,2,7,3,7,0,3,73,10/12
2026-08-06 12:00:00,2026-08-06 21:00:00,NBS,77,68,110,6,,,,,,,,,27,100,82,6,14,0,0,0,28,,120,,25,KMDW,,18,16,6,40,,,3,2,23,3,2,0,2,74,
2026-08-06 12:00:00,2026-08-07 00:00:00,NBS,75,68,120,6,22.0,75.0,1.0,10.0,,26.0,,26.0,45,100,55,7,15,0,0,0,4,0.0,120,0.0,35,KMDW,6.0,10,14,6,12,79.0,3.0,2,2,37,2,6,0,2,73,
2026-08-06 12:00:00,2026-08-07 03:00:00,NBS,73,69,170,4,,,,,,,,,-88,100,45,5,11,0,0,0,13,,120,,43,KMDW,,5,17,6,0,,,1,2,34,2,4,1,2,70,
2026-08-06 12:00:00,2026-08-07 06:00:00,NBS,71,70,190,4,13.0,,0.0,,,19.0,,,45,90,53,4,7,0,0,0,2,0.0,120,0.0,25,KMDW,,4,19,7,0,,,1,2,35,3,3,5,3,71,
2026-08-06 12:00:00,2026-08-07 09:00:00,NBS,70,70,200,3,,,,,,,,,22,70,93,4,5,0,0,0,15,,120,,21,KMDW,,5,21,5,0,,,2,2,10,3,7,10,3,70,
2026-08-06 12:00:00,2026-08-07 12:00:00,NBS,71,70,190,3,25.0,29.0,2.0,2.0,,13.0,,20.0,7,60,75,3,8,0,0,0,15,0.0,110,0.0,7,KMDW,5.0,6,20,4,4,69.0,2.0,2,2,18,3,32,8,3,71,
2026-08-06 12:00:00,2026-08-07 15:00:00,NBS,77,72,200,4,,,,,,,,,8,80,85,5,5,0,0,0,14,,110,,8,KMDW,,16,20,6,31,,,2,2,31,3,30,5,3,75,
2026-08-06 12:00:00,2026-08-07 18:00:00,NBS,80,70,210,5,4.0,,0.0,,,17.0,,,22,100,33,6,10,0,0,0,14,0.0,100,0.0,22,KMDW,,29,21,7,53,,,3,2,27,3,7,2,3,79,
2026-08-06 12:00:00,2026-08-07 21:00:00,NBS,83,69,230,8,,,,,,,,,27,100,26,9,11,0,0,0,13,,110,,25,KMDW,,39,24,8,59,,,2,2,23,3,3,2,3,78,
2026-08-06 12:00:00,2026-08-08 00:00:00,NBS,81,70,230,9,9.0,9.0,0.0,0.0,,22.0,,25.0,-88,100,9,9,10,0,0,0,10,0.0,110,0.0,27,KMDW,0.0,22,25,9,18,84.0,2.0,2,2,20,4,1,0,2,77,
2026-08-06 12:00:00,2026-08-08 03:00:00,NBS,76,71,220,8,,,,,,,,,-88,100,43,8,8,0,0,0,1,,120,,44,KMDW,,4,23,8,0,,,2,2,34,3,2,0,2,73,
2026-08-06 12:00:00,2026-08-08 06:00:00,NBS,74,71,230,8,9.0,,0.0,,,20.0,,,-88,100,69,9,10,0,0,0,40,0.0,120,0.0,39,KMDW,,6,24,9,0,,,2,2,39,4,2,3,2,72,
2026-08-06 12:00:00,2026-08-08 09:00:00,NBS,72,70,260,8,,,,,,,,,-88,60,62,10,15,0,0,0,44,,120,,22,KMDW,,6,26,9,0,,,2,2,37,3,6,11,2,70,
2026-08-06 12:00:00,2026-08-08 12:00:00,NBS,72,70,280,8,19.0,24.0,2.0,2.0,,32.0,,32.0,-88,50,55,9,12,0,0,0,27,0.0,100,0.0,24,KMDW,1.0,11,30,8,4,70.0,2.0,2,2,36,3,9,13,2,71,
2026-08-06 12:00:00,2026-08-08 15:00:00,NBS,77,68,310,8,,,,,,,,,-88,100,36,9,4,0,0,0,8,,100,,13,KMDW,,26,33,9,32,,,3,5,26,3,2,0,2,74,
2026-08-06 12:00:00,2026-08-08 18:00:00,NBS,80,64,330,7,2.0,,0.0,,,7.0,,,-88,100,14,8,2,0,0,0,8,0.0,100,0.0,120,KMDW,,51,33,7,70,,,3,5,8,3,0,0,3,78,
2026-08-06 12:00:00,2026-08-08 21:00:00,NBS,81,61,350,7,,,,,,,,,-88,100,9,8,3,0,0,0,1,,110,,-88,KMDW,,47,31,7,81,,,3,5,7,3,0,0,2,74,
2026-08-06 12:00:00,2026-08-09 00:00:00,NBS,79,62,230,6,1.0,3.0,0.0,0.0,,8.0,,9.0,-88,100,3,7,3,0,0,0,2,0.0,110,0.0,-88,KMDW,0.0,14,21,6,60,83.0,3.0,3,6,2,3,0,0,2,72,
2026-08-06 12:00:00,2026-08-09 03:00:00,NBS,73,64,210,5,,,,,,,,,-88,100,17,5,4,0,0,0,6,,120,,130,KMDW,,4,19,5,1,,,3,6,21,3,0,1,3,69,
2026-08-06 12:00:00,2026-08-09 06:00:00,NBS,71,65,190,5,3.0,,0.0,,,9.0,,,-88,100,30,5,4,0,0,0,10,0.0,120,0.0,120,KMDW,,4,17,5,0,,,4,6,27,4,0,3,3,68,
2026-08-06 12:00:00,2026-08-09 09:00:00,NBS,69,65,180,5,,,,,,,,,-88,100,53,6,4,0,0,0,19,,120,,110,KMDW,,4,21,6,0,,,4,5,34,4,0,0,3,67,
2026-08-06 12:00:00,2026-08-09 12:00:00,NBS,70,66,190,8,31.0,32.0,23.0,23.0,,10.0,,13.0,80,100,57,8,6,0,0,0,26,0.0,120,0.0,80,KMDW,4.0,5,20,8,0,68.0,4.0,3,5,26,4,5,3,3,68,
2026-08-06 18:00:00,2026-08-07 00:00:00,NBS,76,69,110,6,32.0,,0.0,,21.0,27.0,20.0,,45,100,49,7,16,0,0,0,5,0.0,120,0.0,28,KMDW,,11,15,6,16,,,3,2,32,2,0,0,2,73,21/27
2026-08-06 18:00:00,2026-08-07 03:00:00,NBS,73,69,170,5,,,,,,,,,60,100,71,6,9,0,0,0,16,,120,,33,KMDW,,4,18,6,0,,,2,1,33,3,1,1,2,71,
2026-08-06 18:00:00,2026-08-07 06:00:00,NBS,72,70,190,5,21.0,,0.0,,,17.0,,,-88,90,38,6,8,0,0,0,6,0.0,120,0.0,50,KMDW,,4,19,7,0,,,2,2,32,3,1,4,3,70,
2026-08-06 18:00:00,2026-08-07 09:00:00,NBS,70,70,200,5,,,,,,,,,70,60,69,5,5,0,0,0,7,,120,,49,KMDW,,4,21,6,0,,,2,2,31,3,3,10,3,69,
2026-08-06 18:00:00,2026-08-07 12:00:00,NBS,71,70,200,4,10.0,31.0,2.0,2.0,,10.0,,18.0,60,70,74,5,6,0,0,0,18,0.0,120,0.0,27,KMDW,2.0,8,20,6,5,69.0,2.0,1,2,27,3,6,7,3,71,
2026-08-06 18:00:00,2026-08-07 15:00:00,NBS,76,71,230,5,,,,,,,,,18,100,69,6,4,0,0,0,14,,110,,18,KMDW,,19,21,6,35,,,2,2,26,3,12,3,3,74,
2026-08-06 18:00:00,2026-08-07 18:00:00,NBS,80,71,200,5,11.0,,0.0,,,15.0,,,27,100,71,6,8,0,0,0,7,0.0,110,0.0,27,KMDW,,33,21,5,47,,,3,2,26,3,3,0,3,78,
2026-08-06 18:00:00,2026-08-07 21:00:00,NBS,84,69,230,8,,,,,,,,,35,100,36,10,11,0,0,0,8,,100,,33,KMDW,,42,24,8,51,,,2,2,26,3,0,3,2,78,
2026-08-06 18:00:00,2026-08-08 00:00:00,NBS,81,70,230,9,14.0,18.0,1.0,1.0,,24.0,,24.0,-88,100,13,10,11,0,0,0,7,0.0,110,0.0,24,KMDW,1.0,24,25,9,19,84.0,2.0,2,2,21,4,0,1,2,77,
2026-08-06 18:00:00,2026-08-08 03:00:00,NBS,76,71,230,7,,,,,,,,,-88,100,29,8,9,0,0,0,5,,120,,48,KMDW,,4,23,7,0,,,2,2,24,4,0,1,2,73,
2026-08-06 18:00:00,2026-08-08 06:00:00,NBS,74,72,220,8,9.0,,0.0,,,24.0,,,130,100,59,10,12,0,0,0,27,0.0,120,0.0,33,KMDW,,5,23,8,0,,,2,2,34,4,2,3,3,72,
2026-08-06 18:00:00,2026-08-08 09:00:00,NBS,72,70,240,9,,,,,,,,,-88,100,60,10,12,0,0,0,10,,120,,21,KMDW,,6,25,9,0,,,2,2,35,4,4,6,2,71,
2026-08-06 18:00:00,2026-08-08 12:00:00,NBS,72,70,270,8,35.0,42.0,0.0,0.0,,25.0,,25.0,-88,100,67,9,7,0,0,0,17,0.0,110,0.0,14,KMDW,0.0,8,27,9,5,71.0,2.0,2,2,36,3,4,9,2,71,
2026-08-06 18:00:00,2026-08-08 15:00:00,NBS,77,68,300,8,,,,,,,,,-88,100,60,9,4,0,0,0,5,,98,,4,KMDW,,26,31,9,49,,,3,4,31,3,0,0,2,74,
2026-08-06 18:00:00,2026-08-08 18:00:00,NBS,81,63,310,7,3.0,,0.0,,,7.0,,,-88,100,29,7,3,0,0,0,0,0.0,100,0.0,22,KMDW,,48,31,8,66,,,3,5,24,3,0,0,2,78,
2026-08-06 18:00:00,2026-08-08 21:00:00,NBS,82,61,310,7,,,,,,,,,-88,100,9,7,4,0,0,0,1,,100,,38,KMDW,,42,30,7,60,,,3,5,12,3,0,0,2,74,
2026-08-06 18:00:00,2026-08-09 00:00:00,NBS,79,61,320,6,0.0,3.0,0.0,0.0,,9.0,,11.0,-88,100,5,6,4,0,0,0,2,0.0,110,0.0,44,KMDW,0.0,15,36,6,35,83.0,3.0,2,5,8,2,0,0,2,72,
2026-08-06 18:00:00,2026-08-09 03:00:00,NBS,73,62,210,5,,,,,,,,,-88,100,8,5,4,0,0,0,4,,110,,-88,KMDW,,4,22,5,1,,,2,5,7,2,0,0,2,68,
2026-08-06 18:00:00,2026-08-09 06:00:00,NBS,70,64,190,4,6.0,,0.0,,,10.0,,,-88,100,26,4,4,0,0,0,6,0.0,120,0.0,110,KMDW,,4,20,4,0,,,3,5,22,3,0,0,3,67,
2026-08-06 18:00:00,2026-08-09 09:00:00,NBS,69,65,170,5,,,,,,,,,-88,100,61,6,8,0,0,0,18,,120,,100,KMDW,,4,20,6,0,,,3,5,21,5,0,0,3,67,
2026-08-06 18:00:00,2026-08-09 12:00:00,NBS,69,66,170,7,26.0,29.0,8.0,8.0,,20.0,,20.0,-88,90,60,8,11,0,0,0,43,0.0,120,0.0,46,KMDW,3.0,5,18,7,0,67.0,3.0,3,4,19,4,2,5,3,68,
2026-08-06 18:00:00,2026-08-09 15:00:00,NBS,75,68,190,9,,,,,,,,,-88,100,69,12,10,0,0,0,43,,120,,110,KMDW,,12,21,10,26,,,4,4,21,5,4,2,3,73,
2026-08-06 18:00:00,2026-08-09 18:00:00,NBS,79,70,210,12,49.0,,24.0,,,21.0,,,-88,100,71,16,11,0,0,0,43,0.0,130,0.0,110,KMDW,,23,22,14,39,,,5,3,17,8,0,0,4,77,
2026-08-07 00:00:00,2026-08-07 06:00:00,NBS,72,69,190,5,14.0,,0.0,,50.0,20.0,,,-88,90,46,5,9,0,0,0,3,0.0,120,0.0,140,KMDW,,5,19,7,0,,,2,1,30,3,0,4,2,70,50/20
2026-08-07 00:00:00,2026-08-07 09:00:00,NBS,71,69,200,5,,,,,,,,,-88,80,48,5,6,0,0,0,7,,120,,60,KMDW,,4,23,5,0,,,2,1,40,3,1,7,2,69,
2026-08-07 00:00:00,2026-08-07 12:00:00,NBS,71,70,200,5,13.0,30.0,0.0,0.0,,13.0,,23.0,45,70,61,5,8,0,0,0,19,0.0,120,0.0,22,KMDW,2.0,5,21,5,6,69.0,2.0,1,1,25,3,2,9,3,70,
2026-08-07 00:00:00,2026-08-07 15:00:00,NBS,76,71,190,6,,,,,,,,,27,100,68,7,6,0,0,0,6,,110,,22,KMDW,,21,20,6,46,,,2,1,23,3,1,0,2,74,
2026-08-07 00:00:00,2026-08-07 18:00:00,NBS,80,70,190,5,9.0,,0.0,,,16.0,,,35,100,56,6,9,0,0,0,7,0.0,110,0.0,27,KMDW,,35,20,7,60,,,3,1,29,3,0,0,3,79,
2026-08-07 00:00:00,2026-08-07 21:00:00,NBS,83,69,220,8,,,,,,,,,45,100,41,9,15,0,0,0,1,,100,,34,KMDW,,40,23,8,49,,,3,2,30,3,0,1,2,78,
2026-08-07 00:00:00,2026-08-08 00:00:00,NBS,81,70,220,9,5.0,9.0,0.0,0.0,,27.0,,28.0,-88,100,23,9,12,0,0,0,4,0.0,110,0.0,39,KMDW,0.0,21,24,9,19,84.0,3.0,2,2,26,3,0,0,2,77,
2026-08-07 00:00:00,2026-08-08 03:00:00,NBS,76,71,220,7,,,,,,,,,-88,100,45,8,8,0,0,0,8,,120,,70,KMDW,,5,22,7,0,,,2,2,31,4,0,1,2,74,
2026-08-07 00:00:00,2026-08-08 06:00:00,NBS,74,72,220,8,8.0,,0.0,,,21.0,,,130,100,65,9,14,0,0,0,27,0.0,120,0.0,39,KMDW,,5,23,8,0,,,2,2,39,4,0,0,2,73,
2026-08-07 00:00:00,2026-08-08 09:00:00,NBS,73,70,250,8,,,,,,,,,-88,100,46,10,12,0,0,0,4,,120,,48,KMDW,,5,26,10,0,,,2,2,35,3,2,4,2,71,
2026-08-07 00:00:00,2026-08-08 12:00:00,NBS,72,70,270,7,21.0,22.0,0.0,0.0,,21.0,,23.0,-88,100,56,9,6,0,0,0,8,0.0,110,0.0,20,KMDW,0.0,7,28,11,6,71.0,2.0,2,2,36,3,2,2,2,71,
2026-08-07 00:00:00,2026-08-08 15:00:00,NBS,77,68,310,7,,,,,,,,,-88,100,37,9,4,0,0,0,5,,100,,7,KMDW,,27,31,9,51,,,3,3,44,3,2,0,2,74,
2026-08-07 00:00:00,2026-08-08 18:00:00,NBS,81,64,320,6,3.0,,0.0,,,7.0,,,-88,100,18,7,2,0,0,0,5,0.0,100,0.0,18,KMDW,,49,29,8,76,,,3,4,19,3,1,0,3,79,
2026-08-07 00:00:00,2026-08-08 21:00:00,NBS,82,62,330,7,,,,,,,,,-88,100,10,7,4,0,0,0,1,,100,,10,KMDW,,42,30,7,71,,,3,5,8,3,1,0,2,75,
2026-08-07 00:00:00,2026-08-09 00:00:00,NBS,79,63,50,6,2.0,5.0,0.0,0.0,,9.0,,10.0,-88,100,10,6,4,0,0,0,1,0.0,110,0.0,36,KMDW,0.0,21,27,6,27,83.0,3.0,2,5,16,3,0,0,2,73,
2026-08-07 00:00:00,2026-08-09 03:00:00,NBS,73,63,180,5,,,,,,,,,-88,100,12,5,4,0,0,0,2,,110,,240,KMDW,,4,7,5,0,,,2,4,27,3,0,1,2,69,
2026-08-07 00:00:00,2026-08-09 06:00:00,NBS,70,64,170,4,15.0,,12.0,,,8.0,,,-88,100,28,4,3,0,0,0,4,0.0,110,0.0,240,KMDW,,4,17,4,0,,,3,4,22,3,1,2,3,67,
2026-08-07 00:00:00,2026-08-09 09:00:00,NBS,69,65,170,5,,,,,,,,,-88,100,48,6,3,0,0,0,12,,120,,120,KMDW,,4,18,5,0,,,3,4,26,4,0,0,3,67,
2026-08-07 00:00:00,2026-08-09 12:00:00,NBS,70,66,180,7,28.0,29.0,15.0,27.0,,11.0,,11.0,-88,90,64,8,7,0,0,0,18,0.0,120,0.0,120,KMDW,4.0,5,18,8,0,68.0,3.0,2,4,20,4,2,5,3,68,
2026-08-07 00:00:00,2026-08-09 15:00:00,NBS,75,69,190,9,,,,,,,,,90,100,66,12,7,0,0,0,28,,120,,16,KMDW,,19,21,9,17,,,4,4,20,6,6,2,3,73,
2026-08-07 00:00:00,2026-08-09 18:00:00,NBS,80,70,200,12,49.0,,38.0,,,20.0,,,-88,100,74,16,11,0,0,0,28,0.0,130,0.0,50,KMDW,,26,20,12,17,,,5,3,16,7,2,2,3,77,
2026-08-07 00:00:00,2026-08-09 21:00:00,NBS,82,70,200,11,,,,,,,,,-88,100,63,15,25,0,0,0,29,,130,,60,KMDW,,27,22,12,36,,,5,3,13,6,0,2,3,78,
2026-08-07 00:00:00,2026-08-10 00:00:00,NBS,81,71,200,9,15.0,55.0,1.0,39.0,,50.0,,50.0,-88,100,39,10,28,0,0,0,30,0.0,130,0.0,80,KMDW,6.0,11,23,10,35,83.0,4.0,4,3,18,7,0,1,4,77,
2026-08-07 06:00:00,2026-08-07 12:00:00,NBS,71,70,200,4,14.0,,0.0,,34.0,17.0,40.0,,8,50,38,5,8,0,0,0,3,0.0,120,0.0,8,KMDW,,5,21,5,9,,,1,1,31,2,30,12,2,71,34/17
2026-08-07 06:00:00,2026-08-07 15:00:00,NBS,77,71,200,5,,,,,,,,,45,100,41,6,6,0,0,0,3,,110,,22,KMDW,,22,19,7,49,,,2,1,23,2,2,0,2,75,
2026-08-07 06:00:00,2026-08-07 18:00:00,NBS,81,70,200,6,8.0,,0.0,,,10.0,,,45,100,36,6,6,0,0,0,3,0.0,110,0.0,42,KMDW,,37,19,7,75,,,3,2,24,3,0,0,3,79,
2026-08-07 06:00:00,2026-08-07 21:00:00,NBS,83,69,220,7,,,,,,,,,-88,100,38,8,13,0,0,0,4,,110,,50,KMDW,,40,22,9,57,,,3,2,24,3,0,0,2,78,
2026-08-07 06:00:00,2026-08-08 00:00:00,NBS,81,70,230,8,5.0,15.0,0.0,0.0,,24.0,,24.0,-88,100,16,9,12,0,0,0,1,0.0,110,0.0,46,KMDW,2.0,21,24,9,18,84.0,2.0,2,2,21,3,0,0,2,77,
2026-08-07 06:00:00,2026-08-08 03:00:00,NBS,76,71,210,8,,,,,,,,,-88,100,42,8,6,0,0,0,1,,120,,80,KMDW,,5,22,8,0,,,2,2,33,3,0,1,2,73,
2026-08-07 06:00:00,2026-08-08 06:00:00,NBS,74,71,230,8,4.0,,0.0,,,12.0,,,-88,100,55,9,8,0,0,0,5,0.0,120,0.0,100,KMDW,,4,22,8,0,,,2,2,32,3,0,0,2,73,
2026-08-07 06:00:00,2026-08-08 09:00:00,NBS,73,70,270,8,,,,,,,,,-88,100,40,9,8,0,0,0,5,,120,,9,KMDW,,5,26,9,0,,,2,2,34,3,0,5,2,71,
2026-08-07 06:00:00,2026-08-08 12:00:00,NBS,72,70,270,7,20.0,26.0,0.0,0.0,,23.0,,23.0,-88,100,51,8,11,0,0,0,9,0.0,100,0.0,8,KMDW,0.0,8,28,9,6,71.0,2.0,2,3,34,3,2,4,2,71,
2026-08-07 06:00:00,2026-08-08 15:00:00,NBS,77,68,310,8,,,,,,,,,-88,100,45,9,3,0,0,0,0,,99,,12,KMDW,,28,32,10,46,,,3,4,41,3,0,0,2,74,
2026-08-07 06:00:00,2026-08-08 18:00:00,NBS,81,64,330,7,4.0,,0.0,,,6.0,,,-88,100,26,8,2,0,0,0,0,0.0,97,0.0,33,KMDW,,46,32,7,85,,,3,5,29,3,0,0,2,78,
2026-08-07 06:00:00,2026-08-08 21:00:00,NBS,82,61,0,7,,,,,,,,,-88,100,13,7,3,0,0,0,0,,98,,13,KMDW,,46,30,7,70,,,2,5,12,3,0,0,2,75,
2026-08-07 06:00:00,2026-08-09 00:00:00,NBS,79,62,80,6,1.0,4.0,0.0,0.0,,8.0,,9.0,-88,100,2,6,3,0,0,0,0,0.0,100,0.0,13,KMDW,0.0,15,25,6,24,83.0,2.0,2,5,3,2,0,0,2,72,
2026-08-07 06:00:00,2026-08-09 03:00:00,NBS,73,63,180,4,,,,,,,,,-88,100,4,5,3,0,0,0,0,,110,,-88,KMDW,,4,20,5,0,,,2,5,5,2,0,2,2,68,
2026-08-07 06:00:00,2026-08-09 06:00:00,NBS,70,63,200,4,1.0,,0.0,,,8.0,,,-88,100,28,4,2,0,0,0,1,0.0,110,0.0,140,KMDW,,4,22,5,0,,,2,5,28,3,3,8,2,67,
2026-08-07 06:00:00,2026-08-09 09:00:00,NBS,68,64,180,5,,,,,,,,,-88,100,55,5,2,0,0,0,27,,120,,140,KMDW,,4,21,6,0,,,3,4,35,3,0,4,3,66,
2026-08-07 06:00:00,2026-08-09 12:00:00,NBS,69,65,180,7,6.0,6.0,0.0,0.0,,5.0,,8.0,-88,100,61,7,2,0,0,0,29,0.0,120,0.0,80,KMDW,0.0,5,18,7,3,67.0,2.0,3,4,29,4,0,5,3,68,
2026-08-07 06:00:00,2026-08-09 15:00:00,NBS,76,68,190,10,,,,,,,,,-88,100,75,13,6,0,0,0,18,,120,,110,KMDW,,19,20,10,34,,,4,5,13,6,0,0,3,73,
2026-08-07 06:00:00,2026-08-09 18:00:00,NBS,80,68,200,12,33.0,,12.0,,,17.0,,,-88,100,82,17,10,0,0,0,11,0.0,120,0.0,90,KMDW,,35,21,12,36,,,5,4,12,7,0,0,4,77,
2026-08-07 06:00:00,2026-08-09 21:00:00,NBS,83,70,210,12,,,,,,,,,-88,100,69,16,18,0,0,0,28,,130,,80,KMDW,,27,21,12,30,,,5,3,20,6,0,0,3,78,
2026-08-07 06:00:00,2026-08-10 00:00:00,NBS,81,71,210,10,36.0,50.0,9.0,21.0,,40.0,,40.0,-88,100,53,11,22,0,0,0,29,0.0,120,0.0,100,KMDW,4.0,14,23,10,24,84.0,4.0,4,3,33,7,1,2,3,76,
2026-08-07 06:00:00,2026-08-10 03:00:00,NBS,77,71,210,9,,,,,,,,,-88,100,60,10,16,0,0,0,34,,130,,90,KMDW,,6,21,9,0,,,4,3,23,8,4,2,4,73,
2026-08-07 06:00:00,2026-08-10 06:00:00,NBS,75,71,240,9,37.0,,5.0,,,34.0,,,-88,100,70,10,19,0,0,0,35,0.0,130,0.0,60,KMDW,,5,25,9,0,,,4,3,24,7,6,2,4,73,
2026-08-07 12:00:00,2026-08-07 18:00:00,NBS,81,69,190,6,3.0,,0.0,,23.0,6.0,,,-88,100,37,6,4,0,0,0,6,0.0,110,0.0,38,KMDW,,37,19,7,76,,,3,2,27,3,0,0,3,80,23/6
2026-08-07 12:00:00,2026-08-07 21:00:00,NBS,83,68,210,8,,,,,,,,,-88,100,42,9,10,0,0,0,4,,110,,50,KMDW,,43,22,10,61,,,3,2,29,3,0,0,2,78,
2026-08-07 12:00:00,2026-08-08 00:00:00,NBS,82,69,220,9,5.0,7.0,0.0,0.0,,20.0,,20.0,-88,100,19,10,10,0,0,0,4,0.0,110,0.0,45,KMDW,2.0,22,23,9,18,84.0,2.0,2,2,23,3,0,0,2,77,
2026-08-07 12:00:00,2026-08-08 03:00:00,NBS,77,70,210,7,,,,,,,,,-88,100,27,8,6,0,0,0,6,,110,,70,KMDW,,4,21,7,0,,,2,2,34,3,0,0,2,73,
2026-08-07 12:00:00,2026-08-08 06:00:00,NBS,74,71,220,7,6.0,,0.0,,,9.0,,,-88,100,54,8,8,0,0,0,1,0.0,120,0.0,70,KMDW,,4,23,9,0,,,2,2,34,3,3,1,1,73,
2026-08-07 12:00:00,2026-08-08 09:00:00,NBS,73,71,260,8,,,,,,,,,-88,100,40,9,9,0,0,0,3,,120,,35,KMDW,,5,26,8,0,,,2,2,32,3,2,0,2,71,
2026-08-07 12:00:00,2026-08-08 12:00:00,NBS,72,70,260,7,11.0,14.0,0.0,0.0,,15.0,,15.0,-88,100,48,8,7,0,0,0,14,0.0,100,0.0,13,KMDW,2.0,7,28,8,7,71.0,2.0,1,2,30,2,11,2,1,72,
2026-08-07 12:00:00,2026-08-08 15:00:00,NBS,77,68,310,8,,,,,,,,,27,100,42,9,3,0,0,0,0,,98,,12,KMDW,,25,31,9,49,,,3,3,41,2,3,0,2,74,
2026-08-07 12:00:00,2026-08-08 18:00:00,NBS,81,64,340,6,7.0,,0.0,,,6.0,,,-88,100,27,8,1,0,0,0,1,0.0,99,0.0,31,KMDW,,45,32,6,84,,,3,4,30,3,1,0,2,78,
2026-08-07 12:00:00,2026-08-08 21:00:00,NBS,83,61,20,7,,,,,,,,,-88,100,7,7,2,0,0,0,0,,99,,90,KMDW,,47,30,7,67,,,2,4,6,2,0,0,2,74,
2026-08-07 12:00:00,2026-08-09 00:00:00,NBS,79,61,60,6,1.0,8.0,0.0,0.0,,7.0,,9.0,-88,100,3,6,3,0,0,0,0,0.0,100,0.0,-88,KMDW,0.0,13,28,6,22,83.0,2.0,2,4,3,2,0,0,2,72,
2026-08-07 12:00:00,2026-08-09 03:00:00,NBS,73,62,140,4,,,,,,,,,-88,100,2,4,2,0,0,0,0,,110,,-88,KMDW,,4,17,4,0,,,2,4,2,2,0,2,2,68,
2026-08-07 12:00:00,2026-08-09 06:00:00,NBS,70,63,180,4,0.0,,0.0,,,6.0,,,-88,100,25,4,1,0,0,0,1,0.0,110,0.0,-88,KMDW,,4,16,4,0,,,2,4,22,3,1,3,3,66,
2026-08-07 12:00:00,2026-08-09 09:00:00,NBS,68,63,180,4,,,,,,,,,-88,100,71,5,1,0,0,0,3,,120,,100,KMDW,,4,17,4,0,,,3,4,21,3,0,4,3,65,
2026-08-07 12:00:00,2026-08-09 12:00:00,NBS,69,64,180,7,5.0,5.0,0.0,0.0,,6.0,,7.0,-88,100,61,7,3,0,0,0,15,0.0,120,0.0,130,KMDW,0.0,4,18,7,4,67.0,3.0,3,5,33,4,0,4,3,66,
2026-08-07 12:00:00,2026-08-09 15:00:00,NBS,76,66,190,10,,,,,,,,,-88,100,57,12,6,0,0,0,16,,120,,130,KMDW,,19,20,12,52,,,3,5,28,5,0,0,3,72,
2026-08-07 12:00:00,2026-08-09 18:00:00,NBS,80,68,180,12,36.0,,19.0,,,19.0,,,-88,100,85,17,10,0,0,0,16,0.0,130,0.0,120,KMDW,,29,20,13,54,,,5,4,11,7,0,0,4,77,
2026-08-07 12:00:00,2026-08-09 21:00:00,NBS,82,68,200,12,,,,,,,,,-88,100,63,16,17,0,0,0,19,,130,,60,KMDW,,38,22,16,48,,,5,4,25,6,0,0,3,77,
2026-08-07 12:00:00,2026-08-10 00:00:00,NBS,80,70,220,11,38.0,54.0,23.0,42.0,,34.0,,34.0,-88,100,61,12,20,0,0,0,28,0.0,130,0.0,110,KMDW,6.0,16,21,12,32,84.0,4.0,4,4,26,7,0,1,3,75,
2026-08-07 12:00:00,2026-08-10 03:00:00,NBS,76,71,210,10,,,,,,,,,-88,100,63,10,18,0,0,0,36,,130,,110,KMDW,,5,20,10,1,,,4,3,24,7,2,1,4,73,
2026-08-07 12:00:00,2026-08-10 06:00:00,NBS,74,71,210,10,47.0,,13.0,,,38.0,,,-88,100,70,11,21,0,0,0,57,0.0,130,0.0,140,KMDW,,5,21,12,0,,,4,2,30,6,2,2,3,73,
2026-08-07 12:00:00,2026-08-10 09:00:00,NBS,73,70,220,8,,,,,,,,,-88,100,73,9,13,0,0,0,58,,130,,100,KMDW,,5,22,10,0,,,4,2,28,6,0,4,4,71,
2026-08-07 12:00:00,2026-08-10 12:00:00,NBS,73,71,220,8,50.0,60.0,21.0,34.0,,23.0,,38.0,-88,100,71,8,13,0,0,0,58,0.0,130,0.0,100,KMDW,5.0,5,22,11,0,71.0,4.0,3,2,20,6,0,4,3,72,
2026-08-07 18:00:00,2026-08-08 00:00:00,NBS,82,69,220,9,4.0,,0.0,,20.0,24.0,46.0,,-88,100,14,10,11,0,0,0,0,0.0,110,0.0,46,KMDW,,20,23,9,18,,,2,2,16,3,0,0,2,77,20/24
2026-08-07 18:00:00,2026-08-08 03:00:00,NBS,77,70,200,8,,,,,,,,,-88,100,49,8,5,0,0,0,6,,120,,160,KMDW,,5,21,8,0,,,2,2,40,3,0,1,2,73,
2026-08-07 18:00:00,2026-08-08 06:00:00,NBS,75,71,230,8,13.0,,0.0,,,9.0,,,-88,100,49,9,7,0,0,0,0,0.0,120,0.0,80,KMDW,,4,25,9,0,,,1,2,28,3,0,1,2,73,
2026-08-07 18:00:00,2026-08-08 09:00:00,NBS,73,70,250,8,,,,,,,,,-88,100,39,9,9,0,0,0,8,,110,,110,KMDW,,5,26,9,0,,,1,2,31,3,0,1,2,71,
2026-08-07 18:00:00,2026-08-08 12:00:00,NBS,73,70,280,7,11.0,26.0,0.0,0.0,,17.0,,17.0,-88,100,29,8,5,0,0,0,12,0.0,100,0.0,29,KMDW,0.0,7,29,10,8,71.0,2.0,1,2,26,2,3,3,2,72,
2026-08-07 18:00:00,2026-08-08 15:00:00,NBS,77,68,310,7,,,,,,,,,-88,100,42,9,3,0,0,0,0,,95,,23,KMDW,,28,32,9,46,,,3,3,27,3,0,0,2,75,
2026-08-07 18:00:00,2026-08-08 18:00:00,NBS,81,63,0,6,2.0,,0.0,,,5.0,,,-88,100,27,8,1,0,0,0,0,0.0,96,0.0,30,KMDW,,48,33,6,69,,,3,4,25,3,0,0,2,78,
2026-08-07 18:00:00,2026-08-08 21:00:00,NBS,82,60,40,7,,,,,,,,,-88,100,14,8,1,0,0,0,0,,96,,40,KMDW,,50,32,7,69,,,2,3,7,2,0,0,2,74,
2026-08-07 18:00:00,2026-08-09 00:00:00,NBS,79,60,90,6,0.0,3.0,0.0,0.0,,7.0,,9.0,-88,100,6,7,3,0,0,0,0,0.0,100,0.0,44,KMDW,0.0,15,9,6,22,83.0,3.0,2,4,5,2,0,0,2,72,
2026-08-07 18:00:00,2026-08-09 03:00:00,NBS,73,61,160,3,,,,,,,,,-88,100,10,3,2,0,0,0,0,,110,,-88,KMDW,,4,15,4,0,,,2,4,13,2,0,2,2,68,
2026-08-07 18:00:00,2026-08-09 06:00:00,NBS,70,62,180,3,0.0,,0.0,,,6.0,,,-88,100,38,4,1,0,0,0,0,0.0,110,0.0,200,KMDW,,4,18,5,0,,,2,4,38,2,0,5,2,66,
2026-08-07 18:00:00,2026-08-09 09:00:00,NBS,68,62,190,4,,,,,,,,,-88,100,46,4,1,0,0,0,2,,110,,90,KMDW,,3,18,5,0,,,3,4,34,3,0,6,3,65,
2026-08-07 18:00:00,2026-08-09 12:00:00,NBS,68,63,180,6,17.0,17.0,1.0,1.0,,4.0,,6.0,-88,100,24,6,2,0,0,0,8,0.0,110,0.0,80,KMDW,0.0,3,18,8,5,66.0,2.0,2,4,32,4,0,6,3,67,
2026-08-07 18:00:00,2026-08-09 15:00:00,NBS,76,66,190,9,,,,,,,,,-88,100,54,11,5,0,0,0,18,,120,,90,KMDW,,19,20,9,46,,,3,4,44,5,0,0,3,72,
2026-08-07 18:00:00,2026-08-09 18:00:00,NBS,79,67,190,11,29.0,,6.0,,,15.0,,,-88,100,53,16,9,0,0,0,23,0.0,130,0.0,140,KMDW,,28,20,12,71,,,4,5,36,6,0,0,3,77,
2026-08-07 18:00:00,2026-08-09 21:00:00,NBS,82,69,200,12,,,,,,,,,-88,100,58,17,14,0,0,0,18,,130,,90,KMDW,,39,22,12,65,,,5,4,26,7,0,0,3,77,
2026-08-07 18:00:00,2026-08-10 00:00:00,NBS,81,71,200,11,34.0,49.0,8.0,14.0,,38.0,,38.0,-88,100,46,15,23,0,0,0,18,0.0,130,0.0,120,KMDW,4.0,22,20,16,29,84.0,3.0,4,4,27,7,0,1,3,77,
2026-08-07 18:00:00,2026-08-10 03:00:00,NBS,76,71,210,10,,,,,,,,,-88,100,51,12,22,0,0,0,36,,130,,140,KMDW,,6,19,10,0,,,4,3,26,7,2,2,4,73,
2026-08-07 18:00:00,2026-08-10 06:00:00,NBS,75,71,210,10,48.0,,6.0,,,46.0,,,-88,100,77,12,24,0,0,0,48,0.0,130,0.0,90,KMDW,,6,21,12,0,,,4,3,15,7,3,3,3,72,
2026-08-07 18:00:00,2026-08-10 09:00:00,NBS,73,70,220,10,,,,,,,,,-88,100,82,12,23,0,0,0,60,,130,,90,KMDW,,5,22,10,0,,,4,2,18,6,0,2,4,72,
2026-08-07 18:00:00,2026-08-10 12:00:00,NBS,73,70,210,8,61.0,75.0,24.0,30.0,,38.0,,46.0,-88,100,75,9,16,0,0,0,42,0.0,130,0.0,100,KMDW,5.0,6,21,9,0,71.0,4.0,3,2,12,5,0,3,3,72,
2026-08-07 18:00:00,2026-08-10 15:00:00,NBS,78,73,230,9,,,,,,,,,-88,100,83,10,11,0,0,0,36,,130,,60,KMDW,,14,24,10,23,,,4,2,16,6,5,2,4,76,
2026-08-07 18:00:00,2026-08-10 18:00:00,NBS,82,73,200,10,38.0,,3.0,,,20.0,,,-88,100,72,12,11,0,0,0,38,0.0,130,0.0,70,KMDW,,29,23,10,39,,,4,2,16,7,3,0,4,80,
2026-08-08 00:00:00,2026-08-08 06:00:00,NBS,75,71,240,8,4.0,,0.0,,32.0,9.0,,,130,100,70,10,7,0,0,0,12,0.0,110,0.0,70,KMDW,,5,24,9,0,,,2,1,32,2,0,1,1,73,32/9
2026-08-08 00:00:00,2026-08-08 09:00:00,NBS,74,70,240,8,,,,,,,,,-88,100,34,10,7,0,0,0,0,,120,,150,KMDW,,5,25,9,0,,,2,2,29,3,1,1,2,72,
2026-08-08 00:00:00,2026-08-08 12:00:00,NBS,73,69,280,7,4.0,5.0,0.0,0.0,,17.0,,18.0,-88,90,28,9,9,0,0,0,5,0.0,100,0.0,60,KMDW,0.0,8,29,9,8,71.0,2.0,1,2,34,3,5,4,2,71,
2026-08-08 00:00:00,2026-08-08 15:00:00,NBS,77,66,320,7,,,,,,,,,35,100,43,9,3,0,0,0,8,,95,,26,KMDW,,27,32,10,46,,,2,3,29,3,4,0,2,73,
2026-08-08 00:00:00,2026-08-08 18:00:00,NBS,81,63,340,6,1.0,,0.0,,,7.0,,,-88,100,32,7,2,0,0,0,0,0.0,96,0.0,25,KMDW,,47,32,7,78,,,2,4,22,2,0,0,2,77,
2026-08-08 00:00:00,2026-08-08 21:00:00,NBS,82,60,40,7,,,,,,,,,-88,100,21,7,1,0,0,0,0,,97,,36,KMDW,,50,32,7,64,,,2,3,18,2,0,0,2,75,
2026-08-08 00:00:00,2026-08-09 00:00:00,NBS,79,60,90,6,0.0,1.0,0.0,0.0,,6.0,,9.0,-88,100,5,6,2,0,0,0,0,0.0,100,0.0,44,KMDW,0.0,16,3,6,24,83.0,3.0,2,4,4,2,0,0,2,72,
2026-08-08 00:00:00,2026-08-09 03:00:00,NBS,73,61,160,3,,,,,,,,,-88,100,4,3,2,0,0,0,0,,110,,-88,KMDW,,4,15,3,0,,,2,4,6,2,0,2,2,68,
2026-08-08 00:00:00,2026-08-09 06:00:00,NBS,70,62,180,3,0.0,,0.0,,,6.0,,,-88,100,21,3,1,0,0,0,0,0.0,110,0.0,36,KMDW,,4,19,4,0,,,2,4,23,2,0,5,2,66,
2026-08-08 00:00:00,2026-08-09 09:00:00,NBS,68,62,180,4,,,,,,,,,-88,100,26,4,1,0,0,0,17,,110,,70,KMDW,,4,19,6,0,,,2,4,28,3,0,3,3,65,
2026-08-08 00:00:00,2026-08-09 12:00:00,NBS,68,63,180,6,4.0,3.0,0.0,0.0,,11.0,,11.0,-88,100,34,7,6,0,0,0,21,0.0,120,0.0,38,KMDW,0.0,4,18,7,5,66.0,2.0,2,4,35,4,0,0,3,67,
2026-08-08 00:00:00,2026-08-09 15:00:00,NBS,76,67,190,9,,,,,,,,,-88,100,67,12,7,0,0,0,10,,120,,36,KMDW,,19,21,11,42,,,3,4,30,5,0,0,3,73,
2026-08-08 00:00:00,2026-08-09 18:00:00,NBS,81,69,200,12,31.0,,6.0,,,15.0,,,-88,100,69,16,8,0,0,0,19,0.0,120,0.0,50,KMDW,,32,20,16,70,,,4,4,34,7,0,0,4,78,
2026-08-08 00:00:00,2026-08-09 21:00:00,NBS,84,70,190,13,,,,,,,,,-88,100,64,18,16,0,0,0,26,,130,,70,KMDW,,38,22,15,51,,,4,4,31,9,0,0,4,78,
2026-08-08 00:00:00,2026-08-10 00:00:00,NBS,82,71,210,12,34.0,45.0,2.0,8.0,,30.0,,30.0,-88,100,50,15,19,0,0,0,25,0.0,130,0.0,70,KMDW,3.0,28,22,16,16,85.0,3.0,4,3,41,8,0,0,4,77,
2026-08-08 00:00:00,2026-08-10 03:00:00,NBS,77,72,200,11,,,,,,,,,-88,100,55,12,13,0,0,0,24,,130,,70,KMDW,,8,20,11,0,,,4,3,27,7,0,0,4,74,
2026-08-08 00:00:00,2026-08-10 06:00:00,NBS,75,71,230,11,58.0,,6.0,,,34.0,,,-88,100,72,13,21,0,0,0,32,0.0,130,0.0,60,KMDW,,7,22,13,0,,,4,3,19,7,0,2,4,73,
2026-08-08 00:00:00,2026-08-10 09:00:00,NBS,74,70,220,9,,,,,,,,,-88,100,66,10,20,0,0,0,36,,130,,70,KMDW,,5,22,9,0,,,4,2,30,6,0,2,3,72,
2026-08-08 00:00:00,2026-08-10 12:00:00,NBS,73,71,220,7,62.0,77.0,16.0,22.0,,37.0,,41.0,-88,100,66,8,20,0,0,0,36,0.0,120,0.0,80,KMDW,4.0,10,22,10,0,72.0,4.0,3,2,23,6,6,3,4,72,
2026-08-08 00:00:00,2026-08-10 15:00:00,NBS,78,73,230,8,,,,,,,,,-88,100,83,10,12,0,0,0,40,,130,,70,KMDW,,13,23,9,14,,,3,2,14,6,5,0,4,77,
2026-08-08 00:00:00,2026-08-10 18:00:00,NBS,81,73,210,10,22.0,,3.0,,,24.0,,,-88,100,77,12,13,0,0,0,24,0.0,130,0.0,70,KMDW,,25,24,10,46,,,4,2,20,6,0,1,4,80,
2026-08-08 00:00:00,2026-08-10 21:00:00,NBS,83,73,170,10,,,,,,,,,-88,100,65,12,14,0,0,0,34,,130,,80,KMDW,,33,24,10,76,,,4,2,23,8,0,0,4,79,
2026-08-08 00:00:00,2026-08-11 00:00:00,NBS,81,73,70,9,35.0,45.0,3.0,6.0,,32.0,,34.0,-88,100,62,9,22,0,0,0,52,0.0,130,0.0,100,KMDW,2.0,12,29,9,56,84.0,3.0,4,3,28,8,0,1,4,77,
2026-08-08 06:00:00,2026-08-08 12:00:00,NBS,73,69,260,8,5.0,,0.0,,31.0,18.0,39.0,,-88,100,14,10,9,0,0,0,0,0.0,100,0.0,50,KMDW,,9,28,8,10,,,1,2,20,2,9,1,1,72,31/18
2026-08-08 06:00:00,2026-08-08 15:00:00,NBS,77,67,310,7,,,,,,,,,-88,100,39,9,3,0,0,0,0,,100,,22,KMDW,,26,31,10,53,,,2,3,32,2,4,1,2,74,
2026-08-08 06:00:00,2026-08-08 18:00:00,NBS,81,63,310,6,1.0,,0.0,,,5.0,,,-88,100,27,7,1,0,0,0,0,0.0,100,0.0,35,KMDW,,51,31,8,72,,,2,3,28,3,0,0,3,77,
2026-08-08 06:00:00,2026-08-08 21:00:00,NBS,82,60,70,7,,,,,,,,,-88,100,11,8,1,0,0,0,0,,100,,40,KMDW,,48,30,7,60,,,2,3,14,3,0,0,2,74,
2026-08-08 06:00:00,2026-08-09 00:00:00,NBS,79,59,100,6,0.0,1.0,0.0,0.0,,5.0,,7.0,-88,100,3,6,2,0,0,0,0,0.0,100,0.0,38,KMDW,0.0,14,29,6,21,83.0,2.0,2,3,3,2,0,0,2,72,
2026-08-08 06:00:00,2026-08-09 03:00:00,NBS,73,61,150,4,,,,,,,,,-88,100,5,4,2,0,0,0,0,,110,,-88,KMDW,,4,19,4,0,,,2,3,6,2,0,1,2,68,
2026-08-08 06:00:00,2026-08-09 06:00:00,NBS,70,62,190,3,0.0,,0.0,,,6.0,,,-88,100,21,3,1,0,0,0,0,0.0,110,0.0,7,KMDW,,4,22,4,0,,,2,3,28,2,0,4,2,66,
2026-08-08 06:00:00,2026-08-09 09:00:00,NBS,67,62,180,4,,,,,,,,,-88,100,41,4,1,0,0,0,7,,110,,100,KMDW,,4,20,5,0,,,2,3,36,3,0,4,3,65,
2026-08-08 06:00:00,2026-08-09 12:00:00,NBS,68,63,170,6,2.0,1.0,0.0,0.0,,6.0,,6.0,-88,100,40,7,3,0,0,0,4,0.0,120,0.0,120,KMDW,0.0,4,18,7,6,67.0,2.0,2,4,32,3,0,0,2,67,
2026-08-08 06:00:00,2026-08-09 15:00:00,NBS,76,66,180,9,,,,,,,,,-88,100,46,12,9,0,0,0,10,,120,,170,KMDW,,18,19,12,56,,,3,4,32,4,0,0,3,73,
2026-08-08 06:00:00,2026-08-09 18:00:00,NBS,81,69,220,12,20.0,,0.0,,,23.0,,,80,100,88,17,13,0,0,0,37,0.0,130,0.0,60,KMDW,,29,24,13,62,,,4,4,22,7,0,1,3,78,
2026-08-08 06:00:00,2026-08-09 21:00:00,NBS,83,71,190,14,,,,,,,,,100,100,86,20,25,0,0,0,38,,130,,28,KMDW,,23,20,14,27,,,5,3,24,8,5,2,4,78,
2026-08-08 06:00:00,2026-08-10 00:00:00,NBS,81,72,210,13,41.0,48.0,1.0,1.0,,46.0,,46.0,-88,100,81,16,28,0,0,0,32,0.0,130,0.0,80,KMDW,1.0,18,20,13,4,85.0,3.0,4,3,28,8,3,2,4,77,
2026-08-08 06:00:00,2026-08-10 03:00:00,NBS,78,72,200,12,,,,,,,,,-88,100,63,13,22,0,0,0,39,,140,,80,KMDW,,7,21,12,0,,,4,2,37,8,1,1,4,74,
2026-08-08 06:00:00,2026-08-10 06:00:00,NBS,76,71,230,11,53.0,,18.0,,,48.0,,,-88,100,71,13,25,0,0,0,45,0.0,130,0.0,48,KMDW,,7,22,11,0,,,4,2,29,7,2,3,4,73,
2026-08-08 06:00:00,2026-08-10 09:00:00,NBS,74,71,220,9,,,,,,,,,90,100,83,10,20,0,0,0,36,,130,,43,KMDW,,5,22,9,0,,,4,2,26,7,3,3,4,73,
2026-08-08 06:00:00,2026-08-10 12:00:00,NBS,74,71,210,7,58.0,81.0,20.0,38.0,,38.0,,48.0,100,80,71,8,20,0,0,0,60,0.0,130,0.0,38,KMDW,6.0,10,23,11,0,73.0,4.0,3,2,22,6,9,8,4,73,
2026-08-08 06:00:00,2026-08-10 15:00:00,NBS,78,73,210,8,,,,,,,,,-88,100,79,9,15,0,0,0,35,,120,,70,KMDW,,17,22,11,30,,,4,2,14,5,7,3,3,77,
2026-08-08 06:00:00,2026-08-10 18:00:00,NBS,81,73,210,9,24.0,,2.0,,,30.0,,,110,100,85,11,14,0,0,0,34,0.0,130,0.0,80,KMDW,,24,22,12,50,,,5,3,9,7,2,0,5,79,
2026-08-08 06:00:00,2026-08-10 21:00:00,NBS,83,73,200,10,,,,,,,,,-88,100,57,11,13,0,0,0,36,,130,,27,KMDW,,35,23,12,76,,,4,3,19,6,0,0,3,80,
2026-08-08 06:00:00,2026-08-11 00:00:00,NBS,80,73,170,8,35.0,48.0,3.0,5.0,,32.0,,39.0,-88,100,61,9,21,0,0,0,57,0.0,130,0.0,90,KMDW,1.0,13,22,8,53,85.0,4.0,5,3,20,6,0,2,3,77,
2026-08-08 06:00:00,2026-08-11 03:00:00,NBS,75,71,170,8,,,,,,,,,-88,100,71,9,18,0,0,0,42,,130,,100,KMDW,,6,21,8,0,,,4,3,16,6,3,1,3,73,
2026-08-08 06:00:00,2026-08-11 06:00:00,NBS,73,70,170,7,60.0,,10.0,,,31.0,,,-88,100,68,8,16,0,0,0,57,0.0,130,0.0,140,KMDW,,5,18,7,0,,,4,3,20,6,4,4,3,72,
2026-08-08 12:00:00,2026-08-08 18:00:00,NBS,81,62,320,6,0.0,,0.0,,26.0,5.0,,,-88,100,19,7,1,0,0,0,0,0.0,100,0.0,39,KMDW,,53,30,9,76,,,2,2,30,3,0,0,3,78,26/5
2026-08-08 12:00:00,2026-08-08 21:00:00,NBS,82,60,60,7,,,,,,,,,-88,100,13,8,1,0,0,0,0,,100,,47,KMDW,,47,30,7,68,,,2,3,15,3,0,0,2,75,
2026-08-08 12:00:00,2026-08-09 00:00:00,NBS,80,59,110,6,3.0,1.0,0.0,0.0,,5.0,,7.0,-88,100,5,6,2,0,0,0,0,0.0,100,0.0,44,KMDW,0.0,14,27,6,19,84.0,2.0,2,3,10,2,0,0,2,72,
2026-08-08 12:00:00,2026-08-09 03:00:00,NBS,73,61,160,3,,,,,,,,,-88,100,2,3,2,0,0,0,0,,110,,-88,KMDW,,4,21,4,0,,,2,4,4,2,0,0,2,68,
2026-08-08 12:00:00,2026-08-09 06:00:00,NBS,70,62,190,3,0.0,,0.0,,,6.0,,,-88,100,5,3,1,0,0,0,0,0.0,110,0.0,-88,KMDW,,4,20,4,0,,,2,3,6,1,0,2,2,66,
2026-08-08 12:00:00,2026-08-09 09:00:00,NBS,67,62,180,4,,,,,,,,,-88,100,20,4,1,0,0,0,1,,110,,150,KMDW,,4,19,5,0,,,2,3,26,2,0,2,2,65,
2026-08-08 12:00:00,2026-08-09 12:00:00,NBS,68,63,170,6,2.0,1.0,0.0,0.0,,5.0,,6.0,-88,100,16,7,2,0,0,0,6,0.0,120,0.0,120,KMDW,0.0,4,17,9,7,66.0,2.0,2,3,20,3,0,0,2,66,
2026-08-08 12:00:00,2026-08-09 15:00:00,NBS,77,66,190,10,,,,,,,,,130,100,75,13,10,0,0,0,17,,120,,90,KMDW,,16,20,13,49,,,3,4,20,5,0,1,3,73,
2026-08-08 12:00:00,2026-08-09 18:00:00,NBS,81,69,230,11,22.0,,2.0,,,33.0,,,60,100,94,17,21,0,0,0,38,0.0,130,0.0,60,KMDW,,26,24,16,38,,,4,4,11,6,8,1,3,76,
2026-08-08 12:00:00,2026-08-09 21:00:00,NBS,83,70,170,13,,,,,,,,,70,100,74,19,26,0,0,0,39,,140,,70,KMDW,,14,19,15,22,,,5,3,35,8,7,3,4,78,
2026-08-08 12:00:00,2026-08-10 00:00:00,NBS,81,72,180,13,53.0,65.0,7.0,9.0,,49.0,,49.0,300,100,60,18,25,0,0,0,15,0.0,130,0.0,200,KMDW,7.0,12,19,13,9,85.0,3.0,4,3,40,7,0,1,4,77,
2026-08-08 12:00:00,2026-08-10 03:00:00,NBS,78,72,200,11,,,,,,,,,90,100,69,15,24,0,0,0,27,,140,,24,KMDW,,7,20,11,0,,,4,2,40,8,5,1,4,74,
2026-08-08 12:00:00,2026-08-10 06:00:00,NBS,75,72,230,11,53.0,,14.0,,,46.0,,,120,100,92,13,21,0,0,0,56,0.0,130,0.0,32,KMDW,,6,22,11,0,,,4,2,5,7,7,4,4,74,
2026-08-08 12:00:00,2026-08-10 09:00:00,NBS,75,71,230,9,,,,,,,,,-88,100,96,10,24,0,0,0,32,,130,,23,KMDW,,4,22,11,0,,,4,2,5,7,2,2,4,73,
2026-08-08 12:00:00,2026-08-10 12:00:00,NBS,74,71,240,7,68.0,77.0,10.0,24.0,,39.0,,46.0,-88,90,66,8,15,0,0,0,29,0.0,130,0.0,60,KMDW,4.0,5,24,8,5,73.0,4.0,3,2,24,6,4,7,4,73,
2026-08-08 12:00:00,2026-08-10 15:00:00,NBS,78,73,230,8,,,,,,,,,-88,100,74,9,9,0,0,0,24,,120,,60,KMDW,,21,27,9,31,,,4,2,18,6,5,1,4,76,
2026-08-08 12:00:00,2026-08-10 18:00:00,NBS,81,73,230,9,27.0,,1.0,,,23.0,,,-88,100,75,12,13,0,0,0,17,0.0,130,0.0,60,KMDW,,33,24,9,44,,,4,2,15,7,5,0,5,81,
2026-08-08 12:00:00,2026-08-10 21:00:00,NBS,83,72,190,10,,,,,,,,,50,100,63,12,18,0,0,0,38,,130,,48,KMDW,,34,23,10,73,,,5,3,21,7,3,0,4,79,
2026-08-08 12:00:00,2026-08-11 00:00:00,NBS,80,73,90,9,41.0,53.0,5.0,6.0,,43.0,,43.0,-88,100,67,10,23,0,0,0,51,0.0,130,0.0,80,KMDW,2.0,9,25,9,48,85.0,4.0,5,3,18,7,4,3,4,77,
2026-08-08 12:00:00,2026-08-11 03:00:00,NBS,76,71,130,9,,,,,,,,,-88,100,69,9,22,0,0,0,66,,130,,90,KMDW,,5,21,9,1,,,5,3,27,7,8,3,4,73,
2026-08-08 12:00:00,2026-08-11 06:00:00,NBS,74,71,270,7,66.0,,16.0,,,36.0,,,-88,100,62,8,19,0,0,0,66,0.0,130,0.0,100,KMDW,,5,29,7,0,,,4,2,25,6,8,5,4,72,
2026-08-08 12:00:00,2026-08-11 09:00:00,NBS,73,70,320,7,,,,,,,,,-88,80,76,8,14,0,0,0,59,,130,,70,KMDW,,8,28,7,0,,,4,2,27,6,7,10,4,71,
2026-08-08 12:00:00,2026-08-11 12:00:00,NBS,73,71,160,7,50.0,74.0,11.0,27.0,,26.0,,36.0,-88,60,67,8,11,0,0,0,59,0.0,130,0.0,70,KMDW,4.0,8,20,7,0,71.0,4.0,3,2,13,6,6,10,4,72,
2026-08-08 18:00:00,2026-08-09 00:00:00,NBS,79,59,90,5,6.0,,0.0,,25.0,5.0,43.0,,-88,100,2,5,2,0,0,0,0,0.0,100,0.0,50,KMDW,,13,27,5,18,,,2,3,3,2,0,0,2,72,25/5
2026-08-08 18:00:00,2026-08-09 03:00:00,NBS,73,61,130,2,,,,,,,,,-88,100,1,2,2,0,0,0,0,,110,,-88,KMDW,,4,16,4,0,,,2,4,2,1,0,1,2,68,
2026-08-08 18:00:00,2026-08-09 06:00:00,NBS,70,62,170,0,1.0,,0.0,,,6.0,,,-88,100,6,2,1,0,0,0,0,0.0,110,0.0,-88,KMDW,,4,19,4,0,,,2,3,13,2,2,6,2,66,
2026-08-08 18:00:00,2026-08-09 09:00:00,NBS,67,62,170,4,,,,,,,,,-88,100,11,4,1,0,0,0,0,,110,,160,KMDW,,4,18,6,0,,,2,3,19,2,2,8,2,65,
2026-08-08 18:00:00,2026-08-09 12:00:00,NBS,68,63,170,7,2.0,1.0,0.0,0.0,,7.0,,7.0,-88,100,26,8,3,0,0,0,2,0.0,120,0.0,70,KMDW,0.0,4,18,9,7,66.0,2.0,2,3,34,3,0,2,2,67,
2026-08-08 18:00:00,2026-08-09 15:00:00,NBS,77,67,190,9,,,,,,,,,160,100,73,12,7,0,0,0,17,,120,,120,KMDW,,15,19,12,42,,,3,4,33,5,1,0,3,73,
2026-08-08 18:00:00,2026-08-09 18:00:00,NBS,80,71,200,11,42.0,,2.0,,,35.0,,,70,100,91,17,23,0,0,0,30,0.0,130,0.0,70,KMDW,,19,21,11,62,,,5,3,9,8,1,2,4,77,
2026-08-08 18:00:00,2026-08-09 21:00:00,NBS,82,71,190,13,,,,,,,,,200,100,73,18,29,0,0,0,23,,140,,150,KMDW,,15,23,13,30,,,5,3,28,10,0,1,5,77,
2026-08-08 18:00:00,2026-08-10 00:00:00,NBS,81,72,190,12,53.0,65.0,85.0,87.0,,57.0,,57.0,90,100,79,16,32,0,0,0,20,0.0,140,0.0,70,KMDW,6.0,10,18,12,8,85.0,3.0,4,3,18,9,3,2,4,77,
2026-08-08 18:00:00,2026-08-10 03:00:00,NBS,77,72,180,11,,,,,,,,,130,100,87,15,33,0,0,0,39,,140,,60,KMDW,,5,20,11,0,,,4,3,16,8,4,2,4,74,
2026-08-08 18:00:00,2026-08-10 06:00:00,NBS,75,71,240,10,71.0,,45.0,,,56.0,,,130,80,96,13,26,0,0,0,50,0.0,130,0.0,48,KMDW,,5,23,10,0,,,4,2,6,6,3,5,3,73,
2026-08-08 18:00:00,2026-08-10 09:00:00,NBS,74,71,200,9,,,,,,,,,-88,100,89,10,24,0,0,0,48,,120,,23,KMDW,,7,19,9,0,,,4,2,23,6,0,3,4,72,
2026-08-08 18:00:00,2026-08-10 12:00:00,NBS,74,71,230,6,47.0,79.0,8.0,53.0,,36.0,,56.0,-88,90,64,7,12,0,0,0,44,0.0,110,0.0,24,KMDW,7.0,8,21,8,6,72.0,4.0,3,2,34,5,4,4,3,73,
2026-08-08 18:00:00,2026-08-10 15:00:00,NBS,78,72,210,7,,,,,,,,,-88,100,45,8,11,0,0,0,11,,120,,60,KMDW,,18,20,7,45,,,4,2,43,5,4,1,4,77,
2026-08-08 18:00:00,2026-08-10 18:00:00,NBS,80,73,180,7,19.0,,1.0,,,28.0,,,-88,100,68,9,14,0,0,0,17,0.0,120,0.0,60,KMDW,,23,24,8,38,,,4,2,36,6,2,2,4,80,
2026-08-08 18:00:00,2026-08-10 21:00:00,NBS,81,72,130,8,,,,,,,,,-88,100,70,9,24,0,0,0,18,,130,,60,KMDW,,19,20,8,35,,,4,3,23,6,0,0,3,78,
2026-08-08 18:00:00,2026-08-11 00:00:00,NBS,79,72,70,8,47.0,56.0,1.0,2.0,,43.0,,43.0,-88,100,67,9,24,0,0,0,29,0.0,140,0.0,50,KMDW,0.0,11,7,8,11,84.0,4.0,4,4,20,5,0,1,3,76,
2026-08-08 18:00:00,2026-08-11 03:00:00,NBS,75,71,140,7,,,,,,,,,-88,100,64,8,24,0,0,0,48,,130,,200,KMDW,,5,18,7,1,,,4,4,15,6,4,1,3,73,
2026-08-08 18:00:00,2026-08-11 06:00:00,NBS,73,70,300,6,52.0,,12.0,,,43.0,,,-88,100,65,7,22,0,0,0,48,0.0,130,0.0,1,KMDW,,5,28,6,0,,,3,3,22,5,5,7,3,72,
2026-08-08 18:00:00,2026-08-11 09:00:00,NBS,72,70,360,6,,,,,,,,,-88,50,69,7,16,0,0,0,42,,130,,48,KMDW,,5,3,6,0,,,3,3,29,6,9,12,4,70,
2026-08-08 18:00:00,2026-08-11 12:00:00,NBS,72,70,140,7,40.0,67.0,20.0,32.0,,28.0,,43.0,-88,40,65,7,10,0,0,0,43,0.0,130,0.0,50,KMDW,5.0,5,23,7,0,70.0,3.0,3,3,19,5,6,12,4,71,
2026-08-08 18:00:00,2026-08-11 15:00:00,NBS,76,72,180,7,,,,,,,,,-88,100,82,8,11,0,0,0,37,,130,,50,KMDW,,14,22,8,27,,,4,3,13,6,5,2,4,75,
2026-08-08 18:00:00,2026-08-11 18:00:00,NBS,79,72,330,6,40.0,,8.0,,,25.0,,,100,100,89,7,13,0,0,0,38,0.0,130,0.0,23,KMDW,,26,34,8,45,,,5,3,11,8,11,4,5,77,
2026-08-09 00:00:00,2026-08-09 06:00:00,NBS,70,63,170,3,0.0,,0.0,,36.0,5.0,,,-88,100,17,3,1,0,0,0,0,0.0,110,0.0,-88,KMDW,,4,16,4,0,,,2,3,25,2,1,6,2,66,36/5
2026-08-09 00:00:00,2026-08-09 09:00:00,NBS,68,63,170,4,,,,,,,,,-88,100,25,5,1,0,0,0,0,,110,,130,KMDW,,4,18,5,0,,,2,2,30,2,2,8,2,65,
2026-08-09 00:00:00,2026-08-09 12:00:00,NBS,69,63,170,6,1.0,0.0,0.0,0.0,,5.0,,5.0,-88,100,28,7,3,0,0,0,4,0.0,120,0.0,50,KMDW,0.0,4,18,7,8,66.0,2.0,2,2,31,3,0,5,2,67,
2026-08-09 00:00:00,2026-08-09 15:00:00,NBS,78,68,180,9,,,,,,,,,-88,100,51,11,5,0,0,0,14,,120,,80,KMDW,,15,19,11,50,,,3,3,40,4,0,0,3,75,
2026-08-09 00:00:00,2026-08-09 18:00:00,NBS,81,71,200,11,61.0,,21.0,,,26.0,,,240,100,86,16,17,0,0,0,27,0.0,130,0.0,150,KMDW,,22,21,11,60,,,5,3,15,8,0,0,4,78,
2026-08-09 00:00:00,2026-08-09 21:00:00,NBS,82,72,210,12,,,,,,,,,110,100,83,16,29,0,0,0,42,,140,,49,KMDW,,16,22,12,24,,,5,2,21,9,4,1,5,78,
2026-08-09 00:00:00,2026-08-10 00:00:00,NBS,81,72,160,11,45.0,83.0,15.0,36.0,,56.0,,56.0,130,100,69,14,23,0,0,0,24,0.0,140,0.0,43,KMDW,9.0,9,18,11,15,85.0,3.0,5,2,30,8,4,2,4,77,
2026-08-09 00:00:00,2026-08-10 03:00:00,NBS,76,71,190,10,,,,,,,,,130,100,79,11,32,0,0,0,48,,130,,50,KMDW,,5,21,10,0,,,4,2,25,8,7,2,4,74,
2026-08-09 00:00:00,2026-08-10 06:00:00,NBS,74,71,180,9,78.0,,48.0,,,54.0,,,100,80,91,10,31,0,0,0,50,0.0,130,0.0,60,KMDW,,5,21,10,0,,,4,2,15,6,8,5,4,72,
2026-08-09 00:00:00,2026-08-10 09:00:00,NBS,73,71,180,7,,,,,,,,,110,80,95,8,24,0,0,0,46,,120,,60,KMDW,,5,19,10,0,,,3,2,6,6,8,6,4,72,
2026-08-09 00:00:00,2026-08-10 12:00:00,NBS,73,71,190,5,50.0,85.0,47.0,95.0,,43.0,,54.0,130,70,66,5,17,0,0,0,22,0.0,110,0.0,80,KMDW,12.0,6,22,9,4,72.0,4.0,2,2,31,5,14,7,3,72,
2026-08-09 00:00:00,2026-08-10 15:00:00,NBS,78,72,280,6,,,,,,,,,-88,100,61,6,8,0,0,0,38,,130,,25,KMDW,,19,20,6,30,,,3,2,37,5,4,0,4,76,
2026-08-09 00:00:00,2026-08-10 18:00:00,NBS,80,73,110,6,12.0,,3.0,,,20.0,,,90,100,64,7,11,0,0,0,42,0.0,130,0.0,27,KMDW,,32,22,7,44,,,4,2,34,6,3,1,5,79,
2026-08-09 00:00:00,2026-08-10 21:00:00,NBS,81,72,100,7,,,,,,,,,-88,100,78,8,23,0,0,0,28,,130,,33,KMDW,,21,19,7,35,,,4,3,26,6,2,1,3,78,
2026-08-09 00:00:00,2026-08-11 00:00:00,NBS,80,73,90,7,30.0,40.0,0.0,3.0,,49.0,,49.0,100,100,83,8,30,0,0,0,46,0.0,140,0.0,70,KMDW,1.0,7,12,7,12,84.0,3.0,4,3,10,5,2,2,3,77,
2026-08-09 00:00:00,2026-08-11 03:00:00,NBS,75,71,130,6,,,,,,,,,-88,100,61,7,26,0,0,0,25,,140,,80,KMDW,,5,22,6,0,,,3,3,26,5,3,3,3,73,
2026-08-09 00:00:00,2026-08-11 06:00:00,NBS,73,70,50,6,52.0,,10.0,,,46.0,,,-88,40,71,7,20,0,0,0,32,0.0,130,0.0,60,KMDW,,6,24,7,0,,,3,3,24,5,12,10,3,72,
2026-08-09 00:00:00,2026-08-11 09:00:00,NBS,72,70,200,6,,,,,,,,,-88,30,71,7,16,0,0,0,45,,130,,80,KMDW,,5,20,6,0,,,3,3,26,5,18,14,3,71,
2026-08-09 00:00:00,2026-08-11 12:00:00,NBS,73,70,190,6,43.0,70.0,7.0,17.0,,26.0,,46.0,-88,40,73,7,11,0,0,0,46,0.0,130,0.0,70,KMDW,4.0,5,21,6,0,70.0,3.0,3,3,26,4,18,16,3,72,
2026-08-09 00:00:00,2026-08-11 15:00:00,NBS,76,72,190,6,,,,,,,,,100,100,85,7,11,0,0,0,29,,130,,60,KMDW,,14,22,6,15,,,4,3,11,6,7,3,4,74,
2026-08-09 00:00:00,2026-08-11 18:00:00,NBS,79,72,250,6,42.0,,18.0,,,24.0,,,100,100,85,6,13,0,0,0,30,0.0,130,0.0,100,KMDW,,24,24,7,20,,,5,2,10,7,3,3,5,78,
2026-08-09 00:00:00,2026-08-11 21:00:00,NBS,80,72,360,7,,,,,,,,,110,100,67,8,23,0,0,0,33,,130,,60,KMDW,,19,32,10,50,,,5,2,15,7,0,0,4,77,
2026-08-09 00:00:00,2026-08-12 00:00:00,NBS,78,72,70,7,45.0,58.0,34.0,52.0,,36.0,,36.0,-88,100,53,7,21,0,0,0,34,0.0,130,0.0,21,KMDW,7.0,11,6,7,43,82.0,4.0,4,3,18,6,1,1,4,76,
2026-08-09 06:00:00,2026-08-09 12:00:00,NBS,69,63,170,6,1.0,,0.0,,38.0,6.0,40.0,,-88,100,36,7,3,0,0,0,0,0.0,110,0.0,50,KMDW,,4,18,6,7,,,1,2,33,2,0,0,1,67,38/6
2026-08-09 06:00:00,2026-08-09 15:00:00,NBS,78,68,180,9,,,,,,,,,-88,100,45,12,4,0,0,0,5,,120,,70,KMDW,,17,19,11,52,,,2,3,33,4,0,0,2,75,
2026-08-09 06:00:00,2026-08-09 18:00:00,NBS,82,71,210,12,28.0,,4.0,,,22.0,,,70,100,82,17,13,0,0,0,40,0.0,130,0.0,70,KMDW,,29,23,14,47,,,5,2,24,6,0,0,4,79,
2026-08-09 06:00:00,2026-08-09 21:00:00,NBS,82,71,290,11,,,,,,,,,90,100,84,16,27,0,0,0,46,,140,,80,KMDW,,18,21,11,25,,,5,2,16,8,0,0,4,77,
2026-08-09 06:00:00,2026-08-10 00:00:00,NBS,80,72,190,10,64.0,69.0,16.0,20.0,,44.0,,44.0,-88,100,55,14,21,0,0,0,39,0.0,130,0.0,90,KMDW,7.0,13,20,11,13,86.0,3.0,5,2,32,7,1,0,4,77,
2026-08-09 06:00:00,2026-08-10 03:00:00,NBS,76,71,210,10,,,,,,,,,90,100,65,13,34,0,0,0,50,,130,,70,KMDW,,5,20,11,0,,,4,2,38,8,4,1,4,74,
2026-08-09 06:00:00,2026-08-10 06:00:00,NBS,75,71,200,9,68.0,,30.0,,,63.0,,,70,100,90,10,36,0,0,0,39,0.0,120,0.0,60,KMDW,,5,21,10,0,,,4,2,9,7,5,1,4,73,
2026-08-09 06:00:00,2026-08-10 09:00:00,NBS,73,70,280,6,,,,,,,,,130,100,83,7,21,0,0,0,39,,120,,70,KMDW,,6,20,10,0,,,3,2,17,6,8,1,4,72,
2026-08-09 06:00:00,2026-08-10 12:00:00,NBS,73,71,280,4,55.0,87.0,18.0,48.0,,34.0,,63.0,-88,50,50,4,11,0,0,0,27,0.0,120,0.0,19,KMDW,9.0,6,27,8,4,72.0,4.0,3,2,31,4,20,11,3,72,
2026-08-09 06:00:00,2026-08-10 15:00:00,NBS,77,72,240,4,,,,,,,,,15,100,74,5,7,0,0,0,21,,120,,15,KMDW,,19,24,7,25,,,3,2,30,5,16,3,4,76,
2026-08-09 06:00:00,2026-08-10 18:00:00,NBS,80,72,20,5,17.0,,1.0,,,20.0,,,60,100,81,6,12,0,0,0,32,0.0,130,0.0,21,KMDW,,24,34,7,33,,,4,2,30,5,0,0,4,79,
2026-08-09 06:00:00,2026-08-10 21:00:00,NBS,81,72,80,7,,,,,,,,,90,100,76,7,20,0,0,0,34,,130,,16,KMDW,,21,2,7,42,,,3,2,33,4,3,1,2,77,
2026-08-09 06:00:00,2026-08-11 00:00:00,NBS,79,72,80,7,42.0,52.0,2.0,3.0,,41.0,,41.0,-88,100,43,7,24,0,0,0,31,0.0,130,0.0,23,KMDW,1.0,9,7,7,14,83.0,3.0,3,3,25,3,0,2,3,76,
2026-08-09 06:00:00,2026-08-11 03:00:00,NBS,75,70,100,6,,,,,,,,,-88,100,37,6,20,0,0,0,29,,140,,24,KMDW,,5,9,7,0,,,2,3,31,4,6,3,3,72,
2026-08-09 06:00:00,2026-08-11 06:00:00,NBS,73,70,80,6,51.0,,12.0,,,34.0,,,-88,100,84,6,15,0,0,0,31,0.0,130,0.0,60,KMDW,,5,11,6,0,,,2,3,26,4,6,9,3,72,
2026-08-09 06:00:00,2026-08-11 09:00:00,NBS,72,70,120,5,,,,,,,,,-88,90,67,6,15,0,0,0,23,,130,,45,KMDW,,5,16,5,0,,,2,3,32,4,6,9,3,70,
2026-08-09 06:00:00,2026-08-11 12:00:00,NBS,72,70,160,5,47.0,71.0,18.0,30.0,,28.0,,34.0,-88,60,63,5,13,0,0,0,29,0.0,130,0.0,70,KMDW,5.0,6,18,7,2,70.0,2.0,2,2,22,4,9,11,3,72,
2026-08-09 06:00:00,2026-08-11 15:00:00,NBS,77,72,180,5,,,,,,,,,-88,100,75,6,9,0,0,0,35,,130,,70,KMDW,,19,21,8,35,,,3,2,22,5,7,2,4,75,
2026-08-09 06:00:00,2026-08-11 18:00:00,NBS,79,72,180,6,43.0,,8.0,,,24.0,,,100,100,78,6,15,0,0,0,25,0.0,130,0.0,80,KMDW,,26,22,6,32,,,5,2,18,6,6,0,4,78,
2026-08-09 06:00:00,2026-08-11 21:00:00,NBS,81,72,270,6,,,,,,,,,-88,100,67,7,24,0,0,0,47,,130,,80,KMDW,,19,28,10,28,,,4,2,21,6,0,0,3,77,
2026-08-09 06:00:00,2026-08-12 00:00:00,NBS,78,72,30,7,46.0,59.0,33.0,41.0,,40.0,,40.0,-88,100,53,7,24,0,0,0,31,0.0,130,0.0,80,KMDW,6.0,8,25,7,30,83.0,3.0,3,3,24,5,0,0,3,75,
2026-08-09 06:00:00,2026-08-12 03:00:00,NBS,75,70,60,6,,,,,,,,,-88,100,44,6,20,0,0,0,51,,130,,110,KMDW,,5,9,6,1,,,3,3,25,5,3,2,3,72,
2026-08-09 06:00:00,2026-08-12 06:00:00,NBS,72,70,60,5,58.0,,12.0,,,38.0,,,-88,100,59,5,21,0,0,0,53,0.0,130,0.0,1,KMDW,,4,3,5,0,,,3,3,30,4,4,6,3,71,
2026-08-09 12:00:00,2026-08-09 18:00:00,NBS,83,71,200,11,18.0,,1.0,,27.0,19.0,,,230,100,78,16,12,0,0,0,32,0.0,130,0.0,160,KMDW,,32,22,14,76,,,4,2,19,5,0,0,3,80,27/19
2026-08-09 12:00:00,2026-08-09 21:00:00,NBS,83,72,230,12,,,,,,,,,70,100,83,18,29,0,0,0,41,,140,,60,KMDW,,34,23,13,24,,,5,2,22,7,0,4,4,78,
2026-08-09 12:00:00,2026-08-10 00:00:00,NBS,80,72,210,11,78.0,81.0,17.0,18.0,,51.0,,51.0,110,100,61,15,34,0,0,0,33,0.0,130,0.0,90,KMDW,4.0,12,21,11,11,86.0,3.0,5,3,29,7,0,1,4,77,
2026-08-09 12:00:00,2026-08-10 03:00:00,NBS,76,71,190,10,,,,,,,,,-88,100,47,14,38,0,0,0,24,,130,,80,KMDW,,5,20,10,0,,,4,2,38,7,1,0,4,73,
2026-08-09 12:00:00,2026-08-10 06:00:00,NBS,74,70,200,9,67.0,,52.0,,,65.0,,,130,90,78,10,30,0,0,0,26,0.0,120,0.0,70,KMDW,,5,21,11,0,,,4,3,30,7,0,2,4,73,
2026-08-09 12:00:00,2026-08-10 09:00:00,NBS,73,70,260,7,,,,,,,,,130,90,85,7,26,0,0,0,23,,120,,70,KMDW,,5,20,9,0,,,3,2,16,6,2,3,3,72,
2026-08-09 12:00:00,2026-08-10 12:00:00,NBS,73,71,180,4,40.0,76.0,4.0,56.0,,41.0,,65.0,-88,60,44,5,16,0,0,0,25,0.0,120,0.0,45,KMDW,7.0,6,5,7,5,72.0,4.0,3,2,33,5,7,10,3,72,
2026-08-09 12:00:00,2026-08-10 15:00:00,NBS,78,72,330,5,,,,,,,,,18,100,73,5,7,0,0,0,12,,120,,18,KMDW,,17,28,6,33,,,4,2,29,4,11,4,3,76,
2026-08-09 12:00:00,2026-08-10 18:00:00,NBS,80,72,30,5,12.0,,0.0,,,21.0,,,90,100,79,5,11,0,0,0,24,0.0,130,0.0,27,KMDW,,23,32,5,59,,,4,2,32,4,3,3,4,79,
2026-08-09 12:00:00,2026-08-10 21:00:00,NBS,81,72,90,7,,,,,,,,,70,100,63,7,20,0,0,0,28,,130,,60,KMDW,,18,14,7,48,,,4,3,38,4,1,2,3,77,
2026-08-09 12:00:00,2026-08-11 00:00:00,NBS,78,71,70,7,31.0,38.0,9.0,9.0,,45.0,,45.0,-88,100,52,7,29,0,0,0,20,0.0,140,0.0,80,KMDW,7.0,6,5,7,14,83.0,4.0,4,4,27,3,0,2,3,75,
2026-08-09 12:00:00,2026-08-11 03:00:00,NBS,74,70,70,6,,,,,,,,,-88,100,46,7,34,0,0,0,16,,130,,19,KMDW,,5,7,6,0,,,2,3,34,4,7,2,3,72,
2026-08-09 12:00:00,2026-08-11 06:00:00,NBS,73,70,90,6,40.0,,7.0,,,60.0,,,-88,100,56,6,34,0,0,0,26,0.0,130,0.0,16,KMDW,,4,8,7,0,,,2,3,27,4,8,7,3,70,
2026-08-09 12:00:00,2026-08-11 09:00:00,NBS,72,69,80,5,,,,,,,,,-88,50,72,6,16,0,0,0,31,,130,,14,KMDW,,6,11,6,0,,,2,3,31,4,9,12,3,70,
2026-08-09 12:00:00,2026-08-11 12:00:00,NBS,72,70,180,5,55.0,73.0,13.0,20.0,,26.0,,60.0,-88,80,72,6,9,0,0,0,32,0.0,130,0.0,70,KMDW,4.0,8,17,6,3,70.0,2.0,2,3,22,5,8,10,3,71,
2026-08-09 12:00:00,2026-08-11 15:00:00,NBS,77,71,180,6,,,,,,,,,110,100,75,6,8,0,0,0,35,,130,,50,KMDW,,17,20,6,39,,,3,3,27,5,9,0,4,75,
2026-08-09 12:00:00,2026-08-11 18:00:00,NBS,79,72,180,6,48.0,,12.0,,,21.0,,,-88,100,79,6,13,0,0,0,67,0.0,130,0.0,46,KMDW,,25,23,11,29,,,4,3,21,7,4,2,5,78,
2026-08-09 12:00:00,2026-08-11 21:00:00,NBS,81,72,190,7,,,,,,,,,-88,100,71,8,25,0,0,0,58,,130,,80,KMDW,,12,16,7,15,,,5,3,24,7,2,0,4,77,
2026-08-09 12:00:00,2026-08-12 00:00:00,NBS,79,72,60,6,48.0,69.0,3.0,15.0,,45.0,,45.0,-88,100,55,7,24,0,0,0,58,0.0,130,0.0,60,KMDW,4.0,11,19,6,15,83.0,3.0,4,4,26,6,5,3,3,75,
2026-08-09 12:00:00,2026-08-12 03:00:00,NBS,75,71,80,6,,,,,,,,,100,90,59,6,25,0,0,0,34,,130,,10,KMDW,,4,13,6,1,,,3,3,18,5,14,6,3,73,
2026-08-09 12:00:00,2026-08-12 06:00:00,NBS,73,71,120,6,55.0,,25.0,,,45.0,,,110,70,65,6,23,0,0,0,54,0.0,130,0.0,1,KMDW,,5,29,7,0,,,3,3,14,5,12,9,3,72,
2026-08-09 12:00:00,2026-08-12 09:00:00,NBS,72,70,300,5,,,,,,,,,120,70,69,6,16,0,0,0,45,,130,,1,KMDW,,5,36,7,0,,,3,3,26,5,14,10,3,70,
2026-08-09 12:00:00,2026-08-12 12:00:00,NBS,72,70,330,5,47.0,69.0,18.0,43.0,,27.0,,45.0,-88,70,72,6,8,0,0,0,58,0.0,130,0.0,100,KMDW,6.0,9,34,7,0,70.0,3.0,2,2,16,5,12,11,4,70,
2026-08-09 18:00:00,2026-08-10 00:00:00,NBS,81,72,200,12,69.0,,14.0,,13.0,58.0,35.0,,90,100,61,16,37,0,0,0,22,0.0,140,0.0,70,KMDW,,18,20,12,12,,,4,3,28,7,0,1,4,77,13/58
2026-08-09 18:00:00,2026-08-10 03:00:00,NBS,77,71,200,12,,,,,,,,,60,100,76,16,39,0,0,0,28,,130,,60,KMDW,,5,20,12,0,,,4,2,30,8,8,2,4,74,
2026-08-09 18:00:00,2026-08-10 06:00:00,NBS,75,71,200,10,51.0,,26.0,,,70.0,,,70,70,89,13,34,0,0,0,42,0.0,120,0.0,60,KMDW,,5,20,10,0,,,4,2,18,7,12,4,4,73,
2026-08-09 18:00:00,2026-08-10 09:00:00,NBS,74,71,210,7,,,,,,,,,130,70,88,8,29,0,0,0,40,,120,,60,KMDW,,5,21,8,0,,,3,2,13,6,8,8,4,73,
2026-08-09 18:00:00,2026-08-10 12:00:00,NBS,74,71,200,4,41.0,59.0,7.0,33.0,,44.0,,70.0,130,60,71,5,14,0,0,0,13,0.0,120,0.0,23,KMDW,7.0,6,20,6,5,72.0,3.0,3,2,25,4,13,10,3,73,
2026-08-09 18:00:00,2026-08-10 15:00:00,NBS,78,72,230,5,,,,,,,,,110,100,67,6,6,0,0,0,10,,120,,70,KMDW,,17,26,6,45,,,4,2,36,4,5,2,3,76,
2026-08-09 18:00:00,2026-08-10 18:00:00,NBS,81,72,210,5,9.0,,1.0,,,17.0,,,90,100,88,5,8,0,0,0,11,0.0,130,0.0,100,KMDW,,22,25,5,36,,,4,2,15,4,0,0,4,79,
2026-08-09 18:00:00,2026-08-10 21:00:00,NBS,82,71,80,7,,,,,,,,,90,100,83,7,22,0,0,0,42,,130,,90,KMDW,,15,6,9,36,,,4,3,18,4,0,1,3,78,
2026-08-09 18:00:00,2026-08-11 00:00:00,NBS,78,71,80,7,41.0,48.0,5.0,6.0,,50.0,,50.0,180,100,58,8,31,0,0,0,30,0.0,140,0.0,120,KMDW,5.0,8,9,7,11,83.0,4.0,3,4,41,4,0,0,3,75,
2026-08-09 18:00:00,2026-08-11 03:00:00,NBS,74,69,50,7,,,,,,,,,110,70,65,7,29,0,0,0,30,,130,,70,KMDW,,12,5,7,0,,,2,3,30,4,5,4,3,72,
2026-08-09 18:00:00,2026-08-11 06:00:00,NBS,73,70,60,5,49.0,,14.0,,,55.0,,,130,40,77,6,27,0,0,0,35,0.0,130,0.0,18,KMDW,,5,8,6,0,,,2,3,37,4,10,11,3,71,
2026-08-09 18:00:00,2026-08-11 09:00:00,NBS,72,69,100,5,,,,,,,,,-88,50,69,6,19,0,0,0,25,,130,,14,KMDW,,6,10,5,0,,,2,3,39,4,11,12,3,70,
2026-08-09 18:00:00,2026-08-11 12:00:00,NBS,72,70,180,6,58.0,79.0,21.0,35.0,,34.0,,55.0,-88,60,66,7,15,0,0,0,26,0.0,120,0.0,1,KMDW,5.0,5,11,6,6,70.0,2.0,2,2,37,5,8,11,3,71,
2026-08-09 18:00:00,2026-08-11 15:00:00,NBS,77,71,230,6,,,,,,,,,-88,100,60,7,8,0,0,0,34,,130,,20,KMDW,,19,18,6,36,,,4,3,39,5,4,1,3,75,
2026-08-09 18:00:00,2026-08-11 18:00:00,NBS,80,72,320,6,45.0,,8.0,,,26.0,,,100,100,71,7,15,0,0,0,34,0.0,130,0.0,100,KMDW,,19,17,7,59,,,5,3,19,6,5,2,4,78,
2026-08-09 18:00:00,2026-08-11 21:00:00,NBS,81,72,180,7,,,,,,,,,-88,100,74,8,23,0,0,0,52,,130,,60,KMDW,,14,8,7,13,,,5,3,25,6,0,2,4,77,
2026-08-09 18:00:00,2026-08-12 00:00:00,NBS,79,72,30,6,47.0,65.0,12.0,20.0,,37.0,,37.0,-88,100,47,6,20,0,0,0,30,0.0,130,0.0,110,KMDW,4.0,9,17,6,16,83.0,4.0,4,3,20,5,0,1,3,75,
2026-08-09 18:00:00,2026-08-12 03:00:00,NBS,76,71,60,6,,,,,,,,,-88,100,55,6,20,0,0,0,42,,130,,1,KMDW,,5,7,6,1,,,3,3,28,5,6,2,3,73,
2026-08-09 18:00:00,2026-08-12 06:00:00,NBS,74,71,180,6,55.0,,7.0,,,35.0,,,-88,100,64,6,16,0,0,0,43,0.0,120,0.0,1,KMDW,,9,12,7,0,,,3,3,35,5,5,5,3,72,
2026-08-09 18:00:00,2026-08-12 09:00:00,NBS,72,70,300,6,,,,,,,,,-88,100,67,7,12,0,0,0,46,,130,,1,KMDW,,7,33,7,0,,,3,2,34,5,3,7,3,70,
2026-08-09 18:00:00,2026-08-12 12:00:00,NBS,72,70,340,6,49.0,72.0,6.0,13.0,,20.0,,35.0,-88,90,62,6,7,0,0,0,62,0.0,130,0.0,100,KMDW,3.0,9,35,7,0,70.0,3.0,2,2,31,5,8,7,4,71,
2026-08-09 18:00:00,2026-08-12 15:00:00,NBS,76,71,30,7,,,,,,,,,-88,100,79,8,5,0,0,0,50,,120,,90,KMDW,,19,1,7,36,,,3,2,18,5,2,0,3,75,
2026-08-09 18:00:00,2026-08-12 18:00:00,NBS,80,71,10,7,27.0,,2.0,,,13.0,,,-88,100,75,8,7,0,0,0,34,0.0,120,0.0,90,KMDW,,29,30,7,55,,,4,3,24,6,1,0,4,79,
2026-08-10 00:00:00,2026-08-10 06:00:00,NBS,75,71,160,9,65.0,,37.0,,19.0,76.0,,,35,70,90,11,45,0,0,0,65,0.0,130,0.0,33,KMDW,,5,17,10,0,,,3,2,18,7,10,11,4,72,19/76
2026-08-10 00:00:00,2026-08-10 09:00:00,NBS,74,71,240,7,,,,,,,,,60,100,86,7,35,0,0,0,38,,120,,41,KMDW,,5,21,9,0,,,3,2,14,5,3,5,3,72,
2026-08-10 00:00:00,2026-08-10 12:00:00,NBS,73,71,230,4,52.0,79.0,8.0,45.0,,53.0,,76.0,60,50,69,4,18,0,0,0,32,0.0,120,0.0,46,KMDW,11.0,6,22,7,4,72.0,3.0,2,2,24,3,10,12,3,73,
2026-08-10 00:00:00,2026-08-10 15:00:00,NBS,78,72,230,3,,,,,,,,,130,100,59,4,6,0,0,0,18,,120,,80,KMDW,,16,27,5,37,,,3,2,35,4,5,3,3,77,
2026-08-10 00:00:00,2026-08-10 18:00:00,NBS,81,72,30,3,11.0,,0.0,,,15.0,,,130,100,81,5,8,0,0,0,15,0.0,130,0.0,48,KMDW,,23,28,5,42,,,3,2,19,4,0,1,3,79,
2026-08-10 00:00:00,2026-08-10 21:00:00,NBS,81,72,80,7,,,,,,,,,110,100,74,7,16,0,0,0,48,,130,,90,KMDW,,17,6,7,47,,,4,2,26,4,0,0,3,77,
2026-08-10 00:00:00,2026-08-11 00:00:00,NBS,78,72,70,6,39.0,44.0,13.0,13.0,,45.0,,45.0,-88,100,53,7,31,0,0,0,33,0.0,140,0.0,110,KMDW,5.0,8,9,6,13,83.0,3.0,3,3,34,4,3,1,3,75,
2026-08-10 00:00:00,2026-08-11 03:00:00,NBS,74,71,40,6,,,,,,,,,160,100,64,7,29,0,0,0,30,,140,,120,KMDW,,12,4,6,0,,,2,3,23,4,2,2,3,72,
2026-08-10 00:00:00,2026-08-11 06:00:00,NBS,73,71,80,5,51.0,,8.0,,,56.0,,,130,60,67,6,35,0,0,0,25,0.0,130,0.0,50,KMDW,,5,10,6,0,,,2,2,32,3,5,9,3,72,
2026-08-10 00:00:00,2026-08-11 09:00:00,NBS,72,70,80,5,,,,,,,,,160,80,73,6,27,0,0,0,41,,130,,130,KMDW,,5,13,5,0,,,2,2,31,4,0,7,3,70,
2026-08-10 00:00:00,2026-08-11 12:00:00,NBS,72,70,120,5,49.0,68.0,10.0,18.0,,43.0,,56.0,-88,90,56,6,14,0,0,0,26,0.0,120,0.0,16,KMDW,8.0,5,13,7,5,70.0,2.0,2,2,43,5,6,2,3,71,
2026-08-10 00:00:00,2026-08-11 15:00:00,NBS,76,71,170,6,,,,,,,,,33,100,70,7,12,0,0,0,42,,130,,25,KMDW,,17,17,10,24,,,3,2,32,5,22,5,3,74,
2026-08-10 00:00:00,2026-08-11 18:00:00,NBS,78,72,280,6,47.0,,17.0,,,25.0,,,100,100,95,7,13,0,0,0,68,0.0,130,0.0,19,KMDW,,19,23,10,18,,,4,2,14,7,9,5,4,76,
2026-08-10 00:00:00,2026-08-11 21:00:00,NBS,80,72,140,7,,,,,,,,,110,100,99,8,16,0,0,0,82,,140,,20,KMDW,,17,9,11,32,,,4,3,1,6,5,2,3,77,
2026-08-10 00:00:00,2026-08-12 00:00:00,NBS,79,72,80,6,54.0,73.0,42.0,59.0,,30.0,,35.0,110,100,60,6,18,0,0,0,42,0.0,130,0.0,23,KMDW,8.0,11,17,7,18,82.0,3.0,4,3,28,4,1,0,3,75,
2026-08-10 00:00:00,2026-08-12 03:00:00,NBS,75,72,50,5,,,,,,,,,-88,100,41,5,18,0,0,0,47,,130,,3,KMDW,,9,6,5,0,,,3,3,24,4,10,3,3,73,
2026-08-10 00:00:00,2026-08-12 06:00:00,NBS,73,72,40,5,50.0,,6.0,,,34.0,,,-88,40,46,5,19,0,0,0,54,0.0,130,0.0,1,KMDW,,9,7,7,0,,,2,2,28,4,6,10,3,73,
2026-08-10 00:00:00,2026-08-12 09:00:00,NBS,72,71,50,5,,,,,,,,,-88,90,63,6,10,0,0,0,54,,130,,1,KMDW,,5,8,8,0,,,2,2,32,4,5,10,3,71,
2026-08-10 00:00:00,2026-08-12 12:00:00,NBS,72,70,50,5,51.0,69.0,7.0,13.0,,15.0,,34.0,-88,80,60,6,4,0,0,0,54,0.0,120,0.0,100,KMDW,3.0,10,7,6,0,70.0,3.0,2,2,33,4,10,11,3,71,
2026-08-10 00:00:00,2026-08-12 15:00:00,NBS,77,72,50,7,,,,,,,,,-88,100,82,7,5,0,0,0,45,,120,,90,KMDW,,16,8,7,33,,,3,2,17,4,3,0,3,75,
2026-08-10 00:00:00,2026-08-12 18:00:00,NBS,80,72,40,7,29.0,,6.0,,,12.0,,,-88,100,79,8,7,0,0,0,30,0.0,120,0.0,90,KMDW,,28,31,7,52,,,3,3,11,6,2,0,4,79,
2026-08-10 00:00:00,2026-08-12 21:00:00,NBS,81,71,20,9,,,,,,,,,-88,100,57,10,11,0,0,0,17,,120,,120,KMDW,,24,33,9,33,,,4,4,29,6,1,1,4,78,
2026-08-10 00:00:00,2026-08-13 00:00:00,NBS,78,71,30,7,36.0,54.0,7.0,13.0,,19.0,,19.0,-88,100,51,8,8,0,0,0,18,0.0,120,0.0,110,KMDW,3.0,16,5,7,24,82.0,3.0,3,5,33,4,0,0,3,75,
2026-08-10 06:00:00,2026-08-10 12:00:00,NBS,73,71,220,4,65.0,,31.0,,10.0,56.0,24.0,,140,40,77,5,20,0,0,0,52,0.0,120,0.0,120,KMDW,,7,24,7,5,,,2,2,15,4,20,17,3,73,10/56
2026-08-10 06:00:00,2026-08-10 15:00:00,NBS,78,73,230,4,,,,,,,,,45,100,63,5,4,0,0,0,21,,130,,36,KMDW,,16,27,4,33,,,3,2,29,4,1,1,3,77,
2026-08-10 06:00:00,2026-08-10 18:00:00,NBS,82,73,110,4,13.0,,1.0,,,14.0,,,27,100,78,5,8,0,0,0,34,0.0,130,0.0,25,KMDW,,23,23,5,27,,,3,2,28,5,0,1,4,80,
2026-08-10 06:00:00,2026-08-10 21:00:00,NBS,82,72,100,6,,,,,,,,,45,100,85,7,25,0,0,0,28,,130,,45,KMDW,,19,26,6,40,,,4,3,13,4,1,1,3,78,
2026-08-10 06:00:00,2026-08-11 00:00:00,NBS,78,72,100,7,34.0,41.0,12.0,13.0,,49.0,,49.0,170,100,63,7,34,0,0,0,21,0.0,130,0.0,130,KMDW,7.0,8,10,7,13,84.0,3.0,3,3,29,4,3,1,3,75,
2026-08-10 06:00:00,2026-08-11 03:00:00,NBS,75,71,110,5,,,,,,,,,-88,70,35,6,27,0,0,0,11,,130,,70,KMDW,,4,10,5,0,,,2,3,35,3,6,3,3,73,
2026-08-10 06:00:00,2026-08-11 06:00:00,NBS,73,71,110,5,28.0,,6.0,,,55.0,,,-88,50,40,6,33,0,0,0,22,0.0,130,0.0,60,KMDW,,5,14,6,0,,,2,3,36,3,10,9,3,72,
2026-08-10 06:00:00,2026-08-11 09:00:00,NBS,72,70,140,5,,,,,,,,,130,50,61,5,24,0,0,0,25,,130,,38,KMDW,,4,15,5,0,,,2,3,31,3,9,13,3,71,
2026-08-10 06:00:00,2026-08-11 12:00:00,NBS,72,70,140,5,57.0,70.0,35.0,41.0,,40.0,,55.0,90,60,65,6,17,0,0,0,37,0.0,130,0.0,80,KMDW,6.0,5,15,5,4,70.0,2.0,2,3,25,5,9,9,3,71,
2026-08-10 06:00:00,2026-08-11 15:00:00,NBS,75,71,230,7,,,,,,,,,13,70,93,8,17,0,0,0,55,,130,,12,KMDW,,11,22,8,12,,,3,2,7,5,20,5,4,73,
2026-08-10 06:00:00,2026-08-11 18:00:00,NBS,78,72,180,7,74.0,,34.0,,,31.0,,,90,100,96,8,14,0,0,0,20,0.0,140,0.0,70,KMDW,,16,18,7,39,,,4,2,6,6,1,2,4,77,
2026-08-10 06:00:00,2026-08-11 21:00:00,NBS,81,72,340,7,,,,,,,,,90,100,62,8,13,0,0,0,48,,130,,24,KMDW,,20,28,8,32,,,5,2,38,5,1,0,3,77,
2026-08-10 06:00:00,2026-08-12 00:00:00,NBS,79,73,40,6,48.0,87.0,10.0,44.0,,22.0,,35.0,-88,100,44,7,15,0,0,0,26,0.0,130,0.0,43,KMDW,6.0,11,35,6,16,82.0,4.0,4,2,36,4,0,0,3,75,
2026-08-10 06:00:00,2026-08-12 03:00:00,NBS,75,72,70,6,,,,,,,,,-88,100,60,6,14,0,0,0,22,,130,,1,KMDW,,6,15,6,0,,,3,2,33,4,6,3,3,73,
2026-08-10 06:00:00,2026-08-12 06:00:00,NBS,73,72,90,6,39.0,,6.0,,,31.0,,,-88,80,53,6,18,0,0,0,17,0.0,120,0.0,1,KMDW,,6,15,6,0,,,2,2,36,4,6,9,3,72,
2026-08-10 06:00:00,2026-08-12 09:00:00,NBS,72,71,150,5,,,,,,,,,-88,30,53,6,14,0,0,0,27,,120,,1,KMDW,,6,17,6,0,,,2,2,33,5,6,16,3,71,
2026-08-10 06:00:00,2026-08-12 12:00:00,NBS,72,71,160,5,38.0,66.0,7.0,13.0,,21.0,,31.0,-88,50,50,5,7,0,0,0,51,0.0,120,0.0,60,KMDW,3.0,8,15,8,2,70.0,2.0,2,2,35,5,8,13,4,72,
2026-08-10 06:00:00,2026-08-12 15:00:00,NBS,76,72,160,6,,,,,,,,,-88,100,70,7,6,0,0,0,37,,120,,110,KMDW,,17,20,9,39,,,3,3,24,4,3,0,4,75,
2026-08-10 06:00:00,2026-08-12 18:00:00,NBS,79,72,360,7,25.0,,4.0,,,16.0,,,-88,100,80,8,11,0,0,0,38,0.0,120,0.0,80,KMDW,,24,24,7,43,,,3,3,16,5,4,0,4,78,
2026-08-10 06:00:00,2026-08-12 21:00:00,NBS,81,71,30,8,,,,,,,,,100,100,64,9,15,0,0,0,9,,120,,47,KMDW,,24,33,8,17,,,4,4,23,5,1,1,3,77,
2026-08-10 06:00:00,2026-08-13 00:00:00,NBS,79,71,30,6,18.0,33.0,8.0,12.0,,23.0,,24.0,-88,100,53,7,9,0,0,0,9,0.0,130,0.0,43,KMDW,3.0,16,4,7,22,83.0,2.0,3,5,25,4,0,0,3,76,
2026-08-10 06:00:00,2026-08-13 03:00:00,NBS,75,71,40,5,,,,,,,,,-88,100,51,5,6,0,0,0,5,,120,,170,KMDW,,4,8,5,1,,,2,5,34,4,1,0,3,73,
2026-08-10 06:00:00,2026-08-13 06:00:00,NBS,73,70,20,5,19.0,,5.0,,,10.0,,,-88,100,55,5,5,0,0,0,5,0.0,120,0.0,1,KMDW,,4,3,5,0,,,2,4,31,3,1,4,3,71,
2026-08-10 12:00:00,2026-08-10 18:00:00,NBS,82,73,150,4,35.0,,4.0,,8.0,19.0,,,27,100,78,5,8,0,0,0,9,0.0,130,0.0,22,KMDW,,28,28,4,56,,,4,2,26,5,5,0,4,80,8/19
2026-08-10 12:00:00,2026-08-10 21:00:00,NBS,83,73,90,6,,,,,,,,,45,100,86,7,20,0,0,0,25,,130,,40,KMDW,,14,26,6,33,,,4,2,17,4,0,0,3,79,
2026-08-10 12:00:00,2026-08-11 00:00:00,NBS,79,73,80,6,46.0,66.0,6.0,10.0,,46.0,,46.0,90,100,63,7,30,0,0,0,44,0.0,140,0.0,50,KMDW,5.0,6,5,6,8,85.0,3.0,3,2,28,4,2,3,3,76,
2026-08-10 12:00:00,2026-08-11 03:00:00,NBS,75,72,90,5,,,,,,,,,-88,100,45,6,20,0,0,0,11,,130,,50,KMDW,,4,8,5,0,,,2,2,40,3,6,0,3,74,
2026-08-10 12:00:00,2026-08-11 06:00:00,NBS,74,71,70,5,36.0,,6.0,,,48.0,,,130,100,67,5,29,0,0,0,37,0.0,130,0.0,70,KMDW,,5,8,5,0,,,2,2,40,3,8,5,3,72,
2026-08-10 12:00:00,2026-08-11 09:00:00,NBS,73,71,130,5,,,,,,,,,130,70,66,5,30,0,0,0,18,,130,,35,KMDW,,5,14,6,0,,,2,2,33,3,12,11,3,72,
2026-08-10 12:00:00,2026-08-11 12:00:00,NBS,73,71,160,5,47.0,64.0,15.0,21.0,,52.0,,54.0,45,70,71,5,21,0,0,0,25,0.0,130,0.0,36,KMDW,9.0,6,18,7,4,71.0,2.0,2,2,26,4,15,8,3,72,
2026-08-10 12:00:00,2026-08-11 15:00:00,NBS,75,72,190,7,,,,,,,,,11,100,96,8,16,0,0,0,51,,130,,11,KMDW,,11,20,8,21,,,4,2,6,6,24,4,4,74,
2026-08-10 12:00:00,2026-08-11 18:00:00,NBS,77,72,220,7,78.0,,37.0,,,34.0,,,27,100,96,8,17,0,0,0,49,0.0,140,0.0,27,KMDW,,14,23,9,16,,,4,2,10,7,4,0,4,76,
2026-08-10 12:00:00,2026-08-11 21:00:00,NBS,79,71,190,8,,,,,,,,,35,100,53,9,18,0,0,0,44,,130,,35,KMDW,,22,24,8,39,,,5,2,39,6,1,0,3,77,
2026-08-10 12:00:00,2026-08-12 00:00:00,NBS,78,72,50,6,39.0,89.0,5.0,42.0,,33.0,,41.0,-88,100,48,7,19,0,0,0,37,0.0,130,0.0,43,KMDW,11.0,12,28,6,17,82.0,4.0,4,3,34,4,0,1,3,75,
2026-08-10 12:00:00,2026-08-12 03:00:00,NBS,75,71,120,6,,,,,,,,,-88,100,35,6,15,0,0,0,26,,130,,34,KMDW,,5,9,6,0,,,3,3,25,4,3,4,3,73,
2026-08-10 12:00:00,2026-08-12 06:00:00,NBS,73,71,140,5,35.0,,5.0,,,22.0,,,-88,100,41,5,10,0,0,0,26,0.0,120,0.0,23,KMDW,,4,14,5,0,,,3,2,33,4,5,7,3,72,
2026-08-10 12:00:00,2026-08-12 09:00:00,NBS,72,70,120,5,,,,,,,,,-88,30,67,5,6,0,0,0,19,,120,,1,KMDW,,6,16,5,0,,,2,2,31,5,10,15,3,70,
2026-08-10 12:00:00,2026-08-12 12:00:00,NBS,72,70,180,5,32.0,47.0,4.0,9.0,,10.0,,22.0,-88,40,57,5,5,0,0,0,36,0.0,120,0.0,2,KMDW,2.0,5,21,5,3,70.0,2.0,2,2,32,5,11,15,3,71,
2026-08-10 12:00:00,2026-08-12 15:00:00,NBS,76,72,160,6,,,,,,,,,-88,100,67,7,7,0,0,0,13,,120,,60,KMDW,,16,29,6,30,,,3,3,22,5,6,1,4,75,
2026-08-10 12:00:00,2026-08-12 18:00:00,NBS,79,72,350,7,30.0,,14.0,,,17.0,,,60,100,75,8,11,0,0,0,16,0.0,120,0.0,50,KMDW,,21,35,7,33,,,3,3,17,6,8,1,4,78,
2026-08-10 12:00:00,2026-08-12 21:00:00,NBS,81,71,40,8,,,,,,,,,90,100,65,9,14,0,0,0,25,,120,,14,KMDW,,22,5,8,27,,,4,4,22,6,6,1,4,77,
2026-08-10 12:00:00,2026-08-13 00:00:00,NBS,79,71,60,7,39.0,53.0,21.0,35.0,,23.0,,24.0,-88,100,41,7,14,0,0,0,25,0.0,120,0.0,36,KMDW,5.0,11,8,7,20,83.0,3.0,3,4,27,4,4,2,3,75,
2026-08-10 12:00:00,2026-08-13 03:00:00,NBS,75,71,70,5,,,,,,,,,-88,100,34,6,9,0,0,0,9,,120,,37,KMDW,,8,8,5,1,,,2,4,18,4,9,4,3,72,
2026-08-10 12:00:00,2026-08-13 06:00:00,NBS,73,70,20,5,17.0,,6.0,,,16.0,,,-88,100,45,5,6,0,0,0,9,0.0,120,0.0,50,KMDW,,4,1,5,0,,,2,4,30,3,8,8,3,71,
2026-08-10 12:00:00,2026-08-13 09:00:00,NBS,71,70,20,5,,,,,,,,,-88,80,55,5,3,0,0,0,7,,120,,130,KMDW,,4,2,5,0,,,2,3,23,4,8,9,3,70,
2026-08-10 12:00:00,2026-08-13 12:00:00,NBS,71,69,50,5,4.0,20.0,0.0,6.0,,8.0,,16.0,-88,90,62,5,4,0,0,0,9,0.0,120,0.0,100,KMDW,2.0,4,4,5,0,70.0,2.0,2,4,19,4,7,8,3,70,
2026-08-10 18:00:00,2026-08-11 00:00:00,NBS,79,73,90,6,51.0,,10.0,,10.0,57.0,12.0,,90,100,75,6,36,0,0,0,21,0.0,140,0.0,60,KMDW,,7,5,6,8,,,3,2,26,3,1,2,3,76,10/57
2026-08-10 18:00:00,2026-08-11 03:00:00,NBS,76,72,110,5,,,,,,,,,110,100,64,6,33,0,0,0,30,,130,,80,KMDW,,5,8,5,0,,,2,2,39,3,5,2,3,73,
2026-08-10 18:00:00,2026-08-11 06:00:00,NBS,74,71,90,4,60.0,,4.0,,,59.0,,,90,70,77,5,30,0,0,0,25,0.0,130,0.0,70,KMDW,,5,12,6,0,,,2,2,31,3,12,8,3,72,
2026-08-10 18:00:00,2026-08-11 09:00:00,NBS,73,71,140,5,,,,,,,,,130,70,68,5,24,0,0,0,36,,130,,70,KMDW,,4,17,5,0,,,2,2,35,3,14,8,3,72,
2026-08-10 18:00:00,2026-08-11 12:00:00,NBS,73,71,200,5,57.0,85.0,22.0,26.0,,43.0,,59.0,60,70,67,5,20,0,0,0,29,0.0,130,0.0,46,KMDW,9.0,5,20,7,4,71.0,2.0,2,2,30,5,15,4,4,72,
2026-08-10 18:00:00,2026-08-11 15:00:00,NBS,75,72,170,7,,,,,,,,,7,50,78,9,20,0,0,0,50,,130,,7,KMDW,,14,20,10,22,,,3,2,28,6,36,9,4,74,
2026-08-10 18:00:00,2026-08-11 18:00:00,NBS,76,71,60,7,73.0,,87.0,,,40.0,,,22,100,88,9,18,0,0,0,80,0.0,140,0.0,22,KMDW,,15,0,10,11,,,3,2,19,6,5,2,4,76,
2026-08-10 18:00:00,2026-08-11 21:00:00,NBS,78,71,140,6,,,,,,,,,35,100,63,7,16,0,0,0,40,,130,,35,KMDW,,20,17,8,37,,,4,3,39,5,0,2,3,76,
2026-08-10 18:00:00,2026-08-12 00:00:00,NBS,77,71,90,6,44.0,82.0,4.0,91.0,,25.0,,43.0,-88,100,36,6,14,0,0,0,17,0.0,130,0.0,41,KMDW,10.0,8,17,7,17,81.0,3.0,3,3,38,4,1,1,3,75,
2026-08-10 18:00:00,2026-08-12 03:00:00,NBS,74,71,60,6,,,,,,,,,-88,70,27,6,12,0,0,0,26,,120,,34,KMDW,,5,9,6,0,,,2,3,29,4,5,6,3,72,
2026-08-10 18:00:00,2026-08-12 06:00:00,NBS,73,71,90,4,17.0,,2.0,,,18.0,,,-88,20,40,4,7,0,0,0,18,0.0,120,0.0,12,KMDW,,5,13,4,0,,,2,2,37,3,9,15,3,71,
2026-08-10 18:00:00,2026-08-12 09:00:00,NBS,72,70,70,3,,,,,,,,,-88,30,56,4,4,0,0,0,16,,110,,1,KMDW,,5,15,5,0,,,2,2,27,3,9,15,3,70,
2026-08-10 18:00:00,2026-08-12 12:00:00,NBS,72,70,70,3,25.0,37.0,5.0,7.0,,8.0,,18.0,-88,30,45,3,5,0,0,0,20,0.0,120,0.0,3,KMDW,3.0,3,13,5,4,69.0,2.0,2,2,32,3,22,20,3,71,
2026-08-10 18:00:00,2026-08-12 15:00:00,NBS,76,72,140,4,,,,,,,,,110,100,82,5,12,0,0,0,39,,120,,26,KMDW,,16,16,6,25,,,2,2,17,4,11,2,3,75,
2026-08-10 18:00:00,2026-08-12 18:00:00,NBS,79,72,100,5,25.0,,4.0,,,26.0,,,60,100,97,5,16,0,0,0,29,0.0,130,0.0,49,KMDW,,22,9,6,18,,,3,2,5,5,12,2,4,77,
2026-08-10 18:00:00,2026-08-12 21:00:00,NBS,80,71,20,6,,,,,,,,,44,100,61,6,15,0,0,0,24,,130,,25,KMDW,,24,33,8,56,,,4,3,30,4,5,2,3,77,
2026-08-10 18:00:00,2026-08-13 00:00:00,NBS,78,71,30,7,41.0,57.0,9.0,13.0,,23.0,,31.0,-88,100,51,7,10,0,0,0,18,0.0,130,0.0,17,KMDW,3.0,11,4,9,21,82.0,3.0,3,4,23,4,0,0,3,75,
2026-08-10 18:00:00,2026-08-13 03:00:00,NBS,75,70,40,5,,,,,,,,,-88,100,40,6,7,0,0,0,18,,130,,200,KMDW,,7,3,6,0,,,2,4,11,3,2,2,3,72,
2026-08-10 18:00:00,2026-08-13 06:00:00,NBS,73,70,50,4,17.0,,1.0,,,12.0,,,-88,100,49,5,6,0,0,0,17,0.0,130,0.0,150,KMDW,,8,5,5,0,,,2,3,27,3,2,6,3,71,
2026-08-10 18:00:00,2026-08-13 09:00:00,NBS,71,69,360,5,,,,,,,,,-88,100,65,5,3,0,0,0,17,,120,,130,KMDW,,4,7,5,0,,,2,3,29,3,2,6,3,70,
2026-08-10 18:00:00,2026-08-13 12:00:00,NBS,71,69,20,5,9.0,19.0,2.0,3.0,,8.0,,12.0,-88,90,60,5,3,0,0,0,20,0.0,120,0.0,110,KMDW,0.0,7,35,5,0,69.0,2.0,2,3,25,4,4,8,3,71,
2026-08-10 18:00:00,2026-08-13 15:00:00,NBS,76,70,50,6,,,,,,,,,-88,100,74,6,4,0,0,0,35,,120,,100,KMDW,,15,6,7,38,,,2,4,34,4,1,0,3,74,
2026-08-10 18:00:00,2026-08-13 18:00:00,NBS,77,70,50,6,22.0,,4.0,,,10.0,,,-88,100,87,7,6,0,0,0,55,0.0,130,0.0,70,KMDW,,24,5,6,57,,,4,5,18,5,0,0,4,76,
2026-08-11 00:00:00,2026-08-11 06:00:00,NBS,74,72,100,4,43.0,,3.0,,28.0,64.0,,,3,50,87,5,36,0,0,0,49,0.0,130,0.0,3,KMDW,,4,3,4,0,,,2,2,23,3,40,9,3,72,28/64
2026-08-11 00:00:00,2026-08-11 09:00:00,NBS,73,71,110,4,,,,,,,,,5,50,77,5,28,0,0,0,23,,130,,5,KMDW,,4,11,5,0,,,2,2,29,4,39,12,3,72,
2026-08-11 00:00:00,2026-08-11 12:00:00,NBS,73,71,130,5,70.0,91.0,20.0,23.0,,50.0,,64.0,15,50,76,5,22,0,0,0,20,0.0,130,0.0,15,KMDW,7.0,5,16,6,4,71.0,2.0,2,2,26,5,18,10,3,72,
2026-08-11 00:00:00,2026-08-11 15:00:00,NBS,75,72,160,7,,,,,,,,,15,100,83,9,21,0,0,0,58,,130,,15,KMDW,,13,22,7,23,,,3,2,14,5,13,3,3,74,
2026-08-11 00:00:00,2026-08-11 18:00:00,NBS,77,72,70,7,68.0,,44.0,,,36.0,,,60,100,81,9,14,0,0,0,58,0.0,140,0.0,60,KMDW,,18,6,9,38,,,4,2,18,6,3,2,4,77,
2026-08-11 00:00:00,2026-08-11 21:00:00,NBS,79,71,120,7,,,,,,,,,60,100,64,7,15,0,0,0,44,,130,,60,KMDW,,22,18,8,32,,,4,2,34,5,1,1,3,75,
2026-08-11 00:00:00,2026-08-12 00:00:00,NBS,77,71,80,6,68.0,94.0,16.0,60.0,,26.0,,39.0,-88,100,32,7,17,0,0,0,18,0.0,130,0.0,60,KMDW,11.0,9,17,6,16,81.0,3.0,3,2,35,3,4,1,3,75,
2026-08-11 00:00:00,2026-08-12 03:00:00,NBS,74,71,70,5,,,,,,,,,-88,70,33,6,12,0,0,0,7,,120,,15,KMDW,,5,17,5,0,,,2,2,30,3,5,5,2,72,
2026-08-11 00:00:00,2026-08-12 06:00:00,NBS,73,71,80,4,21.0,,2.0,,,19.0,,,100,40,58,4,8,0,0,0,22,0.0,120,0.0,14,KMDW,,5,20,4,0,,,2,2,37,3,9,11,3,71,
2026-08-11 00:00:00,2026-08-12 09:00:00,NBS,72,70,80,3,,,,,,,,,110,8,76,3,8,0,0,0,6,,110,,7,KMDW,,5,22,5,0,,,2,2,29,3,19,25,3,70,
2026-08-11 00:00:00,2026-08-12 12:00:00,NBS,72,70,360,0,11.0,37.0,0.0,2.0,,17.0,,22.0,-88,30,44,3,9,0,0,0,6,0.0,110,0.0,7,KMDW,3.0,5,26,5,4,70.0,2.0,1,2,33,3,16,21,3,70,
2026-08-11 00:00:00,2026-08-12 15:00:00,NBS,77,71,170,3,,,,,,,,,36,100,81,4,11,0,0,0,22,,120,,16,KMDW,,18,27,5,33,,,2,2,19,4,14,3,3,75,
2026-08-11 00:00:00,2026-08-12 18:00:00,NBS,79,71,210,4,11.0,,0.0,,,22.0,,,90,100,69,4,13,0,0,0,17,0.0,120,0.0,29,KMDW,,26,36,7,44,,,3,2,29,4,6,1,3,78,
2026-08-11 00:00:00,2026-08-12 21:00:00,NBS,80,70,210,6,,,,,,,,,25,100,48,6,11,0,0,0,8,,120,,17,KMDW,,31,26,7,47,,,3,3,30,3,11,2,3,76,
2026-08-11 00:00:00,2026-08-13 00:00:00,NBS,78,71,60,6,20.0,44.0,2.0,2.0,,16.0,,25.0,-88,100,48,7,8,0,0,0,13,0.0,130,0.0,21,KMDW,1.0,12,14,6,16,82.0,2.0,2,4,22,3,3,1,3,76,
2026-08-11 00:00:00,2026-08-13 03:00:00,NBS,75,70,20,5,,,,,,,,,-88,100,47,6,6,0,0,0,31,,130,,120,KMDW,,7,4,6,0,,,2,3,31,3,9,3,3,73,
2026-08-11 00:00:00,2026-08-13 06:00:00,NBS,73,70,20,4,18.0,,3.0,,,11.0,,,-88,90,45,4,5,0,0,0,58,0.0,120,0.0,130,KMDW,,6,6,5,0,,,2,4,34,3,4,8,3,71,
2026-08-11 00:00:00,2026-08-13 09:00:00,NBS,72,69,30,5,,,,,,,,,-88,100,64,5,4,0,0,0,59,,130,,150,KMDW,,8,7,8,0,,,1,3,26,3,2,7,3,70,
2026-08-11 00:00:00,2026-08-13 12:00:00,NBS,72,69,30,5,16.0,32.0,2.0,5.0,,8.0,,14.0,-88,90,55,5,4,0,0,0,62,0.0,130,0.0,110,KMDW,1.0,8,7,5,0,69.0,2.0,1,3,21,4,7,8,3,71,
2026-08-11 00:00:00,2026-08-13 15:00:00,NBS,76,70,30,6,,,,,,,,,-88,100,67,6,6,0,0,0,52,,120,,100,KMDW,,15,4,6,34,,,2,4,30,4,3,0,3,74,
2026-08-11 00:00:00,2026-08-13 18:00:00,NBS,78,69,50,6,18.0,,4.0,,,17.0,,,-88,100,79,6,9,0,0,0,21,0.0,130,0.0,70,KMDW,,15,4,7,40,,,4,5,26,5,1,0,4,76,
2026-08-11 00:00:00,2026-08-13 21:00:00,NBS,77,69,20,7,,,,,,,,,-88,100,90,7,15,0,0,0,54,,130,,70,KMDW,,14,2,7,27,,,4,5,8,5,0,0,4,74,
2026-08-11 00:00:00,2026-08-14 00:00:00,NBS,76,68,20,7,57.0,61.0,15.0,19.0,,28.0,,28.0,-88,100,83,8,10,0,0,0,56,0.0,140,0.0,60,KMDW,4.0,11,25,7,26,80.0,3.0,3,6,14,5,1,0,3,73,
2026-08-11 06:00:00,2026-08-11 12:00:00,NBS,73,71,160,5,44.0,,5.0,,15.0,45.0,32.0,,13,50,78,5,24,0,0,0,42,0.0,130,0.0,13,KMDW,,5,19,6,4,,,2,2,24,4,31,11,3,72,15/45
2026-08-11 06:00:00,2026-08-11 15:00:00,NBS,75,72,210,6,,,,,,,,,22,100,90,8,22,0,0,0,73,,130,,22,KMDW,,11,26,8,16,,,3,2,8,5,8,2,3,74,
2026-08-11 06:00:00,2026-08-11 18:00:00,NBS,77,71,280,7,70.0,,76.0,,,46.0,,,18,80,83,10,26,0,0,0,53,0.0,140,0.0,18,KMDW,,16,22,13,27,,,4,2,30,7,9,5,4,76,
2026-08-11 06:00:00,2026-08-11 21:00:00,NBS,79,70,240,6,,,,,,,,,35,90,85,7,33,0,0,0,35,,130,,35,KMDW,,18,26,10,29,,,4,2,23,5,6,5,3,75,
2026-08-11 06:00:00,2026-08-12 00:00:00,NBS,78,71,350,6,63.0,93.0,12.0,88.0,,53.0,,54.0,35,100,55,6,25,0,0,0,23,0.0,130,0.0,35,KMDW,12.0,9,35,6,11,82.0,3.0,3,2,38,3,11,4,3,75,
2026-08-11 06:00:00,2026-08-12 03:00:00,NBS,75,71,60,5,,,,,,,,,-88,70,38,5,15,0,0,0,12,,120,,13,KMDW,,5,1,5,0,,,2,2,39,3,13,6,3,72,
2026-08-11 06:00:00,2026-08-12 06:00:00,NBS,73,71,20,3,20.0,,2.0,,,24.0,,,-88,50,33,3,10,0,0,0,7,0.0,110,0.0,32,KMDW,,5,1,5,0,,,2,2,32,3,12,10,3,71,
2026-08-11 06:00:00,2026-08-12 09:00:00,NBS,72,70,320,2,,,,,,,,,-88,20,48,3,6,0,0,0,10,,110,,34,KMDW,,5,35,4,0,,,2,2,35,3,13,19,3,70,
2026-08-11 06:00:00,2026-08-12 12:00:00,NBS,72,70,0,2,14.0,26.0,0.0,2.0,,16.0,,24.0,45,70,54,3,9,0,0,0,9,0.0,110,0.0,45,KMDW,2.0,5,23,5,4,70.0,2.0,2,2,27,3,12,6,3,70,
2026-08-11 06:00:00,2026-08-12 15:00:00,NBS,77,72,200,3,,,,,,,,,13,70,85,4,10,0,0,0,12,,120,,13,KMDW,,14,23,6,27,,,2,2,20,3,20,5,3,75,
2026-08-11 06:00:00,2026-08-12 18:00:00,NBS,79,71,280,3,24.0,,4.0,,,18.0,,,60,100,73,4,7,0,0,0,16,0.0,120,0.0,60,KMDW,,26,23,5,46,,,3,2,37,5,3,2,4,78,
2026-08-11 06:00:00,2026-08-12 21:00:00,NBS,80,70,120,6,,,,,,,,,100,100,74,6,10,0,0,0,20,,120,,21,KMDW,,26,28,7,45,,,4,3,36,5,0,1,3,76,
2026-08-11 06:00:00,2026-08-13 00:00:00,NBS,78,71,90,7,37.0,41.0,13.0,17.0,,16.0,,21.0,-88,100,38,7,9,0,0,0,13,0.0,130,0.0,32,KMDW,2.0,9,7,7,14,82.0,2.0,3,3,36,4,0,0,3,75,
2026-08-11 06:00:00,2026-08-13 03:00:00,NBS,75,71,80,5,,,,,,,,,-88,100,52,6,6,0,0,0,18,,120,,21,KMDW,,5,11,5,0,,,2,3,33,3,5,3,3,72,
2026-08-11 06:00:00,2026-08-13 06:00:00,NBS,73,71,90,4,26.0,,10.0,,,11.0,,,-88,100,78,4,5,0,0,0,19,0.0,130,0.0,49,KMDW,,4,10,5,0,,,2,3,11,3,7,8,3,72,
2026-08-11 06:00:00,2026-08-13 09:00:00,NBS,72,70,30,4,,,,,,,,,-88,50,62,4,4,0,0,0,27,,130,,90,KMDW,,5,19,6,0,,,2,2,30,3,5,12,3,70,
2026-08-11 06:00:00,2026-08-13 12:00:00,NBS,72,69,30,4,26.0,42.0,2.0,12.0,,7.0,,13.0,-88,50,58,5,4,0,0,0,28,0.0,120,0.0,70,KMDW,2.0,8,18,5,3,70.0,2.0,1,3,24,3,10,12,3,71,
2026-08-11 06:00:00,2026-08-13 15:00:00,NBS,75,71,40,6,,,,,,,,,-88,100,75,6,7,0,0,0,55,,130,,110,KMDW,,15,7,6,36,,,3,3,23,4,4,0,3,74,
2026-08-11 06:00:00,2026-08-13 18:00:00,NBS,77,70,50,6,38.0,,18.0,,,17.0,,,-88,100,81,6,10,0,0,0,48,0.0,130,0.0,100,KMDW,,21,11,6,54,,,4,4,28,5,2,0,4,76,
2026-08-11 06:00:00,2026-08-13 21:00:00,NBS,77,69,30,8,,,,,,,,,-88,100,91,9,17,0,0,0,40,,140,,90,KMDW,,15,4,8,47,,,3,4,6,5,2,0,3,74,
2026-08-11 06:00:00,2026-08-14 00:00:00,NBS,75,68,40,8,45.0,54.0,49.0,67.0,,32.0,,32.0,-88,100,71,8,13,0,0,0,40,0.0,140,0.0,90,KMDW,8.0,9,4,8,30,80.0,3.0,3,6,22,5,0,0,4,72,
2026-08-11 06:00:00,2026-08-14 03:00:00,NBS,73,67,30,7,,,,,,,,,-88,100,79,7,8,0,0,0,24,,140,,80,KMDW,,7,0,7,0,,,2,6,15,5,4,2,3,70,
2026-08-11 06:00:00,2026-08-14 06:00:00,NBS,72,67,30,7,23.0,,3.0,,,15.0,,,-88,100,71,7,3,0,0,0,24,0.0,130,0.0,80,KMDW,,6,2,8,0,,,2,6,19,4,4,3,3,68,
2026-08-11 12:00:00,2026-08-11 18:00:00,NBS,77,71,180,7,84.0,,62.0,,5.0,38.0,,,90,100,77,9,21,0,0,0,52,0.0,140,0.0,70,KMDW,,15,20,9,36,,,5,2,30,7,2,4,4,77,5/38
2026-08-11 12:00:00,2026-08-11 21:00:00,NBS,79,71,170,7,,,,,,,,,35,100,83,8,28,0,0,0,28,,130,,34,KMDW,,18,23,9,33,,,5,2,28,6,7,2,3,76,
2026-08-11 12:00:00,2026-08-12 00:00:00,NBS,77,71,180,6,78.0,96.0,25.0,87.0,,41.0,,45.0,90,100,67,6,29,0,0,0,35,0.0,130,0.0,50,KMDW,11.0,8,20,6,10,81.0,4.0,4,2,38,4,5,1,3,74,
2026-08-11 12:00:00,2026-08-12 03:00:00,NBS,74,70,70,5,,,,,,,,,4,80,59,5,19,0,0,0,13,,130,,4,KMDW,,5,23,6,0,,,2,2,39,3,27,5,3,72,
2026-08-11 12:00:00,2026-08-12 06:00:00,NBS,72,70,80,3,21.0,,5.0,,,29.0,,,-88,40,53,4,14,0,0,0,16,0.0,120,0.0,48,KMDW,,4,20,7,0,,,2,2,35,3,13,12,3,71,
2026-08-11 12:00:00,2026-08-12 09:00:00,NBS,72,70,120,3,,,,,,,,,-88,10,56,3,21,0,0,0,15,,110,,10,KMDW,,5,12,6,0,,,2,2,34,2,14,22,2,70,
2026-08-11 12:00:00,2026-08-12 12:00:00,NBS,72,70,130,3,13.0,28.0,0.0,5.0,,32.0,,37.0,13,30,66,3,11,0,0,0,12,0.0,120,0.0,13,KMDW,2.0,6,15,6,5,70.0,2.0,2,2,29,3,25,20,3,71,
2026-08-11 12:00:00,2026-08-12 15:00:00,NBS,76,71,140,3,,,,,,,,,11,80,84,4,11,0,0,0,15,,120,,11,KMDW,,14,12,5,23,,,2,2,21,3,18,5,3,74,
2026-08-11 12:00:00,2026-08-12 18:00:00,NBS,79,71,260,3,33.0,,7.0,,,21.0,,,70,100,66,4,8,0,0,0,23,0.0,120,0.0,70,KMDW,,26,27,5,29,,,4,2,33,4,1,2,3,78,
2026-08-11 12:00:00,2026-08-12 21:00:00,NBS,80,70,180,6,,,,,,,,,70,100,68,6,11,0,0,0,15,,120,,60,KMDW,,26,32,6,38,,,3,3,31,3,0,0,2,76,
2026-08-11 12:00:00,2026-08-13 00:00:00,NBS,78,71,40,6,18.0,44.0,4.0,11.0,,18.0,,24.0,-88,100,57,7,11,0,0,0,8,0.0,120,0.0,90,KMDW,8.0,8,5,6,18,82.0,3.0,2,3,35,3,0,0,2,75,
2026-08-11 12:00:00,2026-08-13 03:00:00,NBS,75,70,80,5,,,,,,,,,-88,100,62,5,8,0,0,0,15,,120,,43,KMDW,,6,8,6,0,,,2,3,42,3,3,2,3,73,
2026-08-11 12:00:00,2026-08-13 06:00:00,NBS,73,71,60,4,14.0,,3.0,,,14.0,,,-88,100,70,4,6,0,0,0,35,0.0,130,0.0,21,KMDW,,5,8,5,0,,,2,3,31,3,4,7,3,72,
2026-08-11 12:00:00,2026-08-13 09:00:00,NBS,72,70,80,4,,,,,,,,,-88,60,76,4,6,0,0,0,48,,130,,38,KMDW,,5,11,5,0,,,2,3,33,3,5,13,3,70,
2026-08-11 12:00:00,2026-08-13 12:00:00,NBS,72,70,90,4,33.0,40.0,7.0,10.0,,11.0,,14.0,-88,80,62,4,3,0,0,0,54,0.0,130,0.0,70,KMDW,1.0,6,11,6,1,70.0,2.0,1,3,33,4,7,11,3,70,
2026-08-11 12:00:00,2026-08-13 15:00:00,NBS,75,71,120,5,,,,,,,,,-88,100,79,6,5,0,0,0,51,,140,,80,KMDW,,15,21,7,21,,,3,3,24,4,7,0,3,73,
2026-08-11 12:00:00,2026-08-13 18:00:00,NBS,77,70,90,5,51.0,,19.0,,,15.0,,,110,100,87,6,8,0,0,0,77,0.0,140,0.0,80,KMDW,,21,14,6,36,,,4,3,16,5,3,0,4,76,
2026-08-11 12:00:00,2026-08-13 21:00:00,NBS,77,69,50,7,,,,,,,,,90,100,92,7,21,0,0,0,66,,140,,80,KMDW,,13,10,7,31,,,4,4,7,5,2,0,3,74,
2026-08-11 12:00:00,2026-08-14 00:00:00,NBS,75,69,40,8,56.0,65.0,101.0,120.0,,47.0,,47.0,-88,100,77,8,27,0,0,0,74,0.0,140,0.0,80,KMDW,10.0,13,5,9,22,80.0,3.0,3,5,17,5,0,1,3,73,
2026-08-11 12:00:00,2026-08-14 03:00:00,NBS,73,67,30,7,,,,,,,,,-88,100,79,8,13,0,0,0,26,,130,,100,KMDW,,8,4,9,0,,,2,4,22,5,4,1,3,70,
2026-08-11 12:00:00,2026-08-14 06:00:00,NBS,72,67,40,7,19.0,,1.0,,,22.0,,,-88,100,63,8,4,0,0,0,25,0.0,130,0.0,110,KMDW,,8,4,9,0,,,2,4,26,4,3,3,3,70,
2026-08-11 12:00:00,2026-08-14 09:00:00,NBS,71,66,40,8,,,,,,,,,-88,100,70,9,2,0,0,0,8,,130,,150,KMDW,,8,3,8,0,,,2,4,26,4,6,3,3,68,
2026-08-11 12:00:00,2026-08-14 12:00:00,NBS,71,66,50,9,10.0,25.0,1.0,2.0,,5.0,,22.0,-88,100,56,10,2,0,0,0,9,0.0,120,0.0,150,KMDW,0.0,12,5,10,0,69.0,2.0,2,5,31,4,7,3,3,68,
2026-08-11 18:00:00,2026-08-12 00:00:00,NBS,78,71,120,6,65.0,,15.0,,5.0,33.0,29.0,,-88,100,40,6,15,0,0,0,22,0.0,130,0.0,120,KMDW,,8,14,6,11,,,4,2,39,3,0,0,3,75,5/33
2026-08-11 18:00:00,2026-08-12 03:00:00,NBS,74,71,80,5,,,,,,,,,-88,70,37,5,17,0,0,0,20,,130,,110,KMDW,,5,13,5,0,,,2,2,39,3,5,5,3,72,
2026-08-11 18:00:00,2026-08-12 06:00:00,NBS,72,71,240,4,23.0,,2.0,,,34.0,,,45,40,74,4,20,0,0,0,30,0.0,130,0.0,38,KMDW,,5,28,4,0,,,2,2,28,3,20,10,3,71,
2026-08-11 18:00:00,2026-08-12 09:00:00,NBS,71,70,250,4,,,,,,,,,130,8,60,5,25,0,0,0,14,,120,,50,KMDW,,4,21,4,0,,,2,2,32,3,21,26,3,70,
2026-08-11 18:00:00,2026-08-12 12:00:00,NBS,72,70,250,3,25.0,40.0,3.0,5.0,,38.0,,42.0,90,30,68,3,10,0,0,0,17,0.0,120,0.0,80,KMDW,4.0,6,23,5,6,70.0,2.0,2,2,31,4,16,19,3,70,
2026-08-11 18:00:00,2026-08-12 15:00:00,NBS,76,71,270,4,,,,,,,,,70,100,67,4,10,0,0,0,13,,130,,70,KMDW,,14,28,5,39,,,2,2,35,4,3,2,3,75,
2026-08-11 18:00:00,2026-08-12 18:00:00,NBS,79,71,30,4,39.0,,12.0,,,21.0,,,70,100,81,5,12,0,0,0,18,0.0,120,0.0,60,KMDW,,28,36,6,24,,,4,2,28,5,2,0,4,77,
2026-08-11 18:00:00,2026-08-12 21:00:00,NBS,78,70,360,6,,,,,,,,,110,100,75,6,17,0,0,0,18,,130,,60,KMDW,,22,30,6,34,,,4,3,28,4,0,0,3,75,
2026-08-11 18:00:00,2026-08-13 00:00:00,NBS,77,71,80,6,34.0,54.0,7.0,19.0,,27.0,,28.0,-88,100,40,7,12,0,0,0,7,0.0,130,0.0,21,KMDW,4.0,12,5,6,16,82.0,3.0,2,3,35,3,0,0,3,75,
2026-08-11 18:00:00,2026-08-13 03:00:00,NBS,74,70,90,5,,,,,,,,,-88,100,50,6,8,0,0,0,25,,130,,50,KMDW,,12,8,5,0,,,2,3,34,3,0,3,3,72,
2026-08-11 18:00:00,2026-08-13 06:00:00,NBS,72,70,60,4,18.0,,3.0,,,13.0,,,-88,70,52,4,6,0,0,0,17,0.0,120,0.0,30,KMDW,,11,7,4,0,,,2,3,31,3,6,8,3,71,
2026-08-11 18:00:00,2026-08-13 09:00:00,NBS,71,70,60,3,,,,,,,,,-88,60,67,4,7,0,0,0,32,,120,,28,KMDW,,5,8,3,0,,,2,3,33,3,6,12,3,70,
2026-08-11 18:00:00,2026-08-13 12:00:00,NBS,72,70,70,3,38.0,52.0,8.0,11.0,,11.0,,14.0,-88,60,73,4,3,0,0,0,32,0.0,120,0.0,27,KMDW,3.0,5,9,4,4,70.0,2.0,1,3,30,3,9,12,3,71,
2026-08-11 18:00:00,2026-08-13 15:00:00,NBS,75,71,90,5,,,,,,,,,-88,100,70,6,4,0,0,0,28,,130,,31,KMDW,,16,11,6,35,,,2,3,33,4,5,0,3,74,
2026-08-11 18:00:00,2026-08-13 18:00:00,NBS,77,70,70,6,56.0,,24.0,,,12.0,,,100,100,91,7,7,0,0,0,28,0.0,130,0.0,70,KMDW,,26,11,6,47,,,4,3,23,5,4,0,3,75,
2026-08-11 18:00:00,2026-08-13 21:00:00,NBS,74,70,70,7,,,,,,,,,100,100,92,8,17,0,0,0,49,,140,,17,KMDW,,20,9,7,30,,,4,3,12,5,2,0,3,72,
2026-08-11 18:00:00,2026-08-14 00:00:00,NBS,75,69,60,8,63.0,67.0,98.0,122.0,,43.0,,43.0,-88,100,76,9,25,0,0,0,25,0.0,140,0.0,15,KMDW,10.0,12,8,8,24,79.0,3.0,3,3,26,5,0,0,3,73,
2026-08-11 18:00:00,2026-08-14 03:00:00,NBS,73,68,50,8,,,,,,,,,-88,100,82,9,18,0,0,0,30,,130,,90,KMDW,,9,6,8,0,,,2,4,14,5,5,5,3,70,
2026-08-11 18:00:00,2026-08-14 06:00:00,NBS,72,68,40,8,41.0,,3.0,,,29.0,,,-88,100,73,9,6,0,0,0,30,0.0,130,0.0,100,KMDW,,10,5,8,0,,,2,4,20,4,5,6,3,70,
2026-08-11 18:00:00,2026-08-14 09:00:00,NBS,70,67,40,8,,,,,,,,,-88,100,73,9,2,0,0,0,17,,130,,70,KMDW,,5,5,8,0,,,2,4,26,4,4,7,3,68,
2026-08-11 18:00:00,2026-08-14 12:00:00,NBS,70,67,50,9,19.0,45.0,4.0,7.0,,5.0,,29.0,-88,90,66,10,2,0,0,0,18,0.0,130,0.0,70,KMDW,3.0,11,5,9,0,69.0,2.0,2,4,18,4,6,6,3,69,
2026-08-11 18:00:00,2026-08-14 15:00:00,NBS,74,67,60,10,,,,,,,,,-88,100,59,12,2,0,0,0,12,,130,,80,KMDW,,20,7,10,28,,,2,5,18,4,4,0,3,72,
2026-08-11 18:00:00,2026-08-14 18:00:00,NBS,76,66,60,11,15.0,,2.0,,,5.0,,,-88,100,64,14,3,0,0,0,13,0.0,130,0.0,150,KMDW,,25,7,11,46,,,3,5,23,4,2,0,3,75,
2026-08-12 00:00:00,2026-08-12 06:00:00,NBS,73,71,160,4,43.0,,0.0,,14.0,38.0,,,35,40,81,5,23,0,0,0,47,0.0,130,0.0,35,KMDW,,4,19,6,0,,,2,2,26,3,24,10,3,72,14/38
2026-08-12 00:00:00,2026-08-12 09:00:00,NBS,72,70,210,4,,,,,,,,,5,20,73,5,29,0,0,0,37,,120,,5,KMDW,,5,22,6,0,,,2,2,24,3,48,21,3,70,
2026-08-12 00:00:00,2026-08-12 12:00:00,NBS,72,70,240,4,46.0,45.0,6.0,6.0,,45.0,,45.0,8,30,65,4,15,0,0,0,19,0.0,120,0.0,8,KMDW,5.0,5,27,6,5,70.0,2.0,2,2,33,4,30,19,3,71,
2026-08-12 00:00:00,2026-08-12 15:00:00,NBS,77,72,220,4,,,,,,,,,11,90,82,4,11,0,0,0,11,,120,,11,KMDW,,14,23,6,26,,,2,2,16,4,23,5,3,75,
2026-08-12 00:00:00,2026-08-12 18:00:00,NBS,79,72,120,4,28.0,,2.0,,,24.0,,,27,100,78,5,14,0,0,0,22,0.0,120,0.0,27,KMDW,,25,28,5,35,,,3,2,27,5,9,2,4,78,
2026-08-12 00:00:00,2026-08-12 21:00:00,NBS,78,70,300,6,,,,,,,,,90,100,73,7,15,0,0,0,25,,130,,70,KMDW,,19,29,6,39,,,4,2,26,4,0,2,3,75,
2026-08-12 00:00:00,2026-08-13 00:00:00,NBS,77,70,180,6,37.0,50.0,12.0,14.0,,25.0,,27.0,-88,100,38,7,14,0,0,0,14,0.0,120,0.0,60,KMDW,3.0,10,22,6,18,82.0,3.0,3,3,33,3,4,0,3,75,
2026-08-12 00:00:00,2026-08-13 03:00:00,NBS,74,69,60,5,,,,,,,,,-88,100,34,6,7,0,0,0,4,,120,,140,KMDW,,4,7,5,0,,,2,2,33,3,4,1,2,72,
2026-08-12 00:00:00,2026-08-13 06:00:00,NBS,72,70,70,4,20.0,,4.0,,,12.0,,,-88,70,48,4,5,0,0,0,7,0.0,120,0.0,38,KMDW,,5,9,5,0,,,1,2,35,3,8,8,3,70,
2026-08-12 00:00:00,2026-08-13 09:00:00,NBS,71,69,120,3,,,,,,,,,130,50,58,4,3,0,0,0,14,,120,,25,KMDW,,5,12,4,0,,,1,2,36,3,9,12,3,70,
2026-08-12 00:00:00,2026-08-13 12:00:00,NBS,72,69,70,3,17.0,37.0,0.0,4.0,,7.0,,14.0,200,80,69,4,3,0,0,0,32,0.0,120,0.0,130,KMDW,0.0,5,10,5,4,70.0,2.0,1,2,28,3,6,7,3,71,
2026-08-12 00:00:00,2026-08-13 15:00:00,NBS,75,71,130,6,,,,,,,,,110,100,62,7,5,0,0,0,21,,130,,20,KMDW,,18,13,7,21,,,2,2,28,3,8,0,3,74,
2026-08-12 00:00:00,2026-08-13 18:00:00,NBS,76,71,100,6,47.0,,22.0,,,16.0,,,60,100,69,7,10,0,0,0,41,0.0,130,0.0,50,KMDW,,21,11,6,42,,,4,3,28,4,9,2,3,77,
2026-08-12 00:00:00,2026-08-13 21:00:00,NBS,74,70,90,7,,,,,,,,,27,100,84,7,18,0,0,0,40,,140,,27,KMDW,,19,11,7,35,,,4,3,25,5,17,6,3,72,
2026-08-12 00:00:00,2026-08-14 00:00:00,NBS,75,69,50,8,73.0,76.0,64.0,86.0,,33.0,,33.0,100,100,69,8,15,0,0,0,40,0.0,140,0.0,3,KMDW,10.0,8,6,8,3,79.0,3.0,3,3,35,4,11,6,3,72,
2026-08-12 00:00:00,2026-08-14 03:00:00,NBS,73,68,70,7,,,,,,,,,22,50,86,8,9,0,0,0,43,,150,,1,KMDW,,4,9,7,0,,,2,3,15,5,23,9,3,70,
2026-08-12 00:00:00,2026-08-14 06:00:00,NBS,72,69,60,7,54.0,,14.0,,,17.0,,,60,40,75,7,5,0,0,0,43,0.0,140,0.0,25,KMDW,,5,10,7,0,,,2,3,18,4,17,13,3,70,
2026-08-12 00:00:00,2026-08-14 09:00:00,NBS,71,68,40,7,,,,,,,,,25,10,73,8,5,0,0,0,41,,140,,25,KMDW,,5,6,7,0,,,2,3,18,4,24,18,3,69,
2026-08-12 00:00:00,2026-08-14 12:00:00,NBS,71,68,40,9,20.0,58.0,3.0,17.0,,11.0,,17.0,7,30,65,9,5,0,0,0,31,0.0,130,0.0,7,KMDW,4.0,6,5,9,0,69.0,2.0,1,3,24,4,34,18,3,70,
2026-08-12 00:00:00,2026-08-14 15:00:00,NBS,75,68,60,10,,,,,,,,,17,100,65,12,5,0,0,0,14,,140,,8,KMDW,,16,6,10,30,,,2,4,28,4,20,3,3,73,
2026-08-12 00:00:00,2026-08-14 18:00:00,NBS,77,68,60,11,13.0,,2.0,,,10.0,,,60,100,66,13,5,0,0,0,13,0.0,130,0.0,60,KMDW,,26,7,11,53,,,3,5,28,4,4,0,3,75,
2026-08-12 00:00:00,2026-08-14 21:00:00,NBS,75,66,50,11,,,,,,,,,-88,100,40,13,7,0,0,0,16,,130,,90,KMDW,,26,7,11,77,,,3,5,29,4,0,0,2,72,
2026-08-12 00:00:00,2026-08-15 00:00:00,NBS,75,66,40,11,7.0,18.0,0.0,2.0,,14.0,,15.0,-88,100,52,11,8,0,0,0,16,0.0,140,0.0,42,KMDW,0.0,13,5,11,54,79.0,2.0,3,6,27,4,3,1,2,71,
2026-08-12 06:00:00,2026-08-12 12:00:00,NBS,72,70,160,3,73.0,,19.0,,16.0,44.0,17.0,,15,40,63,3,15,0,0,0,32,0.0,130,0.0,15,KMDW,,9,24,5,5,,,2,2,32,3,18,12,3,72,16/44
2026-08-12 06:00:00,2026-08-12 15:00:00,NBS,76,72,210,3,,,,,,,,,8,100,89,4,6,0,0,0,31,,130,,8,KMDW,,15,25,5,37,,,2,2,7,3,34,4,3,75,
2026-08-12 06:00:00,2026-08-12 18:00:00,NBS,80,72,260,5,50.0,,1.0,,,24.0,,,35,100,92,6,14,0,0,0,66,0.0,130,0.0,34,KMDW,,17,27,9,22,,,4,2,10,6,5,4,4,77,
2026-08-12 06:00:00,2026-08-12 21:00:00,NBS,79,70,240,6,,,,,,,,,70,100,86,7,22,0,0,0,44,,130,,70,KMDW,,14,23,6,32,,,4,2,19,4,0,2,3,75,
2026-08-12 06:00:00,2026-08-13 00:00:00,NBS,78,70,310,6,41.0,50.0,10.0,11.0,,38.0,,38.0,-88,100,57,6,14,0,0,0,33,0.0,130,0.0,90,KMDW,10.0,10,29,6,12,82.0,3.0,3,3,32,3,2,1,3,75,
2026-08-12 06:00:00,2026-08-13 03:00:00,NBS,74,69,90,5,,,,,,,,,-88,100,45,5,9,0,0,0,45,,120,,25,KMDW,,5,5,5,0,,,2,2,34,2,3,2,2,72,
2026-08-12 06:00:00,2026-08-13 06:00:00,NBS,73,70,360,4,15.0,,1.0,,,15.0,,,-88,70,25,5,6,0,0,0,10,0.0,120,0.0,120,KMDW,,5,5,5,0,,,1,2,33,2,5,5,2,70,
2026-08-12 06:00:00,2026-08-13 09:00:00,NBS,71,69,60,3,,,,,,,,,-88,50,52,4,5,0,0,0,14,,120,,110,KMDW,,5,7,5,0,,,1,2,32,3,6,13,2,70,
2026-08-12 06:00:00,2026-08-13 12:00:00,NBS,72,69,50,4,13.0,24.0,2.0,3.0,,11.0,,16.0,90,90,76,4,4,0,0,0,11,0.0,120,0.0,90,KMDW,2.0,9,9,5,5,70.0,1.0,1,2,28,2,0,2,2,71,
2026-08-12 06:00:00,2026-08-13 15:00:00,NBS,75,71,40,5,,,,,,,,,13,70,80,6,5,0,0,0,16,,120,,13,KMDW,,14,9,6,28,,,2,2,26,3,21,5,3,73,
2026-08-12 06:00:00,2026-08-13 18:00:00,NBS,76,72,80,6,46.0,,18.0,,,15.0,,,7,40,80,7,9,0,0,0,33,0.0,130,0.0,7,KMDW,,19,9,6,47,,,4,2,27,4,31,11,3,77,
2026-08-12 06:00:00,2026-08-13 21:00:00,NBS,74,70,80,7,,,,,,,,,31,100,95,7,13,0,0,0,33,,130,,31,KMDW,,16,9,7,26,,,4,2,9,5,12,2,3,72,
2026-08-12 06:00:00,2026-08-14 00:00:00,NBS,75,70,60,7,65.0,68.0,50.0,68.0,,25.0,,25.0,60,100,96,8,12,0,0,0,30,0.0,140,0.0,50,KMDW,5.0,9,8,7,6,79.0,3.0,3,3,5,5,11,4,3,72,
2026-08-12 06:00:00,2026-08-14 03:00:00,NBS,73,69,70,7,,,,,,,,,31,100,58,7,8,0,0,0,32,,150,,16,KMDW,,5,10,7,0,,,2,2,28,5,20,6,3,71,
2026-08-12 06:00:00,2026-08-14 06:00:00,NBS,72,70,70,7,49.0,,16.0,,,17.0,,,21,40,86,8,6,0,0,0,32,0.0,140,0.0,21,KMDW,,7,12,7,0,,,1,2,9,4,24,12,3,71,
2026-08-12 06:00:00,2026-08-14 09:00:00,NBS,71,69,60,7,,,,,,,,,16,40,85,7,6,0,0,0,11,,140,,3,KMDW,,7,8,7,0,,,1,2,16,5,28,14,4,70,
2026-08-12 06:00:00,2026-08-14 12:00:00,NBS,72,69,60,8,31.0,61.0,10.0,26.0,,14.0,,17.0,7,30,78,8,6,0,0,0,35,0.0,150,0.0,7,KMDW,4.0,9,6,8,0,69.0,2.0,1,3,25,4,34,20,3,71,
2026-08-12 06:00:00,2026-08-14 15:00:00,NBS,75,70,80,9,,,,,,,,,7,90,79,12,5,0,0,0,19,,140,,4,KMDW,,17,10,9,11,,,2,3,27,5,33,8,3,74,
2026-08-12 06:00:00,2026-08-14 18:00:00,NBS,77,70,80,10,15.0,,0.0,,,12.0,,,17,100,78,11,7,0,0,0,18,0.0,140,0.0,10,KMDW,,23,10,10,27,,,3,4,28,5,11,2,3,77,
2026-08-12 06:00:00,2026-08-14 21:00:00,NBS,76,68,60,10,,,,,,,,,42,100,72,13,9,0,0,0,15,,140,,20,KMDW,,24,8,10,57,,,3,4,26,4,1,0,2,73,
2026-08-12 06:00:00,2026-08-15 00:00:00,NBS,76,68,60,10,8.0,20.0,0.0,0.0,,17.0,,17.0,90,100,61,11,10,0,0,0,15,0.0,150,0.0,34,KMDW,0.0,13,8,10,42,80.0,3.0,3,5,23,3,0,0,2,72,
2026-08-12 06:00:00,2026-08-15 03:00:00,NBS,73,67,70,9,,,,,,,,,50,100,67,10,7,0,0,0,17,,150,,18,KMDW,,6,8,9,0,,,3,5,26,3,8,1,2,70,
2026-08-12 06:00:00,2026-08-15 06:00:00,NBS,72,68,90,8,16.0,,0.0,,,16.0,,,100,100,71,8,7,0,0,0,24,0.0,150,0.0,70,KMDW,,5,10,8,0,,,2,5,24,3,8,6,2,70,
2026-08-12 12:00:00,2026-08-12 18:00:00,NBS,79,71,250,6,56.0,,10.0,,23.0,34.0,,,35,80,90,6,21,0,0,0,68,0.0,130,0.0,35,KMDW,,16,25,10,30,,,4,2,10,6,6,6,4,77,23/34
2026-08-12 12:00:00,2026-08-12 21:00:00,NBS,77,70,240,7,,,,,,,,,60,100,80,7,25,0,0,0,29,,130,,60,KMDW,,16,24,9,38,,,5,2,29,6,4,1,3,74,
2026-08-12 12:00:00,2026-08-13 00:00:00,NBS,77,70,270,6,64.0,76.0,15.0,25.0,,36.0,,41.0,-88,100,42,7,9,0,0,0,27,0.0,130,0.0,110,KMDW,11.0,12,29,6,10,82.0,3.0,3,3,32,3,3,0,3,74,
2026-08-12 12:00:00,2026-08-13 03:00:00,NBS,74,69,130,5,,,,,,,,,-88,100,52,5,4,0,0,0,18,,120,,120,KMDW,,5,18,5,0,,,2,2,30,3,4,2,2,71,
2026-08-12 12:00:00,2026-08-13 06:00:00,NBS,72,70,10,4,20.0,,4.0,,,10.0,,,-88,80,50,4,5,0,0,0,10,0.0,120,0.0,50,KMDW,,5,5,4,0,,,2,2,38,2,6,7,3,70,
2026-08-12 12:00:00,2026-08-13 09:00:00,NBS,71,69,40,3,,,,,,,,,-88,80,40,3,3,0,0,0,8,,120,,100,KMDW,,5,7,4,0,,,2,2,26,3,2,10,2,70,
2026-08-12 12:00:00,2026-08-13 12:00:00,NBS,72,69,60,4,9.0,23.0,1.0,5.0,,7.0,,11.0,130,100,71,4,4,0,0,0,27,0.0,120,0.0,21,KMDW,2.0,6,10,6,3,70.0,2.0,1,2,27,3,0,4,3,71,
2026-08-12 12:00:00,2026-08-13 15:00:00,NBS,74,70,70,5,,,,,,,,,60,100,66,5,7,0,0,0,23,,120,,60,KMDW,,15,13,6,41,,,2,2,30,3,13,5,3,73,
2026-08-12 12:00:00,2026-08-13 18:00:00,NBS,75,70,70,6,28.0,,10.0,,,15.0,,,13,60,84,7,8,0,0,0,23,0.0,130,0.0,13,KMDW,,18,10,6,35,,,4,3,24,6,20,8,4,75,
2026-08-12 12:00:00,2026-08-13 21:00:00,NBS,74,69,90,7,,,,,,,,,27,70,98,7,14,0,0,0,31,,130,,27,KMDW,,16,11,7,18,,,4,3,6,5,11,5,3,72,
2026-08-12 12:00:00,2026-08-14 00:00:00,NBS,74,68,80,8,52.0,59.0,21.0,31.0,,24.0,,24.0,45,100,97,8,12,0,0,0,20,0.0,140,0.0,45,KMDW,6.0,8,11,8,7,78.0,3.0,3,3,6,5,8,3,3,71,
2026-08-12 12:00:00,2026-08-14 03:00:00,NBS,72,68,70,8,,,,,,,,,100,100,70,8,9,0,0,0,34,,150,,24,KMDW,,5,9,8,0,,,2,3,29,5,12,4,3,70,
2026-08-12 12:00:00,2026-08-14 06:00:00,NBS,72,68,70,7,44.0,,15.0,,,22.0,,,100,80,82,8,10,0,0,0,40,0.0,150,0.0,22,KMDW,,4,10,7,0,,,2,3,15,4,14,8,3,69,
2026-08-12 12:00:00,2026-08-14 09:00:00,NBS,71,68,70,7,,,,,,,,,90,100,89,8,10,0,0,0,17,,150,,22,KMDW,,4,9,8,0,,,2,3,8,5,12,3,3,69,
2026-08-12 12:00:00,2026-08-14 12:00:00,NBS,71,68,80,7,45.0,69.0,23.0,38.0,,22.0,,24.0,48,90,82,8,9,0,0,0,43,0.0,150,0.0,22,KMDW,6.0,6,13,7,2,69.0,2.0,2,3,7,4,17,9,3,70,
2026-08-12 12:00:00,2026-08-14 15:00:00,NBS,75,69,100,9,,,,,,,,,70,100,84,12,7,0,0,0,43,,140,,6,KMDW,,13,13,9,18,,,2,3,27,5,20,6,3,73,
2026-08-12 12:00:00,2026-08-14 18:00:00,NBS,77,69,90,10,34.0,,3.0,,,15.0,,,27,100,83,11,7,0,0,0,12,0.0,140,0.0,15,KMDW,,26,11,10,51,,,3,3,27,5,13,2,3,75,
2026-08-12 12:00:00,2026-08-14 21:00:00,NBS,76,68,80,10,,,,,,,,,60,100,81,13,12,0,0,0,9,,140,,17,KMDW,,18,10,10,36,,,4,3,24,5,7,1,3,73,
2026-08-12 12:00:00,2026-08-15 00:00:00,NBS,76,68,70,10,10.0,43.0,0.0,3.0,,24.0,,24.0,100,100,70,10,16,0,0,0,10,0.0,140,0.0,45,KMDW,1.0,10,7,10,29,80.0,3.0,3,4,28,4,2,0,3,73,
2026-08-12 12:00:00,2026-08-15 03:00:00,NBS,73,68,80,9,,,,,,,,,110,100,74,10,19,0,0,0,24,,150,,60,KMDW,,5,9,9,0,,,3,4,28,4,9,3,2,71,
2026-08-12 12:00:00,2026-08-15 06:00:00,NBS,72,69,100,8,31.0,,0.0,,,36.0,,,110,90,76,9,15,0,0,0,26,0.0,150,0.0,6,KMDW,,4,10,8,0,,,3,4,18,4,16,7,2,70,
2026-08-12 12:00:00,2026-08-15 09:00:00,NBS,72,68,100,9,,,,,,,,,23,80,67,10,10,0,0,0,30,,150,,6,KMDW,,4,9,9,0,,,3,4,29,4,25,9,2,70,
2026-08-12 12:00:00,2026-08-15 12:00:00,NBS,72,67,110,10,40.0,48.0,10.0,10.0,,23.0,,36.0,47,40,74,11,10,0,0,0,32,0.0,150,0.0,6,KMDW,3.0,7,11,10,0,70.0,3.0,3,5,12,4,24,13,3,70,
2026-08-12 18:00:00,2026-08-13 00:00:00,NBS,76,69,130,6,73.0,,21.0,,18.0,29.0,38.0,,-88,100,32,7,12,0,0,0,14,0.0,120,0.0,28,KMDW,,10,9,6,11,,,3,3,25,3,0,0,3,74,18/29
2026-08-12 18:00:00,2026-08-13 03:00:00,NBS,73,69,20,4,,,,,,,,,-88,100,56,4,5,0,0,0,4,,120,,34,KMDW,,4,7,4,0,,,2,2,30,2,2,2,2,71,
2026-08-12 18:00:00,2026-08-13 06:00:00,NBS,72,69,30,3,8.0,,1.0,,,11.0,,,-88,60,57,3,5,0,0,0,4,0.0,120,0.0,110,KMDW,,4,4,5,0,,,2,2,36,2,22,8,2,70,
2026-08-12 18:00:00,2026-08-13 09:00:00,NBS,71,69,50,3,,,,,,,,,2,8,58,3,3,0,0,0,8,,120,,2,KMDW,,5,6,6,0,,,2,2,36,2,37,25,2,70,
2026-08-12 18:00:00,2026-08-13 12:00:00,NBS,72,69,80,4,8.0,14.0,0.0,1.0,,8.0,,12.0,130,30,70,4,4,0,0,0,11,0.0,120,0.0,100,KMDW,0.0,5,8,5,4,69.0,2.0,2,2,29,3,19,20,3,71,
2026-08-12 18:00:00,2026-08-13 15:00:00,NBS,75,70,90,5,,,,,,,,,70,100,82,6,6,0,0,0,13,,120,,70,KMDW,,13,10,6,37,,,2,2,19,4,9,3,3,73,
2026-08-12 18:00:00,2026-08-13 18:00:00,NBS,75,69,90,6,27.0,,12.0,,,16.0,,,70,100,92,6,8,0,0,0,25,0.0,130,0.0,70,KMDW,,17,10,6,32,,,3,3,13,5,5,0,4,74,
2026-08-12 18:00:00,2026-08-13 21:00:00,NBS,73,68,100,7,,,,,,,,,35,100,97,8,17,0,0,0,51,,140,,35,KMDW,,17,10,8,6,,,3,3,15,5,5,2,3,71,
2026-08-12 18:00:00,2026-08-14 00:00:00,NBS,73,68,70,8,60.0,64.0,30.0,42.0,,31.0,,31.0,80,100,85,9,15,0,0,0,63,0.0,150,0.0,43,KMDW,6.0,7,8,8,2,78.0,2.0,2,3,31,5,1,1,3,71,
2026-08-12 18:00:00,2026-08-14 03:00:00,NBS,72,68,100,8,,,,,,,,,90,100,90,9,14,0,0,0,29,,150,,60,KMDW,,5,11,8,0,,,2,3,20,5,5,2,3,70,
2026-08-12 18:00:00,2026-08-14 06:00:00,NBS,72,68,90,7,59.0,,17.0,,,36.0,,,90,80,91,8,20,0,0,0,29,0.0,150,0.0,60,KMDW,,5,8,8,0,,,2,3,11,5,3,6,3,69,
2026-08-12 18:00:00,2026-08-14 09:00:00,NBS,71,68,80,7,,,,,,,,,80,100,92,8,18,0,0,0,22,,140,,14,KMDW,,7,9,9,0,,,2,3,8,4,8,2,3,69,
2026-08-12 18:00:00,2026-08-14 12:00:00,NBS,71,68,80,7,68.0,85.0,59.0,76.0,,30.0,,36.0,44,100,90,8,11,0,0,0,50,0.0,140,0.0,9,KMDW,9.0,9,10,7,2,69.0,2.0,2,3,9,4,13,0,3,70,
2026-08-12 18:00:00,2026-08-14 15:00:00,NBS,75,69,100,8,,,,,,,,,100,100,94,10,7,0,0,0,40,,150,,8,KMDW,,14,12,11,16,,,2,3,7,5,18,2,3,72,
2026-08-12 18:00:00,2026-08-14 18:00:00,NBS,77,70,100,9,44.0,,5.0,,,16.0,,,60,100,94,10,8,0,0,0,18,0.0,150,0.0,60,KMDW,,23,13,10,49,,,3,3,12,6,12,2,4,74,
2026-08-12 18:00:00,2026-08-14 21:00:00,NBS,77,69,70,10,,,,,,,,,60,100,83,11,15,0,0,0,37,,150,,22,KMDW,,23,11,10,36,,,3,3,23,5,5,0,3,74,
2026-08-12 18:00:00,2026-08-15 00:00:00,NBS,75,69,70,9,13.0,46.0,0.0,5.0,,26.0,,26.0,100,100,66,10,19,0,0,0,13,0.0,150,0.0,16,KMDW,1.0,12,9,9,24,80.0,2.0,2,4,25,4,0,0,2,73,
2026-08-12 18:00:00,2026-08-15 03:00:00,NBS,74,69,80,9,,,,,,,,,110,100,71,9,21,0,0,0,27,,150,,90,KMDW,,6,7,9,0,,,2,4,29,4,10,3,2,71,
2026-08-12 18:00:00,2026-08-15 06:00:00,NBS,73,70,100,8,38.0,,6.0,,,38.0,,,-88,90,72,8,15,0,0,0,27,0.0,150,0.0,70,KMDW,,5,10,8,0,,,2,4,16,4,13,6,3,72,
2026-08-12 18:00:00,2026-08-15 09:00:00,NBS,72,69,110,8,,,,,,,,,120,90,75,10,9,0,0,0,28,,150,,70,KMDW,,5,11,8,0,,,2,3,17,5,14,7,3,70,
2026-08-12 18:00:00,2026-08-15 12:00:00,NBS,72,69,110,9,40.0,57.0,7.0,13.0,,22.0,,38.0,48,40,78,10,10,0,0,0,43,0.0,150,0.0,6,KMDW,3.0,8,11,9,0,70.0,2.0,2,4,15,5,22,13,3,71,
2026-08-12 18:00:00,2026-08-15 15:00:00,NBS,77,71,120,9,,,,,,,,,100,100,81,12,10,0,0,0,55,,150,,16,KMDW,,15,13,9,18,,,4,4,25,5,16,5,3,74,
2026-08-12 18:00:00,2026-08-15 18:00:00,NBS,81,72,150,9,47.0,,6.0,,,18.0,,,-88,100,78,11,8,0,0,0,55,0.0,150,0.0,70,KMDW,,25,17,9,45,,,5,4,20,5,3,0,3,80,
2026-08-13 00:00:00,2026-08-13 06:00:00,NBS,73,71,360,3,6.0,,1.0,,24.0,16.0,,,-88,70,50,3,5,0,0,0,6,0.0,120,0.0,42,KMDW,,4,36,4,0,,,1,2,34,2,10,8,2,71,24/16
2026-08-13 00:00:00,2026-08-13 09:00:00,NBS,71,69,40,3,,,,,,,,,3,50,54,3,3,0,0,0,20,,120,,3,KMDW,,5,3,5,0,,,2,2,31,3,33,13,2,70,
2026-08-13 00:00:00,2026-08-13 12:00:00,NBS,72,70,70,4,3.0,8.0,0.0,1.0,,5.0,,16.0,2,3,78,4,2,0,0,0,20,0.0,120,0.0,2,KMDW,0.0,5,7,4,4,69.0,2.0,1,2,25,3,46,38,3,71,
2026-08-13 00:00:00,2026-08-13 15:00:00,NBS,76,71,120,5,,,,,,,,,4,80,81,6,4,0,0,0,15,,120,,4,KMDW,,15,11,5,31,,,2,2,17,3,37,6,3,74,
2026-08-13 00:00:00,2026-08-13 18:00:00,NBS,76,71,110,6,19.0,,7.0,,,9.0,,,18,100,92,7,6,0,0,0,27,0.0,130,0.0,18,KMDW,,20,8,6,37,,,4,3,8,5,17,2,4,76,
2026-08-13 00:00:00,2026-08-13 21:00:00,NBS,74,70,100,7,,,,,,,,,22,100,93,8,17,0,0,0,36,,140,,22,KMDW,,16,7,9,26,,,4,3,15,6,11,2,3,72,
2026-08-13 00:00:00,2026-08-14 00:00:00,NBS,73,68,70,9,67.0,69.0,46.0,53.0,,31.0,,31.0,60,100,80,9,10,0,0,0,41,0.0,150,0.0,35,KMDW,5.0,11,7,9,5,79.0,3.0,3,4,30,5,12,1,3,71,
2026-08-13 00:00:00,2026-08-14 03:00:00,NBS,72,68,80,8,,,,,,,,,70,100,81,9,12,0,0,0,24,,150,,60,KMDW,,5,8,8,0,,,2,3,30,6,12,1,3,70,
2026-08-13 00:00:00,2026-08-14 06:00:00,NBS,72,69,90,7,69.0,,26.0,,,26.0,,,60,100,94,8,10,0,0,0,21,0.0,140,0.0,60,KMDW,,5,10,8,0,,,2,4,6,5,14,3,3,70,
2026-08-13 00:00:00,2026-08-14 09:00:00,NBS,71,68,100,7,,,,,,,,,35,80,92,8,10,0,0,0,43,,140,,35,KMDW,,5,9,7,0,,,2,3,9,5,15,3,3,70,
2026-08-13 00:00:00,2026-08-14 12:00:00,NBS,72,68,90,7,73.0,87.0,33.0,59.0,,18.0,,26.0,60,100,88,8,7,0,0,0,56,0.0,140,0.0,36,KMDW,9.0,9,8,8,2,69.0,2.0,2,3,11,4,13,2,3,70,
2026-08-13 00:00:00,2026-08-14 15:00:00,NBS,75,69,90,9,,,,,,,,,90,100,89,10,7,0,0,0,34,,140,,19,KMDW,,17,9,11,16,,,2,4,8,4,20,4,3,72,
2026-08-13 00:00:00,2026-08-14 18:00:00,NBS,77,71,90,9,52.0,,20.0,,,13.0,,,100,100,99,11,6,0,0,0,44,0.0,150,0.0,20,KMDW,,26,10,10,42,,,3,4,2,5,6,0,3,75,
2026-08-13 00:00:00,2026-08-14 21:00:00,NBS,77,70,70,9,,,,,,,,,60,100,98,11,8,0,0,0,22,,150,,20,KMDW,,22,9,11,39,,,3,3,4,5,4,0,3,74,
2026-08-13 00:00:00,2026-08-15 00:00:00,NBS,76,70,70,10,11.0,56.0,1.0,21.0,,19.0,,19.0,100,100,69,11,11,0,0,0,17,0.0,150,0.0,43,KMDW,4.0,9,7,10,19,80.0,2.0,2,4,15,4,0,0,2,73,
2026-08-13 00:00:00,2026-08-15 03:00:00,NBS,74,70,80,9,,,,,,,,,100,100,67,10,13,0,0,0,17,,150,,60,KMDW,,5,7,9,0,,,2,4,19,4,8,0,2,72,
2026-08-13 00:00:00,2026-08-15 06:00:00,NBS,73,71,110,7,33.0,,5.0,,,31.0,,,-88,100,67,8,13,0,0,0,17,0.0,150,0.0,70,KMDW,,5,11,9,0,,,2,4,26,4,3,1,3,72,
2026-08-13 00:00:00,2026-08-15 09:00:00,NBS,72,70,120,8,,,,,,,,,100,100,82,9,12,0,0,0,22,,150,,80,KMDW,,6,12,9,0,,,2,3,17,5,8,5,3,70,
2026-08-13 00:00:00,2026-08-15 12:00:00,NBS,73,70,130,9,34.0,49.0,4.0,9.0,,31.0,,33.0,80,80,70,10,16,0,0,0,34,0.0,150,0.0,70,KMDW,3.0,6,12,10,0,70.0,2.0,2,4,21,5,18,9,3,72,
2026-08-13 00:00:00,2026-08-15 15:00:00,NBS,77,71,150,10,,,,,,,,,19,100,85,12,13,0,0,0,53,,150,,19,KMDW,,15,15,12,29,,,4,4,17,5,18,5,3,75,
2026-08-13 00:00:00,2026-08-15 18:00:00,NBS,81,74,180,9,51.0,,7.0,,,26.0,,,110,100,78,11,12,0,0,0,52,0.0,150,0.0,70,KMDW,,28,19,11,37,,,5,3,21,6,3,2,4,80,
2026-08-13 00:00:00,2026-08-15 21:00:00,NBS,83,75,210,9,,,,,,,,,-88,100,83,10,14,0,0,0,43,,150,,70,KMDW,,25,21,10,61,,,5,3,19,6,0,0,3,79,
2026-08-13 00:00:00,2026-08-16 00:00:00,NBS,81,75,220,8,38.0,58.0,1.0,8.0,,24.0,,33.0,100,100,65,9,12,0,0,0,45,0.0,150,0.0,50,KMDW,3.0,8,19,9,47,84.0,4.0,4,3,31,5,0,2,3,78,
2026-08-13 06:00:00,2026-08-13 12:00:00,NBS,73,71,90,3,1.0,,0.0,,28.0,5.0,38.0,,2,20,86,4,2,0,0,0,1,0.0,120,0.0,2,KMDW,,6,8,3,6,,,1,2,10,2,33,25,2,72,28/5
2026-08-13 06:00:00,2026-08-13 15:00:00,NBS,77,72,110,5,,,,,,,,,140,100,89,5,3,0,0,0,26,,120,,120,KMDW,,14,10,5,42,,,2,2,8,2,0,0,3,75,
2026-08-13 06:00:00,2026-08-13 18:00:00,NBS,79,72,100,6,4.0,,0.0,,,9.0,,,60,100,92,7,5,0,0,0,12,0.0,120,0.0,60,KMDW,,23,11,6,47,,,3,2,7,3,1,0,3,77,
2026-08-13 06:00:00,2026-08-13 21:00:00,NBS,74,70,70,8,,,,,,,,,60,100,94,9,16,0,0,0,48,,140,,60,KMDW,,10,8,8,22,,,3,3,7,4,3,5,3,73,
2026-08-13 06:00:00,2026-08-14 00:00:00,NBS,74,68,70,9,59.0,60.0,39.0,39.0,,33.0,,33.0,80,100,90,9,13,0,0,0,70,0.0,150,0.0,70,KMDW,4.0,8,7,9,4,80.0,2.0,2,3,12,5,3,5,3,72,
2026-08-13 06:00:00,2026-08-14 03:00:00,NBS,73,68,80,8,,,,,,,,,70,100,91,8,14,0,0,0,48,,150,,46,KMDW,,5,8,8,0,,,2,3,7,5,6,6,3,70,
2026-08-13 06:00:00,2026-08-14 06:00:00,NBS,73,70,80,7,58.0,,21.0,,,31.0,,,90,70,88,8,16,0,0,0,39,0.0,150,0.0,60,KMDW,,12,8,9,0,,,2,3,16,5,4,8,3,71,
2026-08-13 06:00:00,2026-08-14 09:00:00,NBS,72,68,100,7,,,,,,,,,90,90,91,8,17,0,0,0,52,,150,,30,KMDW,,6,9,9,0,,,2,3,10,5,3,5,3,69,
2026-08-13 06:00:00,2026-08-14 12:00:00,NBS,72,69,80,7,56.0,75.0,20.0,41.0,,28.0,,31.0,60,70,86,7,10,0,0,0,24,0.0,150,0.0,38,KMDW,11.0,6,9,7,4,70.0,2.0,2,3,12,5,8,9,4,71,
2026-08-13 06:00:00,2026-08-14 15:00:00,NBS,75,70,80,8,,,,,,,,,13,80,80,10,7,0,0,0,44,,150,,13,KMDW,,14,9,9,22,,,2,3,29,5,21,5,3,73,
2026-08-13 06:00:00,2026-08-14 18:00:00,NBS,77,71,80,9,63.0,,6.0,,,14.0,,,35,100,96,11,6,0,0,0,29,0.0,150,0.0,24,KMDW,,21,9,9,36,,,3,3,6,5,1,1,3,76,
2026-08-13 06:00:00,2026-08-14 21:00:00,NBS,77,70,60,10,,,,,,,,,50,100,65,11,9,0,0,0,19,,150,,23,KMDW,,24,9,10,37,,,3,3,34,4,3,0,3,74,
2026-08-13 06:00:00,2026-08-15 00:00:00,NBS,76,70,60,9,16.0,63.0,1.0,7.0,,19.0,,20.0,130,100,71,10,12,0,0,0,11,0.0,150,0.0,38,KMDW,2.0,11,7,9,12,79.0,2.0,2,3,32,3,0,0,2,73,
2026-08-13 06:00:00,2026-08-15 03:00:00,NBS,74,69,70,9,,,,,,,,,-88,100,62,10,13,0,0,0,19,,150,,19,KMDW,,6,8,9,0,,,2,3,29,4,9,0,2,72,
2026-08-13 06:00:00,2026-08-15 06:00:00,NBS,73,71,100,8,37.0,,7.0,,,28.0,,,-88,100,56,8,13,0,0,0,19,0.0,150,0.0,50,KMDW,,5,12,9,0,,,2,3,38,3,5,0,2,73,
2026-08-13 06:00:00,2026-08-15 09:00:00,NBS,72,70,120,8,,,,,,,,,100,100,86,9,13,0,0,0,19,,150,,48,KMDW,,6,13,10,0,,,1,3,11,4,7,0,3,71,
2026-08-13 06:00:00,2026-08-15 12:00:00,NBS,73,70,130,9,49.0,63.0,22.0,29.0,,33.0,,36.0,8,40,82,10,17,0,0,0,25,0.0,150,0.0,8,KMDW,4.0,9,13,10,1,71.0,2.0,2,3,13,4,31,12,3,72,
2026-08-13 06:00:00,2026-08-15 15:00:00,NBS,76,72,140,9,,,,,,,,,7,50,83,12,15,0,0,0,55,,150,,4,KMDW,,10,13,10,6,,,3,3,8,5,32,10,3,75,
2026-08-13 06:00:00,2026-08-15 18:00:00,NBS,81,75,170,9,63.0,,20.0,,,29.0,,,29,100,87,11,13,0,0,0,54,0.0,150,0.0,15,KMDW,,22,19,11,23,,,5,3,11,6,12,6,4,80,
2026-08-13 06:00:00,2026-08-15 21:00:00,NBS,83,75,200,10,,,,,,,,,50,100,75,11,16,0,0,0,47,,150,,19,KMDW,,28,21,10,69,,,5,3,16,6,3,0,3,80,
2026-08-13 06:00:00,2026-08-16 00:00:00,NBS,81,76,220,10,24.0,67.0,1.0,21.0,,30.0,,38.0,50,100,55,11,14,0,0,0,49,0.0,150,0.0,13,KMDW,4.0,11,20,10,46,84.0,4.0,4,3,23,6,4,2,3,78,
2026-08-13 06:00:00,2026-08-16 03:00:00,NBS,78,75,230,10,,,,,,,,,50,100,64,12,13,0,0,0,53,,150,,50,KMDW,,5,22,10,0,,,3,2,25,5,15,4,3,77,
2026-08-13 06:00:00,2026-08-16 06:00:00,NBS,77,76,260,9,26.0,,2.0,,,28.0,,,19,40,64,10,13,0,0,0,36,0.0,150,0.0,19,KMDW,,9,27,9,0,,,3,3,32,5,24,10,3,77,
2026-08-13 12:00:00,2026-08-13 18:00:00,NBS,79,71,110,6,2.0,,1.0,,13.0,4.0,,,80,100,93,7,2,0,0,0,11,0.0,120,0.0,90,KMDW,,23,13,6,48,,,2,2,7,3,0,0,3,77,13/4
2026-08-13 12:00:00,2026-08-13 21:00:00,NBS,75,70,70,8,,,,,,,,,70,100,96,9,7,0,0,0,52,,140,,70,KMDW,,12,9,8,27,,,3,2,7,5,2,0,3,73,
2026-08-13 12:00:00,2026-08-14 00:00:00,NBS,74,68,70,9,67.0,67.0,42.0,43.0,,27.0,,27.0,70,70,89,10,13,0,0,0,71,0.0,150,0.0,50,KMDW,4.0,8,9,9,4,80.0,2.0,2,3,11,6,6,6,3,72,
2026-08-13 12:00:00,2026-08-14 03:00:00,NBS,73,68,80,8,,,,,,,,,70,60,92,9,15,0,0,0,71,,150,,50,KMDW,,5,8,8,0,,,2,3,8,6,8,5,3,70,
2026-08-13 12:00:00,2026-08-14 06:00:00,NBS,73,69,80,7,64.0,,58.0,,,37.0,,,60,50,93,8,19,0,0,0,44,0.0,150,0.0,41,KMDW,,5,8,9,0,,,2,3,7,5,10,8,3,71,
2026-08-13 12:00:00,2026-08-14 09:00:00,NBS,72,69,90,7,,,,,,,,,27,50,89,8,23,0,0,0,63,,150,,21,KMDW,,5,9,10,0,,,2,2,9,5,17,10,3,70,
2026-08-13 12:00:00,2026-08-14 12:00:00,NBS,72,69,80,6,59.0,73.0,20.0,78.0,,35.0,,41.0,15,40,83,8,16,0,0,0,32,0.0,150,0.0,14,KMDW,12.0,10,8,9,2,70.0,2.0,1,3,11,5,22,13,4,70,
2026-08-13 12:00:00,2026-08-14 15:00:00,NBS,75,70,80,8,,,,,,,,,11,80,71,10,5,0,0,0,30,,150,,11,KMDW,,15,9,12,32,,,2,3,31,5,23,6,3,73,
2026-08-13 12:00:00,2026-08-14 18:00:00,NBS,77,71,70,8,29.0,,3.0,,,8.0,,,22,100,91,10,4,0,0,0,22,0.0,150,0.0,18,KMDW,,23,9,8,43,,,3,3,14,5,7,1,3,75,
2026-08-13 12:00:00,2026-08-14 21:00:00,NBS,76,70,60,9,,,,,,,,,27,100,71,11,7,0,0,0,30,,150,,25,KMDW,,20,8,10,28,,,3,3,33,5,3,0,3,73,
2026-08-13 12:00:00,2026-08-15 00:00:00,NBS,75,69,60,9,16.0,42.0,0.0,3.0,,18.0,,18.0,80,100,72,9,13,0,0,0,14,0.0,150,0.0,60,KMDW,2.0,9,7,9,11,79.0,2.0,2,3,29,4,0,0,2,72,
2026-08-13 12:00:00,2026-08-15 03:00:00,NBS,74,69,60,8,,,,,,,,,110,100,75,9,13,0,0,0,32,,150,,27,KMDW,,5,8,8,0,,,2,3,33,4,7,2,2,71,
2026-08-13 12:00:00,2026-08-15 06:00:00,NBS,73,71,100,7,43.0,,8.0,,,26.0,,,-88,100,54,7,13,0,0,0,27,0.0,150,0.0,23,KMDW,,5,12,9,0,,,2,3,34,4,5,4,2,71,
2026-08-13 12:00:00,2026-08-15 09:00:00,NBS,73,70,120,8,,,,,,,,,90,100,64,9,16,0,0,0,38,,150,,25,KMDW,,5,13,10,0,,,2,3,25,4,9,0,3,70,
2026-08-13 12:00:00,2026-08-15 12:00:00,NBS,73,70,130,9,47.0,64.0,18.0,26.0,,36.0,,37.0,6,40,83,11,18,0,0,0,46,0.0,150,0.0,6,KMDW,4.0,8,14,10,0,71.0,2.0,2,3,9,4,35,13,3,72,
2026-08-13 12:00:00,2026-08-15 15:00:00,NBS,76,72,140,9,,,,,,,,,15,60,92,12,16,0,0,0,70,,150,,6,KMDW,,8,14,9,6,,,3,3,6,5,29,10,3,74,
2026-08-13 12:00:00,2026-08-15 18:00:00,NBS,80,74,150,9,67.0,,31.0,,,30.0,,,70,100,93,12,14,0,0,0,46,0.0,150,0.0,12,KMDW,,19,19,12,14,,,5,3,8,6,13,3,4,78,
2026-08-13 12:00:00,2026-08-15 21:00:00,NBS,82,75,190,10,,,,,,,,,70,100,80,12,17,0,0,0,28,,150,,21,KMDW,,26,20,13,64,,,5,2,16,7,0,0,4,79,
2026-08-13 12:00:00,2026-08-16 00:00:00,NBS,81,75,230,9,23.0,74.0,1.0,32.0,,37.0,,40.0,100,100,59,10,21,0,0,0,28,0.0,150,0.0,24,KMDW,5.0,6,25,9,47,84.0,3.0,4,2,17,6,2,0,3,79,
2026-08-13 12:00:00,2026-08-16 03:00:00,NBS,78,75,250,10,,,,,,,,,48,100,67,11,17,0,0,0,34,,150,,20,KMDW,,5,26,10,0,,,3,2,40,5,14,3,3,76,
2026-08-13 12:00:00,2026-08-16 06:00:00,NBS,77,75,270,9,23.0,,2.0,,,31.0,,,19,40,60,10,11,0,0,0,34,0.0,140,0.0,8,KMDW,,10,28,10,0,,,3,2,28,5,25,9,3,76,
2026-08-13 12:00:00,2026-08-16 09:00:00,NBS,75,73,280,9,,,,,,,,,24,40,76,9,7,0,0,0,18,,140,,24,KMDW,,10,29,10,0,,,2,2,26,5,15,12,3,74,
2026-08-13 12:00:00,2026-08-16 12:00:00,NBS,75,73,280,8,37.0,52.0,4.0,6.0,,13.0,,31.0,50,40,72,9,6,0,0,0,18,0.0,140,0.0,50,KMDW,2.0,12,30,9,0,73.0,2.0,2,2,22,4,13,11,3,74,
2026-08-13 18:00:00,2026-08-14 00:00:00,NBS,74,68,60,9,65.0,,35.0,,16.0,33.0,29.0,,27,50,86,10,18,0,0,0,44,0.0,150,0.0,27,KMDW,,10,6,9,3,,,2,3,18,6,7,8,4,72,16/33
2026-08-13 18:00:00,2026-08-14 03:00:00,NBS,73,68,70,9,,,,,,,,,45,50,77,10,20,0,0,0,50,,150,,36,KMDW,,8,8,10,0,,,2,3,31,7,14,7,4,70,
2026-08-13 18:00:00,2026-08-14 06:00:00,NBS,73,69,80,8,86.0,,48.0,,,41.0,,,13,40,92,9,19,0,0,0,53,0.0,150,0.0,13,KMDW,,9,9,10,0,,,2,3,9,6,25,11,4,71,
2026-08-13 18:00:00,2026-08-14 09:00:00,NBS,72,68,70,8,,,,,,,,,7,50,87,9,17,0,0,0,49,,150,,7,KMDW,,8,7,8,0,,,2,2,15,6,36,10,4,70,
2026-08-13 18:00:00,2026-08-14 12:00:00,NBS,72,69,60,8,65.0,92.0,36.0,84.0,,32.0,,41.0,6,30,76,9,12,0,0,0,20,0.0,150,0.0,6,KMDW,10.0,6,8,9,4,70.0,2.0,1,2,24,5,33,16,4,70,
2026-08-13 18:00:00,2026-08-14 15:00:00,NBS,75,70,80,9,,,,,,,,,9,70,81,11,5,0,0,0,16,,140,,9,KMDW,,15,9,10,29,,,2,2,27,5,28,7,3,73,
2026-08-13 18:00:00,2026-08-14 18:00:00,NBS,76,70,70,9,27.0,,3.0,,,9.0,,,18,100,72,11,5,0,0,0,20,0.0,150,0.0,18,KMDW,,25,9,9,47,,,3,2,32,5,11,0,3,76,
2026-08-13 18:00:00,2026-08-14 21:00:00,NBS,76,70,60,9,,,,,,,,,27,100,82,10,8,0,0,0,15,,150,,27,KMDW,,19,9,9,56,,,3,2,30,4,1,0,3,74,
2026-08-13 18:00:00,2026-08-15 00:00:00,NBS,76,70,50,9,12.0,27.0,0.0,3.0,,19.0,,19.0,-88,100,44,10,14,0,0,0,15,0.0,150,0.0,43,KMDW,2.0,9,5,9,16,80.0,2.0,2,2,28,3,2,1,2,74,
2026-08-13 18:00:00,2026-08-15 03:00:00,NBS,74,70,60,9,,,,,,,,,70,100,68,9,15,0,0,0,17,,150,,70,KMDW,,5,7,9,0,,,2,3,36,4,9,1,2,72,
2026-08-13 18:00:00,2026-08-15 06:00:00,NBS,74,71,110,8,31.0,,3.0,,,30.0,,,70,100,69,9,15,0,0,0,25,0.0,150,0.0,60,KMDW,,5,10,8,0,,,2,3,29,4,5,1,3,73,
2026-08-13 18:00:00,2026-08-15 09:00:00,NBS,73,70,130,8,,,,,,,,,50,100,77,10,20,0,0,0,28,,150,,31,KMDW,,6,15,9,0,,,2,3,26,4,15,0,3,71,
2026-08-13 18:00:00,2026-08-15 12:00:00,NBS,74,71,140,8,44.0,51.0,20.0,23.0,,44.0,,45.0,3,40,86,10,22,0,0,0,81,0.0,150,0.0,3,KMDW,4.0,6,14,11,2,71.0,2.0,2,3,11,5,45,13,3,72,
2026-08-13 18:00:00,2026-08-15 15:00:00,NBS,77,73,140,10,,,,,,,,,5,40,91,12,16,0,0,0,60,,150,,2,KMDW,,12,15,11,10,,,3,3,9,6,41,11,4,75,
2026-08-13 18:00:00,2026-08-15 18:00:00,NBS,81,75,170,10,68.0,,47.0,,,31.0,,,16,100,100,13,15,0,0,0,60,0.0,150,0.0,11,KMDW,,19,18,12,18,,,5,3,0,6,20,4,4,78,
2026-08-13 18:00:00,2026-08-15 21:00:00,NBS,83,75,200,11,,,,,,,,,49,100,84,14,18,0,0,0,15,,150,,36,KMDW,,27,23,12,31,,,5,3,10,7,7,1,3,80,
2026-08-13 18:00:00,2026-08-16 00:00:00,NBS,82,75,240,10,48.0,75.0,7.0,54.0,,38.0,,41.0,60,100,73,11,20,0,0,0,10,0.0,140,0.0,35,KMDW,7.0,8,25,10,19,85.0,4.0,4,3,16,6,4,2,3,79,
2026-08-13 18:00:00,2026-08-16 03:00:00,NBS,79,75,260,9,,,,,,,,,19,100,68,10,17,0,0,0,40,,150,,13,KMDW,,8,27,10,0,,,3,3,31,5,22,6,3,77,
2026-08-13 18:00:00,2026-08-16 06:00:00,NBS,77,75,270,9,45.0,,4.0,,,29.0,,,8,40,70,9,9,0,0,0,41,0.0,140,0.0,8,KMDW,,12,29,9,0,,,3,3,27,5,29,12,3,76,
2026-08-13 18:00:00,2026-08-16 09:00:00,NBS,75,73,280,7,,,,,,,,,17,30,75,8,6,0,0,0,18,,150,,17,KMDW,,9,29,9,0,,,3,3,25,4,26,14,3,74,
2026-08-13 18:00:00,2026-08-16 12:00:00,NBS,75,73,280,7,18.0,52.0,2.0,6.0,,11.0,,29.0,60,40,70,8,5,0,0,0,18,0.0,140,0.0,60,KMDW,2.0,11,30,9,0,73.0,3.0,2,3,19,4,18,12,3,74,
2026-08-13 18:00:00,2026-08-16 15:00:00,NBS,79,73,290,8,,,,,,,,,60,100,76,9,5,0,0,0,37,,140,,18,KMDW,,21,30,10,36,,,3,3,21,4,5,0,3,77,
2026-08-13 18:00:00,2026-08-16 18:00:00,NBS,81,73,300,8,15.0,,0.0,,,16.0,,,70,100,72,9,9,0,0,0,25,0.0,140,0.0,70,KMDW,,34,31,10,53,,,4,3,23,4,8,0,3,80,
2026-08-14 00:00:00,2026-08-14 06:00:00,NBS,72,70,80,8,87.0,,51.0,,38.0,54.0,,,5,20,85,9,28,0,0,0,49,0.0,150,0.0,5,KMDW,,5,9,8,0,,,2,2,17,6,44,16,3,70,38/54
2026-08-14 00:00:00,2026-08-14 09:00:00,NBS,72,69,80,8,,,,,,,,,5,40,89,9,28,0,0,0,35,,150,,5,KMDW,,5,8,8,0,,,2,2,9,6,44,14,4,70,
2026-08-14 00:00:00,2026-08-14 12:00:00,NBS,72,70,70,8,58.0,93.0,21.0,72.0,,44.0,,54.0,6,30,77,9,11,0,0,0,32,0.0,150,0.0,6,KMDW,11.0,6,9,8,2,70.0,2.0,1,2,24,5,45,16,4,70,
2026-08-14 00:00:00,2026-08-14 15:00:00,NBS,75,70,70,9,,,,,,,,,8,70,79,12,5,0,0,0,39,,150,,8,KMDW,,16,8,9,12,,,2,2,24,5,36,9,3,73,
2026-08-14 00:00:00,2026-08-14 18:00:00,NBS,76,70,90,9,16.0,,3.0,,,9.0,,,22,100,73,11,4,0,0,0,20,0.0,150,0.0,22,KMDW,,24,9,10,53,,,3,2,30,4,17,4,3,76,
2026-08-14 00:00:00,2026-08-14 21:00:00,NBS,77,70,60,8,,,,,,,,,27,100,75,9,6,0,0,0,15,,150,,27,KMDW,,19,8,8,39,,,3,2,27,4,4,0,3,75,
2026-08-14 00:00:00,2026-08-15 00:00:00,NBS,77,70,50,8,11.0,22.0,0.0,3.0,,11.0,,13.0,35,100,60,9,8,0,0,0,12,0.0,150,0.0,35,KMDW,6.0,10,5,8,11,81.0,2.0,2,2,31,3,10,1,2,73,
2026-08-14 00:00:00,2026-08-15 03:00:00,NBS,75,70,70,8,,,,,,,,,45,90,64,9,8,0,0,0,10,,150,,45,KMDW,,5,7,8,0,,,1,2,35,4,12,3,2,72,
2026-08-14 00:00:00,2026-08-15 06:00:00,NBS,74,72,100,7,28.0,,3.0,,,25.0,,,60,60,70,7,13,0,0,0,17,0.0,150,0.0,48,KMDW,,4,8,7,0,,,1,2,32,4,13,8,3,73,
2026-08-14 00:00:00,2026-08-15 09:00:00,NBS,74,71,130,8,,,,,,,,,35,90,70,9,15,0,0,0,20,,150,,35,KMDW,,5,14,8,0,,,2,2,26,4,16,4,3,72,
2026-08-14 00:00:00,2026-08-15 12:00:00,NBS,74,72,150,9,67.0,73.0,23.0,26.0,,41.0,,41.0,5,40,82,10,22,0,0,0,72,0.0,150,0.0,5,KMDW,3.0,6,16,9,1,71.0,2.0,2,3,17,4,53,12,3,73,
2026-08-14 00:00:00,2026-08-15 15:00:00,NBS,77,73,150,9,,,,,,,,,5,30,88,12,19,0,0,0,50,,150,,3,KMDW,,12,16,13,21,,,3,3,11,5,44,14,3,75,
2026-08-14 00:00:00,2026-08-15 18:00:00,NBS,80,75,160,10,73.0,,64.0,,,36.0,,,6,60,99,13,16,0,0,0,61,0.0,160,0.0,6,KMDW,,12,17,12,19,,,5,2,2,6,33,10,4,78,
2026-08-14 00:00:00,2026-08-15 21:00:00,NBS,83,76,190,11,,,,,,,,,25,100,83,14,19,0,0,0,16,,150,,8,KMDW,,21,24,11,35,,,5,2,17,7,15,5,4,80,
2026-08-14 00:00:00,2026-08-16 00:00:00,NBS,82,77,240,9,30.0,81.0,5.0,69.0,,35.0,,45.0,100,100,57,10,19,0,0,0,27,0.0,140,0.0,43,KMDW,8.0,5,26,9,12,85.0,4.0,4,2,27,6,7,2,3,80,
2026-08-14 00:00:00,2026-08-16 03:00:00,NBS,79,76,250,9,,,,,,,,,90,100,62,10,15,0,0,0,14,,140,,12,KMDW,,4,27,9,0,,,3,2,24,6,11,3,3,77,
2026-08-14 00:00:00,2026-08-16 06:00:00,NBS,77,76,280,8,31.0,,3.0,,,32.0,,,100,40,63,8,17,0,0,0,14,0.0,140,0.0,45,KMDW,,8,31,9,0,,,3,2,23,5,16,11,3,77,
2026-08-14 00:00:00,2026-08-16 09:00:00,NBS,76,74,280,8,,,,,,,,,23,40,74,9,14,0,0,0,28,,140,,23,KMDW,,8,28,10,0,,,2,2,24,4,21,14,3,75,
2026-08-14 00:00:00,2026-08-16 12:00:00,NBS,75,74,280,8,23.0,41.0,3.0,6.0,,23.0,,32.0,50,40,68,9,8,0,0,0,29,0.0,150,0.0,50,KMDW,2.0,9,29,8,0,73.0,2.0,2,2,19,5,17,11,3,75,
2026-08-14 00:00:00,2026-08-16 15:00:00,NBS,79,73,290,8,,,,,,,,,16,100,77,10,7,0,0,0,54,,150,,16,KMDW,,20,30,11,16,,,2,3,14,4,13,1,3,77,
2026-08-14 00:00:00,2026-08-16 18:00:00,NBS,82,73,300,9,28.0,,2.0,,,15.0,,,24,100,74,10,8,0,0,0,38,0.0,140,0.0,24,KMDW,,37,30,10,40,,,3,4,21,4,5,2,3,80,
2026-08-14 00:00:00,2026-08-16 21:00:00,NBS,80,72,290,8,,,,,,,,,46,100,60,9,20,0,0,0,26,,140,,28,KMDW,,18,28,8,38,,,4,4,31,5,3,2,3,77,
2026-08-14 00:00:00,2026-08-17 00:00:00,NBS,78,71,310,8,46.0,58.0,8.0,10.0,,38.0,,38.0,50,100,57,9,16,0,0,0,44,0.0,140,0.0,30,KMDW,3.0,7,32,8,25,84.0,3.0,3,5,26,5,4,2,3,74,
2026-08-14 06:00:00,2026-08-14 12:00:00,NBS,73,70,70,7,59.0,,57.0,,14.0,47.0,30.0,,13,50,84,8,15,0,0,0,20,0.0,150,0.0,12,KMDW,,8,9,8,3,,,1,2,13,6,19,7,4,72,14/47
2026-08-14 06:00:00,2026-08-14 15:00:00,NBS,75,70,80,8,,,,,,,,,15,100,76,11,9,0,0,0,18,,150,,15,KMDW,,16,9,10,28,,,2,2,27,5,11,2,3,74,
2026-08-14 06:00:00,2026-08-14 18:00:00,NBS,77,71,80,9,46.0,,15.0,,,14.0,,,27,100,62,11,5,0,0,0,9,0.0,150,0.0,27,KMDW,,22,8,9,52,,,3,2,33,4,8,0,3,77,
2026-08-14 06:00:00,2026-08-14 21:00:00,NBS,77,70,60,9,,,,,,,,,27,100,86,10,7,0,0,0,9,,150,,27,KMDW,,16,8,9,39,,,2,2,12,4,2,0,2,75,
2026-08-14 06:00:00,2026-08-15 00:00:00,NBS,76,69,60,9,17.0,54.0,1.0,16.0,,13.0,,18.0,60,100,78,9,9,0,0,0,18,0.0,150,0.0,45,KMDW,1.0,8,5,9,13,81.0,2.0,2,2,27,3,2,0,2,73,
2026-08-14 06:00:00,2026-08-15 03:00:00,NBS,74,68,50,7,,,,,,,,,60,90,68,8,11,0,0,0,26,,150,,43,KMDW,,5,6,7,0,,,2,3,34,3,8,2,2,71,
2026-08-14 06:00:00,2026-08-15 06:00:00,NBS,74,70,80,5,41.0,,0.0,,,33.0,,,60,50,71,6,16,0,0,0,25,0.0,150,0.0,50,KMDW,,4,9,6,0,,,2,3,25,3,10,9,3,72,
2026-08-14 06:00:00,2026-08-15 09:00:00,NBS,73,71,120,6,,,,,,,,,60,70,80,7,19,0,0,0,51,,150,,48,KMDW,,5,14,7,0,,,1,2,15,4,7,4,3,72,
2026-08-14 06:00:00,2026-08-15 12:00:00,NBS,74,72,150,7,59.0,64.0,23.0,23.0,,39.0,,40.0,6,40,83,8,19,0,0,0,76,0.0,150,0.0,4,KMDW,8.0,6,14,7,2,72.0,2.0,1,2,13,4,44,13,3,73,
2026-08-14 06:00:00,2026-08-15 15:00:00,NBS,76,73,160,9,,,,,,,,,4,30,93,11,18,0,0,0,65,,150,,4,KMDW,,11,16,10,8,,,3,2,6,5,57,16,3,75,
2026-08-14 06:00:00,2026-08-15 18:00:00,NBS,78,74,170,9,77.0,,68.0,,,36.0,,,7,40,98,11,17,0,0,0,45,0.0,160,0.0,7,KMDW,,12,19,12,19,,,4,2,2,6,33,11,3,77,
2026-08-14 06:00:00,2026-08-15 21:00:00,NBS,81,75,190,9,,,,,,,,,29,100,90,10,18,0,0,0,39,,150,,12,KMDW,,13,20,9,24,,,4,2,20,6,8,2,3,79,
2026-08-14 06:00:00,2026-08-16 00:00:00,NBS,81,76,280,7,53.0,86.0,13.0,81.0,,32.0,,44.0,60,100,66,8,18,0,0,0,30,0.0,150,0.0,50,KMDW,9.0,10,27,8,12,84.0,3.0,3,3,36,5,3,2,3,78,
2026-08-14 06:00:00,2026-08-16 03:00:00,NBS,78,75,270,7,,,,,,,,,100,100,74,8,13,0,0,0,18,,140,,24,KMDW,,7,27,7,0,,,2,2,30,5,9,4,3,77,
2026-08-14 06:00:00,2026-08-16 06:00:00,NBS,77,76,260,7,28.0,,3.0,,,27.0,,,100,40,68,8,15,0,0,0,7,0.0,140,0.0,43,KMDW,,8,29,9,0,,,2,2,34,5,14,13,3,77,
2026-08-14 06:00:00,2026-08-16 09:00:00,NBS,76,75,260,8,,,,,,,,,15,30,76,8,17,0,0,0,24,,150,,4,KMDW,,7,28,8,0,,,2,2,15,5,27,16,3,75,
2026-08-14 06:00:00,2026-08-16 12:00:00,NBS,75,74,270,8,41.0,57.0,8.0,11.0,,30.0,,33.0,20,30,72,9,11,0,0,0,24,0.0,150,0.0,20,KMDW,3.0,9,29,9,2,74.0,2.0,2,2,21,5,25,16,3,75,
2026-08-14 06:00:00,2026-08-16 15:00:00,NBS,79,74,280,8,,,,,,,,,17,100,68,10,7,0,0,0,37,,150,,11,KMDW,,16,29,10,3,,,2,2,27,4,23,5,3,77,
2026-08-14 06:00:00,2026-08-16 18:00:00,NBS,81,74,290,9,33.0,,2.0,,,16.0,,,22,100,76,10,8,0,0,0,38,0.0,140,0.0,22,KMDW,,35,30,11,32,,,3,2,20,4,6,0,3,80,
2026-08-14 06:00:00,2026-08-16 21:00:00,NBS,81,73,310,9,,,,,,,,,42,100,59,11,17,0,0,0,28,,140,,41,KMDW,,30,31,9,74,,,3,3,27,4,4,0,2,78,
2026-08-14 06:00:00,2026-08-17 00:00:00,NBS,79,72,310,9,45.0,62.0,5.0,7.0,,30.0,,30.0,-88,100,49,9,12,0,0,0,41,0.0,140,0.0,210,KMDW,3.0,11,33,9,53,84.0,2.0,3,3,29,4,1,0,3,76,
2026-08-14 06:00:00,2026-08-17 03:00:00,NBS,75,70,330,8,,,,,,,,,-88,100,55,9,8,0,0,0,7,,130,,110,KMDW,,6,34,8,0,,,2,4,22,4,4,1,3,73,
2026-08-14 06:00:00,2026-08-17 06:00:00,NBS,73,69,340,8,11.0,,1.0,,,14.0,,,-88,100,33,9,3,0,0,0,6,0.0,120,0.0,28,KMDW,,6,1,8,0,,,2,4,21,3,4,4,2,71,
2026-08-14 12:00:00,2026-08-14 18:00:00,NBS,77,70,70,10,20.0,,1.0,,4.0,10.0,,,70,100,61,11,3,0,0,0,9,0.0,150,0.0,70,KMDW,,23,7,10,75,,,3,2,35,4,5,0,3,77,4/10
2026-08-14 12:00:00,2026-08-14 21:00:00,NBS,77,69,60,9,,,,,,,,,45,100,67,10,8,0,0,0,9,,150,,45,KMDW,,20,7,9,61,,,2,2,24,4,0,0,2,75,
2026-08-14 12:00:00,2026-08-15 00:00:00,NBS,76,68,50,9,13.0,41.0,0.0,1.0,,15.0,,15.0,70,100,72,10,8,0,0,0,28,0.0,150,0.0,60,KMDW,0.0,8,5,9,11,80.0,2.0,2,2,30,3,0,0,2,73,
2026-08-14 12:00:00,2026-08-15 03:00:00,NBS,74,68,50,7,,,,,,,,,70,100,70,8,9,0,0,0,36,,150,,60,KMDW,,4,5,7,0,,,2,3,34,3,3,2,2,71,
2026-08-14 12:00:00,2026-08-15 06:00:00,NBS,74,70,80,6,31.0,,1.0,,,23.0,,,60,70,74,6,11,0,0,0,35,0.0,150,0.0,60,KMDW,,4,8,6,0,,,1,3,24,3,12,9,3,72,
2026-08-14 12:00:00,2026-08-15 09:00:00,NBS,73,70,120,6,,,,,,,,,60,100,82,6,14,0,0,0,43,,150,,60,KMDW,,5,14,7,0,,,1,2,16,3,7,1,3,71,
2026-08-14 12:00:00,2026-08-15 12:00:00,NBS,73,71,160,7,59.0,74.0,31.0,32.0,,36.0,,36.0,7,50,81,7,21,0,0,0,70,0.0,160,0.0,4,KMDW,9.0,6,15,10,2,71.0,2.0,1,2,13,4,35,8,3,72,
2026-08-14 12:00:00,2026-08-15 15:00:00,NBS,76,73,150,9,,,,,,,,,5,30,95,11,18,0,0,0,63,,150,,4,KMDW,,9,17,11,6,,,2,2,6,4,50,14,3,75,
2026-08-14 12:00:00,2026-08-15 18:00:00,NBS,79,74,180,8,86.0,,50.0,,,31.0,,,5,50,99,11,13,0,0,0,54,0.0,150,0.0,5,KMDW,,14,19,13,14,,,4,2,3,7,45,11,4,77,
2026-08-14 12:00:00,2026-08-15 21:00:00,NBS,81,74,210,8,,,,,,,,,15,100,89,9,17,0,0,0,31,,150,,15,KMDW,,14,19,8,23,,,4,2,20,5,13,1,3,78,
2026-08-14 12:00:00,2026-08-16 00:00:00,NBS,81,75,300,7,56.0,88.0,10.0,60.0,,32.0,,40.0,60,100,75,8,16,0,0,0,26,0.0,150,0.0,30,KMDW,10.0,9,27,7,8,84.0,3.0,3,3,31,5,2,1,3,78,
2026-08-14 12:00:00,2026-08-16 03:00:00,NBS,78,75,240,8,,,,,,,,,90,100,81,8,17,0,0,0,21,,150,,6,KMDW,,5,26,8,0,,,3,3,21,5,11,7,3,76,
2026-08-14 12:00:00,2026-08-16 06:00:00,NBS,77,75,230,7,27.0,,3.0,,,42.0,,,100,40,76,8,21,0,0,0,10,0.0,150,0.0,13,KMDW,,4,27,7,0,,,3,3,23,5,16,11,3,76,
2026-08-14 12:00:00,2026-08-16 09:00:00,NBS,76,74,240,8,,,,,,,,,90,40,78,9,15,0,0,0,18,,150,,5,KMDW,,6,26,8,0,,,3,2,16,6,15,12,4,74,
2026-08-14 12:00:00,2026-08-16 12:00:00,NBS,75,73,270,8,42.0,48.0,8.0,11.0,,23.0,,42.0,49,40,61,9,11,0,0,0,46,0.0,150,0.0,1,KMDW,3.0,6,27,8,3,74.0,3.0,2,2,22,5,21,12,3,75,
2026-08-14 12:00:00,2026-08-16 15:00:00,NBS,79,74,290,9,,,,,,,,,50,100,76,11,6,0,0,0,26,,140,,11,KMDW,,19,30,10,23,,,2,2,15,4,7,0,3,77,
2026-08-14 12:00:00,2026-08-16 18:00:00,NBS,82,74,300,9,15.0,,1.0,,,16.0,,,49,100,67,11,10,0,0,0,19,0.0,140,0.0,26,KMDW,,34,31,11,53,,,3,2,27,5,5,0,3,81,
2026-08-14 12:00:00,2026-08-16 21:00:00,NBS,82,72,310,10,,,,,,,,,38,100,52,12,14,0,0,0,25,,130,,34,KMDW,,38,31,10,74,,,3,2,27,4,3,0,3,78,
2026-08-14 12:00:00,2026-08-17 00:00:00,NBS,80,71,320,8,31.0,42.0,2.0,3.0,,27.0,,27.0,-88,100,40,8,14,0,0,0,36,0.0,130,0.0,33,KMDW,1.0,8,31,8,51,84.0,2.0,2,3,31,5,1,0,3,76,
2026-08-14 12:00:00,2026-08-17 03:00:00,NBS,76,70,340,8,,,,,,,,,-88,100,41,8,8,0,0,0,7,,130,,180,KMDW,,5,34,8,0,,,2,3,19,3,4,1,3,73,
2026-08-14 12:00:00,2026-08-17 06:00:00,NBS,73,69,330,7,9.0,,0.0,,,15.0,,,-88,100,28,8,3,0,0,0,6,0.0,120,0.0,180,KMDW,,4,34,7,0,,,1,3,23,3,4,5,2,71,
2026-08-14 12:00:00,2026-08-17 09:00:00,NBS,71,66,360,7,,,,,,,,,-88,100,35,8,1,0,0,0,1,,110,,1,KMDW,,5,3,7,0,,,2,3,25,3,6,7,2,69,
2026-08-14 12:00:00,2026-08-17 12:00:00,NBS,70,65,20,7,1.0,9.0,0.0,0.0,,4.0,,15.0,-88,90,29,8,1,0,0,0,2,0.0,100,0.0,1,KMDW,0.0,11,6,7,0,70.0,2.0,2,3,24,3,7,10,2,69,
2026-08-14 18:00:00,2026-08-15 00:00:00,NBS,77,68,60,8,13.0,,0.0,,4.0,20.0,17.0,,45,100,72,9,13,0,0,0,27,0.0,150,0.0,45,KMDW,,7,8,8,10,,,2,2,26,3,0,0,2,73,4/20
2026-08-14 18:00:00,2026-08-15 03:00:00,NBS,74,68,60,7,,,,,,,,,35,90,82,7,15,0,0,0,20,,150,,35,KMDW,,4,5,7,0,,,1,2,23,2,13,3,2,71,
2026-08-14 18:00:00,2026-08-15 06:00:00,NBS,74,70,90,5,21.0,,0.0,,,29.0,,,22,50,80,6,12,0,0,0,20,0.0,150,0.0,22,KMDW,,4,9,5,0,,,1,2,19,3,21,8,2,72,
2026-08-14 18:00:00,2026-08-15 09:00:00,NBS,73,70,140,6,,,,,,,,,18,70,85,7,13,0,0,0,23,,150,,18,KMDW,,5,15,6,0,,,1,2,12,3,18,5,3,72,
2026-08-14 18:00:00,2026-08-15 12:00:00,NBS,74,71,140,8,72.0,61.0,17.0,17.0,,36.0,,39.0,7,40,84,9,20,0,0,0,83,0.0,150,0.0,5,KMDW,5.0,5,14,8,1,72.0,1.0,1,2,10,5,36,11,3,72,
2026-08-14 18:00:00,2026-08-15 15:00:00,NBS,76,73,160,9,,,,,,,,,5,20,92,12,19,0,0,0,90,,160,,4,KMDW,,10,16,10,4,,,2,2,8,5,53,20,3,75,
2026-08-14 18:00:00,2026-08-15 18:00:00,NBS,79,74,190,9,90.0,,61.0,,,33.0,,,5,30,93,12,15,0,0,0,65,0.0,160,0.0,5,KMDW,,12,19,11,4,,,5,2,8,7,46,13,4,78,
2026-08-14 18:00:00,2026-08-15 21:00:00,NBS,83,75,250,8,,,,,,,,,13,70,83,11,17,0,0,0,40,,150,,13,KMDW,,18,23,10,25,,,5,2,32,6,19,5,3,80,
2026-08-14 18:00:00,2026-08-16 00:00:00,NBS,82,76,280,8,45.0,90.0,5.0,66.0,,32.0,,42.0,22,90,86,8,17,0,0,0,24,0.0,150,0.0,21,KMDW,9.0,12,28,8,8,84.0,3.0,4,3,13,5,9,2,3,79,
2026-08-14 18:00:00,2026-08-16 03:00:00,NBS,79,76,320,8,,,,,,,,,27,80,62,9,13,0,0,0,14,,150,,22,KMDW,,6,27,8,0,,,3,2,36,5,10,4,3,78,
2026-08-14 18:00:00,2026-08-16 06:00:00,NBS,77,76,260,7,36.0,,4.0,,,33.0,,,35,30,49,8,16,0,0,0,21,0.0,140,0.0,35,KMDW,,5,27,7,0,,,3,2,36,5,15,14,3,77,
2026-08-14 18:00:00,2026-08-16 09:00:00,NBS,77,74,250,8,,,,,,,,,17,40,64,9,12,0,0,0,20,,150,,1,KMDW,,6,27,8,0,,,2,2,24,5,24,11,3,75,
2026-08-14 18:00:00,2026-08-16 12:00:00,NBS,76,74,260,8,55.0,65.0,27.0,31.0,,25.0,,36.0,14,30,78,9,11,0,0,0,33,0.0,150,0.0,1,KMDW,4.0,7,27,8,5,74.0,2.0,2,2,24,5,30,14,3,75,
2026-08-14 18:00:00,2026-08-16 15:00:00,NBS,79,75,280,8,,,,,,,,,15,100,87,11,8,0,0,0,23,,140,,15,KMDW,,18,28,10,36,,,2,2,11,4,14,2,3,77,
2026-08-14 18:00:00,2026-08-16 18:00:00,NBS,82,74,290,9,33.0,,2.0,,,22.0,,,49,100,63,11,10,0,0,0,29,0.0,130,0.0,49,KMDW,,29,30,11,52,,,3,2,35,4,5,1,3,81,
2026-08-14 18:00:00,2026-08-16 21:00:00,NBS,83,72,310,9,,,,,,,,,100,100,60,11,17,0,0,0,22,,130,,27,KMDW,,30,31,9,46,,,2,2,30,4,2,0,2,80,
2026-08-14 18:00:00,2026-08-17 00:00:00,NBS,80,72,310,8,34.0,51.0,3.0,5.0,,32.0,,32.0,-88,100,49,8,17,0,0,0,22,0.0,120,0.0,28,KMDW,1.0,10,34,8,26,84.0,2.0,2,3,24,4,2,0,3,76,
2026-08-14 18:00:00,2026-08-17 03:00:00,NBS,76,70,340,7,,,,,,,,,-88,100,41,8,10,0,0,0,3,,130,,20,KMDW,,7,35,7,0,,,2,3,25,3,5,1,3,73,
2026-08-14 18:00:00,2026-08-17 06:00:00,NBS,73,70,350,7,6.0,,0.0,,,17.0,,,-88,100,40,7,3,0,0,0,3,0.0,120,0.0,170,KMDW,,8,1,7,0,,,1,3,19,3,5,5,2,72,
2026-08-14 18:00:00,2026-08-17 09:00:00,NBS,71,67,350,6,,,,,,,,,-88,100,24,7,1,0,0,0,0,,120,,33,KMDW,,5,2,7,0,,,1,3,18,3,4,6,3,69,
2026-08-14 18:00:00,2026-08-17 12:00:00,NBS,71,66,20,6,0.0,5.0,0.0,0.0,,3.0,,17.0,-88,90,23,6,1,0,0,0,18,0.0,110,0.0,42,KMDW,0.0,9,4,6,0,69.0,2.0,2,3,17,3,6,8,2,69,
2026-08-14 18:00:00,2026-08-17 15:00:00,NBS,76,66,30,7,,,,,,,,,-88,100,22,7,1,0,0,0,18,,110,,150,KMDW,,29,4,7,38,,,2,3,20,3,2,0,3,73,
2026-08-14 18:00:00,2026-08-17 18:00:00,NBS,77,64,30,6,5.0,,0.0,,,4.0,,,48,100,35,7,1,0,0,0,18,0.0,110,0.0,36,KMDW,,42,1,7,57,,,3,4,19,3,2,0,3,76,
2026-08-15 00:00:00,2026-08-15 06:00:00,NBS,74,70,90,6,29.0,,1.0,,9.0,24.0,,,60,70,73,6,12,0,0,0,26,0.0,150,0.0,48,KMDW,,4,9,6,0,,,1,2,24,3,6,6,2,72,9/24
2026-08-15 00:00:00,2026-08-15 09:00:00,NBS,73,70,130,6,,,,,,,,,60,70,81,7,10,0,0,0,24,,150,,50,KMDW,,5,15,6,0,,,1,2,26,3,7,2,2,72,
2026-08-15 00:00:00,2026-08-15 12:00:00,NBS,74,72,120,7,69.0,75.0,56.0,57.0,,24.0,,28.0,13,40,83,8,13,0,0,0,60,0.0,150,0.0,13,KMDW,5.0,5,15,7,2,72.0,2.0,1,1,11,4,22,9,3,72,
2026-08-15 00:00:00,2026-08-15 15:00:00,NBS,75,73,150,9,,,,,,,,,5,30,89,11,18,0,0,0,86,,160,,4,KMDW,,11,15,10,10,,,2,1,9,5,58,23,3,75,
2026-08-15 00:00:00,2026-08-15 18:00:00,NBS,78,74,180,8,93.0,,80.0,,,31.0,,,6,40,92,11,14,0,0,0,47,0.0,160,0.0,6,KMDW,,14,20,10,21,,,5,2,7,6,52,14,3,77,
2026-08-15 00:00:00,2026-08-15 21:00:00,NBS,81,74,250,8,,,,,,,,,13,60,76,10,14,0,0,0,20,,150,,13,KMDW,,21,25,8,23,,,5,2,29,6,17,6,3,79,
2026-08-15 00:00:00,2026-08-16 00:00:00,NBS,81,76,280,7,50.0,93.0,6.0,86.0,,26.0,,38.0,22,80,67,7,14,0,0,0,37,0.0,150,0.0,22,KMDW,8.0,11,29,7,12,83.0,4.0,4,3,19,5,11,4,3,78,
2026-08-15 00:00:00,2026-08-16 03:00:00,NBS,78,75,300,6,,,,,,,,,35,70,59,7,6,0,0,0,29,,150,,31,KMDW,,5,24,6,0,,,3,2,33,5,12,6,3,77,
2026-08-15 00:00:00,2026-08-16 06:00:00,NBS,76,75,230,6,14.0,,2.0,,,18.0,,,6,30,61,6,8,0,0,0,30,0.0,140,0.0,6,KMDW,,4,22,6,0,,,3,2,30,5,29,14,3,75,
2026-08-15 00:00:00,2026-08-16 09:00:00,NBS,76,74,240,6,,,,,,,,,15,50,73,7,12,0,0,0,21,,150,,15,KMDW,,4,23,6,0,,,3,2,21,4,23,11,3,75,
2026-08-15 00:00:00,2026-08-16 12:00:00,NBS,75,74,240,7,37.0,44.0,14.0,16.0,,25.0,,27.0,11,60,82,8,9,0,0,0,55,0.0,150,0.0,11,KMDW,8.0,6,26,7,3,73.0,2.0,2,2,20,4,25,9,3,75,
2026-08-15 00:00:00,2026-08-16 15:00:00,NBS,79,75,270,8,,,,,,,,,15,100,71,10,7,0,0,0,19,,150,,4,KMDW,,19,29,11,37,,,2,2,32,4,20,4,3,77,
2026-08-15 00:00:00,2026-08-16 18:00:00,NBS,82,74,290,9,26.0,,5.0,,,15.0,,,25,100,70,12,6,0,0,0,20,0.0,140,0.0,17,KMDW,,35,30,11,69,,,3,2,18,4,5,1,3,81,
2026-08-15 00:00:00,2026-08-16 21:00:00,NBS,83,73,300,9,,,,,,,,,35,100,72,12,12,0,0,0,10,,140,,18,KMDW,,38,30,10,39,,,2,2,25,4,0,1,3,79,
2026-08-15 00:00:00,2026-08-17 00:00:00,NBS,80,73,310,8,27.0,50.0,3.0,8.0,,23.0,,24.0,-88,100,37,9,13,0,0,0,10,0.0,130,0.0,120,KMDW,1.0,18,33,11,19,84.0,2.0,2,3,23,4,0,0,3,77,
2026-08-15 00:00:00,2026-08-17 03:00:00,NBS,76,71,330,8,,,,,,,,,-88,100,39,8,7,0,0,0,40,,120,,2,KMDW,,9,0,8,0,,,2,3,30,4,3,0,3,73,
2026-08-15 00:00:00,2026-08-17 06:00:00,NBS,73,70,340,7,7.0,,0.0,,,15.0,,,-88,100,25,8,4,0,0,0,9,0.0,110,0.0,11,KMDW,,9,2,8,0,,,2,3,17,3,3,3,2,72,
2026-08-15 00:00:00,2026-08-17 09:00:00,NBS,71,67,0,7,,,,,,,,,-88,100,24,8,1,0,0,0,0,,110,,1,KMDW,,8,3,8,0,,,2,3,20,3,2,5,2,69,
2026-08-15 00:00:00,2026-08-17 12:00:00,NBS,70,66,20,7,1.0,8.0,0.0,0.0,,3.0,,15.0,-88,90,28,7,1,0,0,0,0,0.0,100,0.0,36,KMDW,0.0,12,5,7,0,69.0,2.0,2,3,21,2,8,8,2,69,
2026-08-15 00:00:00,2026-08-17 15:00:00,NBS,75,66,30,7,,,,,,,,,-88,100,18,8,1,0,0,0,0,,100,,170,KMDW,,32,4,7,38,,,2,4,21,3,1,0,3,72,
2026-08-15 00:00:00,2026-08-17 18:00:00,NBS,77,64,30,7,1.0,,0.0,,,3.0,,,-88,100,33,7,1,0,0,0,0,0.0,100,0.0,43,KMDW,,52,35,7,58,,,2,4,18,3,1,0,3,75,
2026-08-15 00:00:00,2026-08-17 21:00:00,NBS,77,62,30,6,,,,,,,,,-88,100,45,7,1,0,0,0,0,,100,,35,KMDW,,38,34,6,72,,,2,4,22,3,0,0,2,72,
2026-08-15 00:00:00,2026-08-18 00:00:00,NBS,75,62,80,5,0.0,1.0,0.0,0.0,,9.0,,9.0,-88,100,26,5,1,0,0,0,0,0.0,110,0.0,50,KMDW,0.0,13,12,5,44,80.0,2.0,2,4,20,2,0,0,2,70,
2026-08-15 06:00:00,2026-08-15 12:00:00,NBS,73,71,140,7,52.0,,32.0,,5.0,26.0,4.0,,9,40,85,9,14,0,0,0,44,0.0,160,0.0,8,KMDW,,6,15,7,2,,,1,1,11,3,29,12,2,73,5/26
2026-08-15 06:00:00,2026-08-15 15:00:00,NBS,74,72,160,8,,,,,,,,,5,30,91,11,19,0,0,0,83,,160,,5,KMDW,,12,17,8,9,,,2,1,7,5,57,19,3,73,
2026-08-15 06:00:00,2026-08-15 18:00:00,NBS,75,73,190,8,97.0,,72.0,,,32.0,,,5,50,89,10,14,0,0,0,33,0.0,160,0.0,5,KMDW,,18,19,8,21,,,3,1,13,6,52,11,3,76,
2026-08-15 06:00:00,2026-08-15 21:00:00,NBS,78,73,260,7,,,,,,,,,13,100,78,9,15,0,0,0,33,,150,,13,KMDW,,20,25,7,28,,,3,1,24,5,19,3,3,76,
2026-08-15 06:00:00,2026-08-16 00:00:00,NBS,79,74,230,6,29.0,97.0,5.0,77.0,,31.0,,41.0,15,70,51,7,17,0,0,0,16,0.0,150,0.0,15,KMDW,7.0,11,24,6,11,80.0,2.0,2,2,31,5,14,3,3,76,
2026-08-15 06:00:00,2026-08-16 03:00:00,NBS,76,73,180,5,,,,,,,,,15,70,69,6,13,0,0,0,18,,150,,15,KMDW,,4,23,6,0,,,1,2,25,5,19,5,3,75,
2026-08-15 06:00:00,2026-08-16 06:00:00,NBS,75,74,200,6,16.0,,2.0,,,25.0,,,11,40,77,6,10,0,0,0,11,0.0,150,0.0,11,KMDW,,4,22,6,0,,,2,2,27,4,25,11,3,74,
2026-08-15 06:00:00,2026-08-16 09:00:00,NBS,74,73,210,6,,,,,,,,,13,50,83,6,10,0,0,0,37,,150,,13,KMDW,,4,25,6,0,,,2,2,16,4,23,9,3,73,
2026-08-15 06:00:00,2026-08-16 12:00:00,NBS,75,73,250,7,52.0,38.0,16.0,18.0,,30.0,,33.0,7,70,85,8,16,0,0,0,42,0.0,150,0.0,7,KMDW,5.0,7,26,8,1,73.0,2.0,2,2,14,5,36,5,3,73,
2026-08-15 06:00:00,2026-08-16 15:00:00,NBS,78,74,270,9,,,,,,,,,5,50,88,11,10,0,0,0,45,,150,,5,KMDW,,17,27,12,18,,,2,1,11,4,48,9,3,76,
2026-08-15 06:00:00,2026-08-16 18:00:00,NBS,81,74,280,9,41.0,,2.0,,,21.0,,,22,100,69,12,8,0,0,0,19,0.0,140,0.0,19,KMDW,,29,29,14,58,,,3,2,30,4,4,2,3,80,
2026-08-15 06:00:00,2026-08-16 21:00:00,NBS,82,73,300,10,,,,,,,,,48,100,84,12,13,0,0,0,28,,140,,22,KMDW,,32,30,12,54,,,3,2,22,4,0,0,2,79,
2026-08-15 06:00:00,2026-08-17 00:00:00,NBS,80,72,310,9,38.0,59.0,5.0,7.0,,25.0,,28.0,-88,100,51,10,13,0,0,0,19,0.0,130,0.0,36,KMDW,3.0,21,31,12,16,84.0,2.0,2,3,31,3,0,0,2,77,
2026-08-15 06:00:00,2026-08-17 03:00:00,NBS,76,70,320,8,,,,,,,,,-88,100,55,9,7,0,0,0,6,,110,,45,KMDW,,8,33,8,0,,,2,3,24,3,6,0,2,73,
2026-08-15 06:00:00,2026-08-17 06:00:00,NBS,73,69,340,8,12.0,,0.0,,,13.0,,,-88,100,45,8,3,0,0,0,6,0.0,110,0.0,17,KMDW,,12,36,10,0,,,2,4,29,3,4,0,2,71,
2026-08-15 06:00:00,2026-08-17 09:00:00,NBS,71,67,360,8,,,,,,,,,-88,100,22,8,1,0,0,0,11,,100,,15,KMDW,,8,1,8,0,,,2,3,15,2,3,4,2,69,
2026-08-15 06:00:00,2026-08-17 12:00:00,NBS,71,66,0,7,2.0,13.0,0.0,0.0,,4.0,,13.0,-88,100,23,7,1,0,0,0,11,0.0,94,0.0,11,KMDW,0.0,12,1,7,4,70.0,2.0,2,3,21,2,4,7,2,69,
2026-08-15 06:00:00,2026-08-17 15:00:00,NBS,75,65,10,7,,,,,,,,,-88,100,25,8,1,0,0,0,21,,100,,200,KMDW,,31,2,8,38,,,2,3,23,3,2,0,2,73,
2026-08-15 06:00:00,2026-08-17 18:00:00,NBS,77,63,20,6,2.0,,0.0,,,3.0,,,-88,100,33,7,1,0,0,0,21,0.0,100,0.0,200,KMDW,,44,1,8,60,,,3,3,23,3,2,0,2,75,
2026-08-15 06:00:00,2026-08-17 21:00:00,NBS,77,62,30,6,,,,,,,,,-88,100,29,7,1,0,0,0,0,,100,,-88,KMDW,,41,0,6,79,,,3,3,19,2,0,0,2,71,
2026-08-15 06:00:00,2026-08-18 00:00:00,NBS,75,61,100,4,0.0,1.0,0.0,0.0,,4.0,,4.0,-88,100,20,5,1,0,0,0,0,0.0,110,0.0,44,KMDW,0.0,10,12,5,57,79.0,2.0,2,3,17,2,0,0,2,70,
2026-08-15 06:00:00,2026-08-18 03:00:00,NBS,71,62,170,4,,,,,,,,,-88,100,17,4,0,0,0,0,0,,110,,-88,KMDW,,4,19,6,0,,,2,3,17,2,0,2,2,67,
2026-08-15 06:00:00,2026-08-18 06:00:00,NBS,69,63,210,5,0.0,,0.0,,,5.0,,,-88,100,23,5,1,0,0,0,0,0.0,110,0.0,36,KMDW,,4,23,6,0,,,2,3,22,2,0,2,2,66,
2026-08-15 12:00:00,2026-08-15 18:00:00,NBS,75,72,180,7,77.0,,40.0,,3.0,24.0,,,6,70,93,10,10,0,0,0,60,0.0,160,0.0,6,KMDW,,18,19,8,12,,,3,1,7,5,44,7,3,75,3/24
2026-08-15 12:00:00,2026-08-15 21:00:00,NBS,79,72,240,7,,,,,,,,,18,100,83,7,13,0,0,0,35,,150,,18,KMDW,,21,24,7,22,,,3,1,24,5,11,3,3,76,
2026-08-15 12:00:00,2026-08-16 00:00:00,NBS,79,73,230,6,33.0,90.0,2.0,42.0,,27.0,,32.0,27,100,49,6,16,0,0,0,20,0.0,150,0.0,25,KMDW,7.0,9,24,6,8,81.0,2.0,2,2,32,6,6,2,4,76,
2026-08-15 12:00:00,2026-08-16 03:00:00,NBS,76,73,160,5,,,,,,,,,45,100,55,5,19,0,0,0,20,,150,,45,KMDW,,4,17,5,0,,,2,2,29,4,5,2,3,75,
2026-08-15 12:00:00,2026-08-16 06:00:00,NBS,75,73,220,5,28.0,,0.0,,,42.0,,,35,70,69,5,21,0,0,0,24,0.0,150,0.0,23,KMDW,,4,22,6,0,,,2,2,27,4,9,8,3,74,
2026-08-15 12:00:00,2026-08-16 09:00:00,NBS,74,72,220,6,,,,,,,,,22,50,79,6,16,0,0,0,43,,150,,22,KMDW,,5,23,6,0,,,2,2,22,4,16,10,3,73,
2026-08-15 12:00:00,2026-08-16 12:00:00,NBS,75,73,250,8,62.0,63.0,36.0,36.0,,36.0,,43.0,6,50,82,9,19,0,0,0,59,0.0,150,0.0,6,KMDW,8.0,7,26,8,1,73.0,2.0,2,2,16,5,39,10,3,74,
2026-08-15 12:00:00,2026-08-16 15:00:00,NBS,78,74,260,9,,,,,,,,,11,80,91,11,11,0,0,0,28,,150,,11,KMDW,,19,27,12,28,,,2,1,8,4,25,5,3,76,
2026-08-15 12:00:00,2026-08-16 18:00:00,NBS,82,74,280,9,59.0,,25.0,,,24.0,,,22,100,71,12,11,0,0,0,22,0.0,140,0.0,22,KMDW,,28,29,13,46,,,3,2,27,5,6,2,3,82,
2026-08-15 12:00:00,2026-08-16 21:00:00,NBS,83,72,290,10,,,,,,,,,35,100,76,13,13,0,0,0,22,,140,,35,KMDW,,32,30,14,55,,,3,2,30,5,0,0,3,79,
2026-08-15 12:00:00,2026-08-17 00:00:00,NBS,80,72,310,9,35.0,64.0,2.0,27.0,,30.0,,31.0,-88,100,52,10,16,0,0,0,9,0.0,130,0.0,60,KMDW,6.0,15,31,11,15,85.0,2.0,2,3,34,4,2,1,3,76,
2026-08-15 12:00:00,2026-08-17 03:00:00,NBS,76,70,320,8,,,,,,,,,-88,100,53,9,13,0,0,0,0,,120,,14,KMDW,,7,33,10,0,,,2,3,34,3,8,1,2,73,
2026-08-15 12:00:00,2026-08-17 06:00:00,NBS,73,68,330,8,10.0,,0.0,,,20.0,,,45,100,50,9,4,0,0,0,0,0.0,110,0.0,16,KMDW,,5,33,8,0,,,2,3,38,3,12,6,2,71,
2026-08-15 12:00:00,2026-08-17 09:00:00,NBS,71,66,350,7,,,,,,,,,-88,100,36,8,1,0,0,0,5,,100,,16,KMDW,,5,35,8,0,,,2,3,27,3,6,7,2,69,
2026-08-15 12:00:00,2026-08-17 12:00:00,NBS,71,66,360,7,2.0,16.0,0.0,0.0,,4.0,,20.0,-88,90,33,7,1,0,0,0,5,0.0,93,0.0,19,KMDW,0.0,9,0,8,6,70.0,2.0,2,3,32,3,5,7,2,68,
2026-08-15 12:00:00,2026-08-17 15:00:00,NBS,75,65,10,7,,,,,,,,,49,100,26,8,1,0,0,0,7,,93,,21,KMDW,,35,0,8,44,,,2,3,26,3,2,0,2,72,
2026-08-15 12:00:00,2026-08-17 18:00:00,NBS,77,63,10,6,2.0,,0.0,,,3.0,,,-88,100,34,7,0,0,0,0,7,0.0,92,0.0,34,KMDW,,45,34,7,53,,,2,3,23,3,2,0,3,75,
2026-08-15 12:00:00,2026-08-17 21:00:00,NBS,77,61,10,6,,,,,,,,,-88,100,29,7,1,0,0,0,0,,99,,50,KMDW,,43,34,6,78,,,2,3,20,3,1,0,2,72,
2026-08-15 12:00:00,2026-08-18 00:00:00,NBS,75,61,80,4,1.0,3.0,0.0,0.0,,5.0,,5.0,-88,100,13,5,1,0,0,0,0,0.0,110,0.0,160,KMDW,0.0,8,11,4,56,80.0,2.0,2,3,8,2,0,0,2,70,
2026-08-15 12:00:00,2026-08-18 03:00:00,NBS,71,61,190,5,,,,,,,,,-88,100,15,5,1,0,0,0,0,,110,,44,KMDW,,4,18,6,0,,,2,3,13,2,0,0,2,67,
2026-08-15 12:00:00,2026-08-18 06:00:00,NBS,69,62,220,6,0.0,,0.0,,,5.0,,,-88,100,23,6,1,0,0,0,0,0.0,110,0.0,44,KMDW,,4,23,6,0,,,2,3,23,2,0,2,2,66,
2026-08-15 12:00:00,2026-08-18 09:00:00,NBS,67,62,230,6,,,,,,,,,-88,100,41,6,1,0,0,0,0,,120,,220,KMDW,,4,24,7,0,,,2,2,32,3,0,3,2,64,
2026-08-15 12:00:00,2026-08-18 12:00:00,NBS,67,62,220,7,0.0,0.0,0.0,0.0,,3.0,,5.0,-88,90,43,7,2,0,0,0,1,0.0,120,0.0,90,KMDW,0.0,4,23,8,0,66.0,2.0,2,2,19,4,1,7,2,65,
2026-08-15 18:00:00,2026-08-16 00:00:00,NBS,79,73,170,5,35.0,,1.0,,7.0,28.0,5.0,,27,100,58,5,17,0,0,0,34,0.0,150,0.0,27,KMDW,,8,21,5,8,,,2,2,30,4,0,0,3,76,7/28
2026-08-15 18:00:00,2026-08-16 03:00:00,NBS,77,73,160,4,,,,,,,,,35,90,68,5,18,0,0,0,24,,150,,30,KMDW,,4,16,5,0,,,1,2,27,3,4,2,2,75,
2026-08-15 18:00:00,2026-08-16 06:00:00,NBS,75,74,190,4,34.0,,3.0,,,47.0,,,35,40,80,5,24,0,0,0,61,0.0,150,0.0,32,KMDW,,4,20,7,0,,,2,2,27,3,16,11,3,74,
2026-08-15 18:00:00,2026-08-16 09:00:00,NBS,75,73,230,6,,,,,,,,,7,40,84,6,19,0,0,0,67,,150,,7,KMDW,,5,23,8,0,,,1,1,15,4,31,11,3,74,
2026-08-15 18:00:00,2026-08-16 12:00:00,NBS,75,73,240,7,79.0,86.0,32.0,35.0,,35.0,,47.0,7,40,77,9,14,0,0,0,30,0.0,150,0.0,6,KMDW,6.0,5,25,8,4,73.0,2.0,1,1,12,5,36,10,3,74,
2026-08-15 18:00:00,2026-08-16 15:00:00,NBS,79,74,270,9,,,,,,,,,11,70,83,11,10,0,0,0,21,,150,,10,KMDW,,16,28,12,26,,,2,1,16,4,27,5,3,77,
2026-08-15 18:00:00,2026-08-16 18:00:00,NBS,82,74,290,9,48.0,,12.0,,,21.0,,,27,100,63,12,9,0,0,0,22,0.0,140,0.0,27,KMDW,,30,29,12,51,,,3,1,32,4,0,0,3,81,
2026-08-15 18:00:00,2026-08-16 21:00:00,NBS,83,73,300,10,,,,,,,,,45,100,55,13,13,0,0,0,16,,140,,45,KMDW,,34,29,12,49,,,3,2,31,4,0,0,3,80,
2026-08-15 18:00:00,2026-08-17 00:00:00,NBS,81,72,310,9,31.0,55.0,2.0,14.0,,29.0,,29.0,-88,100,56,10,16,0,0,0,19,0.0,130,0.0,49,KMDW,4.0,16,31,10,16,85.0,2.0,2,3,40,4,1,1,3,77,
2026-08-15 18:00:00,2026-08-17 03:00:00,NBS,77,70,320,8,,,,,,,,,-88,100,46,9,12,0,0,0,7,,130,,50,KMDW,,7,34,8,0,,,2,3,34,3,6,1,2,73,
2026-08-15 18:00:00,2026-08-17 06:00:00,NBS,74,68,340,8,9.0,,0.0,,,22.0,,,-88,100,44,9,4,0,0,0,32,0.0,120,0.0,44,KMDW,,6,35,8,0,,,1,3,36,3,4,1,2,71,
2026-08-15 18:00:00,2026-08-17 09:00:00,NBS,71,66,350,8,,,,,,,,,-88,100,41,8,2,0,0,0,19,,100,,18,KMDW,,9,35,9,0,,,1,3,37,2,6,4,2,68,
2026-08-15 18:00:00,2026-08-17 12:00:00,NBS,71,66,360,7,3.0,16.0,0.0,0.0,,4.0,,22.0,-88,90,14,8,1,0,0,0,3,0.0,94,0.0,22,KMDW,0.0,9,36,8,8,70.0,2.0,2,3,14,2,7,8,2,70,
2026-08-15 18:00:00,2026-08-17 15:00:00,NBS,75,66,10,7,,,,,,,,,47,100,42,8,1,0,0,0,6,,92,,12,KMDW,,33,36,8,55,,,1,3,41,3,5,0,2,73,
2026-08-15 18:00:00,2026-08-17 18:00:00,NBS,77,64,360,6,2.0,,0.0,,,3.0,,,-88,100,30,7,0,0,0,0,0,0.0,89,0.0,130,KMDW,,48,34,8,71,,,2,3,17,3,2,0,2,75,
2026-08-15 18:00:00,2026-08-17 21:00:00,NBS,77,62,10,6,,,,,,,,,-88,100,29,7,1,0,0,0,0,,89,,38,KMDW,,44,33,7,60,,,2,3,15,2,0,0,2,71,
2026-08-15 18:00:00,2026-08-18 00:00:00,NBS,76,61,50,5,1.0,3.0,0.0,0.0,,6.0,,6.0,-88,100,19,5,1,0,0,0,0,0.0,94,0.0,44,KMDW,0.0,14,14,5,30,80.0,2.0,2,3,17,2,0,0,2,70,
2026-08-15 18:00:00,2026-08-18 03:00:00,NBS,72,61,190,5,,,,,,,,,-88,100,18,5,1,0,0,0,0,,100,,-88,KMDW,,4,19,6,0,,,1,3,15,2,0,0,2,67,
2026-08-15 18:00:00,2026-08-18 06:00:00,NBS,69,63,220,5,0.0,,0.0,,,5.0,,,-88,100,26,6,1,0,0,0,0,0.0,110,0.0,90,KMDW,,4,22,6,0,,,2,3,19,2,0,2,1,66,
2026-08-15 18:00:00,2026-08-18 09:00:00,NBS,67,62,230,6,,,,,,,,,-88,100,39,6,1,0,0,0,0,,110,,160,KMDW,,4,23,7,0,,,1,2,32,2,0,4,2,65,
2026-08-15 18:00:00,2026-08-18 12:00:00,NBS,68,63,230,6,0.0,0.0,0.0,0.0,,4.0,,5.0,-88,100,36,7,2,0,0,0,0,0.0,120,0.0,90,KMDW,0.0,4,23,8,0,66.0,2.0,1,2,26,3,2,6,2,65,
2026-08-15 18:00:00,2026-08-18 15:00:00,NBS,75,65,230,8,,,,,,,,,-88,100,38,10,4,0,0,0,1,,120,,60,KMDW,,24,23,10,33,,,1,2,19,4,0,0,2,72,
2026-08-15 18:00:00,2026-08-18 18:00:00,NBS,79,66,250,11,0.0,,0.0,,,7.0,,,-88,100,55,15,4,0,0,0,4,0.0,120,0.0,160,KMDW,,39,26,13,46,,,2,2,15,5,1,0,3,77,
2026-08-16 00:00:00,2026-08-16 06:00:00,NBS,76,74,180,5,42.0,,1.0,,23.0,54.0,,,11,50,81,5,30,0,0,0,65,0.0,150,0.0,10,KMDW,,5,19,5,0,,,1,1,16,3,28,10,2,74,23/54
2026-08-16 00:00:00,2026-08-16 09:00:00,NBS,75,73,230,6,,,,,,,,,13,60,88,7,27,0,0,0,61,,150,,13,KMDW,,5,25,8,0,,,1,1,13,4,25,7,3,74,
2026-08-16 00:00:00,2026-08-16 12:00:00,NBS,75,73,250,8,78.0,88.0,19.0,20.0,,46.0,,54.0,6,50,72,9,15,0,0,0,29,0.0,150,0.0,6,KMDW,11.0,6,26,8,4,73.0,2.0,1,1,12,5,40,8,3,74,
2026-08-16 00:00:00,2026-08-16 15:00:00,NBS,78,74,270,9,,,,,,,,,8,80,86,13,10,0,0,0,29,,150,,8,KMDW,,16,28,11,32,,,2,1,10,4,34,5,3,77,
2026-08-16 00:00:00,2026-08-16 18:00:00,NBS,83,74,290,10,36.0,,7.0,,,19.0,,,18,100,64,14,8,0,0,0,21,0.0,140,0.0,18,KMDW,,32,29,12,57,,,3,1,33,4,6,0,3,82,
2026-08-16 00:00:00,2026-08-16 21:00:00,NBS,83,73,290,10,,,,,,,,,45,100,79,14,16,0,0,0,19,,140,,39,KMDW,,32,28,11,37,,,3,2,21,4,1,0,2,79,
2026-08-16 00:00:00,2026-08-17 00:00:00,NBS,81,72,300,10,19.0,50.0,1.0,8.0,,30.0,,30.0,70,100,58,10,18,0,0,0,17,0.0,130,0.0,60,KMDW,4.0,17,31,10,14,85.0,2.0,2,3,31,5,2,0,3,77,
2026-08-16 00:00:00,2026-08-17 03:00:00,NBS,77,70,320,8,,,,,,,,,60,100,61,10,9,0,0,0,0,,130,,49,KMDW,,6,34,9,0,,,2,3,31,3,6,0,2,73,
2026-08-16 00:00:00,2026-08-17 06:00:00,NBS,74,68,340,8,13.0,,0.0,,,16.0,,,-88,100,51,9,3,0,0,0,28,0.0,120,0.0,32,KMDW,,6,0,9,0,,,2,3,33,2,10,1,2,71,
2026-08-16 00:00:00,2026-08-17 09:00:00,NBS,71,66,360,8,,,,,,,,,45,100,56,9,2,0,0,0,19,,100,,23,KMDW,,7,1,10,0,,,1,2,38,2,13,0,1,69,
2026-08-16 00:00:00,2026-08-17 12:00:00,NBS,71,66,350,7,7.0,13.0,0.0,0.0,,4.0,,16.0,45,100,42,7,2,0,0,0,7,0.0,92,0.0,29,KMDW,3.0,9,1,8,3,70.0,2.0,2,3,29,2,14,3,2,69,
2026-08-16 00:00:00,2026-08-17 15:00:00,NBS,76,66,10,7,,,,,,,,,-88,100,27,8,1,0,0,0,5,,91,,27,KMDW,,30,36,8,52,,,2,3,34,3,3,0,2,73,
2026-08-16 00:00:00,2026-08-17 18:00:00,NBS,77,64,10,6,6.0,,0.0,,,3.0,,,60,100,60,7,1,0,0,0,0,0.0,92,0.0,15,KMDW,,41,34,7,60,,,2,3,33,3,2,0,2,75,
2026-08-16 00:00:00,2026-08-17 21:00:00,NBS,77,62,350,6,,,,,,,,,-88,100,53,6,1,0,0,0,0,,93,,21,KMDW,,37,32,6,44,,,2,3,30,3,0,0,2,72,
2026-08-16 00:00:00,2026-08-18 00:00:00,NBS,76,62,330,5,0.0,6.0,0.0,0.0,,6.0,,6.0,-88,100,17,5,0,0,0,0,0,0.0,95,0.0,31,KMDW,0.0,18,30,5,23,80.0,2.0,2,3,19,2,0,0,2,71,
2026-08-16 00:00:00,2026-08-18 03:00:00,NBS,72,63,210,5,,,,,,,,,-88,100,23,5,1,0,0,0,0,,110,,15,KMDW,,9,26,6,0,,,2,2,19,2,1,2,2,68,
2026-08-16 00:00:00,2026-08-18 06:00:00,NBS,70,64,230,6,0.0,,0.0,,,5.0,,,-88,100,33,6,1,0,0,0,0,0.0,110,0.0,90,KMDW,,4,23,6,0,,,2,2,23,2,2,4,1,67,
2026-08-16 00:00:00,2026-08-18 09:00:00,NBS,67,63,230,6,,,,,,,,,-88,100,35,6,1,0,0,0,0,,110,,210,KMDW,,4,24,7,0,,,2,2,32,2,2,3,1,65,
2026-08-16 00:00:00,2026-08-18 12:00:00,NBS,68,63,230,6,0.0,0.0,0.0,0.0,,3.0,,5.0,-88,90,38,7,2,0,0,0,0,0.0,120,0.0,80,KMDW,0.0,4,23,6,0,66.0,2.0,2,2,23,3,2,8,1,66,
2026-08-16 00:00:00,2026-08-18 15:00:00,NBS,76,66,240,8,,,,,,,,,-88,100,40,10,3,0,0,0,2,,120,,60,KMDW,,21,24,10,37,,,1,2,31,4,0,0,2,73,
2026-08-16 00:00:00,2026-08-18 18:00:00,NBS,79,66,240,11,1.0,,0.0,,,7.0,,,-88,100,52,15,4,0,0,0,5,0.0,110,0.0,60,KMDW,,37,24,12,44,,,2,2,24,4,0,0,2,77,
2026-08-16 00:00:00,2026-08-18 21:00:00,NBS,80,67,250,11,,,,,,,,,100,100,66,14,12,0,0,0,10,,110,,33,KMDW,,35,25,13,74,,,2,3,21,4,0,0,2,75,
2026-08-16 00:00:00,2026-08-19 00:00:00,NBS,78,67,250,9,12.0,12.0,0.0,0.0,,23.0,,23.0,-88,100,64,9,14,0,0,0,15,0.0,110,0.0,28,KMDW,0.0,13,24,9,52,82.0,2.0,2,3,17,4,0,0,3,73,
2026-08-16 06:00:00,2026-08-16 12:00:00,NBS,75,73,250,9,82.0,,21.0,,35.0,44.0,22.0,,13,50,68,11,19,0,0,0,40,0.0,150,0.0,12,KMDW,,7,27,9,4,,,1,1,29,5,21,7,3,74,35/44
2026-08-16 06:00:00,2026-08-16 15:00:00,NBS,78,74,270,10,,,,,,,,,11,100,70,13,12,0,0,0,14,,150,,11,KMDW,,17,28,10,30,,,2,1,31,3,23,3,2,77,
2026-08-16 06:00:00,2026-08-16 18:00:00,NBS,83,74,290,10,24.0,,1.0,,,23.0,,,35,100,54,13,9,0,0,0,19,0.0,140,0.0,29,KMDW,,29,29,10,49,,,2,1,27,3,1,0,2,82,
2026-08-16 06:00:00,2026-08-16 21:00:00,NBS,83,73,290,10,,,,,,,,,-88,100,48,14,17,0,0,0,15,,130,,47,KMDW,,30,29,10,50,,,3,2,25,4,0,0,2,80,
2026-08-16 06:00:00,2026-08-17 00:00:00,NBS,81,72,300,10,17.0,40.0,0.0,1.0,,31.0,,32.0,-88,100,56,12,15,0,0,0,24,0.0,130,0.0,90,KMDW,1.0,16,30,10,15,85.0,2.0,2,3,32,4,0,0,3,77,
2026-08-16 06:00:00,2026-08-17 03:00:00,NBS,77,69,330,8,,,,,,,,,-88,100,46,10,6,0,0,0,0,,130,,90,KMDW,,5,34,8,0,,,2,3,26,2,2,0,1,73,
2026-08-16 06:00:00,2026-08-17 06:00:00,NBS,74,68,340,8,14.0,,0.0,,,11.0,,,150,100,61,9,2,0,0,0,0,0.0,130,0.0,110,KMDW,,5,34,8,0,,,2,2,34,2,3,4,1,71,
2026-08-16 06:00:00,2026-08-17 09:00:00,NBS,71,66,350,7,,,,,,,,,-88,100,44,8,1,0,0,0,4,,120,,34,KMDW,,5,36,7,0,,,2,2,27,2,0,2,1,68,
2026-08-16 06:00:00,2026-08-17 12:00:00,NBS,71,66,360,6,5.0,17.0,0.0,0.0,,4.0,,11.0,-88,70,40,7,1,0,0,0,4,0.0,100,0.0,36,KMDW,3.0,8,2,6,5,70.0,2.0,2,2,32,2,8,9,2,69,
2026-08-16 06:00:00,2026-08-17 15:00:00,NBS,76,66,10,7,,,,,,,,,35,100,39,7,1,0,0,0,7,,93,,33,KMDW,,30,1,7,45,,,2,2,32,3,0,0,3,73,
2026-08-16 06:00:00,2026-08-17 18:00:00,NBS,77,64,10,6,10.0,,0.0,,,2.0,,,-88,100,55,6,1,0,0,0,4,0.0,92,0.0,33,KMDW,,41,34,7,56,,,2,3,32,3,0,0,3,74,
2026-08-16 06:00:00,2026-08-17 21:00:00,NBS,77,62,30,6,,,,,,,,,-88,100,54,6,1,0,0,0,4,,91,,24,KMDW,,37,33,6,63,,,2,3,28,3,0,0,2,72,
2026-08-16 06:00:00,2026-08-18 00:00:00,NBS,76,62,80,5,1.0,10.0,0.0,0.0,,7.0,,7.0,-88,100,36,6,0,0,0,0,0,0.0,96,0.0,24,KMDW,0.0,14,18,5,18,81.0,2.0,2,2,37,2,0,0,2,71,
2026-08-16 06:00:00,2026-08-18 03:00:00,NBS,72,62,210,5,,,,,,,,,-88,100,5,5,1,0,0,0,0,,110,,20,KMDW,,4,21,6,0,,,2,2,7,2,0,2,2,68,
2026-08-16 06:00:00,2026-08-18 06:00:00,NBS,70,63,230,6,0.0,,0.0,,,6.0,,,-88,100,21,6,1,0,0,0,0,0.0,110,0.0,38,KMDW,,4,22,7,0,,,2,2,18,2,2,3,1,66,
2026-08-16 06:00:00,2026-08-18 09:00:00,NBS,68,63,230,6,,,,,,,,,-88,100,30,6,1,0,0,0,0,,110,,240,KMDW,,4,24,8,0,,,2,2,32,2,0,6,1,65,
2026-08-16 06:00:00,2026-08-18 12:00:00,NBS,68,64,220,6,1.0,1.0,0.0,0.0,,3.0,,6.0,-88,90,35,7,1,0,0,0,0,0.0,110,0.0,60,KMDW,0.0,4,23,8,3,67.0,2.0,1,2,28,2,1,7,1,66,
2026-08-16 06:00:00,2026-08-18 15:00:00,NBS,76,66,240,9,,,,,,,,,-88,100,37,11,3,0,0,0,2,,120,,80,KMDW,,24,25,10,36,,,1,2,31,4,0,0,2,73,
2026-08-16 06:00:00,2026-08-18 18:00:00,NBS,80,67,250,11,2.0,,0.0,,,7.0,,,50,100,57,15,5,0,0,0,5,0.0,110,0.0,36,KMDW,,40,25,13,54,,,2,2,23,4,2,0,2,77,
2026-08-16 06:00:00,2026-08-18 21:00:00,NBS,79,68,260,11,,,,,,,,,36,100,70,15,13,0,0,0,21,,110,,33,KMDW,,39,26,11,70,,,3,2,15,4,4,0,2,75,
2026-08-16 06:00:00,2026-08-19 00:00:00,NBS,77,68,260,9,20.0,19.0,0.0,0.0,,22.0,,22.0,-88,100,78,10,12,0,0,0,25,0.0,120,0.0,90,KMDW,0.0,14,25,9,45,82.0,2.0,3,2,24,3,3,0,2,73,
2026-08-16 06:00:00,2026-08-19 03:00:00,NBS,74,68,260,8,,,,,,,,,-88,100,90,9,11,0,0,0,31,,120,,100,KMDW,,6,24,8,0,,,2,2,10,4,3,3,3,71,
2026-08-16 06:00:00,2026-08-19 06:00:00,NBS,72,68,310,8,42.0,,3.0,,,35.0,,,80,100,94,9,20,0,0,0,30,0.0,120,0.0,42,KMDW,,9,33,11,0,,,2,3,5,4,5,3,3,70,
2026-08-16 12:00:00,2026-08-16 18:00:00,NBS,84,73,290,9,22.0,,0.0,,19.0,15.0,,,27,100,57,12,9,0,0,0,19,0.0,140,0.0,25,KMDW,,29,29,10,57,,,2,2,30,3,4,0,2,82,19/15
2026-08-16 12:00:00,2026-08-16 21:00:00,NBS,84,73,280,10,,,,,,,,,60,100,67,14,20,0,0,0,7,,140,,45,KMDW,,31,29,10,43,,,3,2,29,3,2,0,2,80,
2026-08-16 12:00:00,2026-08-17 00:00:00,NBS,82,72,290,9,18.0,34.0,0.0,0.0,,34.0,,34.0,90,100,61,10,17,0,0,0,31,0.0,130,0.0,70,KMDW,1.0,14,29,10,12,86.0,2.0,2,2,34,4,3,0,3,77,
2026-08-16 12:00:00,2026-08-17 03:00:00,NBS,77,69,330,8,,,,,,,,,90,100,66,9,8,0,0,0,8,,130,,70,KMDW,,5,33,8,0,,,2,3,25,2,6,0,1,74,
2026-08-16 12:00:00,2026-08-17 06:00:00,NBS,74,67,340,7,18.0,,0.0,,,12.0,,,140,100,70,9,2,0,0,0,3,0.0,130,0.0,100,KMDW,,5,35,8,0,,,2,2,30,2,4,0,1,70,
2026-08-16 12:00:00,2026-08-17 09:00:00,NBS,71,65,360,7,,,,,,,,,130,100,59,8,1,0,0,0,4,,120,,60,KMDW,,5,1,7,0,,,2,2,14,2,4,0,1,68,
2026-08-16 12:00:00,2026-08-17 12:00:00,NBS,71,66,10,6,6.0,18.0,0.0,0.0,,2.0,,12.0,-88,100,36,7,1,0,0,0,22,0.0,100,0.0,27,KMDW,4.0,9,3,8,5,70.0,2.0,2,2,32,2,9,2,2,68,
2026-08-16 12:00:00,2026-08-17 15:00:00,NBS,76,66,40,7,,,,,,,,,45,100,35,7,1,0,0,0,15,,95,,37,KMDW,,29,2,8,39,,,2,2,33,3,1,0,3,72,
2026-08-16 12:00:00,2026-08-17 18:00:00,NBS,77,64,40,6,14.0,,0.0,,,2.0,,,-88,100,49,6,1,0,0,0,0,0.0,94,0.0,32,KMDW,,40,1,6,64,,,2,2,23,3,1,0,3,75,
2026-08-16 12:00:00,2026-08-17 21:00:00,NBS,77,62,60,6,,,,,,,,,-88,100,45,6,1,0,0,0,0,,94,,43,KMDW,,36,1,6,52,,,2,2,23,3,0,0,2,72,
2026-08-16 12:00:00,2026-08-18 00:00:00,NBS,76,61,110,6,1.0,15.0,0.0,0.0,,8.0,,8.0,-88,100,41,6,1,0,0,0,0,0.0,94,0.0,30,KMDW,3.0,11,15,6,18,81.0,1.0,2,2,32,2,0,0,2,70,
2026-08-16 12:00:00,2026-08-18 03:00:00,NBS,72,61,170,5,,,,,,,,,-88,100,32,6,1,0,0,0,0,,100,,13,KMDW,,5,19,5,0,,,1,2,28,2,0,3,2,66,
2026-08-16 12:00:00,2026-08-18 06:00:00,NBS,69,63,220,6,0.0,,0.0,,,6.0,,,-88,100,29,6,1,0,0,0,20,0.0,100,0.0,50,KMDW,,5,22,7,0,,,1,2,30,2,2,3,1,66,
2026-08-16 12:00:00,2026-08-18 09:00:00,NBS,67,63,230,6,,,,,,,,,-88,100,16,6,1,0,0,0,0,,110,,180,KMDW,,4,23,6,0,,,1,2,22,2,0,4,1,64,
2026-08-16 12:00:00,2026-08-18 12:00:00,NBS,68,63,230,6,0.0,0.0,0.0,0.0,,2.0,,6.0,-88,90,62,7,1,0,0,0,0,0.0,110,0.0,70,KMDW,0.0,4,23,7,4,66.0,2.0,1,2,32,2,0,7,1,66,
2026-08-16 12:00:00,2026-08-18 15:00:00,NBS,76,65,240,8,,,,,,,,,-88,100,25,10,2,0,0,0,1,,120,,50,KMDW,,20,25,10,47,,,1,2,17,3,0,0,2,73,
2026-08-16 12:00:00,2026-08-18 18:00:00,NBS,80,66,240,11,1.0,,0.0,,,7.0,,,-88,100,47,15,4,0,0,0,4,0.0,110,0.0,40,KMDW,,39,26,15,67,,,2,2,25,4,0,0,2,78,
2026-08-16 12:00:00,2026-08-18 21:00:00,NBS,80,67,250,12,,,,,,,,,-88,100,54,16,11,0,0,0,22,,110,,34,KMDW,,47,26,13,75,,,3,2,25,4,1,0,2,75,
2026-08-16 12:00:00,2026-08-19 00:00:00,NBS,78,68,250,10,28.0,27.0,0.0,0.0,,25.0,,25.0,-88,100,68,11,16,0,0,0,31,0.0,120,0.0,90,KMDW,0.0,12,25,10,48,82.0,2.0,3,2,18,4,0,0,2,73,
2026-08-16 12:00:00,2026-08-19 03:00:00,NBS,74,68,260,8,,,,,,,,,130,100,77,9,11,0,0,0,60,,120,,80,KMDW,,4,25,8,0,,,2,2,31,3,3,0,3,71,
2026-08-16 12:00:00,2026-08-19 06:00:00,NBS,72,68,280,8,57.0,,12.0,,,31.0,,,80,100,78,9,16,0,0,0,62,0.0,120,0.0,60,KMDW,,5,29,11,0,,,2,3,35,3,5,5,3,70,
2026-08-16 12:00:00,2026-08-19 09:00:00,NBS,69,66,310,7,,,,,,,,,50,100,73,8,11,0,0,0,43,,120,,45,KMDW,,5,35,7,0,,,2,3,28,3,11,5,3,68,
2026-08-16 12:00:00,2026-08-19 12:00:00,NBS,69,65,350,6,53.0,74.0,23.0,35.0,,19.0,,31.0,90,40,75,7,8,0,0,0,57,0.0,110,0.0,50,KMDW,5.0,5,14,6,0,68.0,2.0,2,3,21,4,12,12,3,67,
2026-08-16 18:00:00,2026-08-17 00:00:00,NBS,81,72,300,9,23.0,,0.0,,12.0,37.0,35.0,,70,100,66,10,21,0,0,0,41,0.0,140,0.0,48,KMDW,,14,31,9,11,,,2,3,33,4,0,0,3,77,12/37
2026-08-16 18:00:00,2026-08-17 03:00:00,NBS,77,69,340,8,,,,,,,,,70,100,83,10,10,0,0,0,17,,140,,60,KMDW,,5,34,8,0,,,2,3,26,3,2,0,2,73,
2026-08-16 18:00:00,2026-08-17 06:00:00,NBS,73,67,350,8,28.0,,0.0,,,17.0,,,90,100,65,9,3,0,0,0,12,0.0,130,0.0,70,KMDW,,5,36,9,0,,,2,3,38,2,5,0,1,70,
2026-08-16 18:00:00,2026-08-17 09:00:00,NBS,71,65,0,7,,,,,,,,,-88,100,53,8,1,0,0,0,17,,130,,60,KMDW,,6,1,8,0,,,2,2,37,2,4,4,1,68,
2026-08-16 18:00:00,2026-08-17 12:00:00,NBS,70,65,20,6,10.0,28.0,0.0,0.0,,3.0,,17.0,-88,80,45,7,1,0,0,0,10,0.0,110,0.0,20,KMDW,2.0,10,2,10,4,69.0,2.0,2,2,34,2,3,7,2,68,
2026-08-16 18:00:00,2026-08-17 15:00:00,NBS,76,66,30,7,,,,,,,,,27,100,63,8,1,0,0,0,4,,95,,27,KMDW,,26,3,10,34,,,2,2,31,3,0,0,2,72,
2026-08-16 18:00:00,2026-08-17 18:00:00,NBS,77,64,40,6,16.0,,6.0,,,3.0,,,45,100,47,6,1,0,0,0,4,0.0,94,0.0,33,KMDW,,41,36,8,59,,,2,3,29,3,0,0,3,75,
2026-08-16 18:00:00,2026-08-17 21:00:00,NBS,77,62,50,6,,,,,,,,,-88,100,43,6,1,0,0,0,0,,96,,80,KMDW,,35,1,6,59,,,2,3,22,3,0,0,2,72,
2026-08-16 18:00:00,2026-08-18 00:00:00,NBS,76,61,70,5,2.0,18.0,0.0,6.0,,6.0,,6.0,-88,100,34,5,1,0,0,0,0,0.0,97,0.0,26,KMDW,1.0,10,7,5,19,80.0,2.0,2,3,26,2,0,0,2,70,
2026-08-16 18:00:00,2026-08-18 03:00:00,NBS,72,62,190,5,,,,,,,,,-88,100,24,5,1,0,0,0,0,,100,,27,KMDW,,5,19,6,0,,,2,3,33,2,0,3,2,67,
2026-08-16 18:00:00,2026-08-18 06:00:00,NBS,69,63,220,6,1.0,,0.0,,,4.0,,,-88,100,26,6,1,0,0,0,0,0.0,100,0.0,60,KMDW,,4,22,6,0,,,2,2,25,2,0,1,1,66,
2026-08-16 18:00:00,2026-08-18 09:00:00,NBS,68,63,230,6,,,,,,,,,-88,100,45,7,1,0,0,0,0,,110,,70,KMDW,,4,23,7,0,,,1,2,38,2,2,5,1,65,
2026-08-16 18:00:00,2026-08-18 12:00:00,NBS,68,63,230,6,0.0,1.0,0.0,0.0,,2.0,,4.0,-88,90,46,7,1,0,0,0,0,0.0,110,0.0,26,KMDW,0.0,4,24,7,6,66.0,2.0,1,2,34,2,0,7,1,66,
2026-08-16 18:00:00,2026-08-18 15:00:00,NBS,76,65,230,8,,,,,,,,,-88,100,23,10,2,0,0,0,6,,110,,31,KMDW,,20,25,9,42,,,1,2,25,3,0,0,2,73,
2026-08-16 18:00:00,2026-08-18 18:00:00,NBS,80,66,240,12,0.0,,0.0,,,6.0,,,80,100,68,16,4,0,0,0,8,0.0,110,0.0,80,KMDW,,39,26,12,60,,,2,2,38,4,0,0,2,76,
2026-08-16 18:00:00,2026-08-18 21:00:00,NBS,80,67,240,12,,,,,,,,,43,100,67,16,12,0,0,0,18,,110,,32,KMDW,,40,25,13,58,,,3,2,25,3,0,0,2,75,
2026-08-16 18:00:00,2026-08-19 00:00:00,NBS,77,68,240,10,25.0,23.0,0.0,0.0,,29.0,,29.0,110,100,68,11,18,0,0,0,18,0.0,110,0.0,34,KMDW,0.0,14,25,10,26,82.0,2.0,3,2,22,4,2,0,2,73,
2026-08-16 18:00:00,2026-08-19 03:00:00,NBS,74,68,250,8,,,,,,,,,100,100,82,8,14,0,0,0,58,,130,,80,KMDW,,5,25,8,0,,,2,2,32,4,4,2,2,71,
2026-08-16 18:00:00,2026-08-19 06:00:00,NBS,72,68,280,8,58.0,,15.0,,,35.0,,,90,100,79,8,18,0,0,0,70,0.0,130,0.0,47,KMDW,,6,27,8,0,,,2,3,29,4,6,5,3,70,
2026-08-16 18:00:00,2026-08-19 09:00:00,NBS,69,66,310,7,,,,,,,,,-88,80,72,8,11,0,0,0,61,,120,,160,KMDW,,5,31,7,0,,,2,3,27,4,5,11,3,68,
2026-08-16 18:00:00,2026-08-19 12:00:00,NBS,69,66,340,6,56.0,72.0,23.0,38.0,,17.0,,35.0,-88,40,56,6,6,0,0,0,61,0.0,110,0.0,42,KMDW,6.0,8,35,6,0,68.0,2.0,2,3,27,5,9,13,4,68,
2026-08-16 18:00:00,2026-08-19 15:00:00,NBS,73,65,20,6,,,,,,,,,-88,100,60,6,5,0,0,0,27,,110,,46,KMDW,,19,4,6,26,,,2,3,25,5,6,0,4,71,
2026-08-16 18:00:00,2026-08-19 18:00:00,NBS,74,64,30,7,29.0,,4.0,,,12.0,,,-88,100,55,7,7,0,0,0,14,0.0,100,0.0,47,KMDW,,32,5,7,50,,,4,4,24,6,0,0,5,73,
2026-08-17 00:00:00,2026-08-17 06:00:00,NBS,74,67,350,7,34.0,,1.0,,13.0,24.0,,,130,100,68,9,3,0,0,0,3,0.0,130,0.0,44,KMDW,,5,35,8,0,,,1,3,36,2,3,5,2,70,13/24
2026-08-17 00:00:00,2026-08-17 09:00:00,NBS,71,65,350,7,,,,,,,,,-88,100,32,8,1,0,0,0,0,,130,,60,KMDW,,4,35,8,0,,,1,2,33,2,5,10,1,68,
2026-08-17 00:00:00,2026-08-17 12:00:00,NBS,70,66,360,7,15.0,35.0,0.0,1.0,,4.0,,24.0,-88,70,40,8,2,0,0,0,15,0.0,110,0.0,18,KMDW,2.0,7,1,9,5,70.0,2.0,1,2,31,2,8,12,2,68,
2026-08-17 00:00:00,2026-08-17 15:00:00,NBS,75,66,30,8,,,,,,,,,35,100,74,9,1,0,0,0,25,,95,,23,KMDW,,27,2,10,31,,,1,2,27,4,0,3,3,72,
2026-08-17 00:00:00,2026-08-17 18:00:00,NBS,77,64,30,7,17.0,,0.0,,,3.0,,,45,100,43,8,1,0,0,0,13,0.0,93,0.0,35,KMDW,,36,1,9,50,,,2,2,35,4,0,1,3,75,
2026-08-17 00:00:00,2026-08-17 21:00:00,NBS,77,62,50,6,,,,,,,,,-88,100,32,7,1,0,0,0,3,,96,,43,KMDW,,38,36,7,56,,,2,2,21,3,0,0,2,71,
2026-08-17 00:00:00,2026-08-18 00:00:00,NBS,75,62,80,5,3.0,18.0,0.0,0.0,,6.0,,6.0,-88,100,32,5,0,0,0,0,19,0.0,97,0.0,11,KMDW,1.0,11,9,5,18,79.0,2.0,2,3,26,2,0,0,2,70,
2026-08-17 00:00:00,2026-08-18 03:00:00,NBS,71,62,200,4,,,,,,,,,-88,100,26,5,0,0,0,0,15,,100,,17,KMDW,,4,22,5,0,,,1,3,36,2,1,0,2,67,
2026-08-17 00:00:00,2026-08-18 06:00:00,NBS,69,63,230,6,4.0,,0.0,,,4.0,,,-88,100,22,6,1,0,0,0,0,0.0,100,0.0,36,KMDW,,4,24,6,0,,,1,2,23,2,3,1,1,66,
2026-08-17 00:00:00,2026-08-18 09:00:00,NBS,67,63,240,6,,,,,,,,,-88,100,36,6,1,0,0,0,0,,110,,120,KMDW,,4,25,7,0,,,1,2,35,2,5,3,1,65,
2026-08-17 00:00:00,2026-08-18 12:00:00,NBS,68,63,240,6,4.0,4.0,0.0,0.0,,2.0,,4.0,-88,100,35,7,1,0,0,0,0,0.0,110,0.0,150,KMDW,0.0,4,25,8,6,66.0,1.0,1,2,34,2,5,3,1,65,
2026-08-17 00:00:00,2026-08-18 15:00:00,NBS,76,65,230,8,,,,,,,,,-88,100,36,10,2,0,0,0,1,,110,,34,KMDW,,22,25,10,54,,,1,2,34,3,0,0,2,72,
2026-08-17 00:00:00,2026-08-18 18:00:00,NBS,79,66,230,11,0.0,,0.0,,,5.0,,,-88,100,45,16,3,0,0,0,7,0.0,110,0.0,27,KMDW,,37,25,14,65,,,2,2,33,4,0,0,2,77,
2026-08-17 00:00:00,2026-08-18 21:00:00,NBS,79,67,240,12,,,,,,,,,90,100,69,16,16,0,0,0,21,,110,,25,KMDW,,28,25,13,48,,,2,2,32,4,0,0,2,75,
2026-08-17 00:00:00,2026-08-19 00:00:00,NBS,77,68,250,10,18.0,18.0,0.0,0.0,,26.0,,26.0,-88,100,71,11,18,0,0,0,33,0.0,120,0.0,60,KMDW,0.0,17,26,10,15,81.0,2.0,3,2,36,4,0,0,2,73,
2026-08-17 00:00:00,2026-08-19 03:00:00,NBS,73,68,240,8,,,,,,,,,90,100,90,9,16,0,0,0,41,,130,,90,KMDW,,8,25,9,0,,,2,2,9,4,3,0,3,71,
2026-08-17 00:00:00,2026-08-19 06:00:00,NBS,71,68,260,8,54.0,,12.0,,,33.0,,,70,100,79,8,19,0,0,0,41,0.0,120,0.0,60,KMDW,,8,28,9,0,,,2,2,15,4,8,6,3,70,
2026-08-17 00:00:00,2026-08-19 09:00:00,NBS,70,67,300,7,,,,,,,,,45,90,66,7,13,0,0,0,25,,110,,38,KMDW,,8,30,7,0,,,1,2,28,3,10,9,3,68,
2026-08-17 00:00:00,2026-08-19 12:00:00,NBS,69,66,330,5,35.0,65.0,5.0,17.0,,22.0,,33.0,60,40,62,6,8,0,0,0,25,0.0,100,0.0,3,KMDW,4.0,7,32,5,0,68.0,2.0,1,2,21,3,19,14,3,68,
2026-08-17 00:00:00,2026-08-19 15:00:00,NBS,73,66,360,6,,,,,,,,,50,100,58,6,6,0,0,0,14,,110,,12,KMDW,,23,34,6,21,,,2,3,15,4,12,3,4,71,
2026-08-17 00:00:00,2026-08-19 18:00:00,NBS,75,65,20,6,14.0,,1.0,,,12.0,,,-88,100,53,6,6,0,0,0,14,0.0,100,0.0,20,KMDW,,36,35,6,29,,,3,4,28,5,3,0,4,74,
2026-08-17 00:00:00,2026-08-19 21:00:00,NBS,74,63,30,8,,,,,,,,,-88,100,54,9,8,0,0,0,9,,100,,44,KMDW,,39,35,8,48,,,3,5,32,5,2,0,3,69,
2026-08-17 00:00:00,2026-08-20 00:00:00,NBS,72,60,50,8,7.0,18.0,0.0,1.0,,13.0,,17.0,-88,100,40,8,5,0,0,0,9,0.0,100,0.0,160,KMDW,0.0,8,5,8,40,77.0,3.0,2,5,31,4,1,0,3,68,
2026-08-17 06:00:00,2026-08-17 12:00:00,NBS,71,66,350,8,3.0,,0.0,,8.0,5.0,18.0,,-88,100,27,9,2,0,0,0,13,0.0,120,0.0,29,KMDW,,6,36,8,7,,,1,2,27,2,8,1,1,68,8/5
2026-08-17 06:00:00,2026-08-17 15:00:00,NBS,75,66,10,9,,,,,,,,,22,100,61,10,1,0,0,0,41,,99,,19,KMDW,,29,2,10,29,,,1,2,38,3,3,5,2,72,
2026-08-17 06:00:00,2026-08-17 18:00:00,NBS,76,64,30,8,33.0,,2.0,,,6.0,,,35,100,51,10,1,0,0,0,8,0.0,96,0.0,32,KMDW,,33,2,8,58,,,2,2,28,3,1,0,2,75,
2026-08-17 06:00:00,2026-08-17 21:00:00,NBS,76,63,50,7,,,,,,,,,-88,100,24,7,1,0,0,0,5,,94,,60,KMDW,,34,1,7,52,,,2,2,20,3,0,0,2,72,
2026-08-17 06:00:00,2026-08-18 00:00:00,NBS,75,62,60,4,14.0,33.0,0.0,2.0,,7.0,,7.0,-88,100,38,4,0,0,0,0,6,0.0,95,0.0,38,KMDW,2.0,10,36,4,14,79.0,2.0,2,3,34,2,0,0,3,70,
2026-08-17 06:00:00,2026-08-18 03:00:00,NBS,71,62,190,4,,,,,,,,,-88,100,15,5,0,0,0,0,0,,98,,8,KMDW,,4,21,5,0,,,1,2,11,2,0,0,2,67,
2026-08-17 06:00:00,2026-08-18 06:00:00,NBS,69,63,230,6,10.0,,0.0,,,4.0,,,-88,100,28,6,1,0,0,0,15,0.0,100,0.0,110,KMDW,,4,24,6,0,,,1,2,27,2,0,0,1,66,
2026-08-17 06:00:00,2026-08-18 09:00:00,NBS,67,63,230,6,,,,,,,,,-88,100,45,6,1,0,0,0,0,,110,,160,KMDW,,4,25,7,0,,,1,2,37,2,0,2,1,64,
2026-08-17 06:00:00,2026-08-18 12:00:00,NBS,67,63,240,6,2.0,10.0,0.0,0.0,,3.0,,4.0,-88,100,34,6,1,0,0,0,0,0.0,110,0.0,90,KMDW,0.0,4,25,6,6,66.0,1.0,1,2,37,1,1,2,1,65,
2026-08-17 06:00:00,2026-08-18 15:00:00,NBS,75,65,240,7,,,,,,,,,-88,100,32,9,2,0,0,0,0,,110,,120,KMDW,,19,26,9,53,,,1,2,28,3,0,0,1,72,
2026-08-17 06:00:00,2026-08-18 18:00:00,NBS,79,66,240,11,3.0,,0.0,,,5.0,,,90,100,85,15,3,0,0,0,1,0.0,110,0.0,100,KMDW,,35,26,12,66,,,2,2,27,3,0,0,2,75,
2026-08-17 06:00:00,2026-08-18 21:00:00,NBS,79,66,240,12,,,,,,,,,70,100,72,16,12,0,0,0,15,,120,,29,KMDW,,35,25,13,49,,,3,2,34,4,0,0,2,74,
2026-08-17 06:00:00,2026-08-19 00:00:00,NBS,77,68,240,10,31.0,31.0,0.0,0.0,,27.0,,27.0,90,100,93,12,17,0,0,0,29,0.0,120,0.0,24,KMDW,0.0,14,25,10,11,81.0,2.0,3,2,17,4,0,0,3,73,
2026-08-17 06:00:00,2026-08-19 03:00:00,NBS,73,68,220,9,,,,,,,,,-88,100,75,10,17,0,0,0,53,,130,,23,KMDW,,8,24,9,0,,,2,2,25,5,1,0,3,70,
2026-08-17 06:00:00,2026-08-19 06:00:00,NBS,71,68,250,8,52.0,,9.0,,,32.0,,,32,100,71,8,16,0,0,0,35,0.0,120,0.0,32,KMDW,,5,24,9,0,,,2,2,15,4,8,4,2,70,
2026-08-17 06:00:00,2026-08-19 09:00:00,NBS,70,67,290,6,,,,,,,,,50,70,71,6,9,0,0,0,6,,110,,28,KMDW,,7,30,7,0,,,1,2,31,3,13,11,2,68,
2026-08-17 06:00:00,2026-08-19 12:00:00,NBS,69,66,300,5,31.0,71.0,3.0,12.0,,17.0,,32.0,41,40,59,5,6,0,0,0,10,0.0,100,0.0,19,KMDW,3.0,8,30,5,5,68.0,2.0,1,2,32,3,14,15,3,68,
2026-08-17 06:00:00,2026-08-19 15:00:00,NBS,73,66,320,5,,,,,,,,,26,100,59,5,4,0,0,0,6,,100,,10,KMDW,,20,29,5,24,,,2,3,26,3,14,2,3,71,
2026-08-17 06:00:00,2026-08-19 18:00:00,NBS,75,65,360,6,6.0,,0.0,,,10.0,,,36,100,55,6,6,0,0,0,14,0.0,97,0.0,28,KMDW,,35,33,6,48,,,3,3,27,4,3,0,3,74,
2026-08-17 06:00:00,2026-08-19 21:00:00,NBS,74,62,30,8,,,,,,,,,48,100,61,8,8,0,0,0,7,,100,,48,KMDW,,29,0,8,53,,,2,5,24,4,4,0,3,69,
2026-08-17 06:00:00,2026-08-20 00:00:00,NBS,73,61,50,8,5.0,11.0,0.0,0.0,,18.0,,18.0,-88,100,49,8,7,0,0,0,7,0.0,97,0.0,110,KMDW,0.0,13,4,8,39,78.0,2.0,2,5,27,3,0,0,2,68,
2026-08-17 06:00:00,2026-08-20 03:00:00,NBS,70,60,50,5,,,,,,,,,-88,100,54,5,3,0,0,0,1,,96,,24,KMDW,,6,5,5,0,,,2,5,23,3,0,0,3,65,
2026-08-17 06:00:00,2026-08-20 06:00:00,NBS,68,60,30,4,0.0,,0.0,,,8.0,,,-88,100,44,4,2,0,0,0,1,0.0,94,0.0,140,KMDW,,4,2,4,0,,,2,4,23,3,1,4,3,64,
2026-08-17 12:00:00,2026-08-17 18:00:00,NBS,74,63,30,8,28.0,,0.0,,3.0,5.0,,,45,100,40,10,1,0,0,0,10,0.0,94,0.0,36,KMDW,,33,1,8,63,,,3,2,25,3,0,0,2,73,3/5
2026-08-17 12:00:00,2026-08-17 21:00:00,NBS,75,61,50,7,,,,,,,,,-88,100,25,7,1,0,0,0,0,,94,,60,KMDW,,34,1,7,57,,,2,2,16,3,0,0,2,71,
2026-08-17 12:00:00,2026-08-18 00:00:00,NBS,75,61,80,4,4.0,31.0,0.0,0.0,,6.0,,6.0,-88,100,11,4,0,0,0,0,0,0.0,96,0.0,43,KMDW,2.0,10,12,4,12,78.0,2.0,1,3,11,2,0,0,3,69,
2026-08-17 12:00:00,2026-08-18 03:00:00,NBS,71,61,170,4,,,,,,,,,-88,100,15,5,0,0,0,0,0,,96,,17,KMDW,,4,20,5,0,,,1,2,16,2,0,0,2,66,
2026-08-17 12:00:00,2026-08-18 06:00:00,NBS,68,62,220,6,1.0,,0.0,,,3.0,,,-88,100,24,6,1,0,0,0,14,0.0,110,0.0,180,KMDW,,4,24,6,0,,,1,2,28,2,0,0,1,65,
2026-08-17 12:00:00,2026-08-18 09:00:00,NBS,67,62,240,6,,,,,,,,,-88,100,37,6,0,0,0,0,15,,110,,190,KMDW,,4,25,6,0,,,1,1,38,1,0,0,1,65,
2026-08-17 12:00:00,2026-08-18 12:00:00,NBS,67,62,240,6,1.0,1.0,0.0,0.0,,2.0,,3.0,-88,100,30,6,1,0,0,0,15,0.0,110,0.0,45,KMDW,0.0,4,25,7,6,65.0,1.0,1,2,35,1,0,1,1,65,
2026-08-17 12:00:00,2026-08-18 15:00:00,NBS,75,64,240,8,,,,,,,,,-88,100,44,9,1,0,0,0,0,,110,,50,KMDW,,17,26,9,56,,,1,2,29,2,0,0,1,72,
2026-08-17 12:00:00,2026-08-18 18:00:00,NBS,79,65,240,11,3.0,,0.0,,,3.0,,,80,100,89,14,2,0,0,0,1,0.0,110,0.0,90,KMDW,,33,26,14,69,,,2,2,27,3,0,0,2,74,
2026-08-17 12:00:00,2026-08-18 21:00:00,NBS,78,65,240,11,,,,,,,,,70,100,82,15,9,0,0,0,16,,120,,70,KMDW,,32,26,12,22,,,3,2,37,4,0,0,2,73,
2026-08-17 12:00:00,2026-08-19 00:00:00,NBS,76,66,230,10,28.0,23.0,0.0,0.0,,26.0,,26.0,60,100,81,11,18,0,0,0,28,0.0,120,0.0,44,KMDW,1.0,12,25,10,10,81.0,2.0,2,2,24,4,0,0,3,72,
2026-08-17 12:00:00,2026-08-19 03:00:00,NBS,72,67,230,9,,,,,,,,,110,100,72,9,19,0,0,0,17,,120,,14,KMDW,,5,24,9,0,,,2,2,24,4,2,0,3,70,
2026-08-17 12:00:00,2026-08-19 06:00:00,NBS,71,67,260,7,64.0,,18.0,,,36.0,,,90,100,57,8,17,0,0,0,25,0.0,120,0.0,18,KMDW,,5,27,10,0,,,2,1,29,4,5,5,3,69,
2026-08-17 12:00:00,2026-08-19 09:00:00,NBS,69,66,300,6,,,,,,,,,-88,60,48,6,9,0,0,0,12,,110,,12,KMDW,,7,29,9,0,,,1,2,32,3,17,10,2,68,
2026-08-17 12:00:00,2026-08-19 12:00:00,NBS,69,66,320,5,25.0,66.0,4.0,22.0,,17.0,,36.0,-88,40,51,6,5,0,0,0,12,0.0,100,0.0,1,KMDW,4.0,7,30,6,4,67.0,2.0,1,2,30,3,13,14,3,67,
2026-08-17 12:00:00,2026-08-19 15:00:00,NBS,73,65,330,5,,,,,,,,,-88,100,49,6,4,0,0,0,4,,96,,130,KMDW,,23,33,6,50,,,2,2,24,3,5,0,3,71,
2026-08-17 12:00:00,2026-08-19 18:00:00,NBS,75,63,10,6,5.0,,0.0,,,10.0,,,45,100,51,7,5,0,0,0,4,0.0,91,0.0,45,KMDW,,48,33,7,48,,,3,4,25,4,3,1,3,73,
2026-08-17 12:00:00,2026-08-19 21:00:00,NBS,74,61,30,8,,,,,,,,,110,100,57,8,9,0,0,0,2,,96,,110,KMDW,,29,4,8,63,,,2,4,27,4,2,0,3,70,
2026-08-17 12:00:00,2026-08-20 00:00:00,NBS,73,59,50,7,2.0,9.0,0.0,0.0,,20.0,,20.0,-88,100,51,8,10,0,0,0,2,0.0,95,0.0,100,KMDW,0.0,12,6,7,47,78.0,2.0,2,5,22,3,0,0,2,67,
2026-08-17 12:00:00,2026-08-20 03:00:00,NBS,70,59,50,5,,,,,,,,,-88,100,44,5,6,0,0,0,0,,94,,90,KMDW,,7,7,5,0,,,2,5,25,3,1,1,3,65,
2026-08-17 12:00:00,2026-08-20 06:00:00,NBS,67,59,60,3,0.0,,0.0,,,11.0,,,-88,100,39,4,2,0,0,0,0,0.0,92,0.0,90,KMDW,,7,8,4,0,,,2,4,25,2,2,6,2,63,
2026-08-17 12:00:00,2026-08-20 09:00:00,NBS,65,58,20,3,,,,,,,,,-88,80,30,4,1,0,0,0,0,,92,,80,KMDW,,4,8,3,0,,,2,4,23,2,5,11,2,63,
2026-08-17 12:00:00,2026-08-20 12:00:00,NBS,66,59,10,4,0.0,0.0,0.0,0.0,,3.0,,11.0,-88,100,25,4,1,0,0,0,0,0.0,93,0.0,110,KMDW,0.0,3,3,4,0,64.0,2.0,3,3,20,3,4,6,3,63,
2026-08-17 18:00:00,2026-08-18 00:00:00,NBS,74,60,90,3,8.0,,0.0,,4.0,6.0,10.0,,-88,100,38,3,0,0,0,0,12,0.0,95,0.0,60,KMDW,,9,10,3,12,,,1,3,29,2,0,0,3,69,4/6
2026-08-17 18:00:00,2026-08-18 03:00:00,NBS,70,61,190,4,,,,,,,,,-88,100,16,5,0,0,0,0,0,,110,,35,KMDW,,4,20,5,0,,,1,2,13,2,0,0,2,66,
2026-08-17 18:00:00,2026-08-18 06:00:00,NBS,68,62,220,6,2.0,,0.0,,,3.0,,,-88,100,14,6,1,0,0,0,0,0.0,100,0.0,230,KMDW,,4,23,6,0,,,1,2,22,2,1,1,1,65,
2026-08-17 18:00:00,2026-08-18 09:00:00,NBS,67,62,240,6,,,,,,,,,-88,100,19,6,0,0,0,0,0,,110,,200,KMDW,,4,25,6,0,,,1,2,35,2,0,4,1,64,
2026-08-17 18:00:00,2026-08-18 12:00:00,NBS,67,62,240,6,2.0,2.0,0.0,0.0,,2.0,,3.0,-88,100,42,7,1,0,0,0,0,0.0,110,0.0,70,KMDW,0.0,4,25,7,7,65.0,1.0,1,1,40,2,2,4,1,64,
2026-08-17 18:00:00,2026-08-18 15:00:00,NBS,75,64,240,8,,,,,,,,,-88,100,40,10,1,0,0,0,1,,110,,190,KMDW,,18,26,10,54,,,1,2,32,2,0,0,1,72,
2026-08-17 18:00:00,2026-08-18 18:00:00,NBS,79,64,240,11,2.0,,0.0,,,3.0,,,90,100,60,15,2,0,0,0,2,0.0,120,0.0,80,KMDW,,38,26,13,56,,,2,1,34,3,0,0,2,76,
2026-08-17 18:00:00,2026-08-18 21:00:00,NBS,78,65,240,12,,,,,,,,,80,100,82,16,11,0,0,0,34,,130,,70,KMDW,,26,25,12,37,,,3,2,21,4,0,0,2,72,
2026-08-17 18:00:00,2026-08-19 00:00:00,NBS,75,66,240,10,32.0,25.0,3.0,3.0,,32.0,,32.0,80,100,93,12,21,0,0,0,15,0.0,130,0.0,60,KMDW,4.0,10,23,10,12,81.0,3.0,3,2,10,4,0,0,3,72,
2026-08-17 18:00:00,2026-08-19 03:00:00,NBS,72,67,230,9,,,,,,,,,130,100,70,10,21,0,0,0,19,,120,,60,KMDW,,6,26,9,0,,,2,2,31,4,1,0,3,70,
2026-08-17 18:00:00,2026-08-19 06:00:00,NBS,71,67,250,8,49.0,,8.0,,,41.0,,,45,100,64,8,18,0,0,0,19,0.0,120,0.0,8,KMDW,,5,27,9,0,,,2,1,37,4,11,2,2,69,
2026-08-17 18:00:00,2026-08-19 09:00:00,NBS,69,66,290,6,,,,,,,,,18,60,87,7,9,0,0,0,10,,110,,1,KMDW,,6,29,8,0,,,1,1,9,3,24,9,2,67,
2026-08-17 18:00:00,2026-08-19 12:00:00,NBS,69,66,330,5,29.0,66.0,7.0,15.0,,15.0,,41.0,80,40,63,6,4,0,0,0,4,0.0,100,0.0,41,KMDW,4.0,8,32,7,5,67.0,2.0,1,2,36,3,15,13,3,68,
2026-08-17 18:00:00,2026-08-19 15:00:00,NBS,73,65,340,5,,,,,,,,,-88,100,51,6,3,0,0,0,24,,94,,3,KMDW,,20,34,6,36,,,2,3,32,3,9,2,3,71,
2026-08-17 18:00:00,2026-08-19 18:00:00,NBS,75,63,20,6,3.0,,0.0,,,8.0,,,-88,100,49,7,4,0,0,0,2,0.0,90,0.0,100,KMDW,,35,36,6,73,,,3,4,26,3,3,0,3,74,
2026-08-17 18:00:00,2026-08-19 21:00:00,NBS,75,61,40,7,,,,,,,,,-88,100,64,8,7,0,0,0,2,,92,,200,KMDW,,35,1,7,54,,,2,4,28,4,0,0,3,70,
2026-08-17 18:00:00,2026-08-20 00:00:00,NBS,73,59,60,7,3.0,7.0,0.0,0.0,,15.0,,15.0,-88,100,57,8,7,0,0,0,2,0.0,100,0.0,180,KMDW,0.0,11,8,7,22,78.0,2.0,2,5,22,3,0,0,2,67,
2026-08-17 18:00:00,2026-08-20 03:00:00,NBS,70,58,70,4,,,,,,,,,-88,100,31,4,4,0,0,0,1,,92,,140,KMDW,,5,11,5,0,,,1,4,22,2,0,1,2,65,
2026-08-17 18:00:00,2026-08-20 06:00:00,NBS,68,58,100,2,1.0,,0.0,,,10.0,,,-88,100,30,2,2,0,0,0,1,0.0,90,0.0,120,KMDW,,4,15,5,0,,,2,4,14,2,0,7,3,64,
2026-08-17 18:00:00,2026-08-20 09:00:00,NBS,66,58,60,3,,,,,,,,,-88,90,33,3,1,0,0,0,0,,92,,120,KMDW,,4,19,5,0,,,2,4,25,2,2,9,2,62,
2026-08-17 18:00:00,2026-08-20 12:00:00,NBS,66,59,350,3,0.0,1.0,0.0,0.0,,4.0,,10.0,-88,90,26,3,1,0,0,0,0,0.0,90,0.0,110,KMDW,0.0,3,24,4,0,64.0,2.0,2,4,27,3,2,10,3,64,
2026-08-17 18:00:00,2026-08-20 15:00:00,NBS,73,59,50,4,,,,,,,,,-88,100,26,4,2,0,0,0,0,,90,,150,KMDW,,21,35,7,28,,,2,4,27,3,4,0,3,69,
2026-08-17 18:00:00,2026-08-20 18:00:00,NBS,76,57,60,4,0.0,,0.0,,,4.0,,,-88,100,27,5,2,0,0,0,0,0.0,93,0.0,140,KMDW,,45,4,7,48,,,2,4,26,4,0,0,4,73,
2026-08-18 00:00:00,2026-08-18 06:00:00,NBS,68,62,220,6,3.0,,0.0,,11.0,2.0,,,-88,100,17,6,1,0,0,0,0,0.0,100,0.0,180,KMDW,,4,22,7,0,,,1,2,26,2,1,4,1,65,11/2
2026-08-18 00:00:00,2026-08-18 09:00:00,NBS,66,62,230,6,,,,,,,,,-88,100,19,7,0,0,0,0,0,,110,,180,KMDW,,4,24,7,0,,,1,1,36,2,0,6,1,64,
2026-08-18 00:00:00,2026-08-18 12:00:00,NBS,67,62,240,6,1.0,4.0,0.0,0.0,,2.0,,3.0,130,100,61,7,1,0,0,0,0,0.0,110,0.0,100,KMDW,0.0,4,24,7,8,65.0,1.0,1,1,28,2,2,5,1,65,
2026-08-18 00:00:00,2026-08-18 15:00:00,NBS,75,65,240,8,,,,,,,,,-88,100,29,10,1,0,0,0,1,,110,,90,KMDW,,17,26,10,58,,,1,1,26,3,0,0,2,72,
2026-08-18 00:00:00,2026-08-18 18:00:00,NBS,79,65,250,11,5.0,,0.0,,,2.0,,,-88,100,45,15,2,0,0,0,8,0.0,120,0.0,170,KMDW,,39,26,15,75,,,2,1,30,3,0,0,2,77,
2026-08-18 00:00:00,2026-08-18 21:00:00,NBS,78,66,230,12,,,,,,,,,80,100,77,16,15,0,0,0,29,,120,,70,KMDW,,27,25,12,41,,,3,2,24,4,0,0,2,74,
2026-08-18 00:00:00,2026-08-19 00:00:00,NBS,75,67,240,9,46.0,46.0,4.0,4.0,,36.0,,36.0,70,100,81,11,25,0,0,0,28,0.0,130,0.0,50,KMDW,4.0,13,24,10,14,81.0,3.0,3,2,22,4,0,0,3,72,
2026-08-18 00:00:00,2026-08-19 03:00:00,NBS,72,67,240,9,,,,,,,,,-88,100,57,10,22,0,0,0,37,,120,,70,KMDW,,5,25,9,0,,,2,1,33,4,0,1,2,70,
2026-08-18 00:00:00,2026-08-19 06:00:00,NBS,71,67,250,8,61.0,,16.0,,,44.0,,,-88,100,46,8,22,0,0,0,24,0.0,110,0.0,15,KMDW,,5,27,8,0,,,2,1,34,4,3,4,3,69,
2026-08-18 00:00:00,2026-08-19 09:00:00,NBS,69,67,290,6,,,,,,,,,35,70,74,7,16,0,0,0,8,,110,,35,KMDW,,10,30,9,0,,,1,2,31,3,14,4,2,68,
2026-08-18 00:00:00,2026-08-19 12:00:00,NBS,69,66,320,5,18.0,67.0,3.0,19.0,,25.0,,44.0,70,70,59,5,5,0,0,0,4,0.0,100,0.0,12,KMDW,7.0,9,33,6,4,67.0,2.0,1,2,34,3,8,9,3,67,
2026-08-18 00:00:00,2026-08-19 15:00:00,NBS,73,66,350,4,,,,,,,,,-88,100,58,5,4,0,0,0,22,,99,,18,KMDW,,21,34,6,39,,,2,2,30,3,3,0,3,71,
2026-08-18 00:00:00,2026-08-19 18:00:00,NBS,76,65,30,6,3.0,,0.0,,,9.0,,,110,100,59,6,5,0,0,0,2,0.0,95,0.0,22,KMDW,,40,1,6,59,,,2,3,28,4,2,0,3,74,
2026-08-18 00:00:00,2026-08-19 21:00:00,NBS,75,62,40,7,,,,,,,,,-88,100,34,8,7,0,0,0,8,,95,,130,KMDW,,28,3,8,59,,,2,4,32,3,1,0,2,71,
2026-08-18 00:00:00,2026-08-20 00:00:00,NBS,73,60,50,7,4.0,8.0,0.0,0.0,,16.0,,16.0,-88,100,20,8,7,0,0,0,8,0.0,96,0.0,180,KMDW,0.0,10,5,7,21,79.0,2.0,2,4,28,3,0,0,2,68,
2026-08-18 00:00:00,2026-08-20 03:00:00,NBS,70,60,70,4,,,,,,,,,-88,100,30,5,4,0,0,0,1,,90,,180,KMDW,,4,6,4,0,,,2,4,25,2,1,2,2,66,
2026-08-18 00:00:00,2026-08-20 06:00:00,NBS,68,59,80,2,1.0,,0.0,,,8.0,,,-88,100,24,2,1,0,0,0,1,0.0,88,0.0,170,KMDW,,4,8,4,0,,,2,4,18,2,2,5,2,64,
2026-08-18 00:00:00,2026-08-20 09:00:00,NBS,66,59,60,2,,,,,,,,,-88,80,36,3,0,0,0,0,0,,89,,90,KMDW,,4,9,4,0,,,3,4,25,2,1,12,2,63,
2026-08-18 00:00:00,2026-08-20 12:00:00,NBS,66,59,80,3,1.0,2.0,0.0,0.0,,3.0,,8.0,-88,90,29,3,1,0,0,0,0,0.0,91,0.0,170,KMDW,0.0,4,18,3,0,64.0,2.0,3,4,28,2,5,12,3,64,
2026-08-18 00:00:00,2026-08-20 15:00:00,NBS,74,60,70,4,,,,,,,,,-88,100,27,4,1,0,0,0,1,,94,,80,KMDW,,22,9,4,26,,,2,4,29,3,4,0,3,69,
2026-08-18 00:00:00,2026-08-20 18:00:00,NBS,76,59,70,5,0.0,,0.0,,,2.0,,,-88,100,25,5,2,0,0,0,1,0.0,95,0.0,80,KMDW,,59,5,5,52,,,3,4,16,4,0,0,4,74,
2026-08-18 00:00:00,2026-08-20 21:00:00,NBS,76,57,80,6,,,,,,,,,-88,100,16,6,3,0,0,0,0,,97,,70,KMDW,,53,8,6,78,,,2,4,11,3,0,0,3,70,
2026-08-18 00:00:00,2026-08-21 00:00:00,NBS,74,58,100,5,0.0,1.0,0.0,0.0,,11.0,,11.0,-88,100,11,6,4,0,0,0,0,0.0,98,0.0,70,KMDW,0.0,5,12,6,52,79.0,2.0,2,4,7,3,0,0,2,68,
2026-08-18 06:00:00,2026-08-18 12:00:00,NBS,66,62,240,6,0.0,,0.0,,11.0,2.0,12.0,,130,100,59,7,0,0,0,0,0,0.0,110,0.0,130,KMDW,,4,25,8,8,,,1,1,36,2,0,0,1,64,11/2
2026-08-18 06:00:00,2026-08-18 15:00:00,NBS,75,65,250,8,,,,,,,,,-88,100,55,10,1,0,0,0,0,,110,,190,KMDW,,15,26,10,55,,,1,2,29,3,0,0,1,72,
2026-08-18 06:00:00,2026-08-18 18:00:00,NBS,79,65,240,11,1.0,,0.0,,,2.0,,,-88,100,48,15,2,0,0,0,1,0.0,120,0.0,90,KMDW,,36,26,12,68,,,2,2,33,3,0,0,2,77,
2026-08-18 06:00:00,2026-08-18 21:00:00,NBS,79,66,240,12,,,,,,,,,80,100,88,17,11,0,0,0,16,,120,,60,KMDW,,22,25,12,44,,,3,2,9,3,0,0,2,74,
2026-08-18 06:00:00,2026-08-19 00:00:00,NBS,76,67,240,11,52.0,55.0,7.0,7.0,,29.0,,29.0,80,100,67,13,21,0,0,0,29,0.0,130,0.0,70,KMDW,2.0,12,25,11,12,82.0,2.0,3,2,32,4,0,0,3,72,
2026-08-18 06:00:00,2026-08-19 03:00:00,NBS,72,67,250,9,,,,,,,,,70,100,59,10,20,0,0,0,34,,120,,70,KMDW,,5,25,9,0,,,2,1,37,4,1,0,3,70,
2026-08-18 06:00:00,2026-08-19 06:00:00,NBS,71,67,260,8,64.0,,15.0,,,40.0,,,70,80,86,8,20,0,0,0,39,0.0,120,0.0,70,KMDW,,5,27,8,0,,,1,1,27,3,0,5,2,69,
2026-08-18 06:00:00,2026-08-19 09:00:00,NBS,69,67,290,6,,,,,,,,,130,70,62,7,12,0,0,0,11,,110,,90,KMDW,,5,30,6,0,,,1,1,25,3,1,7,2,68,
2026-08-18 06:00:00,2026-08-19 12:00:00,NBS,69,66,320,5,21.0,68.0,4.0,19.0,,19.0,,40.0,-88,40,38,5,6,0,0,0,11,0.0,100,0.0,32,KMDW,6.0,6,33,5,6,68.0,1.0,1,2,34,3,13,16,2,68,
2026-08-18 06:00:00,2026-08-19 15:00:00,NBS,73,66,10,4,,,,,,,,,-88,100,41,5,5,0,0,0,2,,99,,90,KMDW,,20,1,6,42,,,2,2,34,3,2,3,3,71,
2026-08-18 06:00:00,2026-08-19 18:00:00,NBS,75,65,30,6,7.0,,0.0,,,12.0,,,130,100,65,6,6,0,0,0,6,0.0,94,0.0,110,KMDW,,37,2,6,73,,,3,3,35,3,0,0,3,74,
2026-08-18 06:00:00,2026-08-19 21:00:00,NBS,75,63,50,7,,,,,,,,,-88,100,43,8,10,0,0,0,6,,92,,130,KMDW,,29,4,7,54,,,2,4,23,3,1,1,3,71,
2026-08-18 06:00:00,2026-08-20 00:00:00,NBS,73,60,50,7,9.0,16.0,0.0,0.0,,22.0,,22.0,-88,100,38,8,10,0,0,0,2,0.0,87,0.0,120,KMDW,0.0,12,6,7,13,79.0,2.0,2,4,30,3,0,0,2,68,
2026-08-18 06:00:00,2026-08-20 03:00:00,NBS,70,59,60,4,,,,,,,,,-88,100,46,5,5,0,0,0,23,,93,,35,KMDW,,5,6,4,0,,,2,4,42,3,1,4,3,65,
2026-08-18 06:00:00,2026-08-20 06:00:00,NBS,68,60,50,2,1.0,,0.0,,,10.0,,,-88,90,56,2,1,0,0,0,0,0.0,87,0.0,1,KMDW,,5,5,4,0,,,2,4,34,3,2,11,3,64,
2026-08-18 06:00:00,2026-08-20 09:00:00,NBS,66,59,30,2,,,,,,,,,-88,40,29,3,1,0,0,0,24,,84,,170,KMDW,,5,36,5,0,,,3,4,21,2,1,15,2,63,
2026-08-18 06:00:00,2026-08-20 12:00:00,NBS,66,59,40,0,1.0,1.0,0.0,0.0,,1.0,,10.0,-88,90,20,3,0,0,0,0,24,0.0,83,0.0,190,KMDW,0.0,5,1,4,3,64.0,3.0,3,4,18,2,1,12,2,64,
2026-08-18 06:00:00,2026-08-20 15:00:00,NBS,74,60,50,0,,,,,,,,,-88,100,16,3,1,0,0,0,0,,89,,150,KMDW,,23,2,5,36,,,2,4,20,3,0,0,3,69,
2026-08-18 06:00:00,2026-08-20 18:00:00,NBS,77,58,70,4,0.0,,0.0,,,1.0,,,-88,100,17,4,1,0,0,0,0,0.0,91,0.0,100,KMDW,,55,1,6,57,,,2,4,10,3,0,0,3,73,
2026-08-18 06:00:00,2026-08-20 21:00:00,NBS,77,57,60,6,,,,,,,,,-88,100,16,6,4,0,0,0,1,,97,,70,KMDW,,53,32,6,75,,,2,4,11,3,0,0,3,70,
2026-08-18 06:00:00,2026-08-21 00:00:00,NBS,74,58,90,5,0.0,0.0,0.0,0.0,,12.0,,12.0,-88,100,12,6,6,0,0,0,1,0.0,98,0.0,240,KMDW,0.0,10,18,6,54,79.0,2.0,2,4,8,2,0,0,2,68,
2026-08-18 06:00:00,2026-08-21 03:00:00,NBS,70,59,150,5,,,,,,,,,-88,100,19,5,5,0,0,0,1,,100,,240,KMDW,,4,18,6,0,,,2,4,15,2,0,2,2,65,
2026-08-18 06:00:00,2026-08-21 06:00:00,NBS,68,59,200,5,1.0,,0.0,,,11.0,,,-88,100,23,5,4,0,0,0,3,0.0,100,0.0,210,KMDW,,4,20,7,0,,,2,4,14,3,1,3,3,64,
2026-08-18 12:00:00,2026-08-18 18:00:00,NBS,79,64,250,11,2.0,,0.0,,5.0,2.0,,,130,100,58,14,2,0,0,0,2,0.0,120,0.0,100,KMDW,,35,26,12,72,,,2,2,32,3,0,0,2,76,5/2
2026-08-18 12:00:00,2026-08-18 21:00:00,NBS,79,66,240,12,,,,,,,,,130,100,90,16,11,0,0,0,10,,130,,70,KMDW,,26,24,12,41,,,3,2,13,4,0,0,2,73,
2026-08-18 12:00:00,2026-08-19 00:00:00,NBS,75,66,230,10,34.0,34.0,4.0,4.0,,27.0,,27.0,90,100,63,13,21,0,0,0,21,0.0,130,0.0,80,KMDW,1.0,12,25,12,13,82.0,2.0,3,2,33,4,0,0,2,72,
2026-08-18 12:00:00,2026-08-19 03:00:00,NBS,72,67,240,9,,,,,,,,,90,100,65,11,20,0,0,0,28,,120,,60,KMDW,,5,24,9,0,,,2,1,28,5,0,0,3,69,
2026-08-18 12:00:00,2026-08-19 06:00:00,NBS,71,67,260,8,46.0,,4.0,,,42.0,,,70,100,61,8,18,0,0,0,26,0.0,120,0.0,31,KMDW,,5,25,9,0,,,2,1,37,3,2,0,2,68,
2026-08-18 12:00:00,2026-08-19 09:00:00,NBS,69,67,280,6,,,,,,,,,70,100,61,6,15,0,0,0,7,,110,,60,KMDW,,4,28,7,0,,,1,1,30,3,15,3,2,68,
2026-08-18 12:00:00,2026-08-19 12:00:00,NBS,69,66,310,5,32.0,68.0,3.0,7.0,,25.0,,42.0,22,70,54,5,7,0,0,0,7,0.0,100,0.0,8,KMDW,5.0,5,29,5,4,68.0,2.0,1,2,34,2,22,9,2,68,
2026-08-18 12:00:00,2026-08-19 15:00:00,NBS,74,66,350,2,,,,,,,,,-88,100,40,3,6,0,0,0,2,,98,,60,KMDW,,17,32,4,38,,,2,2,36,3,7,0,3,71,
2026-08-18 12:00:00,2026-08-19 18:00:00,NBS,76,64,30,5,6.0,,0.0,,,15.0,,,45,100,68,6,8,0,0,0,5,0.0,96,0.0,45,KMDW,,36,36,5,58,,,3,3,33,3,0,0,3,74,
2026-08-18 12:00:00,2026-08-19 21:00:00,NBS,75,63,60,7,,,,,,,,,-88,100,57,8,12,0,0,0,5,,94,,60,KMDW,,27,5,7,56,,,3,4,24,3,0,0,3,70,
2026-08-18 12:00:00,2026-08-20 00:00:00,NBS,73,60,60,7,10.0,11.0,0.0,0.0,,23.0,,23.0,-88,100,55,7,9,0,0,0,1,0.0,89,0.0,90,KMDW,0.0,12,5,7,18,79.0,2.0,2,4,33,3,0,0,2,68,
2026-08-18 12:00:00,2026-08-20 03:00:00,NBS,70,60,60,4,,,,,,,,,-88,100,47,4,4,0,0,0,31,,95,,60,KMDW,,4,5,6,0,,,2,4,32,2,0,1,2,66,
2026-08-18 12:00:00,2026-08-20 06:00:00,NBS,68,60,60,0,2.0,,0.0,,,8.0,,,-88,100,50,2,1,0,0,0,0,0.0,89,0.0,90,KMDW,,4,5,4,0,,,2,4,33,2,2,6,2,64,
2026-08-18 12:00:00,2026-08-20 09:00:00,NBS,66,59,30,0,,,,,,,,,-88,90,15,2,0,0,0,0,0,,85,,140,KMDW,,4,3,4,0,,,3,4,11,2,2,14,2,63,
2026-08-18 12:00:00,2026-08-20 12:00:00,NBS,66,59,30,0,0.0,5.0,0.0,0.0,,2.0,,8.0,-88,90,16,2,0,0,0,0,0,0.0,82,0.0,220,KMDW,0.0,3,3,3,7,64.0,3.0,3,4,16,2,2,10,2,64,
2026-08-18 12:00:00,2026-08-20 15:00:00,NBS,74,60,50,2,,,,,,,,,-88,100,7,3,1,0,0,0,0,,80,,210,KMDW,,30,5,7,52,,,2,5,6,3,0,0,3,69,
2026-08-18 12:00:00,2026-08-20 18:00:00,NBS,77,58,90,4,0.0,,0.0,,,2.0,,,-88,100,13,4,1,0,0,0,0,0.0,82,0.0,240,KMDW,,50,4,7,75,,,3,4,9,3,0,0,3,73,
2026-08-18 12:00:00,2026-08-20 21:00:00,NBS,77,57,110,5,,,,,,,,,-88,100,14,6,1,0,0,0,0,,96,,130,KMDW,,51,1,6,78,,,3,4,18,3,0,0,2,70,
2026-08-18 12:00:00,2026-08-21 00:00:00,NBS,75,58,140,5,0.0,0.0,0.0,0.0,,5.0,,5.0,-88,100,13,5,1,0,0,0,0,0.0,100,0.0,200,KMDW,0.0,7,33,5,56,80.0,2.0,2,4,11,2,0,0,2,68,
2026-08-18 12:00:00,2026-08-21 03:00:00,NBS,70,59,170,5,,,,,,,,,-88,100,25,5,1,0,0,0,1,,100,,270,KMDW,,4,16,5,0,,,2,4,29,2,0,0,2,65,
2026-08-18 12:00:00,2026-08-21 06:00:00,NBS,68,59,190,5,0.0,,0.0,,,6.0,,,-88,100,20,5,2,0,0,0,2,0.0,100,0.0,270,KMDW,,4,21,6,0,,,2,4,16,3,0,2,3,64,
2026-08-18 12:00:00,2026-08-21 09:00:00,NBS,65,59,200,5,,,,,,,,,-88,100,33,5,2,0,0,0,3,,100,,150,KMDW,,4,20,6,0,,,3,4,30,3,0,5,3,63,
2026-08-18 12:00:00,2026-08-21 12:00:00,NBS,66,60,210,5,2.0,3.0,0.0,0.0,,5.0,,7.0,-88,100,41,5,2,0,0,0,5,0.0,110,0.0,140,KMDW,0.0,4,22,6,0,64.0,3.0,3,4,28,4,0,6,3,64,
2026-08-18 18:00:00,2026-08-19 00:00:00,NBS,75,66,230,10,26.0,,3.0,,10.0,27.0,5.0,,80,100,63,13,20,0,0,0,25,0.0,130,0.0,45,KMDW,,16,23,12,13,,,3,2,37,4,0,0,3,72,10/27
2026-08-18 18:00:00,2026-08-19 03:00:00,NBS,73,67,240,9,,,,,,,,,110,100,62,11,21,0,0,0,43,,120,,60,KMDW,,5,26,9,0,,,2,1,29,4,2,0,2,70,
2026-08-18 18:00:00,2026-08-19 06:00:00,NBS,71,67,250,8,48.0,,5.0,,,43.0,,,70,90,60,9,19,0,0,0,53,0.0,120,0.0,50,KMDW,,5,26,8,0,,,2,1,28,3,3,3,2,69,
2026-08-18 18:00:00,2026-08-19 09:00:00,NBS,69,67,290,6,,,,,,,,,130,80,68,7,11,0,0,0,5,,110,,90,KMDW,,5,30,7,0,,,1,1,22,3,3,6,2,68,
2026-08-18 18:00:00,2026-08-19 12:00:00,NBS,69,66,310,5,19.0,55.0,1.0,6.0,,18.0,,43.0,130,40,67,5,6,0,0,0,17,0.0,100,0.0,25,KMDW,5.0,6,35,5,6,68.0,2.0,1,1,22,3,11,16,2,68,
2026-08-18 18:00:00,2026-08-19 15:00:00,NBS,74,66,320,3,,,,,,,,,90,100,71,4,4,0,0,0,1,,96,,90,KMDW,,18,2,5,37,,,2,2,26,3,0,2,3,72,
2026-08-18 18:00:00,2026-08-19 18:00:00,NBS,77,65,40,4,4.0,,0.0,,,11.0,,,-88,100,57,4,6,0,0,0,4,0.0,94,0.0,50,KMDW,,30,5,5,52,,,3,3,34,3,1,0,4,75,
2026-08-18 18:00:00,2026-08-19 21:00:00,NBS,76,63,50,7,,,,,,,,,130,100,69,8,7,0,0,0,8,,94,,80,KMDW,,27,4,7,54,,,3,3,31,3,0,0,3,71,
2026-08-18 18:00:00,2026-08-20 00:00:00,NBS,74,60,50,7,14.0,19.0,0.0,0.0,,16.0,,16.0,130,100,71,8,6,0,0,0,12,0.0,89,0.0,100,KMDW,1.0,12,4,7,16,79.0,2.0,2,4,33,3,0,0,2,68,
2026-08-18 18:00:00,2026-08-20 03:00:00,NBS,70,59,30,5,,,,,,,,,-88,100,56,5,3,0,0,0,0,,89,,80,KMDW,,5,5,5,0,,,2,4,33,2,0,0,2,66,
2026-08-18 18:00:00,2026-08-20 06:00:00,NBS,68,59,20,3,8.0,,0.0,,,7.0,,,-88,70,50,3,1,0,0,0,0,0.0,86,0.0,180,KMDW,,4,3,5,0,,,2,4,34,2,2,8,2,64,
2026-08-18 18:00:00,2026-08-20 09:00:00,NBS,66,59,360,1,,,,,,,,,-88,60,37,2,0,0,0,0,0,,83,,120,KMDW,,3,1,4,0,,,2,4,41,2,2,15,2,63,
2026-08-18 18:00:00,2026-08-20 12:00:00,NBS,66,59,350,0,0.0,8.0,0.0,0.0,,1.0,,7.0,-88,90,9,3,0,0,0,0,0,0.0,80,0.0,190,KMDW,0.0,3,1,4,8,64.0,3.0,3,4,15,2,2,13,2,64,
2026-08-18 18:00:00,2026-08-20 15:00:00,NBS,75,59,50,3,,,,,,,,,-88,100,14,3,0,0,0,0,0,,85,,15,KMDW,,29,4,6,57,,,2,4,18,3,0,0,3,70,
2026-08-18 18:00:00,2026-08-20 18:00:00,NBS,78,57,60,3,0.0,,0.0,,,1.0,,,-88,100,4,4,0,0,0,0,0,0.0,87,0.0,270,KMDW,,52,4,6,80,,,3,4,5,3,0,0,3,73,
2026-08-18 18:00:00,2026-08-20 21:00:00,NBS,78,56,110,5,,,,,,,,,-88,100,11,5,1,0,0,0,0,,92,,180,KMDW,,52,1,5,70,,,2,4,15,3,0,0,2,70,
2026-08-18 18:00:00,2026-08-21 00:00:00,NBS,75,57,140,5,0.0,0.0,0.0,0.0,,5.0,,5.0,-88,100,17,5,2,0,0,0,0,0.0,95,0.0,230,KMDW,0.0,9,8,5,30,80.0,2.0,2,4,13,2,0,0,2,68,
2026-08-18 18:00:00,2026-08-21 03:00:00,NBS,71,58,160,5,,,,,,,,,-88,100,24,5,2,0,0,0,0,,99,,190,KMDW,,4,16,6,0,,,2,4,26,2,0,0,2,65,
2026-08-18 18:00:00,2026-08-21 06:00:00,NBS,68,59,190,5,0.0,,0.0,,,5.0,,,-88,100,24,5,2,0,0,0,0,0.0,98,0.0,210,KMDW,,4,20,7,0,,,2,4,19,2,0,0,2,65,
2026-08-18 18:00:00,2026-08-21 09:00:00,NBS,66,59,200,4,,,,,,,,,-88,100,31,5,1,0,0,0,3,,100,,160,KMDW,,4,21,7,0,,,3,4,29,3,0,3,2,63,
2026-08-18 18:00:00,2026-08-21 12:00:00,NBS,66,59,200,5,2.0,2.0,0.0,0.0,,4.0,,5.0,-88,100,34,5,2,0,0,0,7,0.0,110,0.0,120,KMDW,0.0,4,21,8,0,64.0,3.0,3,4,29,3,0,4,2,64,
2026-08-18 18:00:00,2026-08-21 15:00:00,NBS,74,63,200,6,,,,,,,,,-88,100,38,7,2,0,0,0,11,,110,,100,KMDW,,17,21,10,27,,,2,4,23,3,0,0,2,71,
2026-08-18 18:00:00,2026-08-21 18:00:00,NBS,78,64,210,9,5.0,,0.0,,,10.0,,,-88,100,56,10,6,0,0,0,14,0.0,120,0.0,90,KMDW,,36,22,12,50,,,3,4,26,4,0,0,3,76,
2026-08-19 00:00:00,2026-08-19 06:00:00,NBS,71,68,250,7,78.0,,7.0,,24.0,42.0,,,-88,100,44,9,12,0,0,0,14,0.0,110,0.0,42,KMDW,,5,26,8,0,,,2,1,29,3,5,3,2,69,24/42
2026-08-19 00:00:00,2026-08-19 09:00:00,NBS,69,67,280,6,,,,,,,,,130,70,62,6,6,0,0,0,7,,110,,80,KMDW,,5,28,7,0,,,1,1,23,3,4,7,2,68,
2026-08-19 00:00:00,2026-08-19 12:00:00,NBS,69,67,310,4,10.0,79.0,1.0,8.0,,11.0,,42.0,130,40,59,5,5,0,0,0,4,0.0,100,0.0,32,KMDW,5.0,5,35,4,5,68.0,2.0,1,1,26,2,13,16,2,68,
2026-08-19 00:00:00,2026-08-19 15:00:00,NBS,74,67,350,2,,,,,,,,,90,100,60,3,4,0,0,0,0,,100,,90,KMDW,,17,3,3,45,,,2,2,35,3,10,4,3,72,
2026-08-19 00:00:00,2026-08-19 18:00:00,NBS,77,66,60,5,2.0,,0.0,,,9.0,,,60,100,64,5,5,0,0,0,4,0.0,97,0.0,50,KMDW,,36,4,5,51,,,3,3,28,3,0,1,3,75,
2026-08-19 00:00:00,2026-08-19 21:00:00,NBS,76,64,50,7,,,,,,,,,90,100,68,8,12,0,0,0,0,,93,,90,KMDW,,23,5,7,47,,,3,4,28,3,0,0,3,72,
2026-08-19 00:00:00,2026-08-20 00:00:00,NBS,74,61,50,7,18.0,20.0,1.0,1.0,,28.0,,28.0,190,100,72,8,13,0,0,0,0,0.0,89,0.0,150,KMDW,0.0,13,5,8,15,79.0,2.0,2,4,31,3,0,0,2,69,
2026-08-19 00:00:00,2026-08-20 03:00:00,NBS,70,60,40,5,,,,,,,,,130,100,60,5,8,0,0,0,8,,88,,120,KMDW,,5,5,6,0,,,2,4,33,2,0,0,2,66,
2026-08-19 00:00:00,2026-08-20 06:00:00,NBS,69,60,30,3,16.0,,0.0,,,14.0,,,-88,100,54,3,5,0,0,0,0,0.0,85,0.0,100,KMDW,,4,4,6,0,,,2,4,36,2,2,5,2,65,
2026-08-19 00:00:00,2026-08-20 09:00:00,NBS,66,59,20,3,,,,,,,,,-88,100,55,3,2,0,0,0,0,,83,,110,KMDW,,4,5,7,0,,,2,4,37,2,1,9,2,63,
2026-08-19 00:00:00,2026-08-20 12:00:00,NBS,67,59,360,0,6.0,16.0,0.0,0.0,,4.0,,14.0,-88,100,9,2,0,0,0,0,0,0.0,82,0.0,210,KMDW,2.0,4,3,6,8,65.0,2.0,2,4,13,2,1,3,2,64,
2026-08-19 00:00:00,2026-08-20 15:00:00,NBS,75,60,60,0,,,,,,,,,-88,100,3,3,0,0,0,0,0,,85,,100,KMDW,,28,4,8,60,,,2,5,4,2,0,0,3,70,
2026-08-19 00:00:00,2026-08-20 18:00:00,NBS,78,57,60,3,1.0,,0.0,,,1.0,,,-88,100,6,4,0,0,0,0,0,0.0,86,0.0,100,KMDW,,48,5,9,83,,,2,4,5,3,0,0,3,74,
2026-08-19 00:00:00,2026-08-20 21:00:00,NBS,78,56,60,5,,,,,,,,,-88,100,5,5,0,0,0,0,0,,91,,190,KMDW,,47,4,7,69,,,2,4,6,3,0,0,2,71,
2026-08-19 00:00:00,2026-08-21 00:00:00,NBS,76,57,70,5,0.0,1.0,0.0,0.0,,2.0,,2.0,-88,100,26,5,0,0,0,0,0,0.0,95,0.0,180,KMDW,0.0,7,4,5,23,80.0,2.0,2,4,30,2,0,0,2,69,
2026-08-19 00:00:00,2026-08-21 03:00:00,NBS,71,58,130,5,,,,,,,,,-88,100,21,5,0,0,0,0,0,,95,,270,KMDW,,4,13,5,0,,,2,4,22,2,0,0,2,65,
2026-08-19 00:00:00,2026-08-21 06:00:00,NBS,68,59,170,5,0.0,,0.0,,,3.0,,,-88,100,20,5,1,0,0,0,0,0.0,100,0.0,210,KMDW,,4,16,5,0,,,3,4,18,2,0,2,2,65,
2026-08-19 00:00:00,2026-08-21 09:00:00,NBS,66,59,190,5,,,,,,,,,-88,100,34,5,1,0,0,0,2,,100,,130,KMDW,,4,20,5,0,,,3,4,30,3,0,1,2,63,
2026-08-19 00:00:00,2026-08-21 12:00:00,NBS,66,60,190,5,3.0,3.0,0.0,0.0,,2.0,,3.0,-88,100,34,6,1,0,0,0,5,0.0,100,0.0,120,KMDW,0.0,4,19,6,0,64.0,3.0,3,4,25,3,0,2,2,63,
2026-08-19 00:00:00,2026-08-21 15:00:00,NBS,74,63,200,6,,,,,,,,,-88,100,34,7,2,0,0,0,14,,110,,100,KMDW,,17,20,9,37,,,2,4,18,3,0,0,3,71,
2026-08-19 00:00:00,2026-08-21 18:00:00,NBS,78,64,220,9,7.0,,0.0,,,8.0,,,-88,100,49,11,5,0,0,0,15,0.0,110,0.0,80,KMDW,,30,21,11,44,,,3,4,21,4,1,0,3,75,
2026-08-19 00:00:00,2026-08-21 21:00:00,NBS,78,65,230,10,,,,,,,,,-88,100,44,11,14,0,0,0,16,,110,,80,KMDW,,24,22,10,24,,,3,4,29,4,3,2,3,73,
2026-08-19 00:00:00,2026-08-22 00:00:00,NBS,76,65,220,8,21.0,28.0,0.0,0.0,,24.0,,24.0,-88,100,38,9,14,0,0,0,18,0.0,110,0.0,160,KMDW,0.0,7,20,8,20,80.0,3.0,2,3,26,4,3,1,3,72,
2026-08-19 06:00:00,2026-08-19 12:00:00,NBS,69,66,320,3,6.0,,0.0,,24.0,12.0,31.0,,3,50,62,4,7,0,0,0,1,0.0,110,0.0,3,KMDW,,5,34,4,7,,,1,1,34,2,34,11,3,68,24/12
2026-08-19 06:00:00,2026-08-19 15:00:00,NBS,74,67,20,0,,,,,,,,,110,100,61,3,5,0,0,0,5,,110,,70,KMDW,,16,1,3,52,,,2,2,32,2,9,1,3,72,
2026-08-19 06:00:00,2026-08-19 18:00:00,NBS,77,66,60,4,3.0,,0.0,,,10.0,,,45,100,42,4,5,0,0,0,3,0.0,110,0.0,37,KMDW,,27,3,5,68,,,3,2,23,3,0,0,3,76,
2026-08-19 06:00:00,2026-08-19 21:00:00,NBS,76,65,50,7,,,,,,,,,-88,100,55,8,12,0,0,0,6,,110,,50,KMDW,,22,2,7,49,,,3,3,30,3,1,0,3,72,
2026-08-19 06:00:00,2026-08-20 00:00:00,NBS,73,62,50,7,9.0,8.0,0.0,0.0,,23.0,,23.0,130,100,75,8,10,0,0,0,7,0.0,100,0.0,100,KMDW,1.0,12,4,9,14,79.0,2.0,2,4,21,3,0,0,2,69,
2026-08-19 06:00:00,2026-08-20 03:00:00,NBS,71,61,40,5,,,,,,,,,270,100,66,6,3,0,0,0,0,,98,,200,KMDW,,5,5,6,0,,,1,5,30,3,0,0,2,66,
2026-08-19 06:00:00,2026-08-20 06:00:00,NBS,69,61,30,4,16.0,,0.0,,,7.0,,,-88,100,47,4,2,0,0,0,0,0.0,91,0.0,210,KMDW,,4,4,7,0,,,2,5,31,3,0,4,2,65,
2026-08-19 06:00:00,2026-08-20 09:00:00,NBS,67,60,20,3,,,,,,,,,-88,100,20,4,0,0,0,0,0,,83,,170,KMDW,,4,2,7,0,,,2,4,24,3,0,6,3,63,
2026-08-19 06:00:00,2026-08-20 12:00:00,NBS,67,60,20,3,1.0,16.0,0.0,0.0,,1.0,,7.0,-88,100,1,3,0,0,0,0,0,0.0,84,0.0,270,KMDW,0.0,4,2,6,8,66.0,2.0,2,4,3,3,0,3,3,65,
2026-08-19 06:00:00,2026-08-20 15:00:00,NBS,75,60,50,4,,,,,,,,,-88,100,1,5,0,0,0,0,0,,81,,270,KMDW,,30,6,9,60,,,1,5,3,3,0,0,3,70,
2026-08-19 06:00:00,2026-08-20 18:00:00,NBS,78,57,60,6,0.0,,0.0,,,1.0,,,-88,100,4,6,0,0,0,0,0,0.0,84,0.0,270,KMDW,,43,5,7,83,,,2,4,5,3,0,0,3,73,
2026-08-19 06:00:00,2026-08-20 21:00:00,NBS,78,56,60,6,,,,,,,,,-88,100,6,6,0,0,0,0,0,,88,,100,KMDW,,38,6,6,68,,,2,4,6,3,0,0,2,70,
2026-08-19 06:00:00,2026-08-21 00:00:00,NBS,75,57,70,5,0.0,0.0,0.0,0.0,,2.0,,2.0,-88,100,41,5,0,0,0,0,0,0.0,94,0.0,100,KMDW,0.0,8,8,5,19,80.0,2.0,2,4,28,2,0,0,2,68,
2026-08-19 06:00:00,2026-08-21 03:00:00,NBS,71,58,100,5,,,,,,,,,-88,100,24,5,0,0,0,0,5,,99,,100,KMDW,,4,15,5,0,,,2,4,35,3,0,0,3,65,
2026-08-19 06:00:00,2026-08-21 06:00:00,NBS,68,59,200,4,1.0,,0.0,,,3.0,,,-88,100,14,5,1,0,0,0,5,0.0,110,0.0,160,KMDW,,4,20,5,0,,,2,4,18,3,0,2,3,64,
2026-08-19 06:00:00,2026-08-21 09:00:00,NBS,66,59,200,5,,,,,,,,,-88,100,28,5,1,0,0,0,6,,110,,110,KMDW,,4,20,5,0,,,3,4,23,3,0,3,3,63,
2026-08-19 06:00:00,2026-08-21 12:00:00,NBS,66,60,200,5,2.0,3.0,0.0,0.0,,3.0,,3.0,-88,100,36,6,1,0,0,0,8,0.0,110,0.0,110,KMDW,0.0,4,20,7,5,65.0,3.0,3,4,25,3,0,2,3,64,
2026-08-19 06:00:00,2026-08-21 15:00:00,NBS,74,63,210,7,,,,,,,,,-88,100,40,8,2,0,0,0,10,,110,,100,KMDW,,16,21,8,32,,,2,4,28,4,0,0,3,70,
2026-08-19 06:00:00,2026-08-21 18:00:00,NBS,77,65,220,9,8.0,,0.0,,,7.0,,,-88,100,49,11,5,0,0,0,18,0.0,110,0.0,100,KMDW,,32,22,10,41,,,3,4,32,5,0,0,3,75,
2026-08-19 06:00:00,2026-08-21 21:00:00,NBS,77,66,230,10,,,,,,,,,-88,100,42,11,16,0,0,0,28,,110,,90,KMDW,,27,24,10,68,,,3,4,25,4,0,0,2,73,
2026-08-19 06:00:00,2026-08-22 00:00:00,NBS,75,66,230,8,23.0,27.0,0.0,0.0,,31.0,,31.0,-88,100,47,9,20,0,0,0,15,0.0,100,0.0,38,KMDW,0.0,10,21,8,46,80.0,2.0,2,3,16,5,2,1,3,71,
2026-08-19 06:00:00,2026-08-22 03:00:00,NBS,72,66,230,7,,,,,,,,,-88,100,44,8,14,0,0,0,11,,110,,150,KMDW,,5,22,7,0,,,2,3,19,3,2,3,2,69,
2026-08-19 06:00:00,2026-08-22 06:00:00,NBS,70,66,240,7,20.0,,0.0,,,24.0,,,-88,100,34,8,9,0,0,0,14,0.0,110,0.0,20,KMDW,,5,24,7,0,,,2,3,13,3,3,5,2,68,
2026-08-19 12:00:00,2026-08-19 18:00:00,NBS,77,66,60,5,2.0,,0.0,,7.0,8.0,,,110,100,61,5,5,0,0,0,11,0.0,110,0.0,37,KMDW,,26,4,5,66,,,3,2,35,2,3,0,3,75,7/8
2026-08-19 12:00:00,2026-08-19 21:00:00,NBS,76,64,50,8,,,,,,,,,130,100,61,8,13,0,0,0,6,,110,,80,KMDW,,22,3,8,60,,,2,3,27,3,0,0,3,72,
2026-08-19 12:00:00,2026-08-20 00:00:00,NBS,73,61,50,8,7.0,8.0,0.0,0.0,,26.0,,26.0,130,100,69,9,13,0,0,0,6,0.0,110,0.0,120,KMDW,1.0,12,4,9,14,79.0,2.0,2,4,23,3,1,0,2,69,
2026-08-19 12:00:00,2026-08-20 03:00:00,NBS,70,60,40,5,,,,,,,,,160,100,74,6,4,0,0,0,3,,99,,150,KMDW,,5,4,7,0,,,1,5,30,3,0,0,2,66,
2026-08-19 12:00:00,2026-08-20 06:00:00,NBS,69,59,30,4,3.0,,0.0,,,8.0,,,-88,100,42,4,1,0,0,0,0,0.0,93,0.0,170,KMDW,,4,4,7,0,,,2,5,34,3,1,2,2,65,
2026-08-19 12:00:00,2026-08-20 09:00:00,NBS,67,59,20,4,,,,,,,,,-88,100,29,4,0,0,0,0,0,,87,,200,KMDW,,4,2,7,0,,,2,5,29,3,2,6,2,63,
2026-08-19 12:00:00,2026-08-20 12:00:00,NBS,67,59,10,3,1.0,3.0,0.0,0.0,,2.0,,8.0,-88,100,3,3,0,0,0,0,0,0.0,83,0.0,-88,KMDW,0.0,4,2,6,8,66.0,2.0,2,4,5,3,0,0,3,64,
2026-08-19 12:00:00,2026-08-20 15:00:00,NBS,75,59,50,5,,,,,,,,,-88,100,3,5,0,0,0,0,0,,82,,270,KMDW,,33,6,8,60,,,1,5,4,3,0,0,3,70,
2026-08-19 12:00:00,2026-08-20 18:00:00,NBS,77,57,50,6,0.0,,0.0,,,1.0,,,-88,100,6,7,0,0,0,0,0,0.0,85,0.0,270,KMDW,,45,4,7,83,,,2,5,6,4,0,0,3,73,
2026-08-19 12:00:00,2026-08-20 21:00:00,NBS,77,55,60,6,,,,,,,,,-88,100,6,7,0,0,0,0,0,,88,,250,KMDW,,38,6,7,68,,,2,5,6,3,0,0,3,70,
2026-08-19 12:00:00,2026-08-21 00:00:00,NBS,75,56,80,5,1.0,1.0,0.0,0.0,,1.0,,1.0,-88,100,24,6,0,0,0,0,0,0.0,94,0.0,160,KMDW,0.0,6,8,5,20,79.0,2.0,2,5,30,2,0,0,2,68,
2026-08-19 12:00:00,2026-08-21 03:00:00,NBS,70,57,100,5,,,,,,,,,-88,100,25,5,0,0,0,0,0,,99,,130,KMDW,,4,15,5,0,,,2,4,28,3,0,0,3,64,
2026-08-19 12:00:00,2026-08-21 06:00:00,NBS,67,58,180,4,1.0,,0.0,,,2.0,,,-88,100,22,4,0,0,0,0,0,0.0,100,0.0,180,KMDW,,4,20,4,0,,,2,4,28,3,0,2,3,63,
2026-08-19 12:00:00,2026-08-21 09:00:00,NBS,65,58,220,4,,,,,,,,,-88,100,15,4,0,0,0,0,1,,100,,50,KMDW,,4,21,5,0,,,3,4,22,3,0,6,3,62,
2026-08-19 12:00:00,2026-08-21 12:00:00,NBS,65,59,200,5,2.0,2.0,0.0,0.0,,3.0,,3.0,-88,100,39,5,1,0,0,0,2,0.0,110,0.0,140,KMDW,0.0,4,21,6,6,64.0,3.0,3,4,28,3,0,5,3,63,
2026-08-19 12:00:00,2026-08-21 15:00:00,NBS,74,63,210,6,,,,,,,,,-88,100,42,7,3,0,0,0,6,,110,,90,KMDW,,18,21,8,47,,,2,4,26,4,0,0,3,70,
2026-08-19 12:00:00,2026-08-21 18:00:00,NBS,77,64,220,8,8.0,,0.0,,,10.0,,,-88,100,40,10,7,0,0,0,14,0.0,110,0.0,120,KMDW,,36,23,10,68,,,3,4,29,4,0,0,3,75,
2026-08-19 12:00:00,2026-08-21 21:00:00,NBS,77,65,230,9,,,,,,,,,-88,100,43,10,18,0,0,0,29,,110,,80,KMDW,,33,24,10,66,,,3,4,30,4,0,0,2,73,
2026-08-19 12:00:00,2026-08-22 00:00:00,NBS,75,65,220,8,26.0,28.0,0.0,0.0,,33.0,,33.0,-88,100,53,8,19,0,0,0,38,0.0,110,0.0,70,KMDW,0.0,7,21,8,47,80.0,2.0,2,3,20,4,0,0,3,71,
2026-08-19 12:00:00,2026-08-22 03:00:00,NBS,72,66,240,7,,,,,,,,,-88,100,58,8,15,0,0,0,25,,110,,220,KMDW,,5,23,7,0,,,2,2,30,3,3,2,2,69,
2026-08-19 12:00:00,2026-08-22 06:00:00,NBS,70,66,250,7,31.0,,0.0,,,25.0,,,-88,100,34,8,9,0,0,0,27,0.0,100,0.0,150,KMDW,,5,28,7,0,,,2,2,21,3,5,4,2,68,
2026-08-19 12:00:00,2026-08-22 09:00:00,NBS,68,65,290,7,,,,,,,,,-88,70,31,8,4,0,0,0,24,,110,,19,KMDW,,10,33,8,0,,,1,2,18,3,7,9,2,66,
2026-08-19 12:00:00,2026-08-22 12:00:00,NBS,68,64,300,8,10.0,36.0,0.0,0.0,,7.0,,25.0,-88,90,26,9,2,0,0,0,24,0.0,110,0.0,150,KMDW,0.0,8,32,8,0,67.0,1.0,1,2,30,3,10,9,2,66,
2026-08-19 18:00:00,2026-08-20 00:00:00,NBS,74,62,50,8,6.0,,0.0,,7.0,30.0,25.0,,-88,100,49,9,15,0,0,0,1,0.0,110,0.0,120,KMDW,,12,5,10,14,,,1,3,35,3,0,0,2,70,7/30
2026-08-19 18:00:00,2026-08-20 03:00:00,NBS,71,61,40,6,,,,,,,,,170,100,59,7,5,0,0,0,0,,99,,120,KMDW,,5,4,7,0,,,1,4,37,3,0,1,2,66,
2026-08-19 18:00:00,2026-08-20 06:00:00,NBS,70,59,30,5,2.0,,0.0,,,9.0,,,150,100,62,6,2,0,0,0,0,0.0,94,0.0,110,KMDW,,4,4,7,0,,,1,4,35,3,2,4,2,65,
2026-08-19 18:00:00,2026-08-20 09:00:00,NBS,67,59,30,5,,,,,,,,,-88,100,46,5,1,0,0,0,0,,91,,90,KMDW,,4,4,8,0,,,2,4,39,2,0,2,2,63,
2026-08-19 18:00:00,2026-08-20 12:00:00,NBS,67,59,20,4,1.0,2.0,0.0,0.0,,2.0,,9.0,-88,100,8,4,0,0,0,0,0,0.0,85,0.0,50,KMDW,0.0,4,3,7,9,66.0,2.0,2,3,14,3,0,0,2,64,
2026-08-19 18:00:00,2026-08-20 15:00:00,NBS,75,59,50,6,,,,,,,,,-88,100,6,6,0,0,0,0,0,,83,,270,KMDW,,31,5,10,60,,,1,4,7,3,0,0,3,70,
2026-08-19 18:00:00,2026-08-20 18:00:00,NBS,77,56,50,7,0.0,,0.0,,,1.0,,,-88,100,8,7,0,0,0,0,0,0.0,84,0.0,-88,KMDW,,42,6,9,83,,,2,4,7,3,0,0,3,73,
2026-08-19 18:00:00,2026-08-20 21:00:00,NBS,77,55,60,7,,,,,,,,,-88,100,15,8,0,0,0,0,0,,91,,270,KMDW,,34,6,7,68,,,2,4,12,3,0,0,2,69,
2026-08-19 18:00:00,2026-08-21 00:00:00,NBS,75,56,60,5,0.0,0.0,0.0,0.0,,1.0,,1.0,-88,100,19,6,0,0,0,0,0,0.0,94,0.0,180,KMDW,0.0,10,6,5,20,80.0,2.0,2,4,31,2,0,0,2,68,
2026-08-19 18:00:00,2026-08-21 03:00:00,NBS,70,57,110,4,,,,,,,,,-88,100,34,4,0,0,0,0,0,,96,,140,KMDW,,4,9,4,0,,,2,4,34,2,0,0,2,64,
2026-08-19 18:00:00,2026-08-21 06:00:00,NBS,67,58,210,3,0.0,,0.0,,,2.0,,,-88,100,26,4,0,0,0,0,0,0.0,98,0.0,170,KMDW,,4,21,4,0,,,2,4,24,2,0,3,2,64,
2026-08-19 18:00:00,2026-08-21 09:00:00,NBS,65,58,230,4,,,,,,,,,-88,100,40,4,0,0,0,0,0,,100,,90,KMDW,,3,22,4,0,,,2,4,36,2,0,7,2,62,
2026-08-19 18:00:00,2026-08-21 12:00:00,NBS,65,59,210,4,0.0,0.0,0.0,0.0,,3.0,,4.0,-88,100,50,5,1,0,0,0,15,0.0,110,0.0,80,KMDW,0.0,3,21,5,6,64.0,3.0,3,4,29,2,0,5,2,63,
2026-08-19 18:00:00,2026-08-21 15:00:00,NBS,74,63,220,6,,,,,,,,,-88,100,50,7,3,0,0,0,3,,110,,41,KMDW,,19,23,8,50,,,2,4,36,3,0,0,3,70,
2026-08-19 18:00:00,2026-08-21 18:00:00,NBS,78,64,220,9,4.0,,0.0,,,11.0,,,-88,100,63,10,7,0,0,0,4,0.0,110,0.0,49,KMDW,,37,24,10,59,,,2,4,25,4,0,0,3,75,
2026-08-19 18:00:00,2026-08-21 21:00:00,NBS,77,65,230,10,,,,,,,,,-88,100,51,12,13,0,0,0,6,,110,,49,KMDW,,31,23,10,64,,,3,4,23,4,0,0,2,73,
2026-08-19 18:00:00,2026-08-22 00:00:00,NBS,76,66,230,8,35.0,37.0,0.0,0.0,,29.0,,29.0,-88,100,56,9,16,0,0,0,27,0.0,110,0.0,100,KMDW,0.0,19,23,10,26,81.0,2.0,3,3,29,3,0,0,2,72,
2026-08-19 18:00:00,2026-08-22 03:00:00,NBS,72,66,240,7,,,,,,,,,-88,100,35,8,14,0,0,0,54,,110,,20,KMDW,,5,24,7,0,,,2,2,25,3,2,2,2,69,
2026-08-19 18:00:00,2026-08-22 06:00:00,NBS,70,66,250,7,35.0,,1.0,,,25.0,,,-88,100,32,8,7,0,0,0,44,0.0,100,0.0,1,KMDW,,5,27,7,0,,,2,2,23,3,3,4,2,68,
2026-08-19 18:00:00,2026-08-22 09:00:00,NBS,68,65,280,7,,,,,,,,,-88,100,29,8,5,0,0,0,18,,100,,160,KMDW,,6,31,7,0,,,1,2,25,2,4,6,2,65,
2026-08-19 18:00:00,2026-08-22 12:00:00,NBS,68,64,300,8,5.0,33.0,0.0,1.0,,9.0,,25.0,-88,100,29,9,3,0,0,0,18,0.0,100,0.0,5,KMDW,0.0,9,31,8,0,66.0,2.0,1,2,25,3,3,6,2,66,
2026-08-19 18:00:00,2026-08-22 15:00:00,NBS,74,65,310,9,,,,,,,,,-88,100,29,10,3,0,0,0,21,,100,,130,KMDW,,24,32,10,37,,,2,3,30,3,5,0,2,72,
2026-08-19 18:00:00,2026-08-22 18:00:00,NBS,77,63,330,10,6.0,,0.0,,,7.0,,,-88,100,25,12,3,0,0,0,24,0.0,99,0.0,80,KMDW,,47,33,11,58,,,3,3,14,5,0,0,3,75,
2026-08-20 00:00:00,2026-08-20 06:00:00,NBS,70,59,40,6,1.0,,0.0,,20.0,7.0,,,200,100,64,6,1,0,0,0,0,0.0,94,0.0,140,KMDW,,4,4,7,0,,,1,4,35,2,0,3,2,65,20/7
2026-08-20 00:00:00,2026-08-20 09:00:00,NBS,68,58,30,6,,,,,,,,,-88,100,22,6,1,0,0,0,0,,90,,190,KMDW,,4,4,7,0,,,2,4,32,2,1,5,2,63,
2026-08-20 00:00:00,2026-08-20 12:00:00,NBS,67,58,20,5,1.0,1.0,0.0,0.0,,2.0,,7.0,-88,100,0,6,1,0,0,0,0,0.0,84,0.0,49,KMDW,0.0,4,3,7,9,66.0,2.0,2,3,2,2,0,0,2,64,
2026-08-20 00:00:00,2026-08-20 15:00:00,NBS,75,58,40,7,,,,,,,,,-88,100,4,8,1,0,0,0,0,,80,,28,KMDW,,30,4,9,55,,,1,4,9,3,0,0,3,70,
2026-08-20 00:00:00,2026-08-20 18:00:00,NBS,77,56,50,7,0.0,,0.0,,,1.0,,,-88,100,7,8,0,0,0,0,0,0.0,81,0.0,-88,KMDW,,41,6,8,84,,,2,4,6,3,0,0,3,73,
2026-08-20 00:00:00,2026-08-20 21:00:00,NBS,76,54,50,7,,,,,,,,,-88,100,8,8,0,0,0,0,0,,87,,270,KMDW,,38,6,7,68,,,2,4,10,3,0,0,2,68,
2026-08-20 00:00:00,2026-08-21 00:00:00,NBS,75,55,60,5,0.0,0.0,0.0,0.0,,1.0,,1.0,-88,100,11,6,0,0,0,0,0,0.0,89,0.0,180,KMDW,0.0,10,4,5,20,79.0,2.0,1,5,9,2,0,0,2,68,
2026-08-20 00:00:00,2026-08-21 03:00:00,NBS,70,56,100,3,,,,,,,,,-88,100,34,3,0,0,0,0,0,,93,,170,KMDW,,4,8,3,0,,,2,4,37,2,0,0,2,64,
2026-08-20 00:00:00,2026-08-21 06:00:00,NBS,67,57,200,3,0.0,,0.0,,,1.0,,,-88,100,15,3,0,0,0,0,0,0.0,97,0.0,120,KMDW,,4,16,3,0,,,2,4,14,2,0,4,2,63,
2026-08-20 00:00:00,2026-08-21 09:00:00,NBS,64,57,220,4,,,,,,,,,-88,80,46,4,1,0,0,0,3,,100,,110,KMDW,,4,21,4,0,,,2,4,35,2,2,15,2,61,
2026-08-20 00:00:00,2026-08-21 12:00:00,NBS,64,57,200,4,2.0,1.0,0.0,0.0,,2.0,,3.0,-88,100,37,5,1,0,0,0,3,0.0,110,0.0,130,KMDW,0.0,3,20,5,6,63.0,2.0,2,4,29,2,0,5,2,62,
2026-08-20 00:00:00,2026-08-21 15:00:00,NBS,73,62,210,6,,,,,,,,,-88,100,51,7,2,0,0,0,2,,110,,41,KMDW,,18,21,6,45,,,2,4,39,3,0,0,2,70,
2026-08-20 00:00:00,2026-08-21 18:00:00,NBS,78,64,220,9,3.0,,0.0,,,8.0,,,-88,100,43,10,5,0,0,0,13,0.0,110,0.0,60,KMDW,,37,23,9,72,,,2,4,23,3,0,0,2,76,
2026-08-20 00:00:00,2026-08-21 21:00:00,NBS,77,64,220,10,,,,,,,,,-88,100,59,12,11,0,0,0,26,,110,,80,KMDW,,35,22,10,56,,,3,3,16,3,0,0,2,73,
2026-08-20 00:00:00,2026-08-22 00:00:00,NBS,76,66,220,9,18.0,19.0,0.0,0.0,,25.0,,25.0,-88,100,77,9,16,0,0,0,26,0.0,110,0.0,70,KMDW,0.0,18,24,9,18,81.0,2.0,3,3,29,3,0,0,2,72,
2026-08-20 00:00:00,2026-08-22 03:00:00,NBS,72,66,220,7,,,,,,,,,-88,100,54,8,15,0,0,0,24,,100,,60,KMDW,,5,22,7,0,,,2,2,30,3,2,2,2,69,
2026-08-20 00:00:00,2026-08-22 06:00:00,NBS,70,65,230,7,39.0,,1.0,,,28.0,,,-88,100,43,8,14,0,0,0,19,0.0,110,0.0,70,KMDW,,6,23,7,0,,,2,2,28,3,4,5,2,68,
2026-08-20 00:00:00,2026-08-22 09:00:00,NBS,68,64,260,7,,,,,,,,,-88,100,25,8,10,0,0,0,14,,100,,4,KMDW,,5,23,7,0,,,1,2,21,3,4,5,2,65,
2026-08-20 00:00:00,2026-08-22 12:00:00,NBS,68,64,300,8,8.0,42.0,0.0,1.0,,16.0,,28.0,-88,90,29,9,6,0,0,0,14,0.0,100,0.0,100,KMDW,0.0,10,32,8,0,66.0,2.0,1,2,26,3,12,8,2,66,
2026-08-20 00:00:00,2026-08-22 15:00:00,NBS,73,64,320,9,,,,,,,,,20,100,29,10,4,0,0,0,3,,99,,17,KMDW,,22,34,11,37,,,2,3,31,4,9,0,2,71,
2026-08-20 00:00:00,2026-08-22 18:00:00,NBS,76,63,330,10,5.0,,0.0,,,8.0,,,49,100,26,12,4,0,0,0,6,0.0,98,0.0,20,KMDW,,55,34,11,58,,,3,3,19,4,3,0,3,75,
2026-08-20 00:00:00,2026-08-22 21:00:00,NBS,76,61,330,10,,,,,,,,,-88,100,20,13,8,0,0,0,24,,97,,50,KMDW,,54,33,12,77,,,3,3,9,4,0,0,3,71,
2026-08-20 00:00:00,2026-08-23 00:00:00,NBS,75,62,330,8,11.0,16.0,0.0,0.0,,20.0,,20.0,-88,100,15,8,9,0,0,0,25,0.0,97,0.0,50,KMDW,0.0,20,32,8,54,80.0,2.0,2,3,9,4,0,0,3,70,
2026-08-20 06:00:00,2026-08-20 12:00:00,NBS,68,58,20,5,3.0,,0.0,,17.0,4.0,21.0,,-88,100,16,6,1,0,0,0,0,0.0,85,0.0,44,KMDW,,4,3,5,8,,,1,3,27,2,0,0,2,64,17/4
2026-08-20 06:00:00,2026-08-20 15:00:00,NBS,75,57,30,8,,,,,,,,,-88,100,2,9,1,0,0,0,0,,81,,150,KMDW,,28,3,9,61,,,1,3,5,3,0,0,2,68,
2026-08-20 06:00:00,2026-08-20 18:00:00,NBS,76,55,40,9,0.0,,0.0,,,1.0,,,-88,100,6,10,0,0,0,0,0,0.0,81,0.0,-88,KMDW,,39,2,10,85,,,2,3,6,3,0,0,2,72,
2026-08-20 06:00:00,2026-08-20 21:00:00,NBS,76,52,40,8,,,,,,,,,-88,100,11,8,0,0,0,0,0,,81,,-88,KMDW,,36,3,8,66,,,2,3,25,3,0,0,2,68,
2026-08-20 06:00:00,2026-08-21 00:00:00,NBS,74,54,40,5,0.0,0.0,0.0,0.0,,1.0,,2.0,-88,100,11,6,0,0,0,0,0,0.0,84,0.0,270,KMDW,0.0,8,4,5,18,79.0,2.0,1,4,21,2,0,0,2,67,
2026-08-20 06:00:00,2026-08-21 03:00:00,NBS,69,55,60,3,,,,,,,,,-88,100,14,3,0,0,0,0,0,,86,,200,KMDW,,4,6,4,0,,,2,3,24,2,0,0,2,64,
2026-08-20 06:00:00,2026-08-21 06:00:00,NBS,66,56,220,0,0.0,,0.0,,,2.0,,,-88,100,25,2,0,0,0,0,0,0.0,87,0.0,120,KMDW,,4,18,3,0,,,2,3,27,1,1,3,2,62,
2026-08-20 06:00:00,2026-08-21 09:00:00,NBS,64,56,250,3,,,,,,,,,-88,100,46,3,0,0,0,0,0,,94,,110,KMDW,,4,24,4,0,,,3,4,35,2,0,7,2,60,
2026-08-20 06:00:00,2026-08-21 12:00:00,NBS,64,57,210,4,1.0,0.0,0.0,0.0,,2.0,,2.0,130,100,57,4,1,0,0,0,15,0.0,110,0.0,100,KMDW,0.0,3,21,4,5,63.0,3.0,3,4,29,2,0,1,2,62,
2026-08-20 06:00:00,2026-08-21 15:00:00,NBS,73,60,220,6,,,,,,,,,-88,100,52,7,2,0,0,0,4,,120,,110,KMDW,,15,21,6,53,,,2,4,30,3,0,0,2,69,
2026-08-20 06:00:00,2026-08-21 18:00:00,NBS,77,63,230,9,5.0,,0.0,,,6.0,,,200,100,80,10,4,0,0,0,8,0.0,110,0.0,140,KMDW,,34,24,9,55,,,3,3,21,4,0,0,3,73,
2026-08-20 06:00:00,2026-08-21 21:00:00,NBS,77,64,220,10,,,,,,,,,-88,100,49,12,9,0,0,0,12,,110,,38,KMDW,,35,23,10,59,,,3,3,37,3,0,0,2,73,
2026-08-20 06:00:00,2026-08-22 00:00:00,NBS,76,66,240,8,23.0,25.0,2.0,2.0,,19.0,,19.0,-88,100,49,9,9,0,0,0,27,0.0,110,0.0,80,KMDW,0.0,13,25,8,14,81.0,2.0,3,3,42,3,0,0,2,72,
2026-08-20 06:00:00,2026-08-22 03:00:00,NBS,72,66,220,7,,,,,,,,,-88,100,84,8,11,0,0,0,17,,110,,37,KMDW,,5,22,7,0,,,2,2,19,3,3,1,2,69,
2026-08-20 06:00:00,2026-08-22 06:00:00,NBS,70,65,230,7,54.0,,10.0,,,25.0,,,-88,100,57,7,14,0,0,0,23,0.0,100,0.0,80,KMDW,,5,23,7,0,,,2,2,39,3,4,2,2,68,
2026-08-20 06:00:00,2026-08-22 09:00:00,NBS,68,64,250,7,,,,,,,,,-88,100,38,8,12,0,0,0,1,,96,,50,KMDW,,6,25,8,0,,,2,2,25,3,3,4,2,66,
2026-08-20 06:00:00,2026-08-22 12:00:00,NBS,67,63,290,8,8.0,52.0,1.0,11.0,,19.0,,26.0,-88,100,30,10,8,0,0,0,25,0.0,94,0.0,47,KMDW,2.0,8,30,8,2,66.0,2.0,1,2,27,3,4,7,2,66,
2026-08-20 06:00:00,2026-08-22 15:00:00,NBS,73,64,330,10,,,,,,,,,-88,100,32,12,4,0,0,0,2,,93,,5,KMDW,,26,34,12,37,,,2,3,26,3,5,0,2,70,
2026-08-20 06:00:00,2026-08-22 18:00:00,NBS,76,62,320,11,2.0,,0.0,,,7.0,,,-88,100,28,14,3,0,0,0,4,0.0,91,0.0,47,KMDW,,54,32,12,58,,,2,3,17,4,2,0,2,74,
2026-08-20 06:00:00,2026-08-22 21:00:00,NBS,75,60,330,11,,,,,,,,,-88,100,22,15,7,0,0,0,7,,93,,-88,KMDW,,49,33,12,77,,,3,3,16,5,0,0,3,70,
2026-08-20 06:00:00,2026-08-23 00:00:00,NBS,74,61,330,8,13.0,15.0,0.0,0.0,,21.0,,21.0,-88,100,20,9,10,0,0,0,7,0.0,92,0.0,50,KMDW,0.0,24,33,9,55,79.0,2.0,2,3,14,4,0,0,3,69,
2026-08-20 06:00:00,2026-08-23 03:00:00,NBS,70,60,340,7,,,,,,,,,-88,100,25,8,9,0,0,0,1,,89,,60,KMDW,,7,34,7,0,,,2,3,19,4,0,0,3,65,
2026-08-20 06:00:00,2026-08-23 06:00:00,NBS,68,59,350,7,3.0,,0.0,,,17.0,,,-88,100,15,8,6,0,0,0,0,0.0,86,0.0,50,KMDW,,11,1,9,0,,,2,3,10,3,0,0,2,63,
2026-08-20 12:00:00,2026-08-20 18:00:00,NBS,76,55,30,10,0.0,,0.0,,3.0,1.0,,,-88,100,4,11,0,0,0,0,0,0.0,79,0.0,-88,KMDW,,37,2,10,86,,,2,3,5,3,0,0,2,72,3/1
2026-08-20 12:00:00,2026-08-20 21:00:00,NBS,76,53,40,8,,,,,,,,,-88,100,16,9,0,0,0,0,0,,80,,-88,KMDW,,32,3,8,67,,,2,3,15,3,0,0,2,68,
2026-08-20 12:00:00,2026-08-21 00:00:00,NBS,74,54,50,5,0.0,0.0,0.0,0.0,,1.0,,1.0,-88,100,19,6,0,0,0,0,0,0.0,85,0.0,160,KMDW,0.0,9,3,5,16,79.0,1.0,1,3,30,2,0,0,2,66,
2026-08-20 12:00:00,2026-08-21 03:00:00,NBS,69,54,60,0,,,,,,,,,-88,100,34,2,0,0,0,0,0,,87,,250,KMDW,,4,5,4,0,,,2,4,27,2,0,0,2,62,
2026-08-20 12:00:00,2026-08-21 06:00:00,NBS,66,55,220,0,1.0,,0.0,,,3.0,,,-88,100,41,2,1,0,0,0,0,0.0,87,0.0,110,KMDW,,4,30,3,0,,,2,3,30,1,2,0,2,61,
2026-08-20 12:00:00,2026-08-21 09:00:00,NBS,63,55,240,3,,,,,,,,,-88,100,44,3,1,0,0,0,0,,94,,80,KMDW,,4,22,3,0,,,2,4,33,2,7,0,2,60,
2026-08-20 12:00:00,2026-08-21 12:00:00,NBS,64,56,210,4,3.0,1.0,0.0,0.0,,3.0,,3.0,-88,100,48,4,1,0,0,0,0,0.0,110,0.0,80,KMDW,0.0,3,23,4,5,63.0,2.0,2,4,29,2,5,0,2,61,
2026-08-20 12:00:00,2026-08-21 15:00:00,NBS,73,60,220,5,,,,,,,,,-88,100,57,6,1,0,0,0,1,,120,,80,KMDW,,14,22,5,49,,,2,4,28,2,2,0,2,69,
2026-08-20 12:00:00,2026-08-21 18:00:00,NBS,78,62,230,8,2.0,,0.0,,,4.0,,,150,100,81,9,2,0,0,0,2,0.0,110,0.0,110,KMDW,,37,23,8,78,,,3,3,15,4,0,0,3,73,
2026-08-20 12:00:00,2026-08-21 21:00:00,NBS,78,64,220,10,,,,,,,,,130,100,58,12,9,0,0,0,6,,110,,90,KMDW,,33,22,10,52,,,3,3,38,4,1,0,2,73,
2026-08-20 12:00:00,2026-08-22 00:00:00,NBS,76,65,220,9,22.0,24.0,0.0,0.0,,20.0,,20.0,-88,100,47,10,14,0,0,0,15,0.0,110,0.0,90,KMDW,0.0,12,23,9,14,81.0,2.0,3,3,29,6,2,0,3,72,
2026-08-20 12:00:00,2026-08-22 03:00:00,NBS,72,66,210,8,,,,,,,,,-88,100,92,8,16,0,0,0,30,,110,,45,KMDW,,5,22,8,0,,,2,2,11,3,2,2,2,69,
2026-08-20 12:00:00,2026-08-22 06:00:00,NBS,70,66,220,7,31.0,,3.0,,,27.0,,,-88,100,61,8,10,0,0,0,30,0.0,100,0.0,60,KMDW,,5,23,8,0,,,2,2,35,3,5,6,2,68,
2026-08-20 12:00:00,2026-08-22 09:00:00,NBS,68,64,250,7,,,,,,,,,-88,80,35,8,8,0,0,0,1,,100,,13,KMDW,,5,26,8,0,,,2,2,31,3,6,10,2,66,
2026-08-20 12:00:00,2026-08-22 12:00:00,NBS,68,64,300,9,10.0,46.0,0.0,3.0,,15.0,,27.0,-88,100,53,10,5,0,0,0,1,0.0,95,0.0,43,KMDW,1.0,9,32,9,2,66.0,2.0,1,2,27,3,5,8,2,66,
2026-08-20 12:00:00,2026-08-22 15:00:00,NBS,73,64,320,10,,,,,,,,,-88,100,38,12,4,0,0,0,9,,95,,36,KMDW,,31,34,12,27,,,2,3,30,4,5,0,2,70,
2026-08-20 12:00:00,2026-08-22 18:00:00,NBS,77,62,330,11,2.0,,0.0,,,7.0,,,-88,100,31,15,2,0,0,0,41,0.0,93,0.0,60,KMDW,,44,34,14,37,,,2,3,25,4,2,0,2,75,
2026-08-20 12:00:00,2026-08-22 21:00:00,NBS,77,61,330,12,,,,,,,,,-88,100,20,16,8,0,0,0,25,,90,,70,KMDW,,55,33,12,77,,,3,3,15,5,0,0,3,71,
2026-08-20 12:00:00,2026-08-23 00:00:00,NBS,74,60,340,9,20.0,21.0,0.0,0.0,,22.0,,22.0,-88,100,19,10,12,0,0,0,25,0.0,91,0.0,50,KMDW,0.0,11,33,9,52,80.0,2.0,2,3,14,4,0,2,3,69,
2026-08-20 12:00:00,2026-08-23 03:00:00,NBS,70,59,340,7,,,,,,,,,-88,100,23,8,8,0,0,0,1,,90,,45,KMDW,,5,34,7,0,,,2,2,12,3,0,1,3,65,
2026-08-20 12:00:00,2026-08-23 06:00:00,NBS,67,59,350,7,5.0,,0.0,,,15.0,,,-88,100,10,8,4,0,0,0,0,0.0,84,0.0,44,KMDW,,6,1,9,0,,,2,2,8,3,0,0,3,63,
2026-08-20 12:00:00,2026-08-23 09:00:00,NBS,65,58,350,7,,,,,,,,,-88,100,7,8,1,0,0,0,0,,81,,36,KMDW,,6,2,10,0,,,2,3,7,3,1,2,2,62,
2026-08-20 12:00:00,2026-08-23 12:00:00,NBS,64,57,340,8,0.0,5.0,0.0,0.0,,3.0,,15.0,-88,100,9,9,1,0,0,0,0,0.0,77,0.0,270,KMDW,0.0,8,1,9,0,64.0,2.0,2,3,9,3,0,5,3,62,
2026-08-20 18:00:00,2026-08-21 00:00:00,NBS,73,54,30,6,0.0,,0.0,,1.0,1.0,16.0,,-88,100,26,6,0,0,0,0,0,0.0,85,0.0,300,KMDW,,10,3,6,16,,,1,4,37,2,0,0,2,67,1/1
2026-08-20 18:00:00,2026-08-21 03:00:00,NBS,68,55,50,0,,,,,,,,,-88,100,22,2,0,0,0,0,0,,89,,160,KMDW,,4,4,4,0,,,1,4,23,2,0,1,2,63,
2026-08-20 18:00:00,2026-08-21 06:00:00,NBS,66,56,290,0,1.0,,0.0,,,2.0,,,-88,100,15,1,0,0,0,0,0,0.0,94,0.0,130,KMDW,,4,29,3,0,,,2,4,25,1,2,4,2,61,
2026-08-20 18:00:00,2026-08-21 09:00:00,NBS,63,56,260,2,,,,,,,,,-88,100,22,2,0,0,0,0,0,,110,,60,KMDW,,4,23,4,0,,,2,4,27,2,1,7,2,60,
2026-08-20 18:00:00,2026-08-21 12:00:00,NBS,64,57,220,2,1.0,1.0,0.0,0.0,,1.0,,2.0,-88,100,43,3,0,0,0,0,0,0.0,110,0.0,120,KMDW,0.0,3,24,4,5,62.0,2.0,2,4,33,2,0,0,2,61,
2026-08-20 18:00:00,2026-08-21 15:00:00,NBS,74,59,220,4,,,,,,,,,-88,100,42,5,1,0,0,0,0,,110,,140,KMDW,,16,24,5,56,,,2,4,38,3,0,0,3,69,
2026-08-20 18:00:00,2026-08-21 18:00:00,NBS,78,61,220,7,2.0,,0.0,,,3.0,,,260,100,72,7,2,0,0,0,4,0.0,110,0.0,170,KMDW,,35,24,7,56,,,2,3,25,3,0,0,2,74,
2026-08-20 18:00:00,2026-08-21 21:00:00,NBS,79,62,220,9,,,,,,,,,-88,100,38,11,9,0,0,0,13,,110,,160,KMDW,,33,23,9,58,,,2,3,41,3,0,0,2,72,
2026-08-20 18:00:00,2026-08-22 00:00:00,NBS,76,64,210,9,13.0,11.0,0.0,0.0,,22.0,,22.0,130,100,79,10,16,0,0,0,29,0.0,110,0.0,80,KMDW,3.0,12,21,9,13,80.0,2.0,2,3,26,4,0,0,2,72,
2026-08-20 18:00:00,2026-08-22 03:00:00,NBS,71,66,240,7,,,,,,,,,130,100,93,8,21,0,0,0,43,,110,,80,KMDW,,6,24,8,0,,,2,2,11,3,0,1,2,69,
2026-08-20 18:00:00,2026-08-22 06:00:00,NBS,69,66,220,7,46.0,,1.0,,,35.0,,,130,80,62,8,16,0,0,0,28,0.0,110,0.0,50,KMDW,,5,23,8,0,,,2,2,29,3,3,5,2,68,
2026-08-20 18:00:00,2026-08-22 09:00:00,NBS,67,65,260,7,,,,,,,,,-88,80,49,8,11,0,0,0,5,,100,,11,KMDW,,7,28,7,0,,,1,1,33,3,6,11,2,66,
2026-08-20 18:00:00,2026-08-22 12:00:00,NBS,68,65,300,8,10.0,49.0,0.0,1.0,,19.0,,35.0,-88,100,49,10,7,0,0,0,16,0.0,97,0.0,20,KMDW,0.0,8,32,9,5,66.0,1.0,1,1,38,3,8,8,2,67,
2026-08-20 18:00:00,2026-08-22 15:00:00,NBS,73,64,320,10,,,,,,,,,-88,100,54,13,4,0,0,0,2,,95,,50,KMDW,,26,34,13,41,,,2,2,41,3,3,0,2,71,
2026-08-20 18:00:00,2026-08-22 18:00:00,NBS,77,62,330,12,2.0,,0.0,,,7.0,,,-88,100,26,17,2,0,0,0,2,0.0,94,0.0,14,KMDW,,48,34,15,66,,,2,3,21,4,2,0,3,75,
2026-08-20 18:00:00,2026-08-22 21:00:00,NBS,76,60,330,11,,,,,,,,,-88,100,32,15,9,0,0,0,2,,92,,42,KMDW,,54,34,12,55,,,3,2,16,5,0,0,3,70,
2026-08-20 18:00:00,2026-08-23 00:00:00,NBS,74,59,330,9,12.0,16.0,0.0,0.0,,26.0,,26.0,-88,100,32,10,14,0,0,0,2,0.0,90,0.0,30,KMDW,0.0,20,34,10,25,79.0,3.0,3,3,21,5,0,1,3,68,
2026-08-20 18:00:00,2026-08-23 03:00:00,NBS,70,59,340,7,,,,,,,,,-88,100,12,8,8,0,0,0,0,,89,,60,KMDW,,10,35,7,0,,,2,3,8,4,0,0,3,65,
2026-08-20 18:00:00,2026-08-23 06:00:00,NBS,67,59,350,8,3.0,,0.0,,,16.0,,,-88,100,8,8,6,0,0,0,0,0.0,86,0.0,150,KMDW,,7,1,8,0,,,2,2,9,3,0,0,2,63,
2026-08-20 18:00:00,2026-08-23 09:00:00,NBS,64,58,350,8,,,,,,,,,-88,100,6,9,2,0,0,0,0,,80,,20,KMDW,,7,0,9,0,,,2,3,6,3,0,2,2,61,
2026-08-20 18:00:00,2026-08-23 12:00:00,NBS,64,57,340,8,0.0,3.0,0.0,0.0,,4.0,,16.0,-88,100,7,9,1,0,0,0,0,0.0,78,0.0,40,KMDW,0.0,11,35,8,0,64.0,2.0,2,3,8,3,0,5,2,62,
2026-08-20 18:00:00,2026-08-23 15:00:00,NBS,71,57,350,9,,,,,,,,,-88,100,15,10,1,0,0,0,0,,77,,270,KMDW,,39,36,10,36,,,2,3,16,4,0,0,3,67,
2026-08-20 18:00:00,2026-08-23 18:00:00,NBS,73,55,360,10,0.0,,0.0,,,1.0,,,-88,100,34,11,0,0,0,0,0,0.0,81,0.0,240,KMDW,,63,35,10,56,,,2,3,14,4,0,0,3,70,
2026-08-21 00:00:00,2026-08-21 06:00:00,NBS,65,56,320,0,1.0,,0.0,,3.0,2.0,,,-88,100,16,2,0,0,0,0,0,0.0,98,0.0,80,KMDW,,4,34,3,0,,,2,4,26,1,3,8,2,61,3/2
2026-08-21 00:00:00,2026-08-21 09:00:00,NBS,63,56,270,3,,,,,,,,,-88,100,23,3,0,0,0,0,0,,110,,70,KMDW,,4,29,4,0,,,2,4,29,1,2,9,2,60,
2026-08-21 00:00:00,2026-08-21 12:00:00,NBS,63,57,230,1,2.0,1.0,0.0,0.0,,2.0,,2.0,-88,100,44,3,0,0,0,0,12,0.0,120,0.0,90,KMDW,0.0,3,24,3,7,62.0,2.0,2,4,32,2,1,6,2,60,
2026-08-21 00:00:00,2026-08-21 15:00:00,NBS,73,59,220,4,,,,,,,,,160,100,57,4,2,0,0,0,0,,120,,140,KMDW,,15,23,4,52,,,1,4,35,2,0,0,3,69,
2026-08-21 00:00:00,2026-08-21 18:00:00,NBS,78,60,230,7,2.0,,0.0,,,6.0,,,240,100,71,7,3,0,0,0,14,0.0,110,0.0,150,KMDW,,31,25,7,62,,,2,3,26,3,0,0,2,73,
2026-08-21 00:00:00,2026-08-21 21:00:00,NBS,78,62,220,9,,,,,,,,,-88,100,56,11,10,0,0,0,10,,110,,160,KMDW,,32,22,9,59,,,2,3,36,3,0,0,2,72,
2026-08-21 00:00:00,2026-08-22 00:00:00,NBS,76,63,210,9,15.0,10.0,0.0,0.0,,22.0,,22.0,130,100,82,9,17,0,0,0,20,0.0,110,0.0,90,KMDW,3.0,15,22,10,15,80.0,2.0,2,3,28,3,0,0,2,71,
2026-08-21 00:00:00,2026-08-22 03:00:00,NBS,72,64,210,7,,,,,,,,,270,100,83,8,20,0,0,0,11,,110,,180,KMDW,,5,23,7,0,,,2,2,18,3,0,1,2,68,
2026-08-21 00:00:00,2026-08-22 06:00:00,NBS,69,65,240,7,30.0,,1.0,,,35.0,,,130,100,59,8,12,0,0,0,14,0.0,110,0.0,34,KMDW,,5,23,7,0,,,2,2,32,3,4,5,2,67,
2026-08-21 00:00:00,2026-08-22 09:00:00,NBS,67,65,270,7,,,,,,,,,-88,70,32,8,10,0,0,0,11,,100,,50,KMDW,,5,28,7,0,,,1,2,33,3,4,10,2,66,
2026-08-21 00:00:00,2026-08-22 12:00:00,NBS,68,64,310,8,10.0,38.0,0.0,1.0,,17.0,,35.0,-88,100,46,10,7,0,0,0,11,0.0,96,0.0,18,KMDW,3.0,7,32,8,5,66.0,1.0,1,2,37,3,3,4,2,66,
2026-08-21 00:00:00,2026-08-22 15:00:00,NBS,73,64,330,10,,,,,,,,,-88,100,25,14,5,0,0,0,21,,95,,3,KMDW,,27,34,14,56,,,2,2,36,3,2,0,2,70,
2026-08-21 00:00:00,2026-08-22 18:00:00,NBS,77,62,340,11,3.0,,0.0,,,10.0,,,-88,100,19,16,4,0,0,0,16,0.0,95,0.0,30,KMDW,,56,34,16,74,,,2,3,11,4,1,0,2,75,
2026-08-21 00:00:00,2026-08-22 21:00:00,NBS,76,60,340,11,,,,,,,,,-88,100,36,14,11,0,0,0,29,,93,,35,KMDW,,62,34,13,54,,,3,3,16,4,0,0,2,70,
2026-08-21 00:00:00,2026-08-23 00:00:00,NBS,74,58,340,9,15.0,17.0,0.0,0.0,,27.0,,27.0,-88,100,9,10,13,0,0,0,29,0.0,90,0.0,29,KMDW,0.0,21,34,9,22,79.0,3.0,3,3,6,5,0,0,3,68,
2026-08-21 00:00:00,2026-08-23 03:00:00,NBS,70,58,340,7,,,,,,,,,-88,100,11,8,10,0,0,0,0,,89,,130,KMDW,,7,33,8,0,,,2,3,8,3,0,0,3,65,
2026-08-21 00:00:00,2026-08-23 06:00:00,NBS,67,58,340,7,4.0,,0.0,,,19.0,,,-88,100,4,8,6,0,0,0,0,0.0,83,0.0,240,KMDW,,5,35,8,0,,,2,3,4,3,0,2,2,63,
2026-08-21 00:00:00,2026-08-23 09:00:00,NBS,64,58,340,8,,,,,,,,,-88,100,6,9,2,0,0,0,0,,82,,50,KMDW,,5,36,8,0,,,2,3,10,3,0,5,2,61,
2026-08-21 00:00:00,2026-08-23 12:00:00,NBS,64,57,340,8,0.0,3.0,0.0,0.0,,4.0,,19.0,-88,100,12,9,1,0,0,0,0,0.0,79,0.0,1,KMDW,0.0,9,35,8,0,63.0,2.0,2,3,23,3,0,6,2,62,
2026-08-21 00:00:00,2026-08-23 15:00:00,NBS,72,57,350,8,,,,,,,,,-88,100,11,10,0,0,0,0,0,,78,,44,KMDW,,38,35,9,37,,,2,3,7,3,0,0,2,67,
2026-08-21 00:00:00,2026-08-23 18:00:00,NBS,74,55,350,9,0.0,,0.0,,,1.0,,,-88,100,21,11,0,0,0,0,0,0.0,81,0.0,60,KMDW,,67,34,9,58,,,2,3,12,4,0,0,2,71,
2026-08-21 00:00:00,2026-08-23 21:00:00,NBS,73,55,0,9,,,,,,,,,-88,100,30,10,0,0,0,0,0,,84,,49,KMDW,,56,33,9,74,,,3,2,20,4,0,0,2,67,
2026-08-21 00:00:00,2026-08-24 00:00:00,NBS,70,53,30,6,0.0,0.0,0.0,0.0,,3.0,,3.0,-88,100,29,7,0,0,0,0,0,0.0,85,0.0,49,KMDW,0.0,33,35,6,50,75.0,3.0,2,2,28,3,0,0,2,64,
2026-08-21 06:00:00,2026-08-21 12:00:00,NBS,63,57,230,3,2.0,,0.0,,2.0,2.0,2.0,,-88,100,41,3,0,0,0,0,12,0.0,120,0.0,70,KMDW,,3,23,4,6,,,2,3,30,2,1,5,2,61,2/2
2026-08-21 06:00:00,2026-08-21 15:00:00,NBS,73,60,230,4,,,,,,,,,130,100,60,4,2,0,0,0,0,,120,,80,KMDW,,12,23,5,57,,,1,3,37,2,0,0,2,69,
2026-08-21 06:00:00,2026-08-21 18:00:00,NBS,78,61,230,7,3.0,,0.0,,,8.0,,,90,100,68,7,5,0,0,0,0,0.0,110,0.0,90,KMDW,,28,23,7,48,,,2,2,28,3,0,0,2,74,
2026-08-21 06:00:00,2026-08-21 21:00:00,NBS,79,63,190,9,,,,,,,,,90,100,69,11,14,0,0,0,14,,120,,80,KMDW,,31,22,9,46,,,2,2,27,3,0,0,2,72,
2026-08-21 06:00:00,2026-08-22 00:00:00,NBS,76,64,220,8,11.0,12.0,0.0,0.0,,25.0,,25.0,-88,100,47,9,16,0,0,0,13,0.0,110,0.0,80,KMDW,2.0,10,23,8,10,81.0,2.0,2,3,36,3,1,1,2,71,
2026-08-21 06:00:00,2026-08-22 03:00:00,NBS,72,65,230,7,,,,,,,,,130,100,68,8,17,0,0,0,15,,110,,100,KMDW,,5,21,7,0,,,2,2,35,3,2,1,2,68,
2026-08-21 06:00:00,2026-08-22 06:00:00,NBS,69,65,250,7,57.0,,7.0,,,34.0,,,130,100,59,7,14,0,0,0,26,0.0,100,0.0,80,KMDW,,5,26,7,0,,,2,2,26,3,3,3,2,67,
2026-08-21 06:00:00,2026-08-22 09:00:00,NBS,67,64,280,7,,,,,,,,,-88,100,55,8,10,0,0,0,8,,99,,32,KMDW,,5,27,7,0,,,1,2,42,3,6,6,2,66,
2026-08-21 06:00:00,2026-08-22 12:00:00,NBS,67,64,310,8,14.0,63.0,1.0,8.0,,16.0,,34.0,-88,100,29,10,8,0,0,0,12,0.0,94,0.0,60,KMDW,3.0,6,34,8,5,66.0,1.0,1,2,33,3,3,3,2,66,
2026-08-21 06:00:00,2026-08-22 15:00:00,NBS,73,63,330,11,,,,,,,,,-88,100,10,14,4,0,0,0,6,,94,,150,KMDW,,24,34,11,57,,,2,2,10,3,0,0,2,70,
2026-08-21 06:00:00,2026-08-22 18:00:00,NBS,77,61,320,12,2.0,,0.0,,,7.0,,,-88,100,10,16,3,0,0,0,6,0.0,92,0.0,44,KMDW,,55,33,14,79,,,2,2,17,4,0,0,2,75,
2026-08-21 06:00:00,2026-08-22 21:00:00,NBS,76,60,320,11,,,,,,,,,-88,100,45,15,10,0,0,0,6,,89,,32,KMDW,,54,33,14,47,,,3,2,32,4,0,0,3,70,
2026-08-21 06:00:00,2026-08-23 00:00:00,NBS,74,58,330,10,33.0,37.0,6.0,6.0,,27.0,,27.0,-88,100,32,11,14,0,0,0,6,0.0,88,0.0,20,KMDW,0.0,21,34,10,17,79.0,2.0,3,3,30,4,0,0,3,67,
2026-08-21 06:00:00,2026-08-23 03:00:00,NBS,69,58,320,8,,,,,,,,,-88,100,24,8,9,0,0,0,0,,89,,70,KMDW,,6,32,8,0,,,3,3,30,4,0,0,3,64,
2026-08-21 06:00:00,2026-08-23 06:00:00,NBS,66,57,330,7,2.0,,0.0,,,17.0,,,-88,100,9,8,5,0,0,0,6,0.0,83,0.0,180,KMDW,,8,35,8,0,,,2,3,11,3,0,0,2,62,
2026-08-21 06:00:00,2026-08-23 09:00:00,NBS,64,58,330,7,,,,,,,,,-88,100,2,8,4,0,0,0,0,,79,,100,KMDW,,6,35,8,0,,,2,2,3,3,0,5,2,61,
2026-08-21 06:00:00,2026-08-23 12:00:00,NBS,64,57,330,7,0.0,2.0,0.0,0.0,,6.0,,17.0,-88,100,1,8,1,0,0,0,0,0.0,74,0.0,13,KMDW,0.0,10,34,7,4,64.0,2.0,2,2,2,3,0,7,2,62,
2026-08-21 06:00:00,2026-08-23 15:00:00,NBS,72,57,340,8,,,,,,,,,-88,100,8,9,0,0,0,0,0,,78,,-88,KMDW,,40,34,10,37,,,2,3,6,3,0,0,2,67,
2026-08-21 06:00:00,2026-08-23 18:00:00,NBS,74,56,340,9,0.0,,0.0,,,1.0,,,-88,100,21,10,0,0,0,0,11,0.0,82,0.0,70,KMDW,,63,34,10,58,,,2,3,17,3,0,0,2,71,
2026-08-21 06:00:00,2026-08-23 21:00:00,NBS,73,55,350,8,,,,,,,,,-88,100,27,9,0,0,0,0,0,,85,,50,KMDW,,55,34,9,78,,,2,2,21,3,0,0,2,68,
2026-08-21 06:00:00,2026-08-24 00:00:00,NBS,71,54,10,7,0.0,0.0,0.0,0.0,,2.0,,2.0,-88,100,24,7,0,0,0,0,0,0.0,86,0.0,50,KMDW,0.0,19,0,7,55,76.0,2.0,2,2,20,3,0,0,2,65,
2026-08-21 06:00:00,2026-08-24 03:00:00,NBS,67,55,30,4,,,,,,,,,-88,100,30,5,0,0,0,0,0,,85,,160,KMDW,,5,9,5,0,,,2,2,27,2,0,0,2,62,
2026-08-21 06:00:00,2026-08-24 06:00:00,NBS,64,55,240,3,0.0,,0.0,,,2.0,,,-88,100,37,3,0,0,0,0,0,0.0,87,0.0,140,KMDW,,4,24,5,0,,,2,2,30,2,0,2,3,60,
2026-08-21 12:00:00,2026-08-21 18:00:00,NBS,78,62,230,7,2.0,,0.0,,1.0,4.0,,,-88,100,55,7,2,0,0,0,2,0.0,120,0.0,110,KMDW,,29,24,7,64,,,2,2,34,3,0,0,2,74,1/4
2026-08-21 12:00:00,2026-08-21 21:00:00,NBS,79,64,210,9,,,,,,,,,-88,100,34,11,14,0,0,0,9,,120,,170,KMDW,,37,23,9,57,,,3,2,37,3,0,0,2,73,
2026-08-21 12:00:00,2026-08-22 00:00:00,NBS,76,65,200,8,35.0,35.0,5.0,5.0,,31.0,,31.0,-88,100,47,9,23,0,0,0,25,0.0,110,0.0,60,KMDW,4.0,10,22,9,10,81.0,2.0,2,2,34,3,2,0,2,71,
2026-08-21 12:00:00,2026-08-22 03:00:00,NBS,72,66,210,6,,,,,,,,,150,100,79,7,24,0,0,0,12,,110,,110,KMDW,,5,21,8,0,,,2,2,28,3,0,0,2,69,
2026-08-21 12:00:00,2026-08-22 06:00:00,NBS,69,65,250,7,34.0,,3.0,,,39.0,,,130,100,72,7,14,0,0,0,27,0.0,110,0.0,80,KMDW,,4,26,8,0,,,1,2,27,2,1,1,2,68,
2026-08-21 12:00:00,2026-08-22 09:00:00,NBS,68,65,270,7,,,,,,,,,-88,100,52,8,8,0,0,0,1,,97,,60,KMDW,,5,28,10,0,,,1,1,33,2,2,3,2,66,
2026-08-21 12:00:00,2026-08-22 12:00:00,NBS,68,64,310,8,11.0,40.0,0.0,3.0,,13.0,,39.0,-88,100,41,10,4,0,0,0,1,0.0,94,0.0,60,KMDW,5.0,6,33,10,4,66.0,1.0,1,2,30,3,1,1,2,66,
2026-08-21 12:00:00,2026-08-22 15:00:00,NBS,73,63,330,10,,,,,,,,,-88,100,24,14,2,0,0,0,2,,95,,24,KMDW,,23,34,13,48,,,2,2,27,3,0,0,2,70,
2026-08-21 12:00:00,2026-08-22 18:00:00,NBS,77,62,330,11,1.0,,0.0,,,7.0,,,-88,100,9,16,4,0,0,0,2,0.0,93,0.0,44,KMDW,,50,34,15,80,,,2,2,16,5,0,0,3,75,
2026-08-21 12:00:00,2026-08-22 21:00:00,NBS,77,61,330,12,,,,,,,,,-88,100,37,16,12,0,0,0,6,,92,,90,KMDW,,53,33,15,62,,,3,2,27,5,0,0,3,71,
2026-08-21 12:00:00,2026-08-23 00:00:00,NBS,74,59,330,10,17.0,17.0,0.0,0.0,,27.0,,27.0,-88,100,28,12,12,0,0,0,9,0.0,87,0.0,41,KMDW,1.0,18,35,10,18,80.0,2.0,3,3,25,5,0,0,3,68,
2026-08-21 12:00:00,2026-08-23 03:00:00,NBS,70,59,320,8,,,,,,,,,-88,100,13,9,8,0,0,0,0,,88,,34,KMDW,,5,31,9,0,,,2,2,11,4,0,0,3,65,
2026-08-21 12:00:00,2026-08-23 06:00:00,NBS,67,58,330,8,3.0,,0.0,,,17.0,,,-88,100,17,8,6,0,0,0,0,0.0,82,0.0,60,KMDW,,9,34,9,0,,,2,2,29,3,0,0,2,63,
2026-08-21 12:00:00,2026-08-23 09:00:00,NBS,64,58,330,8,,,,,,,,,-88,100,18,8,2,0,0,0,0,,79,,70,KMDW,,6,35,8,0,,,2,2,28,3,0,6,2,62,
2026-08-21 12:00:00,2026-08-23 12:00:00,NBS,64,57,320,8,0.0,3.0,0.0,0.0,,4.0,,17.0,-88,100,0,9,1,0,0,0,0,0.0,74,0.0,-88,KMDW,0.0,6,34,8,6,63.0,2.0,2,3,1,3,0,6,3,62,
2026-08-21 12:00:00,2026-08-23 15:00:00,NBS,71,57,330,9,,,,,,,,,-88,100,6,10,0,0,0,0,0,,74,,-88,KMDW,,42,34,11,52,,,2,3,6,3,0,0,2,67,
2026-08-21 12:00:00,2026-08-23 18:00:00,NBS,74,56,330,10,0.0,,0.0,,,1.0,,,-88,100,18,12,0,0,0,0,0,0.0,78,0.0,50,KMDW,,69,33,12,74,,,2,2,17,4,0,0,2,71,
2026-08-21 12:00:00,2026-08-23 21:00:00,NBS,73,55,330,9,,,,,,,,,-88,100,22,11,0,0,0,0,0,,85,,60,KMDW,,60,32,10,78,,,2,2,31,3,0,0,2,68,
2026-08-21 12:00:00,2026-08-24 00:00:00,NBS,72,54,350,7,0.0,0.0,0.0,0.0,,3.0,,3.0,-88,100,28,8,0,0,0,0,0,0.0,85,0.0,160,KMDW,0.0,29,34,8,55,77.0,2.0,2,3,29,3,0,0,2,65,
2026-08-21 12:00:00,2026-08-24 03:00:00,NBS,67,55,20,4,,,,,,,,,-88,100,22,5,0,0,0,0,0,,86,,160,KMDW,,4,34,4,0,,,2,2,18,2,0,0,2,62,
2026-08-21 12:00:00,2026-08-24 06:00:00,NBS,64,56,270,3,0.0,,0.0,,,2.0,,,-88,100,24,4,0,0,0,0,0,0.0,87,0.0,44,KMDW,,4,33,4,0,,,2,2,18,2,0,2,2,61,
2026-08-21 12:00:00,2026-08-24 09:00:00,NBS,62,56,260,3,,,,,,,,,-88,100,23,3,0,0,0,0,0,,87,,140,KMDW,,4,26,4,0,,,2,2,22,2,0,6,2,59,
2026-08-21 12:00:00,2026-08-24 12:00:00,NBS,62,56,250,3,0.0,0.0,0.0,0.0,,1.0,,2.0,-88,100,28,3,0,0,0,0,0,0.0,88,0.0,140,KMDW,0.0,4,21,4,0,61.0,2.0,2,2,32,2,0,8,2,60,
2026-08-21 18:00:00,2026-08-22 00:00:00,NBS,76,65,200,8,28.0,,1.0,,1.0,37.0,2.0,,150,100,66,9,25,0,0,0,16,0.0,110,0.0,110,KMDW,,11,20,8,11,,,2,3,31,3,0,1,2,71,1/37
2026-08-21 18:00:00,2026-08-22 03:00:00,NBS,72,66,210,7,,,,,,,,,110,100,96,7,20,0,0,0,40,,110,,80,KMDW,,5,24,7,0,,,2,3,5,3,3,1,2,69,
2026-08-21 18:00:00,2026-08-22 06:00:00,NBS,69,66,250,7,54.0,,5.0,,,36.0,,,-88,100,55,7,14,0,0,0,18,0.0,110,0.0,60,KMDW,,5,27,7,0,,,2,2,37,3,3,1,2,68,
2026-08-21 18:00:00,2026-08-22 09:00:00,NBS,67,65,280,7,,,,,,,,,-88,100,39,8,6,0,0,0,11,,98,,70,KMDW,,5,32,8,0,,,1,2,42,2,0,0,2,66,
2026-08-21 18:00:00,2026-08-22 12:00:00,NBS,67,64,320,9,9.0,54.0,1.0,6.0,,10.0,,36.0,-88,100,36,11,2,0,0,0,0,0.0,94,0.0,24,KMDW,6.0,6,34,10,5,66.0,1.0,1,2,31,3,2,2,2,66,
2026-08-21 18:00:00,2026-08-22 15:00:00,NBS,74,62,330,10,,,,,,,,,-88,100,13,13,2,0,0,0,4,,92,,12,KMDW,,23,35,13,57,,,2,2,16,3,0,0,2,70,
2026-08-21 18:00:00,2026-08-22 18:00:00,NBS,78,61,330,11,1.0,,0.0,,,6.0,,,-88,100,28,16,4,0,0,0,3,0.0,92,0.0,60,KMDW,,55,33,15,75,,,2,2,31,5,0,0,3,76,
2026-08-21 18:00:00,2026-08-22 21:00:00,NBS,76,61,320,13,,,,,,,,,-88,100,39,18,12,0,0,0,13,,89,,80,KMDW,,52,31,14,45,,,3,3,20,5,0,0,3,70,
2026-08-21 18:00:00,2026-08-23 00:00:00,NBS,74,59,330,10,21.0,22.0,0.0,0.0,,28.0,,28.0,-88,100,26,12,14,0,0,0,39,0.0,88,0.0,80,KMDW,4.0,17,33,10,18,80.0,1.0,2,4,31,5,0,0,3,69,
2026-08-21 18:00:00,2026-08-23 03:00:00,NBS,70,58,320,8,,,,,,,,,-88,100,21,8,8,0,0,0,0,,86,,50,KMDW,,5,33,8,0,,,2,3,26,4,0,0,3,65,
2026-08-21 18:00:00,2026-08-23 06:00:00,NBS,66,58,330,7,2.0,,0.0,,,15.0,,,-88,100,17,8,4,0,0,0,0,0.0,81,0.0,160,KMDW,,5,36,7,0,,,2,2,26,3,0,0,2,62,
2026-08-21 18:00:00,2026-08-23 09:00:00,NBS,64,57,320,7,,,,,,,,,-88,100,1,8,2,0,0,0,0,,76,,160,KMDW,,6,35,7,0,,,1,2,3,3,0,7,2,61,
2026-08-21 18:00:00,2026-08-23 12:00:00,NBS,64,56,310,8,0.0,2.0,0.0,0.0,,4.0,,15.0,-88,100,9,9,1,0,0,0,0,0.0,74,0.0,130,KMDW,0.0,6,32,8,7,63.0,2.0,1,2,13,3,0,4,2,61,
2026-08-21 18:00:00,2026-08-23 15:00:00,NBS,71,56,330,9,,,,,,,,,-88,100,4,11,0,0,0,0,0,,73,,-88,KMDW,,40,34,11,56,,,2,3,4,3,0,0,2,66,
2026-08-21 18:00:00,2026-08-23 18:00:00,NBS,74,55,320,10,0.0,,0.0,,,1.0,,,-88,100,15,13,0,0,0,0,0,0.0,76,0.0,60,KMDW,,66,33,14,71,,,2,2,11,3,0,0,2,71,
2026-08-21 18:00:00,2026-08-23 21:00:00,NBS,73,54,330,9,,,,,,,,,-88,100,33,12,0,0,0,0,0,,79,,50,KMDW,,62,31,12,50,,,2,2,25,3,0,0,2,67,
2026-08-21 18:00:00,2026-08-24 00:00:00,NBS,72,53,350,7,0.0,0.0,0.0,0.0,,3.0,,3.0,-88,100,41,7,0,0,0,0,0,0.0,81,0.0,48,KMDW,0.0,32,31,8,30,77.0,2.0,2,2,28,3,0,0,2,65,
2026-08-21 18:00:00,2026-08-24 03:00:00,NBS,67,54,50,4,,,,,,,,,-88,100,28,5,0,0,0,0,0,,87,,210,KMDW,,7,9,5,0,,,2,2,24,2,0,0,2,62,
2026-08-21 18:00:00,2026-08-24 06:00:00,NBS,64,55,90,3,0.0,,0.0,,,2.0,,,-88,100,20,4,0,0,0,0,0,0.0,86,0.0,44,KMDW,,4,12,5,0,,,2,2,20,2,0,4,2,60,
2026-08-21 18:00:00,2026-08-24 09:00:00,NBS,61,55,230,3,,,,,,,,,-88,100,13,3,0,0,0,0,1,,85,,180,KMDW,,4,16,3,0,,,2,2,17,2,0,9,2,59,
2026-08-21 18:00:00,2026-08-24 12:00:00,NBS,61,56,190,3,0.0,0.0,0.0,0.0,,1.0,,2.0,-88,90,25,3,0,0,0,0,1,0.0,86,0.0,180,KMDW,0.0,3,17,4,0,61.0,2.0,2,2,31,2,1,8,2,60,
2026-08-21 18:00:00,2026-08-24 15:00:00,NBS,70,57,140,3,,,,,,,,,-88,100,28,4,0,0,0,0,1,,86,,240,KMDW,,33,21,4,35,,,2,3,32,3,0,0,3,66,
2026-08-21 18:00:00,2026-08-24 18:00:00,NBS,74,57,360,4,1.0,,0.0,,,1.0,,,-88,100,42,4,0,0,0,0,1,0.0,89,0.0,240,KMDW,,57,30,5,57,,,3,3,31,3,0,0,3,71,
2026-08-22 00:00:00,2026-08-22 06:00:00,NBS,69,65,250,7,63.0,,2.0,,1.0,45.0,,,-88,100,47,8,17,0,0,0,8,0.0,110,0.0,90,KMDW,,4,26,7,0,,,1,2,32,2,2,0,2,67,1/45
2026-08-22 00:00:00,2026-08-22 09:00:00,NBS,67,65,280,8,,,,,,,,,-88,100,48,9,10,0,0,0,3,,98,,23,KMDW,,4,31,9,0,,,1,1,37,2,2,6,2,65,
2026-08-22 00:00:00,2026-08-22 12:00:00,NBS,67,63,320,9,5.0,63.0,1.0,3.0,,16.0,,45.0,-88,100,39,11,5,0,0,0,3,0.0,95,0.0,33,KMDW,5.0,7,34,10,6,66.0,1.0,1,2,33,2,6,2,2,65,
2026-08-22 00:00:00,2026-08-22 15:00:00,NBS,73,63,330,10,,,,,,,,,-88,100,18,13,4,0,0,0,1,,93,,45,KMDW,,23,35,13,56,,,2,2,31,3,0,0,2,70,
2026-08-22 00:00:00,2026-08-22 18:00:00,NBS,78,62,330,11,1.0,,0.0,,,7.0,,,-88,100,17,16,3,0,0,0,6,0.0,92,0.0,70,KMDW,,54,33,16,79,,,2,2,30,5,0,0,3,76,
2026-08-22 00:00:00,2026-08-22 21:00:00,NBS,77,61,320,13,,,,,,,,,-88,100,39,18,12,0,0,0,10,,89,,60,KMDW,,56,32,15,56,,,3,3,21,6,0,0,3,71,
2026-08-22 00:00:00,2026-08-23 00:00:00,NBS,75,59,330,11,18.0,18.0,0.0,0.0,,24.0,,24.0,-88,100,32,13,10,0,0,0,31,0.0,88,0.0,70,KMDW,4.0,16,32,11,18,81.0,1.0,2,3,33,5,0,0,3,69,
2026-08-22 00:00:00,2026-08-23 03:00:00,NBS,70,59,320,8,,,,,,,,,-88,100,10,9,9,0,0,0,0,,87,,80,KMDW,,5,33,8,0,,,2,3,9,4,0,0,3,65,
2026-08-22 00:00:00,2026-08-23 06:00:00,NBS,66,58,330,7,2.0,,0.0,,,17.0,,,-88,100,9,8,5,0,0,0,0,0.0,83,0.0,60,KMDW,,4,35,8,0,,,2,3,11,3,0,0,2,62,
2026-08-22 00:00:00,2026-08-23 09:00:00,NBS,64,58,320,7,,,,,,,,,-88,100,1,8,1,0,0,0,0,,76,,140,KMDW,,5,35,9,0,,,1,3,3,3,0,5,2,61,
2026-08-22 00:00:00,2026-08-23 12:00:00,NBS,64,57,320,8,0.0,3.0,0.0,0.0,,3.0,,17.0,-88,100,1,9,1,0,0,0,0,0.0,72,0.0,180,KMDW,0.0,5,33,8,8,63.0,2.0,2,3,2,2,0,0,2,61,
2026-08-22 00:00:00,2026-08-23 15:00:00,NBS,71,56,330,9,,,,,,,,,-88,100,7,10,0,0,0,0,0,,74,,100,KMDW,,43,34,12,57,,,2,3,8,3,0,0,2,66,
2026-08-22 00:00:00,2026-08-23 18:00:00,NBS,74,55,320,10,0.0,,0.0,,,0.0,,,-88,100,24,13,0,0,0,0,0,0.0,76,0.0,35,KMDW,,69,33,16,78,,,2,3,21,4,0,0,2,71,
2026-08-22 00:00:00,2026-08-23 21:00:00,NBS,73,54,330,10,,,,,,,,,-88,100,57,12,0,0,0,0,0,,79,,30,KMDW,,69,31,14,42,,,2,2,36,4,0,0,2,66,
2026-08-22 00:00:00,2026-08-24 00:00:00,NBS,72,54,350,7,0.0,0.0,0.0,0.0,,2.0,,2.0,-88,100,62,8,0,0,0,0,0,0.0,80,0.0,43,KMDW,0.0,40,31,10,22,77.0,2.0,2,2,30,3,0,0,2,65,
2026-08-22 00:00:00,2026-08-24 03:00:00,NBS,67,55,350,4,,,,,,,,,-88,100,13,4,0,0,0,0,0,,81,,44,KMDW,,4,33,5,0,,,2,3,8,2,0,0,2,62,
2026-08-22 00:00:00,2026-08-24 06:00:00,NBS,63,55,290,3,0.0,,0.0,,,2.0,,,-88,100,19,4,0,0,0,0,0,0.0,80,0.0,-88,KMDW,,4,31,4,0,,,2,3,21,2,0,3,2,60,
2026-08-22 00:00:00,2026-08-24 09:00:00,NBS,61,55,280,3,,,,,,,,,-88,100,7,3,0,0,0,0,0,,85,,270,KMDW,,4,29,4,0,,,2,3,11,2,0,6,2,58,
2026-08-22 00:00:00,2026-08-24 12:00:00,NBS,61,55,270,3,0.0,0.0,0.0,0.0,,1.0,,2.0,-88,100,17,4,0,0,0,0,0,0.0,85,0.0,-88,KMDW,0.0,4,29,5,0,61.0,2.0,2,2,21,2,0,5,2,59,
2026-08-22 00:00:00,2026-08-24 15:00:00,NBS,70,57,320,3,,,,,,,,,-88,100,23,4,0,0,0,0,1,,85,,-88,KMDW,,30,32,5,37,,,2,2,27,2,0,0,3,66,
2026-08-22 00:00:00,2026-08-24 18:00:00,NBS,74,57,350,3,0.0,,0.0,,,1.0,,,-88,100,37,4,0,0,0,0,1,0.0,88,0.0,270,KMDW,,55,33,6,56,,,3,2,32,2,0,0,3,71,
2026-08-22 00:00:00,2026-08-24 21:00:00,NBS,74,57,40,6,,,,,,,,,-88,100,40,7,0,0,0,0,0,,91,,270,KMDW,,48,35,6,62,,,3,3,36,2,0,0,2,68,
2026-08-22 00:00:00,2026-08-25 00:00:00,NBS,72,57,70,7,0.0,0.0,0.0,0.0,,1.0,,1.0,-88,100,38,7,0,0,0,0,0,0.0,92,0.0,240,KMDW,0.0,23,6,7,43,78.0,2.0,2,3,30,3,0,0,2,66,
2026-08-22 06:00:00,2026-08-22 12:00:00,NBS,66,64,320,9,5.0,,0.0,,2.0,17.0,3.0,,-88,100,28,12,5,0,0,0,0,0.0,95,0.0,49,KMDW,,8,33,9,7,,,1,1,34,3,3,0,2,65,2/17
2026-08-22 06:00:00,2026-08-22 15:00:00,NBS,73,63,330,10,,,,,,,,,-88,100,4,14,2,0,0,0,9,,94,,180,KMDW,,23,34,13,59,,,2,2,6,3,0,0,2,69,
2026-08-22 06:00:00,2026-08-22 18:00:00,NBS,78,61,330,11,1.0,,0.0,,,5.0,,,-88,100,17,16,3,0,0,0,1,0.0,96,0.0,80,KMDW,,57,32,14,79,,,2,2,15,5,0,0,2,74,
2026-08-22 06:00:00,2026-08-22 21:00:00,NBS,77,61,320,12,,,,,,,,,-88,100,26,17,13,0,0,0,17,,90,,60,KMDW,,51,31,12,53,,,2,2,27,5,0,0,3,71,
2026-08-22 06:00:00,2026-08-23 00:00:00,NBS,74,59,330,10,15.0,15.0,0.0,0.0,,26.0,,26.0,-88,100,26,12,12,0,0,0,14,0.0,89,0.0,70,KMDW,0.0,20,32,10,16,80.0,1.0,2,3,24,4,0,0,3,68,
2026-08-22 06:00:00,2026-08-23 03:00:00,NBS,70,59,330,8,,,,,,,,,-88,100,31,8,9,0,0,0,0,,87,,70,KMDW,,5,34,8,0,,,2,2,27,3,0,0,2,65,
2026-08-22 06:00:00,2026-08-23 06:00:00,NBS,66,58,340,7,1.0,,0.0,,,17.0,,,-88,100,13,8,5,0,0,0,0,0.0,82,0.0,90,KMDW,,5,35,7,0,,,1,2,14,3,0,0,2,62,
2026-08-22 06:00:00,2026-08-23 09:00:00,NBS,64,58,320,7,,,,,,,,,-88,100,1,8,2,0,0,0,0,,77,,160,KMDW,,5,35,9,0,,,1,2,2,2,0,0,2,61,
2026-08-22 06:00:00,2026-08-23 12:00:00,NBS,64,57,320,7,0.0,2.0,0.0,0.0,,3.0,,17.0,-88,100,1,8,1,0,0,0,0,0.0,74,0.0,230,KMDW,0.0,6,34,8,8,63.0,2.0,1,3,1,2,0,0,2,61,
2026-08-22 06:00:00,2026-08-23 15:00:00,NBS,71,56,330,8,,,,,,,,,-88,100,14,10,0,0,0,0,0,,74,,110,KMDW,,39,34,12,55,,,1,3,27,3,0,0,2,66,
2026-08-22 06:00:00,2026-08-23 18:00:00,NBS,74,54,330,11,0.0,,0.0,,,0.0,,,-88,100,33,14,0,0,0,0,0,0.0,75,0.0,60,KMDW,,66,33,14,77,,,2,3,37,4,0,0,2,71,
2026-08-22 06:00:00,2026-08-23 21:00:00,NBS,73,54,320,11,,,,,,,,,-88,100,45,13,0,0,0,0,0,,78,,34,KMDW,,62,31,13,62,,,2,2,24,4,1,0,3,67,
2026-08-22 06:00:00,2026-08-24 00:00:00,NBS,72,54,340,7,0.0,0.0,0.0,0.0,,2.0,,2.0,-88,100,43,8,0,0,0,0,0,0.0,77,0.0,29,KMDW,0.0,38,34,9,16,77.0,2.0,2,2,31,3,0,0,2,65,
2026-08-22 06:00:00,2026-08-24 03:00:00,NBS,67,54,340,4,,,,,,,,,-88,100,23,5,0,0,0,0,0,,79,,24,KMDW,,5,34,5,0,,,2,3,24,2,0,1,2,62,
2026-08-22 06:00:00,2026-08-24 06:00:00,NBS,64,55,320,4,0.0,,0.0,,,2.0,,,-88,100,16,4,0,0,0,0,0,0.0,79,0.0,44,KMDW,,5,34,4,0,,,2,2,33,2,0,5,2,60,
2026-08-22 06:00:00,2026-08-24 09:00:00,NBS,61,55,280,4,,,,,,,,,-88,100,20,4,0,0,0,0,0,,78,,36,KMDW,,4,31,4,0,,,2,2,28,2,0,9,2,58,
2026-08-22 06:00:00,2026-08-24 12:00:00,NBS,60,55,280,3,0.0,0.0,0.0,0.0,,1.0,,2.0,-88,100,16,3,0,0,0,0,0,0.0,79,0.0,-88,KMDW,0.0,4,31,4,5,60.0,2.0,2,2,24,2,0,9,2,58,
2026-08-22 06:00:00,2026-08-24 15:00:00,NBS,70,57,290,3,,,,,,,,,-88,100,22,3,0,0,0,0,0,,87,,-88,KMDW,,36,30,5,35,,,2,3,25,3,0,0,3,66,
2026-08-22 06:00:00,2026-08-24 18:00:00,NBS,75,56,320,4,0.0,,0.0,,,1.0,,,-88,100,38,4,0,0,0,0,0,0.0,89,0.0,180,KMDW,,58,32,7,57,,,3,3,28,3,0,0,3,71,
2026-08-22 06:00:00,2026-08-24 21:00:00,NBS,74,56,10,6,,,,,,,,,-88,100,28,6,0,0,0,0,1,,90,,160,KMDW,,51,32,6,76,,,3,3,24,2,0,0,2,68,
2026-08-22 06:00:00,2026-08-25 00:00:00,NBS,72,56,70,7,1.0,1.0,0.0,0.0,,3.0,,3.0,-88,100,29,7,0,0,0,0,1,0.0,91,0.0,160,KMDW,0.0,14,6,7,54,77.0,2.0,2,3,15,3,0,0,2,66,
2026-08-22 06:00:00,2026-08-25 03:00:00,NBS,68,57,100,4,,,,,,,,,-88,100,16,5,0,0,0,0,1,,92,,140,KMDW,,5,12,5,0,,,2,3,13,3,0,3,2,64,
2026-08-22 06:00:00,2026-08-25 06:00:00,NBS,65,57,150,3,0.0,,0.0,,,2.0,,,-88,100,19,4,0,0,0,0,1,0.0,92,0.0,120,KMDW,,4,18,5,0,,,2,3,16,3,0,4,2,61,
2026-08-22 12:00:00,2026-08-22 18:00:00,NBS,77,62,330,11,0.0,,0.0,,0.0,6.0,,,-88,100,9,16,3,0,0,0,1,0.0,94,0.0,60,KMDW,,57,32,14,82,,,2,2,9,4,0,0,2,76,0/6
2026-08-22 12:00:00,2026-08-22 21:00:00,NBS,77,61,320,12,,,,,,,,,-88,100,27,17,13,0,0,0,17,,89,,60,KMDW,,53,32,14,54,,,3,2,24,4,0,0,3,72,
2026-08-22 12:00:00,2026-08-23 00:00:00,NBS,75,59,330,10,16.0,16.0,0.0,0.0,,29.0,,29.0,-88,100,16,11,12,0,0,0,15,0.0,86,0.0,60,KMDW,0.0,24,32,10,13,80.0,1.0,2,3,15,4,0,0,3,69,
2026-08-22 12:00:00,2026-08-23 03:00:00,NBS,70,59,330,8,,,,,,,,,-88,100,20,8,10,0,0,0,0,,84,,80,KMDW,,5,34,8,0,,,2,2,21,4,0,0,2,65,
2026-08-22 12:00:00,2026-08-23 06:00:00,NBS,67,59,330,7,2.0,,0.0,,,17.0,,,-88,100,4,8,5,0,0,0,0,0.0,82,0.0,170,KMDW,,4,34,7,0,,,2,2,5,2,0,0,2,63,
2026-08-22 12:00:00,2026-08-23 09:00:00,NBS,64,58,320,7,,,,,,,,,-88,100,1,8,1,0,0,0,0,,77,,90,KMDW,,4,34,8,0,,,1,2,2,3,0,0,2,61,
2026-08-22 12:00:00,2026-08-23 12:00:00,NBS,64,57,320,7,1.0,2.0,0.0,0.0,,2.0,,17.0,-88,100,3,8,0,0,0,0,0,0.0,74,0.0,50,KMDW,0.0,5,34,7,7,63.0,2.0,1,2,4,3,0,0,2,62,
2026-08-22 12:00:00,2026-08-23 15:00:00,NBS,71,56,330,9,,,,,,,,,-88,100,6,10,0,0,0,0,0,,73,,270,KMDW,,45,34,12,58,,,2,3,6,3,0,0,2,66,
2026-08-22 12:00:00,2026-08-23 18:00:00,NBS,74,54,330,11,0.0,,0.0,,,0.0,,,-88,100,29,14,0,0,0,0,0,0.0,76,0.0,48,KMDW,,66,33,13,79,,,2,2,34,4,0,0,2,70,
2026-08-22 12:00:00,2026-08-23 21:00:00,NBS,73,54,320,11,,,,,,,,,-88,100,41,14,0,0,0,0,0,,79,,50,KMDW,,66,31,13,55,,,2,2,32,4,0,0,2,67,
2026-08-22 12:00:00,2026-08-24 00:00:00,NBS,72,54,340,7,0.0,0.0,0.0,0.0,,2.0,,2.0,-88,100,40,8,0,0,0,0,0,0.0,77,0.0,70,KMDW,0.0,28,34,9,18,77.0,2.0,2,2,24,3,0,0,2,65,
2026-08-22 12:00:00,2026-08-24 03:00:00,NBS,67,55,340,4,,,,,,,,,-88,100,15,5,0,0,0,0,0,,79,,13,KMDW,,5,33,6,0,,,1,2,13,2,0,1,2,62,
2026-08-22 12:00:00,2026-08-24 06:00:00,NBS,64,55,320,4,0.0,,0.0,,,1.0,,,-88,100,11,4,0,0,0,0,0,0.0,78,0.0,13,KMDW,,4,29,4,0,,,1,2,18,2,0,3,2,60,
2026-08-22 12:00:00,2026-08-24 09:00:00,NBS,61,56,270,4,,,,,,,,,-88,100,12,4,0,0,0,0,0,,78,,13,KMDW,,4,20,4,0,,,2,2,17,2,0,7,2,59,
2026-08-22 12:00:00,2026-08-24 12:00:00,NBS,61,56,260,4,0.0,4.0,0.0,0.0,,1.0,,1.0,-88,100,20,4,0,0,0,0,0,0.0,78,0.0,1,KMDW,0.0,5,23,4,6,60.0,2.0,2,2,21,2,1,7,2,60,
2026-08-22 12:00:00,2026-08-24 15:00:00,NBS,70,57,260,2,,,,,,,,,-88,100,14,3,0,0,0,0,0,,81,,-88,KMDW,,33,27,5,50,,,2,3,16,2,0,0,3,66,
2026-08-22 12:00:00,2026-08-24 18:00:00,NBS,74,56,300,5,0.0,,0.0,,,1.0,,,-88,100,31,5,0,0,0,0,0,0.0,83,0.0,210,KMDW,,57,30,6,72,,,3,3,29,3,0,0,3,71,
2026-08-22 12:00:00,2026-08-24 21:00:00,NBS,74,56,340,6,,,,,,,,,-88,100,30,7,0,0,0,0,0,,91,,50,KMDW,,53,31,6,63,,,3,3,35,3,0,0,2,68,
2026-08-22 12:00:00,2026-08-25 00:00:00,NBS,72,56,50,7,0.0,0.0,0.0,0.0,,3.0,,3.0,-88,100,34,8,0,0,0,0,0,0.0,92,0.0,160,KMDW,0.0,18,2,7,43,77.0,2.0,2,3,29,3,0,0,2,66,
2026-08-22 12:00:00,2026-08-25 03:00:00,NBS,68,57,90,5,,,,,,,,,-88,100,22,5,0,0,0,0,0,,94,,150,KMDW,,6,13,5,0,,,2,3,27,2,0,3,2,64,
2026-08-22 12:00:00,2026-08-25 06:00:00,NBS,65,58,140,4,0.0,,0.0,,,2.0,,,-88,100,25,4,0,0,0,0,0,0.0,94,0.0,130,KMDW,,4,14,4,0,,,2,3,25,2,0,4,2,61,
2026-08-22 12:00:00,2026-08-25 09:00:00,NBS,63,58,160,3,,,,,,,,,-88,100,23,4,0,0,0,0,0,,96,,90,KMDW,,4,15,5,0,,,3,3,21,2,1,4,2,60,
2026-08-22 12:00:00,2026-08-25 12:00:00,NBS,63,57,170,4,0.0,0.0,0.0,0.0,,0.0,,2.0,-88,90,30,4,0,0,0,0,0,0.0,98,0.0,70,KMDW,0.0,6,15,7,0,62.0,3.0,3,3,24,3,2,8,2,61,
2026-08-22 18:00:00,2026-08-23 00:00:00,NBS,75,58,340,10,20.0,,0.0,,1.0,33.0,2.0,,-88,100,24,12,15,0,0,0,11,0.0,87,0.0,50,KMDW,,21,32,11,14,,,2,3,30,4,0,0,3,69,1/33
2026-08-22 18:00:00,2026-08-23 03:00:00,NBS,71,58,320,7,,,,,,,,,-88,100,9,8,7,0,0,0,0,,85,,70,KMDW,,5,33,7,0,,,2,2,15,4,0,0,2,65,
2026-08-22 18:00:00,2026-08-23 06:00:00,NBS,67,58,330,6,3.0,,0.0,,,13.0,,,-88,100,5,7,4,0,0,0,0,0.0,81,0.0,130,KMDW,,4,35,6,0,,,2,2,10,3,0,0,2,63,
2026-08-22 18:00:00,2026-08-23 09:00:00,NBS,64,58,310,7,,,,,,,,,-88,100,0,7,1,0,0,0,0,,78,,150,KMDW,,4,34,7,0,,,2,2,1,2,0,1,2,61,
2026-08-22 18:00:00,2026-08-23 12:00:00,NBS,63,57,320,7,2.0,3.0,0.0,0.0,,2.0,,13.0,-88,100,0,8,0,0,0,0,0,0.0,74,0.0,-88,KMDW,1.0,5,34,7,8,62.0,2.0,2,2,0,3,0,0,2,62,
2026-08-22 18:00:00,2026-08-23 15:00:00,NBS,72,56,330,8,,,,,,,,,-88,100,12,10,0,0,0,0,0,,73,,270,KMDW,,41,35,12,58,,,1,3,26,3,0,0,2,66,
2026-08-22 18:00:00,2026-08-23 18:00:00,NBS,74,54,330,10,0.0,,0.0,,,0.0,,,-88,100,18,13,0,0,0,0,0,0.0,76,0.0,190,KMDW,,68,33,13,80,,,2,2,13,3,0,0,2,70,
2026-08-22 18:00:00,2026-08-23 21:00:00,NBS,74,53,310,10,,,,,,,,,-88,100,56,13,0,0,0,0,0,,79,,110,KMDW,,66,31,13,60,,,2,2,36,4,0,0,2,67,
2026-08-22 18:00:00,2026-08-24 00:00:00,NBS,72,53,330,7,0.0,0.0,0.0,0.0,,2.0,,2.0,-88,100,49,8,0,0,0,0,0,0.0,80,0.0,60,KMDW,0.0,29,32,9,17,77.0,1.0,2,2,28,3,0,0,2,64,
2026-08-22 18:00:00,2026-08-24 03:00:00,NBS,67,55,310,4,,,,,,,,,-88,100,21,5,0,0,0,0,0,,78,,60,KMDW,,5,32,5,0,,,2,2,31,3,0,0,3,62,
2026-08-22 18:00:00,2026-08-24 06:00:00,NBS,64,55,290,4,0.0,,0.0,,,1.0,,,-88,100,8,4,0,0,0,0,0,0.0,78,0.0,70,KMDW,,4,30,5,0,,,2,2,9,2,0,1,2,60,
2026-08-22 18:00:00,2026-08-24 09:00:00,NBS,61,56,290,4,,,,,,,,,-88,100,16,4,0,0,0,0,0,,76,,-88,KMDW,,4,29,5,0,,,2,3,27,2,0,6,2,59,
2026-08-22 18:00:00,2026-08-24 12:00:00,NBS,60,56,300,4,0.0,0.0,0.0,0.0,,1.0,,1.0,-88,100,20,4,0,0,0,0,0,0.0,75,0.0,-88,KMDW,0.0,4,28,5,7,59.0,3.0,2,3,34,2,0,9,2,58,
2026-08-22 18:00:00,2026-08-24 15:00:00,NBS,71,57,310,3,,,,,,,,,-88,100,22,4,0,0,0,0,0,,78,,-88,KMDW,,30,30,7,56,,,2,3,35,2,0,0,3,67,
2026-08-22 18:00:00,2026-08-24 18:00:00,NBS,75,56,320,4,0.0,,0.0,,,1.0,,,-88,100,27,5,0,0,0,0,0,0.0,81,0.0,-88,KMDW,,53,30,8,77,,,3,3,31,3,0,0,3,72,
2026-08-22 18:00:00,2026-08-24 21:00:00,NBS,75,56,10,6,,,,,,,,,-88,100,25,6,0,0,0,0,0,,82,,150,KMDW,,52,33,6,64,,,2,3,27,2,0,0,2,69,
2026-08-22 18:00:00,2026-08-25 00:00:00,NBS,72,56,60,7,0.0,0.0,0.0,0.0,,2.0,,2.0,-88,100,29,8,0,0,0,0,0,0.0,85,0.0,170,KMDW,0.0,14,4,7,25,78.0,2.0,2,3,27,3,0,0,2,66,
2026-08-22 18:00:00,2026-08-25 03:00:00,NBS,68,57,100,4,,,,,,,,,-88,100,20,5,0,0,0,0,0,,90,,270,KMDW,,4,14,5,0,,,2,3,32,2,0,2,2,63,
2026-08-22 18:00:00,2026-08-25 06:00:00,NBS,65,58,160,4,0.0,,0.0,,,2.0,,,-88,100,17,4,0,0,0,0,0,0.0,91,0.0,240,KMDW,,4,19,4,0,,,3,3,16,2,0,7,2,62,
2026-08-22 18:00:00,2026-08-25 09:00:00,NBS,63,58,200,3,,,,,,,,,-88,20,9,4,0,0,0,0,1,,97,,250,KMDW,,4,22,4,0,,,3,3,10,2,2,15,2,60,
2026-08-22 18:00:00,2026-08-25 12:00:00,NBS,62,58,210,4,1.0,0.0,0.0,0.0,,1.0,,2.0,-88,90,18,4,0,0,0,0,1,0.0,100,0.0,220,KMDW,0.0,3,22,5,0,62.0,3.0,3,3,23,2,3,11,2,61,
2026-08-22 18:00:00,2026-08-25 15:00:00,NBS,72,59,200,4,,,,,,,,,-88,100,14,5,0,0,0,0,3,,100,,220,KMDW,,30,25,5,36,,,2,3,12,3,0,0,3,68,
2026-08-22 18:00:00,2026-08-25 18:00:00,NBS,76,60,200,4,1.0,,0.0,,,1.0,,,-88,100,35,4,0,0,0,0,4,0.0,100,0.0,210,KMDW,,52,25,6,57,,,3,4,23,4,0,0,3,73,
2026-08-23 00:00:00,2026-08-23 06:00:00,NBS,67,56,330,6,5.0,,0.0,,1.0,16.0,,,-88,100,10,7,2,0,0,0,0,0.0,83,0.0,150,KMDW,,4,35,7,0,,,2,2,13,3,0,0,2,62,1/16
2026-08-23 00:00:00,2026-08-23 09:00:00,NBS,64,56,320,7,,,,,,,,,-88,100,9,7,1,0,0,0,0,,79,,80,KMDW,,4,34,7,0,,,1,3,13,2,0,0,2,60,
2026-08-23 00:00:00,2026-08-23 12:00:00,NBS,63,55,320,7,0.0,7.0,0.0,0.0,,2.0,,16.0,-88,100,1,9,1,0,0,0,0,0.0,76,0.0,-88,KMDW,0.0,5,34,8,8,63.0,2.0,1,2,4,2,0,0,2,61,
2026-08-23 00:00:00,2026-08-23 15:00:00,NBS,71,54,340,9,,,,,,,,,-88,100,1,10,0,0,0,0,0,,73,,270,KMDW,,37,35,12,61,,,1,3,2,3,0,0,2,66,
2026-08-23 00:00:00,2026-08-23 18:00:00,NBS,74,53,330,10,0.0,,0.0,,,0.0,,,-88,100,21,13,0,0,0,0,0,0.0,77,0.0,230,KMDW,,67,33,12,80,,,2,2,16,3,0,0,2,70,
2026-08-23 00:00:00,2026-08-23 21:00:00,NBS,74,53,320,11,,,,,,,,,110,100,57,14,0,0,0,0,0,,79,,80,KMDW,,69,31,13,48,,,2,2,30,4,0,0,2,67,
2026-08-23 00:00:00,2026-08-24 00:00:00,NBS,72,53,330,7,0.0,0.0,0.0,0.0,,2.0,,2.0,-88,100,38,8,0,0,0,0,0,0.0,80,0.0,45,KMDW,0.0,34,32,10,18,77.0,1.0,2,2,33,3,0,0,2,65,
2026-08-23 00:00:00,2026-08-24 03:00:00,NBS,67,54,290,5,,,,,,,,,-88,100,39,5,0,0,0,0,0,,78,,47,KMDW,,5,33,6,0,,,2,2,30,3,0,0,2,62,
2026-08-23 00:00:00,2026-08-24 06:00:00,NBS,64,53,280,4,0.0,,0.0,,,1.0,,,-88,100,17,4,0,0,0,0,0,0.0,77,0.0,48,KMDW,,4,31,4,0,,,2,2,25,2,0,1,2,60,
2026-08-23 00:00:00,2026-08-24 09:00:00,NBS,61,54,290,4,,,,,,,,,-88,100,17,4,0,0,0,0,0,,75,,80,KMDW,,4,30,4,0,,,2,2,27,2,0,8,2,58,
2026-08-23 00:00:00,2026-08-24 12:00:00,NBS,60,54,280,4,0.0,0.0,0.0,0.0,,1.0,,1.0,-88,100,23,4,0,0,0,0,0,0.0,75,0.0,-88,KMDW,0.0,4,25,5,6,59.0,2.0,2,2,26,2,0,6,2,58,
2026-08-23 00:00:00,2026-08-24 15:00:00,NBS,71,55,290,4,,,,,,,,,-88,100,16,4,0,0,0,0,0,,77,,-88,KMDW,,26,29,7,56,,,2,3,30,2,0,0,3,66,
2026-08-23 00:00:00,2026-08-24 18:00:00,NBS,75,54,320,5,0.0,,0.0,,,1.0,,,-88,100,41,6,0,0,0,0,0,0.0,79,0.0,100,KMDW,,56,30,10,76,,,2,3,39,3,0,0,3,71,
2026-08-23 00:00:00,2026-08-24 21:00:00,NBS,75,55,350,6,,,,,,,,,-88,100,21,6,0,0,0,0,0,,82,,160,KMDW,,51,32,8,60,,,2,3,35,2,0,0,2,68,
2026-08-23 00:00:00,2026-08-25 00:00:00,NBS,72,56,70,7,0.0,0.0,0.0,0.0,,2.0,,2.0,-88,100,50,7,0,0,0,0,0,0.0,88,0.0,260,KMDW,0.0,15,7,7,16,78.0,2.0,2,3,33,3,0,0,3,66,
2026-08-23 00:00:00,2026-08-25 03:00:00,NBS,68,56,120,4,,,,,,,,,-88,100,23,5,0,0,0,0,0,,91,,220,KMDW,,4,15,5,0,,,2,3,28,2,0,2,2,63,
2026-08-23 00:00:00,2026-08-25 06:00:00,NBS,65,55,180,3,0.0,,0.0,,,2.0,,,-88,100,11,4,0,0,0,0,0,0.0,87,0.0,210,KMDW,,4,20,5,0,,,2,3,12,2,0,3,2,61,
2026-08-23 00:00:00,2026-08-25 09:00:00,NBS,62,56,210,3,,,,,,,,,-88,100,5,3,0,0,0,0,0,,95,,190,KMDW,,4,22,4,0,,,3,3,7,2,2,11,2,59,
2026-08-23 00:00:00,2026-08-25 12:00:00,NBS,62,56,210,4,0.0,0.0,0.0,0.0,,1.0,,2.0,-88,100,16,4,0,0,0,0,0,0.0,100,0.0,180,KMDW,0.0,4,23,4,0,62.0,3.0,3,3,22,2,0,9,2,60,
2026-08-23 00:00:00,2026-08-25 15:00:00,NBS,72,56,200,4,,,,,,,,,-88,100,20,4,0,0,0,0,1,,96,,170,KMDW,,34,25,6,36,,,2,3,25,3,0,0,3,67,
2026-08-23 00:00:00,2026-08-25 18:00:00,NBS,76,58,200,5,0.0,,0.0,,,2.0,,,-88,100,36,5,0,0,0,0,1,0.0,100,0.0,110,KMDW,,51,26,5,56,,,3,3,12,4,0,0,3,72,
2026-08-23 00:00:00,2026-08-25 21:00:00,NBS,77,59,200,7,,,,,,,,,-88,100,53,7,1,0,0,0,3,,100,,90,KMDW,,52,24,7,68,,,3,3,22,4,0,0,2,70,
2026-08-23 00:00:00,2026-08-26 00:00:00,NBS,76,60,190,7,2.0,2.0,0.0,0.0,,1.0,,2.0,-88,100,49,8,1,0,0,0,4,0.0,110,0.0,60,KMDW,0.0,26,22,7,47,80.0,2.0,2,4,28,3,0,0,2,70,
2026-08-23 06:00:00,2026-08-23 12:00:00,NBS,63,55,320,8,0.0,,0.0,,4.0,2.0,3.0,,-88,100,0,9,1,0,0,0,0,0.0,79,0.0,70,KMDW,,5,33,8,8,,,1,2,0,2,0,0,1,61,4/2
2026-08-23 06:00:00,2026-08-23 15:00:00,NBS,71,53,340,9,,,,,,,,,-88,100,4,11,0,0,0,0,0,,75,,270,KMDW,,33,35,10,61,,,1,2,6,2,0,0,1,66,
2026-08-23 06:00:00,2026-08-23 18:00:00,NBS,74,52,330,10,0.0,,0.0,,,0.0,,,-88,100,21,13,0,0,0,0,0,0.0,78,0.0,130,KMDW,,66,33,11,72,,,2,2,29,3,0,0,2,70,
2026-08-23 06:00:00,2026-08-23 21:00:00,NBS,73,52,320,11,,,,,,,,,-88,100,26,14,0,0,0,0,0,,81,,110,KMDW,,71,31,12,54,,,2,2,24,3,0,0,2,66,
2026-08-23 06:00:00,2026-08-24 00:00:00,NBS,72,53,320,7,0.0,0.0,0.0,0.0,,2.0,,2.0,-88,100,47,8,0,0,0,0,0,0.0,81,0.0,50,KMDW,0.0,28,33,8,15,76.0,2.0,2,2,27,3,0,0,2,65,
2026-08-23 06:00:00,2026-08-24 03:00:00,NBS,67,53,320,5,,,,,,,,,-88,100,19,5,0,0,0,0,0,,80,,49,KMDW,,4,32,5,0,,,1,2,16,3,0,0,2,61,
2026-08-23 06:00:00,2026-08-24 06:00:00,NBS,64,53,300,4,0.0,,0.0,,,1.0,,,-88,100,3,5,0,0,0,0,0,0.0,78,0.0,44,KMDW,,4,31,4,0,,,1,2,4,2,0,0,2,60,
2026-08-23 06:00:00,2026-08-24 09:00:00,NBS,61,54,280,4,,,,,,,,,-88,100,24,4,0,0,0,0,0,,76,,35,KMDW,,4,28,4,0,,,2,2,34,2,0,7,2,58,
2026-08-23 06:00:00,2026-08-24 12:00:00,NBS,60,54,270,4,0.0,0.0,0.0,0.0,,1.0,,1.0,-88,100,24,4,0,0,0,0,0,0.0,74,0.0,50,KMDW,0.0,4,27,4,7,59.0,2.0,2,3,26,2,0,5,2,58,
2026-08-23 06:00:00,2026-08-24 15:00:00,NBS,70,54,300,4,,,,,,,,,-88,100,28,4,0,0,0,0,0,,74,,270,KMDW,,26,29,7,56,,,1,3,39,3,0,0,3,66,
2026-08-23 06:00:00,2026-08-24 18:00:00,NBS,75,54,320,6,0.0,,0.0,,,1.0,,,-88,100,37,7,0,0,0,0,0,0.0,77,0.0,190,KMDW,,56,30,10,76,,,2,3,34,3,0,0,2,71,
2026-08-23 06:00:00,2026-08-24 21:00:00,NBS,74,55,350,7,,,,,,,,,-88,100,48,7,0,0,0,0,0,,79,,110,KMDW,,53,31,8,53,,,2,3,43,2,0,0,1,67,
2026-08-23 06:00:00,2026-08-25 00:00:00,NBS,72,55,60,7,0.0,0.0,0.0,0.0,,1.0,,1.0,-88,100,43,7,0,0,0,0,0,0.0,82,0.0,180,KMDW,0.0,17,8,7,16,77.0,2.0,2,3,25,3,0,0,2,66,
2026-08-23 06:00:00,2026-08-25 03:00:00,NBS,67,55,110,4,,,,,,,,,-88,100,12,4,0,0,0,0,0,,90,,170,KMDW,,4,13,5,0,,,2,3,4,2,0,3,2,62,
2026-08-23 06:00:00,2026-08-25 06:00:00,NBS,64,54,190,4,0.0,,0.0,,,1.0,,,-88,100,11,4,0,0,0,0,0,0.0,90,0.0,180,KMDW,,4,19,5,0,,,2,3,23,2,0,9,2,59,
2026-08-23 06:00:00,2026-08-25 09:00:00,NBS,61,55,210,3,,,,,,,,,-88,90,11,3,0,0,0,0,0,,92,,180,KMDW,,4,23,5,0,,,3,3,15,2,0,12,2,58,
2026-08-23 06:00:00,2026-08-25 12:00:00,NBS,61,55,200,3,0.0,0.0,0.0,0.0,,1.0,,1.0,-88,90,13,3,0,0,0,0,0,0.0,93,0.0,140,KMDW,0.0,3,21,4,4,60.0,3.0,3,3,21,2,0,9,2,60,
2026-08-23 06:00:00,2026-08-25 15:00:00,NBS,72,56,200,3,,,,,,,,,-88,100,19,4,0,0,0,0,1,,97,,130,KMDW,,20,22,6,37,,,1,3,16,3,0,0,3,67,
2026-08-23 06:00:00,2026-08-25 18:00:00,NBS,77,57,190,3,0.0,,0.0,,,2.0,,,-88,100,37,4,0,0,0,0,1,0.0,100,0.0,100,KMDW,,49,23,6,57,,,2,3,22,3,0,0,3,73,
2026-08-23 06:00:00,2026-08-25 21:00:00,NBS,77,58,200,6,,,,,,,,,-88,100,43,7,1,0,0,0,2,,100,,90,KMDW,,48,22,6,70,,,2,3,35,4,0,0,3,71,
2026-08-23 06:00:00,2026-08-26 00:00:00,NBS,75,60,190,7,0.0,1.0,0.0,0.0,,3.0,,3.0,-88,100,44,8,1,0,0,0,2,0.0,110,0.0,70,KMDW,0.0,19,22,7,46,80.0,2.0,2,3,27,4,0,0,2,69,
2026-08-23 06:00:00,2026-08-26 03:00:00,NBS,71,60,190,7,,,,,,,,,-88,100,48,8,1,0,0,0,4,,110,,90,KMDW,,4,20,7,0,,,2,3,31,3,0,0,2,66,
2026-08-23 06:00:00,2026-08-26 06:00:00,NBS,68,58,190,8,2.0,,0.0,,,4.0,,,-88,100,55,9,2,0,0,0,7,0.0,110,0.0,80,KMDW,,4,20,9,0,,,2,3,29,3,0,1,2,64,
2026-08-23 12:00:00,2026-08-23 18:00:00,NBS,74,53,330,10,0.0,,0.0,,11.0,0.0,,,-88,100,50,13,0,0,0,0,0,0.0,77,0.0,110,KMDW,,67,33,12,81,,,1,2,38,3,0,0,2,70,11/0
2026-08-23 12:00:00,2026-08-23 21:00:00,NBS,74,52,320,11,,,,,,,,,-88,100,49,15,0,0,0,0,0,,81,,180,KMDW,,70,31,13,51,,,2,2,33,3,0,0,2,66,
2026-08-23 12:00:00,2026-08-24 00:00:00,NBS,72,53,340,8,0.0,0.0,0.0,0.0,,2.0,,2.0,-88,100,24,8,0,0,0,0,0,0.0,80,0.0,110,KMDW,0.0,31,33,10,14,77.0,1.0,2,2,23,3,0,0,2,65,
2026-08-23 12:00:00,2026-08-24 03:00:00,NBS,68,54,280,6,,,,,,,,,-88,100,14,6,0,0,0,0,0,,79,,49,KMDW,,5,32,6,0,,,1,2,18,3,0,0,2,62,
2026-08-23 12:00:00,2026-08-24 06:00:00,NBS,64,53,280,5,0.0,,0.0,,,3.0,,,-88,100,8,5,0,0,0,0,0,0.0,77,0.0,38,KMDW,,4,28,5,0,,,1,2,19,2,0,0,2,60,
2026-08-23 12:00:00,2026-08-24 09:00:00,NBS,61,54,280,4,,,,,,,,,-88,100,18,4,0,0,0,0,0,,75,,37,KMDW,,4,28,5,0,,,2,3,33,2,0,0,2,58,
2026-08-23 12:00:00,2026-08-24 12:00:00,NBS,60,55,270,4,0.0,0.0,0.0,0.0,,1.0,,3.0,-88,100,14,4,0,0,0,0,0,0.0,75,0.0,140,KMDW,0.0,4,29,4,6,60.0,2.0,2,3,25,2,0,3,2,58,
2026-08-23 12:00:00,2026-08-24 15:00:00,NBS,71,55,300,3,,,,,,,,,-88,100,25,4,0,0,0,0,0,,75,,270,KMDW,,30,29,7,58,,,2,3,33,3,0,0,3,66,
2026-08-23 12:00:00,2026-08-24 18:00:00,NBS,75,54,320,6,0.0,,0.0,,,1.0,,,-88,100,31,7,0,0,0,0,0,0.0,77,0.0,290,KMDW,,57,30,8,80,,,2,3,33,2,0,0,2,71,
2026-08-23 12:00:00,2026-08-24 21:00:00,NBS,74,55,10,7,,,,,,,,,-88,100,48,7,0,0,0,0,0,,81,,230,KMDW,,55,30,7,60,,,3,3,42,3,0,0,2,67,
2026-08-23 12:00:00,2026-08-25 00:00:00,NBS,72,55,60,7,0.0,0.0,0.0,0.0,,2.0,,2.0,-88,100,45,8,0,0,0,0,0,0.0,83,0.0,240,KMDW,0.0,17,6,7,14,77.0,2.0,2,3,32,3,0,0,2,65,
2026-08-23 12:00:00,2026-08-25 03:00:00,NBS,67,55,100,4,,,,,,,,,-88,100,22,4,0,0,0,0,0,,88,,160,KMDW,,4,11,4,0,,,1,3,26,2,0,3,2,62,
2026-08-23 12:00:00,2026-08-25 06:00:00,NBS,64,54,190,3,0.0,,0.0,,,2.0,,,-88,100,1,3,0,0,0,0,0,0.0,88,0.0,130,KMDW,,4,18,4,0,,,2,2,1,1,0,4,2,60,
2026-08-23 12:00:00,2026-08-25 09:00:00,NBS,61,55,230,2,,,,,,,,,-88,70,12,3,0,0,0,0,0,,88,,120,KMDW,,4,21,5,0,,,2,2,18,1,2,12,2,58,
2026-08-23 12:00:00,2026-08-25 12:00:00,NBS,61,55,210,2,0.0,0.0,0.0,0.0,,1.0,,2.0,-88,90,18,3,0,0,0,0,23,0.0,89,0.0,150,KMDW,0.0,4,22,4,4,60.0,3.0,3,2,18,1,1,10,2,59,
2026-08-23 12:00:00,2026-08-25 15:00:00,NBS,72,56,190,3,,,,,,,,,-88,100,14,3,0,0,0,0,0,,90,,140,KMDW,,24,21,4,50,,,1,3,11,2,0,0,2,67,
2026-08-23 12:00:00,2026-08-25 18:00:00,NBS,77,57,170,3,0.0,,0.0,,,1.0,,,-88,100,31,3,0,0,0,0,0,0.0,98,0.0,120,KMDW,,48,19,4,70,,,2,2,21,2,0,0,3,73,
2026-08-23 12:00:00,2026-08-25 21:00:00,NBS,78,57,170,6,,,,,,,,,-88,100,24,6,0,0,0,0,0,,100,,110,KMDW,,48,21,6,55,,,2,2,25,2,0,0,2,70,
2026-08-23 12:00:00,2026-08-26 00:00:00,NBS,76,58,170,7,0.0,0.0,0.0,0.0,,3.0,,3.0,-88,100,42,7,1,0,0,0,0,0.0,110,0.0,100,KMDW,0.0,25,21,7,38,80.0,2.0,2,3,28,2,0,0,2,69,
2026-08-23 12:00:00,2026-08-26 03:00:00,NBS,71,59,180,7,,,,,,,,,-88,100,44,8,1,0,0,0,0,,110,,50,KMDW,,4,20,7,0,,,2,3,29,3,0,0,2,66,
2026-08-23 12:00:00,2026-08-26 06:00:00,NBS,68,58,190,8,1.0,,0.0,,,5.0,,,-88,100,47,8,3,0,0,0,1,0.0,110,0.0,100,KMDW,,4,20,8,0,,,2,3,24,3,0,0,1,64,
2026-08-23 12:00:00,2026-08-26 09:00:00,NBS,66,59,190,8,,,,,,,,,-88,100,43,9,5,0,0,0,5,,110,,150,KMDW,,4,21,8,0,,,2,2,19,3,0,3,2,62,
2026-08-23 12:00:00,2026-08-26 12:00:00,NBS,66,59,200,9,3.0,4.0,0.0,0.0,,11.0,,12.0,-88,100,55,10,6,0,0,0,6,0.0,110,0.0,110,KMDW,0.0,6,21,10,0,65.0,3.0,3,2,15,3,0,6,2,63,
2026-08-23 18:00:00,2026-08-24 00:00:00,NBS,72,53,330,8,0.0,,0.0,,18.0,1.0,14.0,,-88,100,24,8,0,0,0,0,0,0.0,81,0.0,70,KMDW,,31,33,10,14,,,1,2,26,3,0,0,2,65,18/1
2026-08-23 18:00:00,2026-08-24 03:00:00,NBS,67,53,290,6,,,,,,,,,-88,100,10,6,0,0,0,0,0,,81,,60,KMDW,,5,32,7,0,,,1,2,9,3,0,0,2,61,
2026-08-23 18:00:00,2026-08-24 06:00:00,NBS,63,54,280,5,0.0,,0.0,,,2.0,,,-88,100,3,6,0,0,0,0,0,0.0,78,0.0,44,KMDW,,4,31,5,0,,,1,2,5,2,0,0,2,60,
2026-08-23 18:00:00,2026-08-24 09:00:00,NBS,60,55,280,4,,,,,,,,,-88,100,7,4,0,0,0,0,0,,75,,48,KMDW,,4,28,5,0,,,1,3,16,2,0,3,2,57,
2026-08-23 18:00:00,2026-08-24 12:00:00,NBS,60,55,290,3,0.0,0.0,0.0,0.0,,1.0,,2.0,-88,100,20,4,0,0,0,0,0,0.0,74,0.0,80,KMDW,0.0,4,30,5,7,59.0,2.0,2,3,35,2,0,2,2,58,
2026-08-23 18:00:00,2026-08-24 15:00:00,NBS,71,56,310,1,,,,,,,,,-88,100,15,4,0,0,0,0,0,,76,,180,KMDW,,27,33,8,58,,,1,3,18,3,0,0,3,66,
2026-08-23 18:00:00,2026-08-24 18:00:00,NBS,76,55,320,6,0.0,,0.0,,,1.0,,,-88,100,35,7,0,0,0,0,0,0.0,78,0.0,160,KMDW,,56,32,9,79,,,2,3,36,2,0,0,2,72,
2026-08-23 18:00:00,2026-08-24 21:00:00,NBS,76,55,30,7,,,,,,,,,-88,100,37,8,0,0,0,0,0,,81,,170,KMDW,,51,33,7,62,,,2,3,38,2,0,0,2,69,
2026-08-23 18:00:00,2026-08-25 00:00:00,NBS,73,56,60,7,0.0,0.0,0.0,0.0,,1.0,,1.0,-88,100,38,8,0,0,0,0,0,0.0,88,0.0,110,KMDW,0.0,16,6,7,16,79.0,2.0,2,3,35,3,0,0,2,66,
2026-08-23 18:00:00,2026-08-25 03:00:00,NBS,68,56,140,4,,,,,,,,,-88,100,25,5,0,0,0,0,0,,90,,170,KMDW,,4,11,5,0,,,1,3,26,2,0,2,2,63,
2026-08-23 18:00:00,2026-08-25 06:00:00,NBS,64,56,210,3,1.0,,0.0,,,2.0,,,-88,100,26,3,0,0,0,0,0,0.0,86,0.0,110,KMDW,,4,18,5,0,,,2,3,28,1,0,7,2,60,
2026-08-23 18:00:00,2026-08-25 09:00:00,NBS,61,56,230,2,,,,,,,,,-88,80,14,2,0,0,0,0,0,,87,,150,KMDW,,3,20,5,0,,,2,3,22,1,2,12,2,59,
2026-08-23 18:00:00,2026-08-25 12:00:00,NBS,61,56,220,2,0.0,1.0,0.0,0.0,,1.0,,2.0,-88,90,31,3,0,0,0,0,0,0.0,89,0.0,140,KMDW,0.0,2,21,5,7,60.0,3.0,2,3,37,2,1,10,2,60,
2026-08-23 18:00:00,2026-08-25 15:00:00,NBS,72,57,200,3,,,,,,,,,-88,100,29,4,0,0,0,0,0,,100,,80,KMDW,,26,26,5,54,,,1,3,24,2,0,0,3,67,
2026-08-23 18:00:00,2026-08-25 18:00:00,NBS,77,58,170,4,0.0,,0.0,,,1.0,,,-88,100,71,4,0,0,0,0,0,0.0,100,0.0,160,KMDW,,50,23,5,65,,,2,3,34,3,0,0,3,72,
2026-08-23 18:00:00,2026-08-25 21:00:00,NBS,78,58,180,7,,,,,,,,,-88,100,30,7,1,0,0,0,0,,110,,100,KMDW,,52,22,7,62,,,2,3,30,3,0,0,2,71,
2026-08-23 18:00:00,2026-08-26 00:00:00,NBS,76,58,170,7,0.0,0.0,0.0,0.0,,3.0,,3.0,-88,100,40,8,1,0,0,0,0,0.0,110,0.0,60,KMDW,0.0,25,20,7,26,80.0,2.0,2,3,27,3,0,0,2,70,
2026-08-23 18:00:00,2026-08-26 03:00:00,NBS,71,59,170,7,,,,,,,,,-88,100,40,8,1,0,0,0,2,,110,,70,KMDW,,5,19,8,0,,,2,3,26,3,0,0,1,66,
2026-08-23 18:00:00,2026-08-26 06:00:00,NBS,68,58,190,8,1.0,,0.0,,,6.0,,,-88,100,50,9,2,0,0,0,2,0.0,110,0.0,100,KMDW,,5,20,8,0,,,2,3,22,3,0,0,1,64,
2026-08-23 18:00:00,2026-08-26 09:00:00,NBS,66,59,200,9,,,,,,,,,-88,100,52,10,5,0,0,0,7,,120,,150,KMDW,,5,20,9,0,,,2,2,29,3,0,0,2,63,
2026-08-23 18:00:00,2026-08-26 12:00:00,NBS,66,60,200,9,3.0,4.0,0.0,0.0,,12.0,,14.0,-88,100,49,11,6,0,0,0,9,0.0,110,0.0,80,KMDW,0.0,7,21,10,0,66.0,2.0,2,2,27,4,0,5,2,63,
2026-08-23 18:00:00,2026-08-26 15:00:00,NBS,74,62,210,11,,,,,,,,,-88,100,56,15,9,0,0,0,28,,120,,60,KMDW,,18,22,13,34,,,2,3,27,4,0,0,2,71,
2026-08-23 18:00:00,2026-08-26 18:00:00,NBS,80,66,230,12,13.0,,0.0,,,18.0,,,-88,100,37,17,9,0,0,0,16,0.0,120,0.0,80,KMDW,,36,24,15,55,,,3,3,17,4,0,0,2,78,
2026-08-24 00:00:00,2026-08-24 06:00:00,NBS,63,53,280,5,0.0,,0.0,,29.0,1.0,,,-88,100,3,6,0,0,0,0,0,0.0,77,0.0,44,KMDW,,4,30,5,0,,,1,3,5,2,0,1,2,59,29/1
2026-08-24 00:00:00,2026-08-24 09:00:00,NBS,60,54,280,5,,,,,,,,,-88,100,1,5,0,0,0,0,0,,75,,44,KMDW,,4,30,5,0,,,1,3,4,2,0,2,2,58,
2026-08-24 00:00:00,2026-08-24 12:00:00,NBS,60,54,300,4,0.0,0.0,0.0,0.0,,0.0,,1.0,-88,100,30,4,0,0,0,0,0,0.0,74,0.0,70,KMDW,0.0,4,31,5,8,59.0,2.0,2,3,32,2,0,1,2,58,
2026-08-24 00:00:00,2026-08-24 15:00:00,NBS,71,56,330,3,,,,,,,,,-88,100,44,4,0,0,0,0,0,,75,,160,KMDW,,23,33,7,60,,,1,3,35,3,0,0,3,66,
2026-08-24 00:00:00,2026-08-24 18:00:00,NBS,75,55,330,7,0.0,,0.0,,,1.0,,,-88,100,42,8,0,0,0,0,0,0.0,77,0.0,170,KMDW,,56,32,9,82,,,2,4,33,2,0,0,2,71,
2026-08-24 00:00:00,2026-08-24 21:00:00,NBS,76,55,30,7,,,,,,,,,-88,100,30,7,0,0,0,0,0,,80,,240,KMDW,,47,35,7,58,,,2,3,30,2,0,0,1,69,
2026-08-24 00:00:00,2026-08-25 00:00:00,NBS,73,55,70,7,0.0,0.0,0.0,0.0,,1.0,,1.0,-88,100,31,8,0,0,0,0,0,0.0,85,0.0,190,KMDW,0.0,18,6,7,16,78.0,2.0,2,4,29,3,0,0,2,66,
2026-08-24 00:00:00,2026-08-25 03:00:00,NBS,68,55,150,4,,,,,,,,,-88,100,21,5,0,0,0,0,0,,89,,210,KMDW,,4,14,4,0,,,2,3,31,2,0,3,2,63,
2026-08-24 00:00:00,2026-08-25 06:00:00,NBS,64,55,210,3,1.0,,0.0,,,1.0,,,-88,90,7,3,0,0,0,0,0,0.0,86,0.0,140,KMDW,,4,19,4,0,,,2,3,9,1,0,7,2,60,
2026-08-24 00:00:00,2026-08-25 09:00:00,NBS,61,55,220,3,,,,,,,,,-88,60,8,3,0,0,0,0,0,,86,,150,KMDW,,4,20,6,0,,,2,3,17,2,2,16,2,59,
2026-08-24 00:00:00,2026-08-25 12:00:00,NBS,61,55,210,2,1.0,1.0,0.0,0.0,,1.0,,1.0,-88,90,28,3,0,0,0,0,0,0.0,89,0.0,130,KMDW,0.0,3,21,5,7,60.0,3.0,2,3,42,1,2,11,2,60,
2026-08-24 00:00:00,2026-08-25 15:00:00,NBS,72,57,210,3,,,,,,,,,-88,100,38,3,0,0,0,0,0,,99,,140,KMDW,,28,25,5,56,,,1,3,38,2,0,0,2,68,
2026-08-24 00:00:00,2026-08-25 18:00:00,NBS,77,58,190,4,0.0,,0.0,,,1.0,,,-88,100,45,4,0,0,0,0,0,0.0,100,0.0,70,KMDW,,51,23,5,76,,,2,3,26,3,0,0,3,73,
2026-08-24 00:00:00,2026-08-25 21:00:00,NBS,78,57,190,6,,,,,,,,,-88,100,53,7,0,0,0,0,0,,110,,50,KMDW,,50,23,6,55,,,2,3,37,3,0,0,2,71,
2026-08-24 00:00:00,2026-08-26 00:00:00,NBS,76,57,190,7,0.0,0.0,0.0,0.0,,2.0,,2.0,-88,100,59,8,0,0,0,0,0,0.0,110,0.0,120,KMDW,0.0,29,20,7,17,80.0,2.0,2,3,24,3,0,0,2,68,
2026-08-24 00:00:00,2026-08-26 03:00:00,NBS,71,58,180,8,,,,,,,,,-88,100,47,8,1,0,0,0,1,,120,,140,KMDW,,4,19,8,0,,,2,3,30,3,0,0,1,65,
2026-08-24 00:00:00,2026-08-26 06:00:00,NBS,68,57,190,8,2.0,,0.0,,,4.0,,,-88,100,65,9,1,0,0,0,2,0.0,120,0.0,70,KMDW,,4,20,8,0,,,2,3,26,3,0,2,1,64,
2026-08-24 00:00:00,2026-08-26 09:00:00,NBS,66,58,200,8,,,,,,,,,-88,100,46,10,3,0,0,0,2,,110,,120,KMDW,,5,20,8,0,,,2,3,21,3,0,1,2,62,
2026-08-24 00:00:00,2026-08-26 12:00:00,NBS,66,59,200,9,3.0,6.0,0.0,0.0,,7.0,,8.0,-88,100,50,11,5,0,0,0,4,0.0,120,0.0,70,KMDW,0.0,5,20,9,0,66.0,2.0,2,3,27,3,0,6,2,64,
2026-08-24 00:00:00,2026-08-26 15:00:00,NBS,74,62,220,11,,,,,,,,,-88,100,58,14,6,0,0,0,12,,120,,60,KMDW,,24,23,11,24,,,2,3,28,3,0,2,2,70,
2026-08-24 00:00:00,2026-08-26 18:00:00,NBS,80,66,230,12,10.0,,0.0,,,14.0,,,-88,100,51,17,9,0,0,0,12,0.0,110,0.0,70,KMDW,,39,23,13,36,,,3,3,22,4,0,0,2,77,
2026-08-24 00:00:00,2026-08-26 21:00:00,NBS,81,66,240,13,,,,,,,,,-88,100,31,17,16,0,0,0,15,,110,,27,KMDW,,42,25,13,73,,,3,3,23,5,0,0,3,76,
2026-08-24 00:00:00,2026-08-27 00:00:00,NBS,78,66,260,10,24.0,30.0,1.0,1.0,,29.0,,29.0,-88,100,29,11,18,0,0,0,15,0.0,110,0.0,27,KMDW,0.0,25,26,10,46,83.0,2.0,2,3,23,4,1,0,3,73,
2026-08-24 06:00:00,2026-08-24 12:00:00,NBS,60,54,290,5,0.0,,0.0,,16.0,1.0,27.0,,-88,100,24,5,0,0,0,0,0,0.0,76,0.0,270,KMDW,,4,31,5,8,,,2,3,36,1,0,0,2,57,16/1
2026-08-24 06:00:00,2026-08-24 15:00:00,NBS,71,54,330,4,,,,,,,,,-88,100,26,5,0,0,0,0,0,,76,,180,KMDW,,21,33,6,60,,,1,2,32,2,0,0,2,66,
2026-08-24 06:00:00,2026-08-24 18:00:00,NBS,75,54,350,7,0.0,,0.0,,,1.0,,,-88,100,41,9,0,0,0,0,0,0.0,79,0.0,170,KMDW,,57,32,8,79,,,2,3,34,2,0,0,2,71,
2026-08-24 06:00:00,2026-08-24 21:00:00,NBS,75,54,70,7,,,,,,,,,260,100,57,7,0,0,0,0,0,,82,,240,KMDW,,43,35,7,57,,,2,3,36,2,0,0,1,68,
2026-08-24 06:00:00,2026-08-25 00:00:00,NBS,72,54,80,7,0.0,0.0,0.0,0.0,,1.0,,1.0,210,100,69,8,0,0,0,0,0,0.0,86,0.0,190,KMDW,0.0,12,8,7,14,78.0,2.0,2,3,29,2,0,0,2,66,
2026-08-24 06:00:00,2026-08-25 03:00:00,NBS,67,54,110,4,,,,,,,,,-88,100,16,4,0,0,0,0,0,,90,,150,KMDW,,4,12,5,0,,,1,3,11,2,0,1,2,62,
2026-08-24 06:00:00,2026-08-25 06:00:00,NBS,64,54,170,3,1.0,,0.0,,,1.0,,,-88,80,7,4,0,0,0,0,0,0.0,89,0.0,130,KMDW,,4,16,5,0,,,2,3,8,2,1,8,2,59,
2026-08-24 06:00:00,2026-08-25 09:00:00,NBS,61,55,200,3,,,,,,,,,-88,100,26,3,0,0,0,0,0,,86,,90,KMDW,,4,18,5,0,,,2,3,34,2,0,11,2,58,
2026-08-24 06:00:00,2026-08-25 12:00:00,NBS,60,55,220,2,1.0,1.0,0.0,0.0,,1.0,,1.0,-88,80,15,3,0,0,0,0,0,0.0,85,0.0,100,KMDW,0.0,3,20,4,6,59.0,2.0,2,3,18,1,2,12,2,58,
2026-08-24 06:00:00,2026-08-25 15:00:00,NBS,73,57,200,2,,,,,,,,,-88,100,19,3,0,0,0,0,0,,89,,160,KMDW,,23,23,4,54,,,1,3,24,2,0,0,2,68,
2026-08-24 06:00:00,2026-08-25 18:00:00,NBS,77,58,210,4,0.0,,0.0,,,1.0,,,-88,100,33,4,0,0,0,0,0,0.0,95,0.0,190,KMDW,,51,22,5,78,,,2,3,31,3,0,0,3,73,
2026-08-24 06:00:00,2026-08-25 21:00:00,NBS,78,57,210,7,,,,,,,,,-88,100,43,7,0,0,0,0,0,,110,,40,KMDW,,51,22,7,60,,,2,3,31,3,0,0,2,71,
2026-08-24 06:00:00,2026-08-26 00:00:00,NBS,76,57,190,8,0.0,0.0,0.0,0.0,,2.0,,2.0,-88,100,28,8,0,0,0,0,0,0.0,110,0.0,70,KMDW,0.0,26,20,8,17,80.0,2.0,2,3,19,2,0,0,2,69,
2026-08-24 06:00:00,2026-08-26 03:00:00,NBS,71,58,180,8,,,,,,,,,-88,100,31,8,1,0,0,0,0,,120,,48,KMDW,,5,18,8,0,,,2,3,34,3,1,1,1,65,
2026-08-24 06:00:00,2026-08-26 06:00:00,NBS,68,57,190,8,0.0,,0.0,,,3.0,,,-88,100,69,9,2,0,0,0,0,0.0,110,0.0,70,KMDW,,5,19,8,0,,,2,3,20,3,2,3,2,63,
2026-08-24 06:00:00,2026-08-26 09:00:00,NBS,66,58,200,8,,,,,,,,,-88,100,58,10,3,0,0,0,7,,120,,70,KMDW,,5,19,9,0,,,2,3,21,3,0,1,2,62,
2026-08-24 06:00:00,2026-08-26 12:00:00,NBS,66,59,210,9,3.0,5.0,0.0,0.0,,9.0,,10.0,-88,100,51,11,5,0,0,0,7,0.0,110,0.0,60,KMDW,0.0,7,22,10,1,65.0,2.0,2,3,23,3,0,6,2,64,
2026-08-24 06:00:00,2026-08-26 15:00:00,NBS,74,61,220,10,,,,,,,,,-88,100,34,14,5,0,0,0,14,,110,,90,KMDW,,18,22,12,35,,,3,3,28,3,0,0,2,70,
2026-08-24 06:00:00,2026-08-26 18:00:00,NBS,80,65,230,12,13.0,,0.0,,,11.0,,,-88,100,36,17,7,0,0,0,8,0.0,110,0.0,60,KMDW,,35,24,13,45,,,3,2,16,4,0,0,2,77,
2026-08-24 06:00:00,2026-08-26 21:00:00,NBS,81,66,250,12,,,,,,,,,-88,100,34,17,13,0,0,0,29,,110,,32,KMDW,,42,25,12,43,,,3,3,17,4,1,0,2,75,
2026-08-24 06:00:00,2026-08-27 00:00:00,NBS,78,65,270,10,24.0,36.0,1.0,1.0,,27.0,,27.0,-88,100,30,11,17,0,0,0,29,0.0,110,0.0,43,KMDW,0.0,20,27,10,36,82.0,2.0,2,3,18,3,0,2,2,73,
2026-08-24 06:00:00,2026-08-27 03:00:00,NBS,73,64,270,8,,,,,,,,,-88,100,14,9,10,0,0,0,20,,110,,-88,KMDW,,5,28,8,0,,,2,2,12,3,0,1,2,69,
2026-08-24 06:00:00,2026-08-27 06:00:00,NBS,70,63,280,7,12.0,,0.0,,,16.0,,,-88,100,18,8,5,0,0,0,1,0.0,110,0.0,-88,KMDW,,5,28,7,0,,,1,2,14,2,2,4,1,67,
2026-08-24 12:00:00,2026-08-24 18:00:00,NBS,75,55,330,7,0.0,,0.0,,4.0,1.0,,,-88,100,9,9,0,0,0,0,0,0.0,79,0.0,260,KMDW,,57,32,8,83,,,2,3,14,2,0,0,1,71,4/1
2026-08-24 12:00:00,2026-08-24 21:00:00,NBS,75,55,60,7,,,,,,,,,130,100,57,7,0,0,0,0,0,,81,,130,KMDW,,39,1,7,59,,,2,3,42,2,0,0,1,68,
2026-08-24 12:00:00,2026-08-25 00:00:00,NBS,72,55,80,7,0.0,0.0,0.0,0.0,,1.0,,1.0,-88,100,54,7,0,0,0,0,0,0.0,84,0.0,200,KMDW,0.0,12,8,7,12,78.0,1.0,2,3,38,2,0,0,1,66,
2026-08-24 12:00:00,2026-08-25 03:00:00,NBS,68,55,90,4,,,,,,,,,-88,100,43,4,0,0,0,0,0,,89,,190,KMDW,,4,10,4,0,,,1,3,36,1,0,0,2,62,
2026-08-24 12:00:00,2026-08-25 06:00:00,NBS,64,55,170,3,1.0,,0.0,,,1.0,,,-88,100,15,3,0,0,0,0,0,0.0,90,0.0,160,KMDW,,4,16,4,0,,,2,3,18,2,0,4,2,61,
2026-08-24 12:00:00,2026-08-25 09:00:00,NBS,62,55,200,3,,,,,,,,,-88,100,17,3,0,0,0,0,0,,88,,150,KMDW,,4,19,4,0,,,2,3,36,1,0,5,2,59,
2026-08-24 12:00:00,2026-08-25 12:00:00,NBS,61,56,200,0,1.0,1.0,0.0,0.0,,1.0,,1.0,-88,100,17,3,0,0,0,0,0,0.0,88,0.0,110,KMDW,0.0,3,20,4,6,60.0,2.0,2,3,32,1,1,5,2,59,
2026-08-24 12:00:00,2026-08-25 15:00:00,NBS,73,57,200,1,,,,,,,,,-88,100,16,3,0,0,0,0,0,,91,,180,KMDW,,23,23,4,56,,,1,3,26,2,0,0,2,68,
2026-08-24 12:00:00,2026-08-25 18:00:00,NBS,78,59,200,4,0.0,,0.0,,,1.0,,,-88,100,32,4,0,0,0,0,0,0.0,93,0.0,130,KMDW,,51,20,4,78,,,2,2,29,2,0,0,3,73,
2026-08-24 12:00:00,2026-08-25 21:00:00,NBS,79,59,210,7,,,,,,,,,-88,100,38,7,0,0,0,0,0,,110,,220,KMDW,,50,21,7,58,,,2,2,37,2,0,0,2,71,
2026-08-24 12:00:00,2026-08-26 00:00:00,NBS,76,58,200,7,1.0,0.0,0.0,0.0,,0.0,,1.0,-88,100,37,8,0,0,0,0,0,0.0,110,0.0,210,KMDW,0.0,24,20,7,15,80.0,2.0,2,2,27,2,0,0,1,69,
2026-08-24 12:00:00,2026-08-26 03:00:00,NBS,71,59,180,7,,,,,,,,,-88,100,42,8,1,0,0,0,0,,120,,100,KMDW,,5,19,7,0,,,2,2,40,2,0,0,1,66,
2026-08-24 12:00:00,2026-08-26 06:00:00,NBS,69,58,190,8,0.0,,0.0,,,2.0,,,-88,100,54,8,1,0,0,0,1,0.0,110,0.0,90,KMDW,,5,20,8,0,,,2,2,39,2,0,2,1,64,
2026-08-24 12:00:00,2026-08-26 09:00:00,NBS,67,59,200,8,,,,,,,,,-88,100,36,10,4,0,0,0,2,,110,,60,KMDW,,5,20,9,0,,,2,2,28,3,0,0,2,64,
2026-08-24 12:00:00,2026-08-26 12:00:00,NBS,68,60,210,9,6.0,7.0,0.0,0.0,,8.0,,9.0,-88,100,28,11,5,0,0,0,2,0.0,120,0.0,60,KMDW,0.0,6,22,10,3,66.0,2.0,2,2,23,3,0,6,2,65,
2026-08-24 12:00:00,2026-08-26 15:00:00,NBS,75,63,220,11,,,,,,,,,-88,100,43,14,5,0,0,0,11,,110,,60,KMDW,,22,24,15,44,,,3,3,32,3,0,2,2,71,
2026-08-24 12:00:00,2026-08-26 18:00:00,NBS,81,66,230,12,8.0,,0.0,,,14.0,,,-88,100,46,17,8,0,0,0,20,0.0,110,0.0,48,KMDW,,40,24,17,44,,,4,2,27,4,0,0,2,78,
2026-08-24 12:00:00,2026-08-26 21:00:00,NBS,81,66,240,12,,,,,,,,,-88,100,38,16,16,0,0,0,57,,110,,33,KMDW,,40,25,15,72,,,3,3,27,4,1,0,2,75,
2026-08-24 12:00:00,2026-08-27 00:00:00,NBS,78,65,260,10,37.0,44.0,0.0,0.0,,33.0,,33.0,-88,100,39,11,19,0,0,0,58,0.0,110,0.0,35,KMDW,0.0,19,27,10,49,83.0,3.0,3,3,28,4,0,1,2,73,
2026-08-24 12:00:00,2026-08-27 03:00:00,NBS,73,65,260,8,,,,,,,,,-88,100,19,8,11,0,0,0,3,,110,,35,KMDW,,5,28,8,0,,,2,3,17,3,2,1,2,70,
2026-08-24 12:00:00,2026-08-27 06:00:00,NBS,71,64,280,7,8.0,,0.0,,,19.0,,,-88,100,18,7,4,0,0,0,3,0.0,100,0.0,35,KMDW,,5,30,7,0,,,1,2,14,2,2,3,1,68,
2026-08-24 12:00:00,2026-08-27 09:00:00,NBS,68,63,290,6,,,,,,,,,-88,100,11,7,2,0,0,0,1,,100,,60,KMDW,,5,31,7,0,,,1,2,12,2,4,6,1,66,
2026-08-24 12:00:00,2026-08-27 12:00:00,NBS,68,63,310,6,1.0,8.0,0.0,0.0,,4.0,,19.0,-88,100,9,7,2,0,0,0,1,0.0,100,0.0,43,KMDW,0.0,5,32,6,0,67.0,2.0,1,2,10,2,4,7,2,65,
2026-08-24 18:00:00,2026-08-25 00:00:00,NBS,72,54,80,7,0.0,,0.0,,7.0,1.0,15.0,,-88,100,52,7,0,0,0,0,0,0.0,84,0.0,190,KMDW,,13,8,7,12,,,1,3,39,2,0,0,1,66,7/1
2026-08-24 18:00:00,2026-08-25 03:00:00,NBS,68,54,90,4,,,,,,,,,-88,100,50,4,0,0,0,0,0,,88,,170,KMDW,,4,10,5,0,,,1,3,32,1,0,1,2,62,
2026-08-24 18:00:00,2026-08-25 06:00:00,NBS,64,55,160,3,0.0,,0.0,,,1.0,,,-88,100,15,3,0,0,0,0,0,0.0,90,0.0,180,KMDW,,4,15,5,0,,,2,3,17,2,0,6,2,60,
2026-08-24 18:00:00,2026-08-25 09:00:00,NBS,61,55,180,1,,,,,,,,,-88,70,6,3,0,0,0,0,0,,84,,90,KMDW,,4,19,4,0,,,2,2,15,1,4,15,2,58,
2026-08-24 18:00:00,2026-08-25 12:00:00,NBS,61,55,180,0,0.0,0.0,0.0,0.0,,1.0,,1.0,-88,100,10,3,0,0,0,0,0,0.0,88,0.0,80,KMDW,0.0,4,19,4,6,60.0,3.0,2,2,16,1,3,7,2,59,
2026-08-24 18:00:00,2026-08-25 15:00:00,NBS,73,57,200,0,,,,,,,,,-88,100,21,3,0,0,0,0,0,,92,,130,KMDW,,18,22,5,54,,,1,3,25,1,0,0,2,68,
2026-08-24 18:00:00,2026-08-25 18:00:00,NBS,78,58,200,3,1.0,,0.0,,,1.0,,,130,100,60,4,0,0,0,0,0,0.0,95,0.0,130,KMDW,,49,22,5,77,,,2,2,29,2,0,0,3,73,
2026-08-24 18:00:00,2026-08-25 21:00:00,NBS,79,59,220,6,,,,,,,,,-88,100,51,7,0,0,0,0,0,,110,,90,KMDW,,50,23,7,50,,,2,2,34,2,0,0,2,72,
2026-08-24 18:00:00,2026-08-26 00:00:00,NBS,76,58,210,7,1.0,1.0,0.0,0.0,,2.0,,2.0,-88,100,33,8,0,0,0,0,0,0.0,120,0.0,130,KMDW,0.0,22,21,7,15,80.0,2.0,2,3,37,2,0,0,1,69,
2026-08-24 18:00:00,2026-08-26 03:00:00,NBS,71,59,190,7,,,,,,,,,-88,100,46,8,0,0,0,0,0,,120,,90,KMDW,,4,19,7,0,,,2,3,38,2,0,1,1,66,
2026-08-24 18:00:00,2026-08-26 06:00:00,NBS,69,58,200,8,2.0,,0.0,,,4.0,,,-88,100,51,9,2,0,0,0,0,0.0,120,0.0,70,KMDW,,5,19,9,0,,,2,3,33,2,0,0,1,64,
2026-08-24 18:00:00,2026-08-26 09:00:00,NBS,67,60,200,9,,,,,,,,,-88,100,48,10,3,0,0,0,5,,110,,46,KMDW,,6,19,9,0,,,2,2,34,3,0,2,2,63,
2026-08-24 18:00:00,2026-08-26 12:00:00,NBS,67,61,200,9,3.0,3.0,0.0,0.0,,8.0,,9.0,-88,100,36,11,5,0,0,0,5,0.0,110,0.0,33,KMDW,0.0,7,21,11,4,66.0,2.0,2,2,32,3,0,7,2,65,
2026-08-24 18:00:00,2026-08-26 15:00:00,NBS,75,63,220,11,,,,,,,,,-88,100,44,15,5,0,0,0,17,,110,,33,KMDW,,18,23,14,46,,,3,3,28,4,0,0,2,71,
2026-08-24 18:00:00,2026-08-26 18:00:00,NBS,81,67,230,12,7.0,,0.0,,,13.0,,,-88,100,35,17,9,0,0,0,20,0.0,110,0.0,80,KMDW,,40,25,17,52,,,3,2,31,4,0,0,2,79,
2026-08-24 18:00:00,2026-08-26 21:00:00,NBS,82,66,250,12,,,,,,,,,41,100,32,17,17,0,0,0,18,,110,,24,KMDW,,45,26,14,46,,,3,3,20,4,1,0,3,76,
2026-08-24 18:00:00,2026-08-27 00:00:00,NBS,78,64,270,10,51.0,58.0,8.0,8.0,,34.0,,34.0,-88,100,33,11,21,0,0,0,18,0.0,110,0.0,130,KMDW,3.0,21,28,10,24,83.0,2.0,2,3,25,3,0,1,2,72,
2026-08-24 18:00:00,2026-08-27 03:00:00,NBS,74,64,270,7,,,,,,,,,-88,100,15,8,10,0,0,0,1,,110,,50,KMDW,,5,30,7,0,,,2,3,14,2,2,0,2,69,
2026-08-24 18:00:00,2026-08-27 06:00:00,NBS,71,63,280,7,14.0,,1.0,,,15.0,,,-88,100,19,7,4,0,0,0,1,0.0,100,0.0,60,KMDW,,5,30,7,0,,,1,2,19,2,2,4,1,68,
2026-08-24 18:00:00,2026-08-27 09:00:00,NBS,68,62,290,6,,,,,,,,,-88,100,6,7,2,0,0,0,0,,100,,60,KMDW,,5,30,7,0,,,1,2,7,2,3,4,1,65,
2026-08-24 18:00:00,2026-08-27 12:00:00,NBS,67,62,320,6,1.0,13.0,0.0,1.0,,4.0,,15.0,-88,100,3,7,2,0,0,0,0,0.0,100,0.0,240,KMDW,0.0,5,34,6,0,67.0,2.0,1,2,4,2,4,6,1,65,
2026-08-24 18:00:00,2026-08-27 15:00:00,NBS,75,63,350,6,,,,,,,,,-88,100,18,7,2,0,0,0,0,,98,,44,KMDW,,29,34,7,35,,,1,2,17,3,4,0,2,71,
2026-08-24 18:00:00,2026-08-27 18:00:00,NBS,79,62,0,7,0.0,,0.0,,,7.0,,,-88,100,40,8,5,0,0,0,15,0.0,97,0.0,36,KMDW,,53,35,8,56,,,2,2,24,3,2,0,2,76,
2026-08-25 00:00:00,2026-08-25 06:00:00,NBS,65,55,190,3,0.0,,0.0,,21.0,1.0,,,-88,100,4,3,0,0,0,0,0,0.0,92,0.0,170,KMDW,,4,14,4,0,,,1,3,5,2,0,8,2,60,21/1
2026-08-25 00:00:00,2026-08-25 09:00:00,NBS,62,55,200,2,,,,,,,,,-88,70,12,3,0,0,0,0,0,,88,,140,KMDW,,4,19,4,0,,,2,2,24,1,5,15,2,59,
2026-08-25 00:00:00,2026-08-25 12:00:00,NBS,61,56,200,0,0.0,0.0,0.0,0.0,,1.0,,1.0,-88,80,20,3,0,0,0,0,0,0.0,87,0.0,130,KMDW,0.0,3,19,3,7,60.0,2.0,2,3,29,1,5,12,2,59,
2026-08-25 00:00:00,2026-08-25 15:00:00,NBS,73,55,200,0,,,,,,,,,-88,100,47,3,0,0,0,0,0,,87,,110,KMDW,,23,20,4,57,,,1,3,31,1,0,0,2,67,
2026-08-25 00:00:00,2026-08-25 18:00:00,NBS,78,58,190,4,0.0,,0.0,,,1.0,,,130,100,59,4,0,0,0,0,0,0.0,94,0.0,130,KMDW,,50,21,4,78,,,1,2,28,2,0,0,3,73,
2026-08-25 00:00:00,2026-08-25 21:00:00,NBS,79,57,220,7,,,,,,,,,-88,100,25,7,0,0,0,0,0,,110,,160,KMDW,,49,21,7,57,,,2,2,19,3,0,0,2,71,
2026-08-25 00:00:00,2026-08-26 00:00:00,NBS,77,58,210,7,1.0,0.0,0.0,0.0,,2.0,,2.0,-88,100,55,8,0,0,0,0,0,0.0,120,0.0,120,KMDW,0.0,25,20,7,17,81.0,1.0,2,3,38,2,0,0,1,70,
2026-08-25 00:00:00,2026-08-26 03:00:00,NBS,72,59,190,7,,,,,,,,,160,100,59,8,0,0,0,0,0,,120,,120,KMDW,,4,19,7,0,,,1,2,34,2,0,1,1,66,
2026-08-25 00:00:00,2026-08-26 06:00:00,NBS,69,59,190,8,1.0,,0.0,,,4.0,,,-88,100,56,9,1,0,0,0,0,0.0,120,0.0,70,KMDW,,4,19,8,0,,,2,2,36,2,0,0,1,64,
2026-08-25 00:00:00,2026-08-26 09:00:00,NBS,67,60,200,8,,,,,,,,,-88,100,55,10,3,0,0,0,4,,110,,60,KMDW,,5,19,11,0,,,2,2,32,2,0,0,1,64,
2026-08-25 00:00:00,2026-08-26 12:00:00,NBS,67,61,210,9,7.0,6.0,0.0,0.0,,9.0,,10.0,-88,100,39,11,6,0,0,0,8,0.0,110,0.0,42,KMDW,2.0,6,21,12,2,66.0,2.0,2,2,32,3,0,0,1,65,
2026-08-25 00:00:00,2026-08-26 15:00:00,NBS,75,62,230,11,,,,,,,,,-88,100,30,15,6,0,0,0,12,,110,,29,KMDW,,22,23,17,52,,,2,3,24,3,0,0,2,71,
2026-08-25 00:00:00,2026-08-26 18:00:00,NBS,82,67,240,12,13.0,,0.0,,,12.0,,,-88,100,39,17,8,0,0,0,22,0.0,110,0.0,29,KMDW,,40,25,18,70,,,3,2,35,4,0,0,2,79,
2026-08-25 00:00:00,2026-08-26 21:00:00,NBS,82,65,270,12,,,,,,,,,-88,100,43,16,14,0,0,0,24,,110,,14,KMDW,,55,27,17,59,,,3,4,34,4,1,0,2,76,
2026-08-25 00:00:00,2026-08-27 00:00:00,NBS,78,64,290,9,48.0,56.0,1.0,1.0,,27.0,,27.0,-88,100,27,10,17,0,0,0,24,0.0,110,0.0,37,KMDW,0.0,25,28,11,17,84.0,2.0,2,3,25,3,2,1,2,73,
2026-08-25 00:00:00,2026-08-27 03:00:00,NBS,74,64,280,7,,,,,,,,,-88,100,16,8,10,0,0,0,7,,100,,29,KMDW,,9,31,8,0,,,1,2,16,3,2,1,2,69,
2026-08-25 00:00:00,2026-08-27 06:00:00,NBS,71,63,280,7,11.0,,1.0,,,16.0,,,-88,100,10,7,4,0,0,0,0,0.0,100,0.0,41,KMDW,,7,31,8,0,,,1,2,9,2,2,6,1,68,
2026-08-25 00:00:00,2026-08-27 09:00:00,NBS,68,63,300,6,,,,,,,,,-88,100,5,7,2,0,0,0,0,,100,,70,KMDW,,4,33,6,0,,,1,2,7,2,3,5,1,65,
2026-08-25 00:00:00,2026-08-27 12:00:00,NBS,68,62,320,6,1.0,11.0,0.0,1.0,,5.0,,16.0,-88,100,6,7,2,0,0,0,0,0.0,100,0.0,-88,KMDW,0.0,5,34,6,0,67.0,1.0,1,2,6,2,4,6,2,65,
2026-08-25 00:00:00,2026-08-27 15:00:00,NBS,75,61,360,6,,,,,,,,,-88,100,22,7,3,0,0,0,0,,97,,-88,KMDW,,28,35,8,35,,,1,2,20,3,4,0,3,70,
2026-08-25 00:00:00,2026-08-27 18:00:00,NBS,79,62,10,7,0.0,,0.0,,,7.0,,,-88,100,36,8,5,0,0,0,20,0.0,96,0.0,60,KMDW,,55,36,9,56,,,2,2,19,3,2,0,3,75,
2026-08-25 00:00:00,2026-08-27 21:00:00,NBS,79,61,30,8,,,,,,,,,-88,100,34,8,10,0,0,0,20,,96,,50,KMDW,,35,2,9,58,,,2,2,19,3,0,0,2,72,
2026-08-25 00:00:00,2026-08-28 00:00:00,NBS,76,61,40,7,7.0,8.0,0.0,0.0,,21.0,,21.0,-88,100,21,7,10,0,0,0,2,0.0,94,0.0,60,KMDW,0.0,18,4,7,34,81.0,2.0,2,3,14,3,0,0,2,70,
2026-08-25 06:00:00,2026-08-25 12:00:00,NBS,61,56,190,0,0.0,,0.0,,7.0,1.0,16.0,,-88,100,21,2,0,0,0,0,0,0.0,86,0.0,130,KMDW,,3,20,4,7,,,2,2,31,1,3,8,2,59,7/1
2026-08-25 06:00:00,2026-08-25 15:00:00,NBS,73,54,190,0,,,,,,,,,-88,100,40,3,0,0,0,0,0,,87,,110,KMDW,,24,20,3,58,,,1,3,32,1,1,0,2,66,
2026-08-25 06:00:00,2026-08-25 18:00:00,NBS,78,58,190,0,0.0,,0.0,,,1.0,,,-88,100,35,3,0,0,0,0,0,0.0,96,0.0,200,KMDW,,50,21,4,79,,,2,2,24,2,0,0,3,73,
2026-08-25 06:00:00,2026-08-25 21:00:00,NBS,79,57,210,6,,,,,,,,,-88,100,18,7,0,0,0,0,0,,110,,260,KMDW,,52,21,6,62,,,2,2,28,2,0,0,2,71,
2026-08-25 06:00:00,2026-08-26 00:00:00,NBS,77,58,200,7,0.0,0.0,0.0,0.0,,2.0,,2.0,-88,100,22,8,0,0,0,0,0,0.0,120,0.0,140,KMDW,0.0,22,20,7,15,80.0,2.0,2,3,23,2,0,0,1,70,
2026-08-25 06:00:00,2026-08-26 03:00:00,NBS,71,59,170,7,,,,,,,,,-88,100,31,7,0,0,0,0,0,,120,,80,KMDW,,4,18,7,0,,,2,3,35,2,0,0,1,66,
2026-08-25 06:00:00,2026-08-26 06:00:00,NBS,69,59,190,7,2.0,,0.0,,,4.0,,,-88,100,49,8,1,0,0,0,0,0.0,120,0.0,70,KMDW,,5,19,8,0,,,2,3,36,2,0,0,1,64,
2026-08-25 06:00:00,2026-08-26 09:00:00,NBS,67,60,200,8,,,,,,,,,130,100,62,10,5,0,0,0,28,,110,,41,KMDW,,5,19,10,0,,,2,2,26,2,0,0,1,64,
2026-08-25 06:00:00,2026-08-26 12:00:00,NBS,67,61,200,9,18.0,13.0,0.0,0.0,,13.0,,13.0,130,100,58,11,7,0,0,0,20,0.0,110,0.0,40,KMDW,4.0,7,21,9,2,66.0,2.0,2,2,33,3,0,0,1,64,
2026-08-25 06:00:00,2026-08-26 15:00:00,NBS,75,62,220,11,,,,,,,,,-88,100,42,15,5,0,0,0,9,,110,,35,KMDW,,16,23,14,48,,,2,3,34,4,0,0,2,71,
2026-08-25 06:00:00,2026-08-26 18:00:00,NBS,81,67,240,12,15.0,,0.0,,,12.0,,,-88,100,46,16,8,0,0,0,14,0.0,110,0.0,41,KMDW,,38,26,16,46,,,3,2,40,4,0,0,2,79,
2026-08-25 06:00:00,2026-08-26 21:00:00,NBS,82,65,260,12,,,,,,,,,48,100,53,16,19,0,0,0,12,,110,,33,KMDW,,41,27,14,44,,,2,3,32,4,1,0,2,75,
2026-08-25 06:00:00,2026-08-27 00:00:00,NBS,79,64,280,10,28.0,41.0,0.0,0.0,,33.0,,33.0,-88,100,27,11,21,0,0,0,12,0.0,110,0.0,33,KMDW,0.0,20,29,10,8,83.0,2.0,2,3,22,3,0,0,2,73,
2026-08-25 06:00:00,2026-08-27 03:00:00,NBS,74,64,300,7,,,,,,,,,-88,100,39,8,13,0,0,0,11,,100,,16,KMDW,,7,31,7,0,,,2,2,27,3,3,2,2,69,
2026-08-25 06:00:00,2026-08-27 06:00:00,NBS,71,63,290,7,6.0,,0.0,,,20.0,,,-88,100,5,7,6,0,0,0,0,0.0,100,0.0,27,KMDW,,5,30,7,0,,,1,2,8,2,5,7,1,67,
2026-08-25 06:00:00,2026-08-27 09:00:00,NBS,68,63,300,6,,,,,,,,,-88,90,7,7,3,0,0,0,0,,99,,41,KMDW,,6,32,7,0,,,1,1,11,2,3,10,1,66,
2026-08-25 06:00:00,2026-08-27 12:00:00,NBS,68,62,320,6,0.0,7.0,0.0,0.0,,6.0,,20.0,-88,90,8,7,2,0,0,0,0,0.0,99,0.0,39,KMDW,0.0,8,33,7,2,67.0,1.0,1,1,14,2,5,10,2,65,
2026-08-25 06:00:00,2026-08-27 15:00:00,NBS,75,61,350,6,,,,,,,,,-88,100,15,7,3,0,0,0,0,,97,,70,KMDW,,28,35,8,35,,,1,2,15,3,3,0,2,71,
2026-08-25 06:00:00,2026-08-27 18:00:00,NBS,79,62,10,8,1.0,,0.0,,,7.0,,,-88,100,33,9,5,0,0,0,2,0.0,96,0.0,45,KMDW,,50,35,8,56,,,2,2,17,3,2,0,2,76,
2026-08-25 06:00:00,2026-08-27 21:00:00,NBS,78,61,30,8,,,,,,,,,-88,100,33,9,8,0,0,0,3,,97,,44,KMDW,,41,1,9,72,,,2,2,14,3,0,0,2,72,
2026-08-25 06:00:00,2026-08-28 00:00:00,NBS,75,60,30,8,7.0,10.0,0.0,0.0,,16.0,,16.0,-88,100,22,8,6,0,0,0,3,0.0,96,0.0,50,KMDW,0.0,17,3,8,46,80.0,1.0,1,3,11,3,0,0,2,70,
2026-08-25 06:00:00,2026-08-28 03:00:00,NBS,72,61,40,4,,,,,,,,,-88,100,13,4,3,0,0,0,0,,93,,36,KMDW,,6,3,6,0,,,1,2,8,3,0,1,3,66,
2026-08-25 06:00:00,2026-08-28 06:00:00,NBS,69,61,20,2,3.0,,0.0,,,7.0,,,-88,100,11,2,1,0,0,0,0,0.0,92,0.0,48,KMDW,,4,2,5,0,,,1,2,7,3,2,2,3,65,
2026-08-25 12:00:00,2026-08-25 18:00:00,NBS,78,59,190,2,0.0,,0.0,,3.0,1.0,,,-88,100,36,3,0,0,0,0,0,0.0,97,0.0,150,KMDW,,48,21,5,81,,,1,2,35,2,0,0,3,74,3/1
2026-08-25 12:00:00,2026-08-25 21:00:00,NBS,79,59,210,7,,,,,,,,,-88,100,36,7,0,0,0,0,0,,100,,160,KMDW,,51,22,7,62,,,1,2,38,2,0,0,1,72,
2026-08-25 12:00:00,2026-08-26 00:00:00,NBS,77,59,210,7,0.0,0.0,0.0,0.0,,2.0,,2.0,-88,100,25,8,0,0,0,0,0,0.0,120,0.0,110,KMDW,0.0,21,20,7,13,81.0,1.0,1,3,25,2,0,0,1,70,
2026-08-25 12:00:00,2026-08-26 03:00:00,NBS,72,60,180,6,,,,,,,,,-88,100,46,7,0,0,0,0,0,,120,,140,KMDW,,4,18,6,0,,,1,3,36,2,0,0,1,66,
2026-08-25 12:00:00,2026-08-26 06:00:00,NBS,69,59,190,7,2.0,,0.0,,,7.0,,,130,100,63,9,3,0,0,0,0,0.0,120,0.0,70,KMDW,,4,19,9,0,,,1,2,28,2,0,0,1,65,
2026-08-25 12:00:00,2026-08-26 09:00:00,NBS,68,61,190,8,,,,,,,,,-88,100,54,10,6,0,0,0,29,,110,,39,KMDW,,5,19,10,0,,,2,2,29,2,0,0,1,64,
2026-08-25 12:00:00,2026-08-26 12:00:00,NBS,68,62,190,9,25.0,25.0,2.0,2.0,,18.0,,18.0,-88,100,53,11,11,0,0,0,22,0.0,110,0.0,110,KMDW,5.0,6,20,11,3,66.0,2.0,2,2,35,3,0,0,2,65,
2026-08-25 12:00:00,2026-08-26 15:00:00,NBS,75,64,220,11,,,,,,,,,-88,100,33,15,9,0,0,0,12,,110,,70,KMDW,,15,23,15,54,,,2,2,37,4,0,0,2,72,
2026-08-25 12:00:00,2026-08-26 18:00:00,NBS,81,68,250,11,18.0,,0.0,,,19.0,,,-88,100,38,16,9,0,0,0,20,0.0,110,0.0,42,KMDW,,38,26,17,59,,,3,2,39,4,0,0,2,79,
2026-08-25 12:00:00,2026-08-26 21:00:00,NBS,82,67,260,12,,,,,,,,,-88,100,31,16,18,0,0,0,15,,110,,38,KMDW,,45,27,16,56,,,3,3,35,4,0,0,2,77,
2026-08-25 12:00:00,2026-08-27 00:00:00,NBS,79,65,280,10,23.0,32.0,0.0,0.0,,31.0,,32.0,-88,100,33,11,16,0,0,0,15,0.0,110,0.0,60,KMDW,1.0,15,29,10,13,83.0,2.0,2,3,25,4,0,0,2,73,
2026-08-25 12:00:00,2026-08-27 03:00:00,NBS,74,65,290,7,,,,,,,,,-88,100,37,8,5,0,0,0,10,,100,,23,KMDW,,5,31,7,0,,,1,2,36,3,3,0,2,69,
2026-08-25 12:00:00,2026-08-27 06:00:00,NBS,71,64,290,7,4.0,,0.0,,,8.0,,,-88,100,7,7,2,0,0,0,0,0.0,100,0.0,27,KMDW,,5,30,7,0,,,1,2,11,2,3,5,1,67,
2026-08-25 12:00:00,2026-08-27 09:00:00,NBS,68,63,310,6,,,,,,,,,-88,100,1,7,1,0,0,0,0,,100,,20,KMDW,,5,32,8,0,,,1,1,1,2,2,6,1,66,
2026-08-25 12:00:00,2026-08-27 12:00:00,NBS,68,63,320,6,0.0,4.0,0.0,0.0,,3.0,,8.0,-88,100,2,7,1,0,0,0,0,0.0,99,0.0,47,KMDW,0.0,6,34,6,5,67.0,1.0,1,1,4,2,5,8,1,66,
2026-08-25 12:00:00,2026-08-27 15:00:00,NBS,76,63,340,6,,,,,,,,,-88,100,14,7,2,0,0,0,7,,97,,39,KMDW,,31,34,7,48,,,1,2,15,3,4,0,2,72,
2026-08-25 12:00:00,2026-08-27 18:00:00,NBS,79,63,0,8,1.0,,0.0,,,6.0,,,-88,100,33,9,4,0,0,0,15,0.0,94,0.0,39,KMDW,,60,33,8,58,,,2,1,23,4,2,0,2,77,
2026-08-25 12:00:00,2026-08-27 21:00:00,NBS,78,62,30,9,,,,,,,,,-88,100,30,10,7,0,0,0,12,,95,,50,KMDW,,54,34,9,70,,,2,2,16,4,0,0,3,73,
2026-08-25 12:00:00,2026-08-28 00:00:00,NBS,75,61,50,8,7.0,10.0,0.0,0.0,,15.0,,15.0,-88,100,23,9,6,0,0,0,12,0.0,92,0.0,50,KMDW,0.0,16,4,8,44,81.0,1.0,2,2,25,3,0,0,2,70,
2026-08-25 12:00:00,2026-08-28 03:00:00,NBS,72,62,50,4,,,,,,,,,-88,100,18,5,3,0,0,0,0,,92,,36,KMDW,,6,2,4,0,,,2,2,23,3,0,0,3,67,
2026-08-25 12:00:00,2026-08-28 06:00:00,NBS,69,61,40,3,2.0,,0.0,,,6.0,,,-88,100,11,3,2,0,0,0,0,0.0,91,0.0,44,KMDW,,6,4,4,0,,,2,2,7,3,0,3,3,66,
2026-08-25 12:00:00,2026-08-28 09:00:00,NBS,67,62,10,4,,,,,,,,,-88,100,7,4,1,0,0,0,0,,91,,60,KMDW,,4,35,4,0,,,2,2,6,3,2,7,3,64,
2026-08-25 12:00:00,2026-08-28 12:00:00,NBS,66,61,20,4,0.0,1.0,0.0,0.0,,3.0,,6.0,-88,90,11,5,1,0,0,0,0,0.0,91,0.0,45,KMDW,0.0,4,36,5,0,66.0,2.0,1,2,10,3,2,10,3,64,
2026-08-25 18:00:00,2026-08-26 00:00:00,NBS,77,59,200,7,0.0,,0.0,,2.0,2.0,7.0,,160,100,70,8,0,0,0,0,0,0.0,110,0.0,160,KMDW,,18,21,7,13,,,1,2,29,2,0,0,1,69,2/2
2026-08-25 18:00:00,2026-08-26 03:00:00,NBS,72,60,170,7,,,,,,,,,-88,100,37,7,0,0,0,0,0,,120,,110,KMDW,,4,18,7,0,,,1,2,32,2,0,0,1,66,
2026-08-25 18:00:00,2026-08-26 06:00:00,NBS,69,60,180,8,3.0,,0.0,,,5.0,,,-88,100,47,9,2,0,0,0,0,0.0,120,0.0,150,KMDW,,4,18,8,0,,,2,2,34,2,0,0,1,64,
2026-08-25 18:00:00,2026-08-26 09:00:00,NBS,67,61,200,9,,,,,,,,,130,100,63,11,7,0,0,0,15,,110,,50,KMDW,,5,20,10,0,,,2,2,32,3,0,0,2,64,
2026-08-25 18:00:00,2026-08-26 12:00:00,NBS,67,62,200,10,20.0,26.0,0.0,0.0,,18.0,,18.0,-88,100,32,13,11,0,0,0,4,0.0,110,0.0,45,KMDW,2.0,6,21,11,5,66.0,2.0,2,2,32,3,0,0,2,65,
2026-08-25 18:00:00,2026-08-26 15:00:00,NBS,75,64,230,11,,,,,,,,,-88,100,28,16,8,0,0,0,12,,110,,43,KMDW,,17,24,14,46,,,2,2,19,4,0,0,2,71,
2026-08-25 18:00:00,2026-08-26 18:00:00,NBS,81,68,250,12,18.0,,0.0,,,20.0,,,-88,100,52,17,11,0,0,0,20,0.0,110,0.0,40,KMDW,,38,26,15,62,,,3,2,32,4,0,0,2,78,
2026-08-25 18:00:00,2026-08-26 21:00:00,NBS,82,66,270,12,,,,,,,,,-88,100,20,17,17,0,0,0,16,,110,,60,KMDW,,51,27,15,57,,,3,3,25,4,0,0,2,76,
2026-08-25 18:00:00,2026-08-27 00:00:00,NBS,79,65,290,9,23.0,39.0,0.0,0.0,,31.0,,31.0,-88,100,12,10,13,0,0,0,15,0.0,110,0.0,47,KMDW,2.0,23,29,11,16,84.0,2.0,2,3,11,4,0,0,2,73,
2026-08-25 18:00:00,2026-08-27 03:00:00,NBS,74,64,310,7,,,,,,,,,-88,100,14,8,4,0,0,0,0,,100,,40,KMDW,,5,31,8,0,,,1,2,13,3,0,0,2,70,
2026-08-25 18:00:00,2026-08-27 06:00:00,NBS,71,64,300,7,3.0,,0.0,,,8.0,,,-88,100,14,7,2,0,0,0,0,0.0,100,0.0,44,KMDW,,5,33,7,0,,,1,2,11,2,1,1,2,67,
2026-08-25 18:00:00,2026-08-27 09:00:00,NBS,68,63,300,6,,,,,,,,,-88,100,7,6,1,0,0,0,0,,100,,25,KMDW,,4,32,6,0,,,1,1,12,2,3,8,1,66,
2026-08-25 18:00:00,2026-08-27 12:00:00,NBS,67,63,320,6,0.0,3.0,0.0,0.0,,3.0,,8.0,-88,100,8,6,1,0,0,0,0,0.0,98,0.0,16,KMDW,0.0,5,33,6,4,67.0,1.0,1,1,14,2,4,8,1,66,
2026-08-25 18:00:00,2026-08-27 15:00:00,NBS,75,63,350,6,,,,,,,,,-88,100,18,7,2,0,0,0,0,,95,,23,KMDW,,31,34,7,40,,,1,2,32,3,2,0,2,71,
2026-08-25 18:00:00,2026-08-27 18:00:00,NBS,79,63,360,8,0.0,,0.0,,,5.0,,,-88,100,44,9,3,0,0,0,1,0.0,93,0.0,43,KMDW,,52,34,8,53,,,2,1,26,3,1,0,2,76,
2026-08-25 18:00:00,2026-08-27 21:00:00,NBS,78,62,40,8,,,,,,,,,-88,100,32,10,7,0,0,0,1,,90,,40,KMDW,,49,36,8,44,,,2,2,22,4,0,0,3,73,
2026-08-25 18:00:00,2026-08-28 00:00:00,NBS,76,61,40,8,5.0,3.0,0.0,0.0,,16.0,,16.0,-88,100,32,8,8,0,0,0,1,0.0,87,0.0,34,KMDW,0.0,16,3,8,20,81.0,1.0,2,2,24,3,0,0,2,70,
2026-08-25 18:00:00,2026-08-28 03:00:00,NBS,72,62,50,4,,,,,,,,,-88,100,11,4,3,0,0,0,0,,91,,50,KMDW,,6,5,5,0,,,1,2,8,2,0,1,3,67,
2026-08-25 18:00:00,2026-08-28 06:00:00,NBS,68,61,20,1,3.0,,0.0,,,7.0,,,-88,100,7,2,1,0,0,0,0,0.0,92,0.0,36,KMDW,,4,36,5,0,,,1,2,7,2,1,4,3,65,
2026-08-25 18:00:00,2026-08-28 09:00:00,NBS,66,62,10,4,,,,,,,,,-88,100,3,4,1,0,0,0,1,,91,,60,KMDW,,4,1,6,0,,,1,2,4,2,2,6,3,64,
2026-08-25 18:00:00,2026-08-28 12:00:00,NBS,66,62,10,5,0.0,3.0,0.0,0.0,,3.0,,7.0,-88,100,6,5,1,0,0,0,1,0.0,91,0.0,37,KMDW,0.0,3,1,6,0,66.0,2.0,1,2,12,3,2,8,3,64,
2026-08-25 18:00:00,2026-08-28 15:00:00,NBS,74,60,40,5,,,,,,,,,-88,100,9,5,1,0,0,0,0,,91,,37,KMDW,,27,0,7,35,,,2,3,9,4,0,0,4,70,
2026-08-25 18:00:00,2026-08-28 18:00:00,NBS,78,60,40,6,0.0,,0.0,,,2.0,,,-88,100,19,6,1,0,0,0,1,0.0,92,0.0,60,KMDW,,62,34,8,56,,,3,3,12,4,0,0,4,75,
2026-08-26 00:00:00,2026-08-26 06:00:00,NBS,69,58,180,8,1.0,,0.0,,8.0,5.0,,,130,100,66,9,2,0,0,0,0,0.0,120,0.0,90,KMDW,,4,18,8,0,,,2,2,33,2,1,0,1,64,8/5
2026-08-26 00:00:00,2026-08-26 09:00:00,NBS,68,60,200,9,,,,,,,,,90,100,65,11,6,0,0,0,6,,110,,60,KMDW,,4,19,9,0,,,2,2,37,2,0,0,1,64,
2026-08-26 00:00:00,2026-08-26 12:00:00,NBS,68,61,210,10,23.0,23.0,2.0,2.0,,15.0,,15.0,-88,100,41,13,7,0,0,0,1,0.0,110,0.0,43,KMDW,1.0,6,21,10,4,67.0,2.0,2,2,30,3,0,0,2,65,
2026-08-26 00:00:00,2026-08-26 15:00:00,NBS,75,64,230,12,,,,,,,,,-88,100,35,17,11,0,0,0,4,,110,,38,KMDW,,15,24,13,43,,,2,2,20,4,0,0,2,72,
2026-08-26 00:00:00,2026-08-26 18:00:00,NBS,82,67,250,12,15.0,,0.0,,,21.0,,,-88,100,41,17,11,0,0,0,14,0.0,110,0.0,41,KMDW,,31,26,14,53,,,3,2,23,3,0,0,2,79,
2026-08-26 00:00:00,2026-08-26 21:00:00,NBS,82,64,270,12,,,,,,,,,-88,100,28,16,13,0,0,0,12,,110,,80,KMDW,,53,27,14,59,,,3,3,29,4,0,0,2,76,
2026-08-26 00:00:00,2026-08-27 00:00:00,NBS,80,63,290,9,20.0,30.0,0.0,0.0,,26.0,,29.0,-88,100,29,11,12,0,0,0,8,0.0,110,0.0,60,KMDW,5.0,20,30,11,16,84.0,2.0,2,3,28,3,0,0,2,73,
2026-08-26 00:00:00,2026-08-27 03:00:00,NBS,75,63,300,7,,,,,,,,,-88,100,19,8,4,0,0,0,4,,100,,70,KMDW,,5,31,8,0,,,1,2,15,3,0,0,2,69,
2026-08-26 00:00:00,2026-08-27 06:00:00,NBS,71,62,310,7,3.0,,0.0,,,10.0,,,-88,100,10,7,3,0,0,0,0,0.0,100,0.0,27,KMDW,,5,34,8,0,,,1,2,10,2,0,1,2,68,
2026-08-26 00:00:00,2026-08-27 09:00:00,NBS,68,62,300,6,,,,,,,,,-88,100,4,6,1,0,0,0,0,,100,,40,KMDW,,4,32,6,0,,,1,1,6,2,0,5,1,65,
2026-08-26 00:00:00,2026-08-27 12:00:00,NBS,68,62,310,6,0.0,3.0,0.0,0.0,,3.0,,10.0,-88,100,5,7,1,0,0,0,0,0.0,97,0.0,33,KMDW,0.0,5,33,6,5,67.0,1.0,1,1,9,2,2,4,1,66,
2026-08-26 00:00:00,2026-08-27 15:00:00,NBS,76,61,340,6,,,,,,,,,-88,100,6,7,2,0,0,0,0,,94,,22,KMDW,,32,34,7,55,,,1,2,7,2,2,0,2,71,
2026-08-26 00:00:00,2026-08-27 18:00:00,NBS,79,60,360,7,0.0,,0.0,,,5.0,,,-88,100,57,8,3,0,0,0,0,0.0,93,0.0,31,KMDW,,58,34,8,63,,,2,2,20,3,2,0,2,74,
2026-08-26 00:00:00,2026-08-27 21:00:00,NBS,78,59,60,8,,,,,,,,,-88,100,53,9,8,0,0,0,1,,91,,27,KMDW,,36,2,8,35,,,2,2,25,4,0,0,3,72,
2026-08-26 00:00:00,2026-08-28 00:00:00,NBS,76,59,50,7,9.0,9.0,0.0,0.0,,18.0,,18.0,-88,100,25,8,10,0,0,0,6,0.0,87,0.0,38,KMDW,0.0,14,5,7,12,81.0,1.0,1,3,18,4,0,0,3,70,
2026-08-26 00:00:00,2026-08-28 03:00:00,NBS,72,61,50,3,,,,,,,,,-88,100,29,3,4,0,0,0,32,,86,,28,KMDW,,9,5,6,0,,,1,3,36,2,0,1,3,66,
2026-08-26 00:00:00,2026-08-28 06:00:00,NBS,68,60,30,1,2.0,,0.0,,,8.0,,,-88,100,17,2,1,0,0,0,0,0.0,88,0.0,13,KMDW,,6,5,6,0,,,1,3,22,3,2,5,3,64,
2026-08-26 00:00:00,2026-08-28 09:00:00,NBS,66,61,20,4,,,,,,,,,-88,100,4,4,0,0,0,0,0,,90,,36,KMDW,,4,2,5,0,,,1,2,7,3,2,9,3,63,
2026-08-26 00:00:00,2026-08-28 12:00:00,NBS,65,60,40,4,0.0,1.0,0.0,0.0,,1.0,,8.0,-88,100,6,5,0,0,0,0,0,0.0,90,0.0,37,KMDW,0.0,6,6,5,0,65.0,2.0,1,2,11,3,1,8,3,63,
2026-08-26 00:00:00,2026-08-28 15:00:00,NBS,74,58,60,5,,,,,,,,,-88,100,8,5,1,0,0,0,0,,91,,37,KMDW,,27,3,6,35,,,2,3,7,3,0,0,3,70,
2026-08-26 00:00:00,2026-08-28 18:00:00,NBS,78,56,60,6,0.0,,0.0,,,1.0,,,-88,100,15,6,1,0,0,0,0,0.0,93,0.0,-88,KMDW,,64,34,8,56,,,3,3,9,4,0,0,4,73,
2026-08-26 00:00:00,2026-08-28 21:00:00,NBS,78,55,70,8,,,,,,,,,-88,100,10,9,2,0,0,0,0,,94,,70,KMDW,,56,1,8,75,,,4,4,14,4,0,0,3,69,
2026-08-26 00:00:00,2026-08-29 00:00:00,NBS,75,55,90,8,0.0,1.0,0.0,0.0,,8.0,,8.0,-88,100,14,9,3,0,0,0,0,0.0,94,0.0,-88,KMDW,0.0,20,12,8,53,81.0,3.0,3,4,13,3,0,0,2,68,
2026-08-26 06:00:00,2026-08-26 12:00:00,NBS,68,61,210,9,14.0,,0.0,,3.0,14.0,7.0,,-88,100,33,12,7,0,0,0,9,0.0,110,0.0,70,KMDW,,6,21,10,5,,,2,1,25,3,0,0,2,65,3/14
2026-08-26 06:00:00,2026-08-26 15:00:00,NBS,75,64,230,11,,,,,,,,,-88,100,37,16,9,0,0,0,24,,110,,70,KMDW,,16,24,13,46,,,2,2,34,3,0,0,2,72,
2026-08-26 06:00:00,2026-08-26 18:00:00,NBS,81,67,260,11,42.0,,9.0,,,20.0,,,-88,100,48,16,11,0,0,0,19,0.0,110,0.0,28,KMDW,,37,27,15,61,,,3,2,29,3,0,0,2,79,
2026-08-26 06:00:00,2026-08-26 21:00:00,NBS,82,64,280,12,,,,,,,,,-88,100,26,16,16,0,0,0,3,,110,,70,KMDW,,52,28,15,56,,,2,3,37,4,0,0,2,75,
2026-08-26 06:00:00,2026-08-27 00:00:00,NBS,80,63,300,10,18.0,50.0,1.0,10.0,,33.0,,33.0,-88,100,34,11,13,0,0,0,4,0.0,110,0.0,50,KMDW,5.0,18,31,11,14,84.0,2.0,2,3,29,4,0,0,2,73,
2026-08-26 06:00:00,2026-08-27 03:00:00,NBS,75,63,300,7,,,,,,,,,-88,100,22,9,4,0,0,0,0,,100,,47,KMDW,,4,33,7,0,,,1,2,12,3,0,0,2,69,
2026-08-26 06:00:00,2026-08-27 06:00:00,NBS,71,62,300,7,3.0,,0.0,,,9.0,,,-88,100,10,7,2,0,0,0,0,0.0,100,0.0,70,KMDW,,4,33,7,0,,,1,2,9,2,0,0,1,68,
2026-08-26 06:00:00,2026-08-27 09:00:00,NBS,68,62,310,6,,,,,,,,,-88,100,1,6,1,0,0,0,0,,100,,50,KMDW,,4,32,6,0,,,1,1,1,2,1,3,2,65,
2026-08-26 06:00:00,2026-08-27 12:00:00,NBS,67,62,310,6,0.0,3.0,0.0,0.0,,3.0,,9.0,-88,100,8,7,1,0,0,0,0,0.0,96,0.0,39,KMDW,0.0,5,32,6,5,67.0,2.0,1,1,12,2,2,4,2,66,
2026-08-26 06:00:00,2026-08-27 15:00:00,NBS,75,62,340,6,,,,,,,,,-88,100,13,7,1,0,0,0,0,,94,,37,KMDW,,30,34,8,48,,,2,2,27,2,0,0,2,71,
2026-08-26 06:00:00,2026-08-27 18:00:00,NBS,79,61,10,8,3.0,,0.0,,,5.0,,,-88,100,46,8,3,0,0,0,3,0.0,93,0.0,60,KMDW,,56,35,9,58,,,2,2,26,3,0,0,2,75,
2026-08-26 06:00:00,2026-08-27 21:00:00,NBS,77,60,40,9,,,,,,,,,-88,100,34,10,6,0,0,0,3,,94,,28,KMDW,,45,0,9,46,,,2,3,30,4,0,0,2,71,
2026-08-26 06:00:00,2026-08-28 00:00:00,NBS,75,59,50,8,15.0,17.0,0.0,0.0,,13.0,,13.0,-88,100,16,9,6,0,0,0,4,0.0,91,0.0,26,KMDW,0.0,17,4,8,16,81.0,2.0,1,3,15,3,0,0,2,69,
2026-08-26 06:00:00,2026-08-28 03:00:00,NBS,71,60,50,4,,,,,,,,,-88,100,21,5,3,0,0,0,0,,88,,7,KMDW,,7,5,5,0,,,1,3,17,3,0,2,3,66,
2026-08-26 06:00:00,2026-08-28 06:00:00,NBS,68,59,40,0,14.0,,0.0,,,7.0,,,-88,100,10,2,2,0,0,0,0,0.0,88,0.0,13,KMDW,,5,6,4,0,,,2,3,14,2,1,6,3,64,
2026-08-26 06:00:00,2026-08-28 09:00:00,NBS,66,60,20,3,,,,,,,,,-88,90,3,3,0,0,0,0,0,,88,,31,KMDW,,5,4,5,0,,,2,2,8,2,1,11,2,63,
2026-08-26 06:00:00,2026-08-28 12:00:00,NBS,65,60,10,3,0.0,3.0,0.0,0.0,,1.0,,7.0,-88,90,3,4,0,0,0,0,0,0.0,87,0.0,37,KMDW,0.0,4,2,5,4,64.0,2.0,2,2,3,3,1,11,3,63,
2026-08-26 06:00:00,2026-08-28 15:00:00,NBS,74,58,80,4,,,,,,,,,-88,100,5,4,1,0,0,0,0,,91,,37,KMDW,,26,25,5,36,,,2,3,4,3,0,0,3,69,
2026-08-26 06:00:00,2026-08-28 18:00:00,NBS,78,56,80,6,0.0,,0.0,,,2.0,,,-88,100,16,6,1,0,0,0,0,0.0,92,0.0,45,KMDW,,61,30,6,56,,,3,3,10,4,0,0,4,73,
2026-08-26 06:00:00,2026-08-28 21:00:00,NBS,78,54,100,8,,,,,,,,,-88,100,13,8,2,0,0,0,0,,94,,45,KMDW,,56,19,8,75,,,4,3,15,4,0,0,3,69,
2026-08-26 06:00:00,2026-08-29 00:00:00,NBS,75,55,120,8,0.0,0.0,0.0,0.0,,7.0,,7.0,-88,100,16,8,1,0,0,0,0,0.0,94,0.0,45,KMDW,0.0,15,16,8,53,80.0,3.0,3,4,14,3,0,0,2,68,
2026-08-26 06:00:00,2026-08-29 03:00:00,NBS,71,57,140,6,,,,,,,,,-88,100,42,6,1,0,0,0,0,,94,,38,KMDW,,4,17,6,0,,,3,3,30,2,0,0,2,65,
2026-08-26 06:00:00,2026-08-29 06:00:00,NBS,68,57,160,5,0.0,,0.0,,,3.0,,,-88,100,49,5,0,0,0,0,0,0.0,93,0.0,180,KMDW,,4,19,7,0,,,2,3,29,2,0,2,2,63,
2026-08-26 12:00:00,2026-08-26 18:00:00,NBS,81,68,260,11,38.0,,4.0,,2.0,16.0,,,45,100,38,16,8,0,0,0,6,0.0,110,0.0,24,KMDW,,45,27,15,64,,,2,2,28,3,0,0,2,79,2/16
2026-08-26 12:00:00,2026-08-26 21:00:00,NBS,83,64,280,12,,,,,,,,,-88,100,34,16,13,0,0,0,0,,110,,70,KMDW,,56,28,15,53,,,2,2,33,3,0,0,2,76,
2026-08-26 12:00:00,2026-08-27 00:00:00,NBS,80,64,290,10,18.0,43.0,1.0,5.0,,29.0,,29.0,-88,100,31,12,13,0,0,0,0,0.0,110,0.0,70,KMDW,4.0,23,31,12,12,84.0,1.0,1,2,15,3,1,0,2,73,
2026-08-26 12:00:00,2026-08-27 03:00:00,NBS,75,64,300,7,,,,,,,,,-88,100,23,8,6,0,0,0,0,,100,,70,KMDW,,5,33,8,0,,,1,2,17,3,1,0,1,70,
2026-08-26 12:00:00,2026-08-27 06:00:00,NBS,72,64,300,7,4.0,,0.0,,,13.0,,,-88,100,14,8,4,0,0,0,0,0.0,100,0.0,80,KMDW,,4,33,7,0,,,1,1,19,2,0,0,1,67,
2026-08-26 12:00:00,2026-08-27 09:00:00,NBS,69,63,290,6,,,,,,,,,-88,100,1,7,1,0,0,0,0,,98,,100,KMDW,,4,31,6,0,,,1,1,1,2,2,1,1,66,
2026-08-26 12:00:00,2026-08-27 12:00:00,NBS,68,63,310,6,0.0,4.0,0.0,0.0,,3.0,,13.0,-88,100,9,7,1,0,0,0,0,0.0,95,0.0,41,KMDW,0.0,4,32,6,6,67.0,1.0,1,1,24,2,5,1,2,67,
2026-08-26 12:00:00,2026-08-27 15:00:00,NBS,76,63,340,6,,,,,,,,,-88,100,19,7,1,0,0,0,0,,92,,46,KMDW,,31,34,9,49,,,1,2,27,2,1,0,2,71,
2026-08-26 12:00:00,2026-08-27 18:00:00,NBS,79,62,10,8,0.0,,0.0,,,4.0,,,45,100,33,9,2,0,0,0,0,0.0,91,0.0,45,KMDW,,62,35,9,67,,,1,1,27,3,2,0,2,75,
2026-08-26 12:00:00,2026-08-27 21:00:00,NBS,78,62,50,9,,,,,,,,,-88,100,33,10,3,0,0,0,0,,94,,60,KMDW,,47,36,9,44,,,2,2,33,4,0,0,3,72,
2026-08-26 12:00:00,2026-08-28 00:00:00,NBS,75,61,60,8,7.0,8.0,0.0,0.0,,10.0,,10.0,-88,100,30,9,3,0,0,0,0,0.0,89,0.0,50,KMDW,0.0,14,4,8,15,81.0,1.0,2,3,29,4,0,0,3,70,
2026-08-26 12:00:00,2026-08-28 03:00:00,NBS,72,61,60,4,,,,,,,,,-88,100,18,5,2,0,0,0,0,,86,,34,KMDW,,11,7,5,0,,,2,2,10,3,0,2,2,66,
2026-08-26 12:00:00,2026-08-28 06:00:00,NBS,69,61,80,0,6.0,,0.0,,,5.0,,,-88,100,12,2,1,0,0,0,0,0.0,87,0.0,26,KMDW,,4,9,3,0,,,2,3,22,2,2,4,2,65,
2026-08-26 12:00:00,2026-08-28 09:00:00,NBS,66,61,60,3,,,,,,,,,-88,90,3,3,1,0,0,0,0,,87,,8,KMDW,,4,10,4,0,,,1,2,3,2,1,11,2,64,
2026-08-26 12:00:00,2026-08-28 12:00:00,NBS,66,61,270,2,0.0,6.0,0.0,0.0,,2.0,,5.0,-88,90,2,3,1,0,0,0,0,0.0,89,0.0,14,KMDW,0.0,4,14,3,4,65.0,2.0,1,2,4,2,2,12,2,64,
2026-08-26 12:00:00,2026-08-28 15:00:00,NBS,75,59,150,3,,,,,,,,,-88,100,16,3,1,0,0,0,0,,86,,37,KMDW,,37,31,4,30,,,1,3,30,3,0,0,3,69,
2026-08-26 12:00:00,2026-08-28 18:00:00,NBS,79,58,120,5,0.0,,0.0,,,3.0,,,-88,100,22,5,2,0,0,0,0,0.0,90,0.0,31,KMDW,,60,30,5,39,,,2,3,24,3,0,0,3,74,
2026-08-26 12:00:00,2026-08-28 21:00:00,NBS,79,57,140,7,,,,,,,,,-88,100,16,8,3,0,0,0,0,,93,,60,KMDW,,60,21,7,75,,,3,3,19,3,0,0,2,71,
2026-08-26 12:00:00,2026-08-29 00:00:00,NBS,77,57,140,8,0.0,0.0,0.0,0.0,,9.0,,9.0,-88,100,24,8,2,0,0,0,0,0.0,93,0.0,45,KMDW,0.0,31,21,8,52,81.0,2.0,2,4,26,3,0,0,2,69,
2026-08-26 12:00:00,2026-08-29 03:00:00,NBS,72,59,150,6,,,,,,,,,-88,100,50,7,1,0,0,0,0,,94,,-88,KMDW,,4,18,7,0,,,2,3,35,3,0,0,2,67,
2026-08-26 12:00:00,2026-08-29 06:00:00,NBS,69,59,180,6,0.0,,0.0,,,4.0,,,-88,100,38,7,0,0,0,0,0,0.0,95,0.0,160,KMDW,,4,19,7,0,,,2,3,31,3,0,0,2,65,
2026-08-26 12:00:00,2026-08-29 09:00:00,NBS,66,59,190,5,,,,,,,,,-88,100,32,6,0,0,0,0,0,,97,,110,KMDW,,4,20,8,0,,,2,3,32,3,0,1,2,63,
2026-08-26 12:00:00,2026-08-29 12:00:00,NBS,66,60,190,6,0.0,0.0,0.0,0.0,,2.0,,4.0,-88,100,31,6,1,0,0,0,0,0.0,100,0.0,120,KMDW,0.0,5,20,8,0,65.0,2.0,2,2,30,3,0,6,3,63,
2026-08-26 18:00:00,2026-08-27 00:00:00,NBS,79,64,290,9,10.0,,0.0,,2.0,22.0,4.0,,-88,100,22,10,10,0,0,0,6,0.0,110,0.0,60,KMDW,,21,29,10,12,,,2,2,16,3,0,0,2,73,2/22
2026-08-26 18:00:00,2026-08-27 03:00:00,NBS,74,64,290,7,,,,,,,,,-88,100,25,8,4,0,0,0,8,,110,,50,KMDW,,5,32,8,0,,,1,2,25,2,0,0,1,70,
2026-08-26 18:00:00,2026-08-27 06:00:00,NBS,71,63,290,6,1.0,,0.0,,,10.0,,,-88,100,14,7,3,0,0,0,3,0.0,100,0.0,80,KMDW,,5,31,7,0,,,1,2,16,2,0,0,1,67,
2026-08-26 18:00:00,2026-08-27 09:00:00,NBS,68,63,300,6,,,,,,,,,-88,100,1,6,1,0,0,0,0,,98,,41,KMDW,,4,32,6,0,,,1,1,4,2,2,6,1,65,
2026-08-26 18:00:00,2026-08-27 12:00:00,NBS,67,63,320,6,0.0,1.0,0.0,0.0,,2.0,,10.0,-88,100,11,7,1,0,0,0,0,0.0,93,0.0,60,KMDW,0.0,5,33,6,6,66.0,1.0,1,1,27,2,4,5,1,65,
2026-08-26 18:00:00,2026-08-27 15:00:00,NBS,75,62,350,6,,,,,,,,,-88,100,9,7,1,0,0,0,0,,91,,35,KMDW,,32,35,8,56,,,1,2,10,2,0,0,2,71,
2026-08-26 18:00:00,2026-08-27 18:00:00,NBS,79,61,20,7,1.0,,0.0,,,3.0,,,-88,100,40,9,2,0,0,0,3,0.0,90,0.0,60,KMDW,,57,35,9,71,,,1,2,27,3,1,0,2,76,
2026-08-26 18:00:00,2026-08-27 21:00:00,NBS,78,60,50,8,,,,,,,,,-88,100,37,9,3,0,0,0,4,,93,,60,KMDW,,49,35,8,45,,,2,2,25,4,0,0,2,72,
2026-08-26 18:00:00,2026-08-28 00:00:00,NBS,76,61,60,8,7.0,7.0,0.0,0.0,,9.0,,9.0,-88,100,32,9,3,0,0,0,4,0.0,90,0.0,60,KMDW,0.0,15,5,8,16,81.0,2.0,2,3,37,4,0,0,3,70,
2026-08-26 18:00:00,2026-08-28 03:00:00,NBS,71,62,60,5,,,,,,,,,-88,100,22,5,2,0,0,0,0,,89,,50,KMDW,,7,6,5,0,,,2,3,17,2,0,3,3,66,
2026-08-26 18:00:00,2026-08-28 06:00:00,NBS,68,61,50,0,1.0,,0.0,,,5.0,,,-88,70,10,2,2,0,0,0,0,0.0,86,0.0,43,KMDW,,4,7,4,0,,,2,3,9,2,3,8,2,65,
2026-08-26 18:00:00,2026-08-28 09:00:00,NBS,65,61,10,0,,,,,,,,,-88,60,7,2,1,0,0,0,0,,85,,19,KMDW,,4,3,4,0,,,2,2,12,2,2,15,2,64,
2026-08-26 18:00:00,2026-08-28 12:00:00,NBS,65,61,340,2,0.0,1.0,0.0,0.0,,2.0,,5.0,-88,90,17,3,1,0,0,0,0,0.0,86,0.0,19,KMDW,0.0,3,6,5,4,64.0,2.0,2,2,20,2,2,13,2,64,
2026-08-26 18:00:00,2026-08-28 15:00:00,NBS,75,60,80,3,,,,,,,,,-88,100,12,4,1,0,0,0,0,,88,,26,KMDW,,29,6,5,49,,,2,3,19,3,0,0,3,70,
2026-08-26 18:00:00,2026-08-28 18:00:00,NBS,78,58,100,4,0.0,,0.0,,,3.0,,,-88,100,25,5,2,0,0,0,0,0.0,93,0.0,35,KMDW,,58,32,5,72,,,3,3,16,3,0,0,3,74,
2026-08-26 18:00:00,2026-08-28 21:00:00,NBS,79,57,140,7,,,,,,,,,-88,100,16,8,3,0,0,0,0,,94,,39,KMDW,,53,27,7,56,,,3,3,20,3,0,0,2,71,
2026-08-26 18:00:00,2026-08-29 00:00:00,NBS,76,57,130,8,0.0,0.0,0.0,0.0,,8.0,,8.0,-88,100,22,8,2,0,0,0,0,0.0,93,0.0,120,KMDW,0.0,16,13,8,28,81.0,2.0,2,3,19,2,0,0,2,69,
2026-08-26 18:00:00,2026-08-29 03:00:00,NBS,72,59,150,6,,,,,,,,,-88,100,35,7,1,0,0,0,0,,94,,210,KMDW,,4,16,7,0,,,2,3,27,3,0,0,2,66,
2026-08-26 18:00:00,2026-08-29 06:00:00,NBS,68,59,180,6,0.0,,0.0,,,4.0,,,-88,100,40,7,0,0,0,0,0,0.0,94,0.0,160,KMDW,,4,18,8,0,,,2,3,26,3,0,0,2,64,
2026-08-26 18:00:00,2026-08-29 09:00:00,NBS,65,59,190,6,,,,,,,,,-88,100,26,6,0,0,0,0,0,,99,,70,KMDW,,4,19,8,0,,,2,3,30,3,0,0,2,63,
2026-08-26 18:00:00,2026-08-29 12:00:00,NBS,64,59,190,6,0.0,0.0,0.0,0.0,,2.0,,4.0,-88,100,35,7,1,0,0,0,1,0.0,100,0.0,60,KMDW,0.0,4,20,7,0,64.0,2.0,2,2,28,3,0,5,2,62,
2026-08-26 18:00:00,2026-08-29 15:00:00,NBS,74,59,190,8,,,,,,,,,-88,100,55,10,1,0,0,0,1,,110,,110,KMDW,,15,21,9,11,,,2,3,24,5,0,0,3,69,
2026-08-26 18:00:00,2026-08-29 18:00:00,NBS,79,59,200,10,1.0,,0.0,,,2.0,,,-88,100,62,13,1,0,0,0,1,0.0,110,0.0,100,KMDW,,43,21,10,30,,,3,4,22,5,0,1,3,74,
2026-08-27 00:00:00,2026-08-27 06:00:00,NBS,71,62,300,6,3.0,,0.0,,1.0,10.0,,,-88,100,6,7,2,0,0,0,0,0.0,100,0.0,60,KMDW,,4,32,7,0,,,1,1,7,2,1,0,1,67,1/10
2026-08-27 00:00:00,2026-08-27 09:00:00,NBS,68,62,310,6,,,,,,,,,-88,100,0,6,1,0,0,0,0,,98,,80,KMDW,,4,33,6,0,,,1,1,1,2,2,3,1,65,
2026-08-27 00:00:00,2026-08-27 12:00:00,NBS,67,61,320,5,0.0,3.0,0.0,0.0,,2.0,,10.0,-88,100,4,6,1,0,0,0,0,0.0,95,0.0,38,KMDW,0.0,5,34,6,7,66.0,1.0,1,1,18,2,3,4,1,65,
2026-08-27 00:00:00,2026-08-27 15:00:00,NBS,76,61,350,6,,,,,,,,,-88,100,3,7,1,0,0,0,0,,92,,44,KMDW,,29,35,8,58,,,1,2,4,2,0,0,2,70,
2026-08-27 00:00:00,2026-08-27 18:00:00,NBS,80,59,30,7,0.0,,0.0,,,4.0,,,-88,100,33,8,2,0,0,0,0,0.0,90,0.0,48,KMDW,,55,36,8,76,,,1,2,27,3,1,0,2,75,
2026-08-27 00:00:00,2026-08-27 21:00:00,NBS,79,60,60,8,,,,,,,,,-88,100,39,8,4,0,0,0,0,,93,,60,KMDW,,47,35,8,44,,,2,2,24,3,0,0,2,72,
2026-08-27 00:00:00,2026-08-28 00:00:00,NBS,76,59,60,7,11.0,11.0,0.0,0.0,,11.0,,11.0,-88,100,39,8,4,0,0,0,0,0.0,92,0.0,60,KMDW,0.0,12,6,7,15,81.0,1.0,2,3,35,3,0,0,2,70,
2026-08-27 00:00:00,2026-08-28 03:00:00,NBS,72,60,60,5,,,,,,,,,-88,100,22,5,2,0,0,0,0,,88,,49,KMDW,,5,7,5,0,,,2,2,17,2,0,2,2,67,
2026-08-27 00:00:00,2026-08-28 06:00:00,NBS,68,60,70,0,1.0,,0.0,,,5.0,,,-88,70,8,2,2,0,0,0,0,0.0,85,0.0,-88,KMDW,,4,8,4,0,,,2,3,9,2,2,8,2,65,
2026-08-27 00:00:00,2026-08-28 09:00:00,NBS,66,60,50,1,,,,,,,,,-88,50,11,2,1,0,0,0,0,,84,,19,KMDW,,4,15,3,0,,,2,2,20,1,4,16,2,63,
2026-08-27 00:00:00,2026-08-28 12:00:00,NBS,65,60,230,1,3.0,1.0,0.0,0.0,,3.0,,5.0,-88,70,11,3,1,0,0,0,0,0.0,87,0.0,60,KMDW,0.0,3,15,4,6,64.0,2.0,2,2,8,2,3,11,2,64,
2026-08-27 00:00:00,2026-08-28 15:00:00,NBS,75,59,80,2,,,,,,,,,-88,100,10,3,1,0,0,0,0,,88,,17,KMDW,,35,22,4,49,,,1,3,12,3,0,0,3,70,
2026-08-27 00:00:00,2026-08-28 18:00:00,NBS,79,57,60,4,0.0,,0.0,,,2.0,,,-88,100,35,5,1,0,0,0,0,0.0,90,0.0,20,KMDW,,65,29,5,68,,,2,3,32,3,0,0,3,74,
2026-08-27 00:00:00,2026-08-28 21:00:00,NBS,79,57,110,7,,,,,,,,,-88,100,32,7,2,0,0,0,0,,95,,24,KMDW,,59,26,7,62,,,2,3,22,4,0,0,3,71,
2026-08-27 00:00:00,2026-08-29 00:00:00,NBS,77,56,120,7,0.0,1.0,0.0,0.0,,7.0,,7.0,-88,100,28,8,2,0,0,0,0,0.0,93,0.0,27,KMDW,0.0,25,17,7,19,81.0,2.0,2,4,20,3,0,0,2,69,
2026-08-27 00:00:00,2026-08-29 03:00:00,NBS,72,58,160,6,,,,,,,,,-88,100,33,7,1,0,0,0,0,,94,,31,KMDW,,4,17,6,0,,,2,3,26,2,0,1,2,66,
2026-08-27 00:00:00,2026-08-29 06:00:00,NBS,69,57,180,6,0.0,,0.0,,,3.0,,,-88,100,52,7,0,0,0,0,0,0.0,93,0.0,120,KMDW,,4,19,6,0,,,2,3,29,2,0,2,2,64,
2026-08-27 00:00:00,2026-08-29 09:00:00,NBS,66,57,190,6,,,,,,,,,-88,100,23,7,0,0,0,0,0,,97,,70,KMDW,,4,20,7,0,,,2,3,30,2,0,0,2,62,
2026-08-27 00:00:00,2026-08-29 12:00:00,NBS,65,57,200,6,0.0,0.0,0.0,0.0,,2.0,,3.0,-88,100,31,7,1,0,0,0,0,0.0,98,0.0,130,KMDW,0.0,7,21,8,0,65.0,2.0,2,3,32,2,0,3,2,62,
2026-08-27 00:00:00,2026-08-29 15:00:00,NBS,74,57,200,7,,,,,,,,,-88,100,47,9,1,0,0,0,1,,100,,120,KMDW,,25,21,8,11,,,2,4,27,4,0,0,3,69,
2026-08-27 00:00:00,2026-08-29 18:00:00,NBS,79,57,190,10,1.0,,0.0,,,2.0,,,-88,100,63,12,1,0,0,0,1,0.0,110,0.0,110,KMDW,,39,20,10,10,,,3,4,22,5,0,0,3,73,
2026-08-27 00:00:00,2026-08-29 21:00:00,NBS,80,58,190,10,,,,,,,,,-88,100,71,12,1,0,0,0,3,,120,,90,KMDW,,44,19,10,49,,,3,4,16,5,0,0,2,72,
2026-08-27 00:00:00,2026-08-30 00:00:00,NBS,78,58,180,9,3.0,3.0,0.0,0.0,,1.0,,2.0,-88,100,74,10,1,0,0,0,3,0.0,120,0.0,100,KMDW,0.0,26,19,10,34,82.0,3.0,2,5,13,4,0,0,2,70,
2026-08-27 06:00:00,2026-08-27 12:00:00,NBS,67,61,320,5,0.0,,0.0,,7.0,2.0,1.0,,-88,100,0,6,1,0,0,0,0,0.0,94,0.0,190,KMDW,,4,34,6,7,,,1,1,0,2,0,0,1,65,7/2
2026-08-27 06:00:00,2026-08-27 15:00:00,NBS,76,61,0,6,,,,,,,,,-88,100,4,6,0,0,0,0,0,,93,,80,KMDW,,30,36,9,58,,,1,2,6,2,0,0,2,70,
2026-08-27 06:00:00,2026-08-27 18:00:00,NBS,80,59,40,6,1.0,,0.0,,,4.0,,,-88,100,24,8,2,0,0,0,3,0.0,91,0.0,60,KMDW,,59,36,8,73,,,1,2,13,3,0,0,2,75,
2026-08-27 06:00:00,2026-08-27 21:00:00,NBS,79,60,60,7,,,,,,,,,-88,100,18,8,4,0,0,0,3,,94,,50,KMDW,,52,4,7,48,,,2,2,15,3,0,0,2,72,
2026-08-27 06:00:00,2026-08-28 00:00:00,NBS,77,59,60,7,6.0,7.0,0.0,0.0,,10.0,,10.0,-88,100,38,7,4,0,0,0,0,0.0,94,0.0,50,KMDW,0.0,12,5,7,12,81.0,1.0,1,3,25,3,0,0,2,69,
2026-08-27 06:00:00,2026-08-28 03:00:00,NBS,72,61,60,3,,,,,,,,,-88,100,7,4,2,0,0,0,0,,88,,50,KMDW,,4,6,5,0,,,1,2,10,2,0,2,2,67,
2026-08-27 06:00:00,2026-08-28 06:00:00,NBS,69,61,50,1,1.0,,0.0,,,4.0,,,-88,80,10,2,1,0,0,0,0,0.0,87,0.0,60,KMDW,,4,8,4,0,,,2,2,24,1,1,7,2,66,
2026-08-27 06:00:00,2026-08-28 09:00:00,NBS,66,61,320,2,,,,,,,,,-88,90,8,3,1,0,0,0,19,,87,,26,KMDW,,4,14,4,0,,,2,2,19,2,4,11,2,64,
2026-08-27 06:00:00,2026-08-28 12:00:00,NBS,65,61,210,3,6.0,6.0,0.0,0.0,,2.0,,5.0,-88,70,7,3,1,0,0,0,15,0.0,87,0.0,50,KMDW,0.0,4,17,4,5,64.0,2.0,2,2,10,2,4,13,2,64,
2026-08-27 06:00:00,2026-08-28 15:00:00,NBS,76,59,160,3,,,,,,,,,-88,100,10,3,1,0,0,0,0,,87,,38,KMDW,,25,18,4,47,,,1,3,21,2,0,0,3,71,
2026-08-27 06:00:00,2026-08-28 18:00:00,NBS,80,56,140,4,5.0,,0.0,,,2.0,,,-88,100,35,5,1,0,0,0,0,0.0,88,0.0,60,KMDW,,58,30,5,66,,,2,3,29,3,0,0,3,75,
2026-08-27 06:00:00,2026-08-28 21:00:00,NBS,80,57,170,7,,,,,,,,,-88,100,32,8,1,0,0,0,0,,91,,36,KMDW,,56,21,7,61,,,2,3,34,3,0,0,2,72,
2026-08-27 06:00:00,2026-08-29 00:00:00,NBS,77,56,170,8,0.0,6.0,0.0,0.0,,6.0,,6.0,-88,100,15,8,1,0,0,0,0,0.0,91,0.0,34,KMDW,0.0,22,22,8,16,82.0,2.0,2,4,12,3,0,0,2,69,
2026-08-27 06:00:00,2026-08-29 03:00:00,NBS,73,59,150,6,,,,,,,,,-88,100,40,7,1,0,0,0,0,,92,,22,KMDW,,4,18,6,0,,,2,3,26,2,0,2,2,67,
2026-08-27 06:00:00,2026-08-29 06:00:00,NBS,70,59,190,6,0.0,,0.0,,,3.0,,,-88,100,28,7,1,0,0,0,0,0.0,92,0.0,130,KMDW,,4,19,6,0,,,2,3,36,3,0,4,2,65,
2026-08-27 06:00:00,2026-08-29 09:00:00,NBS,67,59,190,6,,,,,,,,,-88,100,37,7,0,0,0,0,0,,95,,130,KMDW,,4,20,7,0,,,1,3,32,3,0,2,2,63,
2026-08-27 06:00:00,2026-08-29 12:00:00,NBS,66,59,200,6,0.0,0.0,0.0,0.0,,1.0,,3.0,-88,100,27,7,0,0,0,0,0,0.0,100,0.0,110,KMDW,0.0,5,21,7,3,65.0,2.0,2,3,28,3,0,5,2,63,
2026-08-27 06:00:00,2026-08-29 15:00:00,NBS,75,58,200,8,,,,,,,,,-88,100,51,9,0,0,0,0,1,,100,,140,KMDW,,30,21,9,29,,,2,3,29,3,0,0,2,69,
2026-08-27 06:00:00,2026-08-29 18:00:00,NBS,79,57,200,10,1.0,,0.0,,,1.0,,,-88,100,66,14,0,0,0,0,1,0.0,110,0.0,130,KMDW,,53,21,10,43,,,4,4,27,4,0,0,2,74,
2026-08-27 06:00:00,2026-08-29 21:00:00,NBS,80,59,190,11,,,,,,,,,-88,100,77,14,0,0,0,0,1,,120,,90,KMDW,,47,21,11,26,,,3,4,16,5,0,0,2,72,
2026-08-27 06:00:00,2026-08-30 00:00:00,NBS,78,58,180,10,2.0,3.0,0.0,0.0,,1.0,,1.0,-88,100,86,11,0,0,0,0,3,0.0,130,0.0,100,KMDW,0.0,27,19,10,17,81.0,3.0,2,4,12,5,0,0,2,70,
2026-08-27 06:00:00,2026-08-30 03:00:00,NBS,75,59,180,11,,,,,,,,,-88,100,77,13,1,0,0,0,8,,130,,90,KMDW,,6,18,11,0,,,2,3,16,5,0,0,3,68,
2026-08-27 06:00:00,2026-08-30 06:00:00,NBS,73,59,190,11,7.0,,0.0,,,7.0,,,-88,100,75,14,5,0,0,0,10,0.0,140,0.0,60,KMDW,,9,19,11,0,,,2,3,24,5,1,1,3,66,
2026-08-27 12:00:00,2026-08-27 18:00:00,NBS,79,60,30,7,1.0,,0.0,,14.0,3.0,,,-88,100,22,8,1,0,0,0,3,0.0,91,0.0,60,KMDW,,60,0,10,73,,,2,2,16,3,0,0,2,75,14/3
2026-08-27 12:00:00,2026-08-27 21:00:00,NBS,79,60,70,7,,,,,,,,,-88,100,28,8,5,0,0,0,0,,94,,60,KMDW,,44,5,7,43,,,2,2,25,3,0,0,2,72,
2026-08-27 12:00:00,2026-08-28 00:00:00,NBS,77,60,80,7,15.0,15.0,2.0,2.0,,12.0,,12.0,-88,100,24,7,4,0,0,0,0,0.0,94,0.0,50,KMDW,0.0,13,7,7,10,81.0,1.0,1,2,20,2,0,0,2,70,
2026-08-27 12:00:00,2026-08-28 03:00:00,NBS,72,62,70,3,,,,,,,,,-88,100,28,4,2,0,0,0,0,,92,,60,KMDW,,5,5,4,0,,,1,2,25,2,0,0,2,67,
2026-08-27 12:00:00,2026-08-28 06:00:00,NBS,69,62,40,0,0.0,,0.0,,,4.0,,,-88,100,19,2,1,0,0,0,0,0.0,89,0.0,60,KMDW,,4,7,4,0,,,2,2,31,1,0,3,2,66,
2026-08-27 12:00:00,2026-08-28 09:00:00,NBS,66,62,320,1,,,,,,,,,-88,100,16,2,1,0,0,0,0,,87,,60,KMDW,,4,5,4,0,,,2,2,34,2,2,6,2,64,
2026-08-27 12:00:00,2026-08-28 12:00:00,NBS,66,61,260,2,1.0,1.0,0.0,0.0,,3.0,,5.0,-88,100,11,3,1,0,0,0,8,0.0,88,0.0,70,KMDW,0.0,4,19,4,4,65.0,2.0,2,2,22,2,4,10,2,64,
2026-08-27 12:00:00,2026-08-28 15:00:00,NBS,76,60,200,2,,,,,,,,,-88,100,19,3,1,0,0,0,0,,87,,46,KMDW,,26,19,4,44,,,1,3,21,2,0,0,3,71,
2026-08-27 12:00:00,2026-08-28 18:00:00,NBS,81,58,230,4,1.0,,0.0,,,2.0,,,-88,100,43,4,1,0,0,0,0,0.0,88,0.0,50,KMDW,,59,24,4,54,,,2,3,32,3,0,0,3,75,
2026-08-27 12:00:00,2026-08-28 21:00:00,NBS,81,58,210,6,,,,,,,,,-88,100,48,7,2,0,0,0,0,,92,,60,KMDW,,59,24,6,42,,,2,2,36,3,0,0,2,72,
2026-08-27 12:00:00,2026-08-29 00:00:00,NBS,78,58,190,7,1.0,2.0,0.0,0.0,,8.0,,8.0,-88,100,27,8,1,0,0,0,0,0.0,92,0.0,42,KMDW,1.0,21,24,7,13,82.0,2.0,2,3,23,2,0,0,2,70,
2026-08-27 12:00:00,2026-08-29 03:00:00,NBS,73,60,180,6,,,,,,,,,-88,100,25,7,1,0,0,0,0,,92,,60,KMDW,,4,19,6,0,,,1,3,17,2,0,1,2,67,
2026-08-27 12:00:00,2026-08-29 06:00:00,NBS,70,59,190,6,0.0,,0.0,,,3.0,,,-88,100,40,7,1,0,0,0,0,0.0,92,0.0,50,KMDW,,4,20,6,0,,,1,3,40,3,0,2,2,66,
2026-08-27 12:00:00,2026-08-29 09:00:00,NBS,67,60,190,6,,,,,,,,,-88,100,35,7,0,0,0,0,0,,93,,45,KMDW,,4,21,6,0,,,1,2,29,3,0,4,2,64,
2026-08-27 12:00:00,2026-08-29 12:00:00,NBS,67,59,210,6,0.0,0.0,0.0,0.0,,1.0,,3.0,-88,100,23,7,0,0,0,0,0,0.0,97,0.0,100,KMDW,0.0,6,21,7,3,66.0,2.0,1,2,25,3,0,5,2,64,
2026-08-27 12:00:00,2026-08-29 15:00:00,NBS,76,58,200,8,,,,,,,,,-88,100,42,9,0,0,0,0,0,,95,,90,KMDW,,34,22,10,22,,,2,3,32,3,0,0,2,69,
2026-08-27 12:00:00,2026-08-29 18:00:00,NBS,80,58,200,10,0.0,,0.0,,,1.0,,,-88,100,73,13,0,0,0,0,0,0.0,100,0.0,90,KMDW,,47,22,10,48,,,3,3,23,4,0,0,2,74,
2026-08-27 12:00:00,2026-08-29 21:00:00,NBS,81,59,190,11,,,,,,,,,-88,100,71,13,0,0,0,0,0,,120,,120,KMDW,,44,21,11,25,,,3,3,18,4,0,0,2,72,
2026-08-27 12:00:00,2026-08-30 00:00:00,NBS,79,59,180,10,1.0,1.0,0.0,0.0,,1.0,,1.0,-88,100,84,11,1,0,0,0,0,0.0,130,0.0,90,KMDW,0.0,25,19,10,14,82.0,2.0,2,3,10,4,0,0,2,71,
2026-08-27 12:00:00,2026-08-30 03:00:00,NBS,75,61,170,10,,,,,,,,,-88,100,81,12,2,0,0,0,5,,140,,90,KMDW,,6,19,10,0,,,2,3,16,4,0,0,2,68,
2026-08-27 12:00:00,2026-08-30 06:00:00,NBS,73,60,170,10,6.0,,0.0,,,7.0,,,-88,100,82,12,5,0,0,0,7,0.0,140,0.0,80,KMDW,,5,15,10,0,,,2,3,15,4,0,2,2,67,
2026-08-27 12:00:00,2026-08-30 09:00:00,NBS,71,60,170,10,,,,,,,,,-88,100,66,13,7,0,0,0,10,,140,,60,KMDW,,7,17,11,0,,,2,3,25,4,0,4,2,66,
2026-08-27 12:00:00,2026-08-30 12:00:00,NBS,71,61,180,12,12.0,19.0,0.0,0.0,,14.0,,14.0,-88,100,64,15,5,0,0,0,11,0.0,140,0.0,80,KMDW,0.0,6,19,12,0,70.0,2.0,2,3,27,5,0,6,3,67,
2026-08-27 18:00:00,2026-08-28 00:00:00,NBS,75,60,80,6,4.0,,0.0,,9.0,13.0,12.0,,-88,100,38,7,5,0,0,0,0,0.0,99,0.0,60,KMDW,,10,8,6,10,,,1,2,34,3,0,0,2,70,9/13
2026-08-27 18:00:00,2026-08-28 03:00:00,NBS,71,62,80,3,,,,,,,,,-88,100,22,4,3,0,0,0,0,,92,,60,KMDW,,5,7,5,0,,,1,2,29,2,0,1,2,66,
2026-08-27 18:00:00,2026-08-28 06:00:00,NBS,68,62,120,0,1.0,,0.0,,,6.0,,,-88,80,27,2,2,0,0,0,0,0.0,90,0.0,60,KMDW,,4,8,4,0,,,2,2,25,1,1,7,2,65,
2026-08-27 18:00:00,2026-08-28 09:00:00,NBS,65,62,220,0,,,,,,,,,-88,70,32,2,1,0,0,0,0,,90,,50,KMDW,,4,17,4,0,,,2,2,29,1,5,14,2,64,
2026-08-27 18:00:00,2026-08-28 12:00:00,NBS,65,62,200,0,1.0,1.0,0.0,0.0,,3.0,,7.0,-88,100,21,2,1,0,0,0,0,0.0,88,0.0,48,KMDW,0.0,4,16,4,4,64.0,2.0,2,2,24,2,3,10,2,64,
2026-08-27 18:00:00,2026-08-28 15:00:00,NBS,75,60,170,1,,,,,,,,,-88,100,28,3,1,0,0,0,0,,88,,60,KMDW,,27,21,4,39,,,1,3,29,2,0,0,2,70,
2026-08-27 18:00:00,2026-08-28 18:00:00,NBS,80,58,180,3,3.0,,0.0,,,2.0,,,-88,100,39,4,1,0,0,0,13,0.0,88,0.0,50,KMDW,,54,23,5,49,,,2,2,32,2,0,0,3,75,
2026-08-27 18:00:00,2026-08-28 21:00:00,NBS,81,58,180,6,,,,,,,,,-88,100,32,7,2,0,0,0,0,,94,,60,KMDW,,59,24,6,48,,,2,3,29,3,0,0,2,72,
2026-08-27 18:00:00,2026-08-29 00:00:00,NBS,78,58,190,7,1.0,3.0,0.0,0.0,,7.0,,7.0,-88,100,39,8,1,0,0,0,0,0.0,93,0.0,45,KMDW,2.0,19,21,7,16,82.0,2.0,2,3,35,2,0,0,2,70,
2026-08-27 18:00:00,2026-08-29 03:00:00,NBS,73,59,170,6,,,,,,,,,-88,100,26,7,1,0,0,0,0,,91,,80,KMDW,,4,18,7,0,,,1,3,22,2,1,1,2,67,
2026-08-27 18:00:00,2026-08-29 06:00:00,NBS,69,59,190,7,0.0,,0.0,,,3.0,,,-88,100,35,7,0,0,0,0,0,0.0,91,0.0,130,KMDW,,4,19,7,0,,,1,3,31,2,1,0,2,64,
2026-08-27 18:00:00,2026-08-29 09:00:00,NBS,66,59,200,6,,,,,,,,,-88,100,19,7,0,0,0,0,0,,90,,70,KMDW,,4,20,6,0,,,2,2,27,3,0,3,2,63,
2026-08-27 18:00:00,2026-08-29 12:00:00,NBS,66,59,200,6,0.0,0.0,0.0,0.0,,1.0,,3.0,-88,100,14,7,0,0,0,0,0,0.0,89,0.0,42,KMDW,0.0,4,20,7,6,65.0,2.0,2,2,27,3,0,5,2,64,
2026-08-27 18:00:00,2026-08-29 15:00:00,NBS,75,59,200,8,,,,,,,,,-88,100,59,9,0,0,0,0,0,,96,,38,KMDW,,29,21,10,39,,,2,3,28,3,0,0,2,69,
2026-08-27 18:00:00,2026-08-29 18:00:00,NBS,80,58,200,10,0.0,,0.0,,,1.0,,,-88,100,89,13,0,0,0,0,0,0.0,100,0.0,70,KMDW,,48,21,10,58,,,3,3,10,4,0,0,2,73,
2026-08-27 18:00:00,2026-08-29 21:00:00,NBS,81,59,200,10,,,,,,,,,-88,100,71,12,0,0,0,0,0,,110,,70,KMDW,,48,20,10,62,,,3,3,17,4,0,1,2,72,
2026-08-27 18:00:00,2026-08-30 00:00:00,NBS,78,59,180,9,2.0,2.0,0.0,0.0,,1.0,,1.0,-88,100,83,10,1,0,0,0,1,0.0,130,0.0,60,KMDW,0.0,25,19,9,20,82.0,3.0,3,3,11,4,0,2,3,71,
2026-08-27 18:00:00,2026-08-30 03:00:00,NBS,75,61,170,10,,,,,,,,,-88,100,78,11,1,0,0,0,7,,140,,90,KMDW,,5,18,10,0,,,2,3,14,4,0,0,2,68,
2026-08-27 18:00:00,2026-08-30 06:00:00,NBS,72,61,180,10,12.0,,0.0,,,7.0,,,-88,100,84,12,3,0,0,0,11,0.0,140,0.0,90,KMDW,,5,19,10,0,,,2,3,13,4,0,0,3,67,
2026-08-27 18:00:00,2026-08-30 09:00:00,NBS,70,61,180,10,,,,,,,,,-88,100,70,13,5,0,0,0,30,,140,,90,KMDW,,5,19,10,0,,,2,3,22,4,0,2,2,67,
2026-08-27 18:00:00,2026-08-30 12:00:00,NBS,71,62,190,11,20.0,32.0,0.0,0.0,,11.0,,12.0,-88,100,63,15,4,0,0,0,16,0.0,140,0.0,90,KMDW,0.0,7,20,11,0,70.0,2.0,2,3,23,5,0,6,3,67,
2026-08-27 18:00:00,2026-08-30 15:00:00,NBS,77,63,200,13,,,,,,,,,-88,100,62,20,5,0,0,0,9,,140,,100,KMDW,,18,21,14,26,,,2,3,26,6,0,0,3,72,
2026-08-27 18:00:00,2026-08-30 18:00:00,NBS,83,65,210,15,11.0,,0.0,,,9.0,,,-88,100,55,24,5,0,0,0,8,0.0,140,0.0,100,KMDW,,33,22,16,48,,,3,3,30,7,0,0,3,79,
2026-08-28 00:00:00,2026-08-28 06:00:00,NBS,68,61,70,0,5.0,,0.0,,12.0,4.0,,,-88,100,25,2,1,0,0,0,3,0.0,92,0.0,50,KMDW,,4,7,3,0,,,1,2,21,1,1,7,2,65,12/4
2026-08-28 00:00:00,2026-08-28 09:00:00,NBS,66,61,140,0,,,,,,,,,-88,90,16,2,0,0,0,0,0,,90,,50,KMDW,,4,12,3,0,,,1,2,21,1,6,13,2,64,
2026-08-28 00:00:00,2026-08-28 12:00:00,NBS,65,61,190,1,1.0,5.0,0.0,0.0,,2.0,,5.0,-88,100,9,3,1,0,0,0,0,0.0,88,0.0,46,KMDW,0.0,4,17,3,5,64.0,2.0,2,2,15,1,3,8,2,64,
2026-08-28 00:00:00,2026-08-28 15:00:00,NBS,76,59,160,0,,,,,,,,,-88,100,21,3,1,0,0,0,0,,87,,49,KMDW,,26,22,3,46,,,1,3,33,2,0,0,3,70,
2026-08-28 00:00:00,2026-08-28 18:00:00,NBS,80,58,210,3,6.0,,0.0,,,1.0,,,-88,100,22,4,1,0,0,0,12,0.0,89,0.0,60,KMDW,,55,24,4,76,,,2,3,27,3,0,0,3,75,
2026-08-28 00:00:00,2026-08-28 21:00:00,NBS,81,58,200,7,,,,,,,,,-88,100,40,7,1,0,0,0,0,,94,,60,KMDW,,62,23,7,50,,,2,3,30,3,0,0,3,72,
2026-08-28 00:00:00,2026-08-29 00:00:00,NBS,78,58,200,8,1.0,7.0,0.0,0.0,,8.0,,8.0,-88,100,36,8,2,0,0,0,0,0.0,92,0.0,44,KMDW,2.0,23,22,8,16,82.0,2.0,2,3,29,2,0,0,2,70,
2026-08-28 00:00:00,2026-08-29 03:00:00,NBS,73,59,180,6,,,,,,,,,-88,100,23,7,1,0,0,0,0,,91,,70,KMDW,,4,19,6,0,,,1,3,22,2,0,0,2,67,
2026-08-28 00:00:00,2026-08-29 06:00:00,NBS,70,58,200,7,0.0,,0.0,,,3.0,,,-88,100,40,7,0,0,0,0,0,0.0,90,0.0,140,KMDW,,4,21,7,0,,,1,3,32,2,0,0,2,64,
2026-08-28 00:00:00,2026-08-29 09:00:00,NBS,67,59,210,6,,,,,,,,,-88,100,7,7,0,0,0,0,0,,90,,150,KMDW,,4,21,6,0,,,1,2,15,2,0,0,2,63,
2026-08-28 00:00:00,2026-08-29 12:00:00,NBS,66,59,210,6,0.0,0.0,0.0,0.0,,1.0,,3.0,-88,100,18,7,0,0,0,0,0,0.0,89,0.0,60,KMDW,0.0,4,20,6,4,65.0,2.0,1,2,29,2,0,5,2,64,
2026-08-28 00:00:00,2026-08-29 15:00:00,NBS,76,58,200,8,,,,,,,,,-88,100,75,10,0,0,0,0,0,,94,,35,KMDW,,26,22,10,42,,,2,3,36,3,0,0,2,69,
2026-08-28 00:00:00,2026-08-29 18:00:00,NBS,80,58,210,10,0.0,,0.0,,,1.0,,,-88,100,82,13,1,0,0,0,0,0.0,100,0.0,39,KMDW,,41,22,10,53,,,3,3,25,3,0,0,2,73,
2026-08-28 00:00:00,2026-08-29 21:00:00,NBS,80,59,190,10,,,,,,,,,-88,100,80,12,1,0,0,0,6,,120,,35,KMDW,,39,20,10,33,,,3,3,17,4,0,0,2,72,
2026-08-28 00:00:00,2026-08-30 00:00:00,NBS,78,59,170,9,3.0,3.0,0.0,0.0,,2.0,,2.0,-88,100,83,10,1,0,0,0,7,0.0,140,0.0,70,KMDW,0.0,19,18,9,6,82.0,3.0,3,3,12,4,0,0,3,71,
2026-08-28 00:00:00,2026-08-30 03:00:00,NBS,75,60,160,10,,,,,,,,,-88,100,78,12,1,0,0,0,3,,140,,70,KMDW,,5,15,10,0,,,2,3,17,4,0,0,2,68,
2026-08-28 00:00:00,2026-08-30 06:00:00,NBS,73,59,180,10,9.0,,0.0,,,6.0,,,-88,100,71,13,3,0,0,0,6,0.0,140,0.0,70,KMDW,,5,18,10,0,,,2,3,24,4,0,2,2,67,
2026-08-28 00:00:00,2026-08-30 09:00:00,NBS,71,60,180,10,,,,,,,,,-88,100,56,14,4,0,0,0,8,,140,,100,KMDW,,5,18,11,0,,,2,2,28,4,0,3,2,66,
2026-08-28 00:00:00,2026-08-30 12:00:00,NBS,71,60,190,11,13.0,21.0,0.0,0.0,,9.0,,10.0,-88,100,64,15,5,0,0,0,8,0.0,140,0.0,90,KMDW,0.0,5,20,11,0,70.0,2.0,2,2,11,4,0,2,2,67,
2026-08-28 00:00:00,2026-08-30 15:00:00,NBS,77,61,200,13,,,,,,,,,-88,100,54,19,5,0,0,0,9,,140,,90,KMDW,,17,21,15,27,,,2,2,20,5,0,2,2,71,
2026-08-28 00:00:00,2026-08-30 18:00:00,NBS,84,64,210,14,8.0,,0.0,,,8.0,,,-88,100,41,22,4,0,0,0,8,0.0,140,0.0,100,KMDW,,33,22,19,49,,,3,3,26,6,0,0,3,79,
2026-08-28 00:00:00,2026-08-30 21:00:00,NBS,86,65,200,15,,,,,,,,,-88,100,35,23,7,0,0,0,1,,140,,120,KMDW,,33,21,18,63,,,3,4,26,6,0,0,3,77,
2026-08-28 00:00:00,2026-08-31 00:00:00,NBS,84,65,200,12,1.0,8.0,0.0,0.0,,12.0,,14.0,-88,100,61,16,10,0,0,0,3,0.0,140,0.0,110,KMDW,0.0,14,20,12,44,86.0,2.0,2,4,20,6,0,0,3,76,
2026-08-28 06:00:00,2026-08-28 12:00:00,NBS,65,61,170,0,0.0,,0.0,,15.0,2.0,14.0,,-88,100,15,2,1,0,0,0,0,0.0,89,0.0,60,KMDW,,4,17,4,6,,,1,2,18,1,3,8,2,64,15/2
2026-08-28 06:00:00,2026-08-28 15:00:00,NBS,75,59,180,0,,,,,,,,,-88,100,12,3,1,0,0,0,0,,89,,50,KMDW,,20,19,4,49,,,1,3,18,2,0,0,3,70,
2026-08-28 06:00:00,2026-08-28 18:00:00,NBS,80,58,210,3,1.0,,0.0,,,3.0,,,-88,100,10,3,1,0,0,0,0,0.0,90,0.0,50,KMDW,,62,23,4,80,,,2,2,7,2,0,0,3,75,
2026-08-28 06:00:00,2026-08-28 21:00:00,NBS,81,58,210,6,,,,,,,,,-88,100,36,6,3,0,0,0,0,,92,,60,KMDW,,65,23,6,56,,,2,2,26,3,0,0,2,72,
2026-08-28 06:00:00,2026-08-29 00:00:00,NBS,78,58,190,7,2.0,2.0,0.0,0.0,,10.0,,10.0,-88,100,23,7,3,0,0,0,0,0.0,91,0.0,48,KMDW,0.0,16,22,7,14,82.0,2.0,1,3,21,2,0,0,2,71,
2026-08-28 06:00:00,2026-08-29 03:00:00,NBS,73,60,190,7,,,,,,,,,-88,100,28,7,2,0,0,0,0,,92,,80,KMDW,,4,20,7,0,,,1,3,24,2,0,1,1,67,
2026-08-28 06:00:00,2026-08-29 06:00:00,NBS,69,59,190,7,0.0,,0.0,,,5.0,,,-88,100,36,7,1,0,0,0,0,0.0,90,0.0,150,KMDW,,4,19,7,0,,,1,3,33,2,0,0,1,64,
2026-08-28 06:00:00,2026-08-29 09:00:00,NBS,67,59,200,7,,,,,,,,,-88,100,25,7,0,0,0,0,0,,88,,190,KMDW,,4,20,7,0,,,1,2,33,3,0,0,2,63,
2026-08-28 06:00:00,2026-08-29 12:00:00,NBS,66,59,200,6,0.0,0.0,0.0,0.0,,1.0,,5.0,-88,100,27,7,0,0,0,0,0,0.0,87,0.0,110,KMDW,0.0,4,21,6,5,65.0,2.0,1,2,29,2,0,2,2,64,
2026-08-28 06:00:00,2026-08-29 15:00:00,NBS,76,59,210,8,,,,,,,,,150,100,66,10,0,0,0,0,0,,93,,150,KMDW,,24,21,8,49,,,2,3,34,3,0,0,2,69,
2026-08-28 06:00:00,2026-08-29 18:00:00,NBS,80,59,220,10,1.0,,0.0,,,1.0,,,130,100,90,12,1,0,0,0,0,0.0,110,0.0,80,KMDW,,47,22,10,56,,,3,3,10,3,0,0,2,73,
2026-08-28 06:00:00,2026-08-29 21:00:00,NBS,80,60,210,10,,,,,,,,,-88,100,95,12,1,0,0,0,16,,130,,43,KMDW,,39,22,10,38,,,4,3,8,4,0,0,2,72,
2026-08-28 06:00:00,2026-08-30 00:00:00,NBS,77,61,180,9,2.0,2.0,0.0,0.0,,2.0,,2.0,-88,100,82,10,1,0,0,0,4,0.0,140,0.0,80,KMDW,0.0,16,18,9,8,81.0,3.0,3,3,26,5,0,0,3,70,
2026-08-28 06:00:00,2026-08-30 03:00:00,NBS,75,61,160,10,,,,,,,,,-88,100,82,12,2,0,0,0,2,,140,,60,KMDW,,6,18,10,0,,,2,3,18,5,0,0,3,69,
2026-08-28 06:00:00,2026-08-30 06:00:00,NBS,73,60,170,11,4.0,,0.0,,,8.0,,,-88,100,65,13,5,0,0,0,2,0.0,140,0.0,70,KMDW,,5,17,11,0,,,2,3,22,5,0,3,2,67,
2026-08-28 06:00:00,2026-08-30 09:00:00,NBS,72,61,180,11,,,,,,,,,-88,100,61,15,4,0,0,0,4,,140,,60,KMDW,,5,18,11,0,,,2,2,22,5,0,4,2,67,
2026-08-28 06:00:00,2026-08-30 12:00:00,NBS,72,61,190,11,7.0,14.0,0.0,0.0,,10.0,,12.0,-88,100,65,15,6,0,0,0,5,0.0,140,0.0,90,KMDW,0.0,7,19,11,0,70.0,2.0,2,2,22,4,0,5,2,67,
2026-08-28 06:00:00,2026-08-30 15:00:00,NBS,78,61,200,13,,,,,,,,,-88,100,59,20,5,0,0,0,6,,140,,90,KMDW,,17,21,13,23,,,2,2,25,5,0,1,2,72,
2026-08-28 06:00:00,2026-08-30 18:00:00,NBS,84,63,210,14,6.0,,0.0,,,8.0,,,-88,100,52,22,4,0,0,0,6,0.0,140,0.0,90,KMDW,,31,21,17,40,,,3,3,32,5,0,0,3,79,
2026-08-28 06:00:00,2026-08-30 21:00:00,NBS,86,64,200,14,,,,,,,,,-88,100,56,22,8,0,0,0,4,,140,,130,KMDW,,34,21,17,54,,,3,4,19,6,0,0,3,77,
2026-08-28 06:00:00,2026-08-31 00:00:00,NBS,83,64,200,11,1.0,9.0,0.0,0.0,,11.0,,14.0,-88,100,63,14,9,0,0,0,5,0.0,140,0.0,120,KMDW,0.0,17,20,11,40,86.0,3.0,3,4,18,6,0,0,3,76,
2026-08-28 06:00:00,2026-08-31 03:00:00,NBS,79,64,190,11,,,,,,,,,-88,100,61,15,10,0,0,0,24,,140,,110,KMDW,,5,20,11,0,,,2,4,18,6,1,0,3,72,
2026-08-28 06:00:00,2026-08-31 06:00:00,NBS,77,62,200,10,8.0,,0.0,,,15.0,,,-88,100,66,13,8,0,0,0,9,0.0,140,0.0,130,KMDW,,6,21,10,0,,,2,4,16,5,2,0,3,70,
2026-08-28 12:00:00,2026-08-28 18:00:00,NBS,80,59,220,3,1.0,,0.0,,15.0,1.0,,,-88,100,9,4,0,0,0,0,0,0.0,90,0.0,50,KMDW,,64,23,5,81,,,2,2,8,2,3,0,3,75,15/1
2026-08-28 12:00:00,2026-08-28 21:00:00,NBS,81,59,220,6,,,,,,,,,-88,100,18,6,1,0,0,0,0,,93,,60,KMDW,,64,23,6,61,,,2,2,26,2,2,0,2,72,
2026-08-28 12:00:00,2026-08-29 00:00:00,NBS,79,59,220,6,2.0,2.0,0.0,0.0,,7.0,,7.0,-88,100,13,7,1,0,0,0,0,0.0,89,0.0,45,KMDW,0.0,17,22,6,12,82.0,2.0,1,3,11,2,0,0,2,71,
2026-08-28 12:00:00,2026-08-29 03:00:00,NBS,73,61,200,6,,,,,,,,,-88,100,28,7,1,0,0,0,0,,90,,150,KMDW,,4,21,6,0,,,1,3,26,2,0,0,1,68,
2026-08-28 12:00:00,2026-08-29 06:00:00,NBS,70,60,200,7,0.0,,0.0,,,4.0,,,-88,100,25,7,0,0,0,0,0,0.0,90,0.0,200,KMDW,,4,19,7,0,,,1,2,26,2,0,0,1,66,
2026-08-28 12:00:00,2026-08-29 09:00:00,NBS,67,60,200,6,,,,,,,,,-88,100,34,7,0,0,0,0,0,,89,,120,KMDW,,4,19,9,0,,,1,2,35,3,0,0,2,64,
2026-08-28 12:00:00,2026-08-29 12:00:00,NBS,66,60,200,6,0.0,0.0,0.0,0.0,,1.0,,4.0,-88,100,36,7,0,0,0,0,0,0.0,88,0.0,170,KMDW,0.0,4,20,9,5,66.0,2.0,1,2,33,2,0,0,1,65,
2026-08-28 12:00:00,2026-08-29 15:00:00,NBS,76,60,210,8,,,,,,,,,160,100,75,9,0,0,0,0,0,,99,,160,KMDW,,17,21,10,46,,,2,3,29,3,0,0,2,70,
2026-08-28 12:00:00,2026-08-29 18:00:00,NBS,80,60,220,9,1.0,,0.0,,,1.0,,,130,100,95,11,0,0,0,0,0,0.0,110,0.0,120,KMDW,,43,22,10,56,,,3,3,8,3,0,0,2,73,
2026-08-28 12:00:00,2026-08-29 21:00:00,NBS,80,61,210,9,,,,,,,,,90,100,96,11,1,0,0,0,8,,130,,100,KMDW,,30,20,9,23,,,3,3,6,4,0,0,2,72,
2026-08-28 12:00:00,2026-08-30 00:00:00,NBS,78,61,180,9,4.0,2.0,0.0,0.0,,2.0,,2.0,130,100,79,9,1,0,0,0,4,0.0,140,0.0,110,KMDW,0.0,13,18,9,6,82.0,2.0,2,3,27,5,0,0,3,71,
2026-08-28 12:00:00,2026-08-30 03:00:00,NBS,75,62,170,10,,,,,,,,,-88,100,87,12,2,0,0,0,12,,140,,60,KMDW,,5,17,10,0,,,2,3,16,5,0,0,3,69,
2026-08-28 12:00:00,2026-08-30 06:00:00,NBS,74,61,180,11,6.0,,0.0,,,5.0,,,-88,100,94,13,3,0,0,0,2,0.0,140,0.0,60,KMDW,,5,18,12,0,,,2,3,8,4,0,0,2,68,
2026-08-28 12:00:00,2026-08-30 09:00:00,NBS,72,61,190,11,,,,,,,,,-88,100,55,15,4,0,0,0,4,,140,,60,KMDW,,5,19,11,0,,,2,2,21,4,0,2,2,67,
2026-08-28 12:00:00,2026-08-30 12:00:00,NBS,72,62,200,11,6.0,11.0,0.0,0.0,,14.0,,16.0,-88,100,59,15,8,0,0,0,4,0.0,140,0.0,80,KMDW,0.0,6,20,11,4,71.0,3.0,2,2,24,4,0,3,2,68,
2026-08-28 12:00:00,2026-08-30 15:00:00,NBS,78,62,200,13,,,,,,,,,-88,100,68,20,9,0,0,0,12,,140,,80,KMDW,,13,21,16,36,,,2,2,27,5,0,3,2,72,
2026-08-28 12:00:00,2026-08-30 18:00:00,NBS,84,64,210,15,6.0,,0.0,,,15.0,,,-88,100,52,23,6,0,0,0,11,0.0,140,0.0,90,KMDW,,28,22,18,52,,,3,3,25,5,0,0,2,79,
2026-08-28 12:00:00,2026-08-30 21:00:00,NBS,87,65,210,14,,,,,,,,,-88,100,42,22,8,0,0,0,4,,140,,120,KMDW,,34,21,16,66,,,3,3,20,6,0,0,3,77,
2026-08-28 12:00:00,2026-08-31 00:00:00,NBS,84,65,200,11,2.0,8.0,0.0,0.0,,9.0,,21.0,-88,100,59,14,9,0,0,0,4,0.0,140,0.0,100,KMDW,0.0,12,20,11,44,87.0,3.0,2,4,24,6,0,0,3,76,
2026-08-28 12:00:00,2026-08-31 03:00:00,NBS,80,64,200,10,,,,,,,,,-88,100,60,14,8,0,0,0,7,,140,,80,KMDW,,5,21,10,0,,,2,4,19,6,3,0,3,73,
2026-08-28 12:00:00,2026-08-31 06:00:00,NBS,78,62,210,10,4.0,,0.0,,,16.0,,,-88,100,67,13,9,0,0,0,10,0.0,140,0.0,90,KMDW,,5,23,10,0,,,2,4,14,5,2,0,2,71,
2026-08-28 12:00:00,2026-08-31 09:00:00,NBS,75,62,200,10,,,,,,,,,-88,100,47,13,8,0,0,0,10,,140,,60,KMDW,,7,19,10,0,,,2,4,18,5,0,8,3,69,
2026-08-28 12:00:00,2026-08-31 12:00:00,NBS,75,63,200,10,10.0,15.0,0.0,0.0,,15.0,,20.0,-88,100,56,12,8,0,0,0,11,0.0,140,0.0,90,KMDW,0.0,6,19,10,0,74.0,3.0,2,3,10,5,0,9,3,69,
2026-08-28 18:00:00,2026-08-29 00:00:00,NBS,78,59,210,6,3.0,,0.0,,7.0,9.0,19.0,,-88,100,19,7,2,0,0,0,0,0.0,89,0.0,49,KMDW,,14,24,6,12,,,1,2,17,2,0,0,2,71,7/9
2026-08-28 18:00:00,2026-08-29 03:00:00,NBS,73,61,200,6,,,,,,,,,-88,100,11,7,1,0,0,0,0,,88,,200,KMDW,,4,22,6,0,,,1,2,10,2,0,0,1,67,
2026-08-28 18:00:00,2026-08-29 06:00:00,NBS,70,60,190,7,0.0,,0.0,,,4.0,,,-88,100,52,7,1,0,0,0,0,0.0,87,0.0,120,KMDW,,4,20,7,0,,,1,2,41,2,0,0,1,65,
2026-08-28 18:00:00,2026-08-29 09:00:00,NBS,67,60,200,6,,,,,,,,,-88,100,48,7,0,0,0,0,0,,86,,130,KMDW,,4,20,8,0,,,1,2,41,2,0,0,1,64,
2026-08-28 18:00:00,2026-08-29 12:00:00,NBS,66,60,200,6,0.0,0.0,0.0,0.0,,1.0,,4.0,-88,100,39,7,0,0,0,0,0,0.0,87,0.0,160,KMDW,0.0,4,20,8,6,66.0,2.0,1,2,41,2,0,0,1,64,
2026-08-28 18:00:00,2026-08-29 15:00:00,NBS,76,60,210,8,,,,,,,,,210,100,71,10,0,0,0,0,0,,100,,160,KMDW,,21,22,10,47,,,2,3,25,3,0,0,1,70,
2026-08-28 18:00:00,2026-08-29 18:00:00,NBS,81,60,220,10,1.0,,0.0,,,1.0,,,210,100,85,12,0,0,0,0,0,0.0,110,0.0,150,KMDW,,45,23,11,60,,,3,3,15,3,0,0,2,74,
2026-08-28 18:00:00,2026-08-29 21:00:00,NBS,80,61,200,10,,,,,,,,,110,100,95,12,1,0,0,0,4,,130,,100,KMDW,,36,20,10,35,,,3,3,6,4,0,0,2,72,
2026-08-28 18:00:00,2026-08-30 00:00:00,NBS,78,61,170,9,6.0,2.0,0.0,0.0,,2.0,,2.0,210,100,73,10,1,0,0,0,4,0.0,140,0.0,160,KMDW,1.0,14,18,10,7,81.0,2.0,2,3,25,5,0,0,3,71,
2026-08-28 18:00:00,2026-08-30 03:00:00,NBS,75,62,170,10,,,,,,,,,140,100,64,12,2,0,0,0,8,,140,,120,KMDW,,5,18,10,0,,,2,3,32,4,0,0,2,69,
2026-08-28 18:00:00,2026-08-30 06:00:00,NBS,73,61,170,10,14.0,,0.0,,,6.0,,,130,100,82,13,4,0,0,0,2,0.0,140,0.0,110,KMDW,,5,18,11,0,,,2,3,24,4,0,2,2,68,
2026-08-28 18:00:00,2026-08-30 09:00:00,NBS,72,61,190,11,,,,,,,,,-88,100,45,15,6,0,0,0,3,,140,,70,KMDW,,7,20,13,0,,,2,2,34,5,0,0,2,67,
2026-08-28 18:00:00,2026-08-30 12:00:00,NBS,72,61,200,11,6.0,14.0,0.0,0.0,,16.0,,18.0,-88,100,48,16,10,0,0,0,4,0.0,140,0.0,60,KMDW,0.0,9,21,12,3,71.0,2.0,2,2,35,5,0,0,3,68,
2026-08-28 18:00:00,2026-08-30 15:00:00,NBS,78,63,210,13,,,,,,,,,-88,100,62,19,9,0,0,0,4,,140,,50,KMDW,,16,21,15,22,,,2,2,38,6,0,2,3,72,
2026-08-28 18:00:00,2026-08-30 18:00:00,NBS,84,64,210,14,11.0,,0.0,,,15.0,,,-88,100,44,22,6,0,0,0,4,0.0,140,0.0,110,KMDW,,28,22,18,53,,,3,2,41,6,1,0,2,80,
2026-08-28 18:00:00,2026-08-30 21:00:00,NBS,87,65,210,14,,,,,,,,,-88,100,48,21,9,0,0,0,1,,140,,110,KMDW,,33,22,16,57,,,3,3,29,6,0,0,3,78,
2026-08-28 18:00:00,2026-08-31 00:00:00,NBS,84,65,200,10,1.0,13.0,0.0,0.0,,12.0,,22.0,-88,100,56,13,11,0,0,0,1,0.0,140,0.0,120,KMDW,0.0,19,21,13,22,87.0,3.0,2,3,31,6,0,0,3,76,
2026-08-28 18:00:00,2026-08-31 03:00:00,NBS,80,65,190,10,,,,,,,,,-88,100,65,13,11,0,0,0,2,,140,,110,KMDW,,6,20,10,0,,,2,3,16,6,3,0,3,72,
2026-08-28 18:00:00,2026-08-31 06:00:00,NBS,77,63,200,10,2.0,,0.0,,,19.0,,,-88,100,67,12,10,0,0,0,4,0.0,140,0.0,100,KMDW,,6,21,10,0,,,2,4,18,5,4,3,3,70,
2026-08-28 18:00:00,2026-08-31 09:00:00,NBS,75,62,200,10,,,,,,,,,-88,100,56,12,8,0,0,0,7,,140,,100,KMDW,,5,20,10,0,,,2,3,29,5,0,4,3,69,
2026-08-28 18:00:00,2026-08-31 12:00:00,NBS,75,63,190,10,6.0,10.0,0.0,0.0,,13.0,,19.0,-88,100,58,11,6,0,0,0,6,0.0,140,0.0,100,KMDW,0.0,6,19,10,0,74.0,3.0,2,3,19,5,0,9,3,70,
2026-08-28 18:00:00,2026-08-31 15:00:00,NBS,81,64,200,10,,,,,,,,,-88,100,63,14,4,0,0,0,3,,140,,110,KMDW,,12,20,10,20,,,2,4,21,5,3,2,2,74,
2026-08-28 18:00:00,2026-08-31 18:00:00,NBS,87,67,210,12,4.0,,0.0,,,7.0,,,-88,100,55,16,4,0,0,0,3,0.0,140,0.0,120,KMDW,,22,22,12,34,,,3,4,28,5,0,1,3,82,
2026-08-29 00:00:00,2026-08-29 06:00:00,NBS,70,60,200,7,0.0,,0.0,,12.0,4.0,,,-88,100,39,7,1,0,0,0,0,0.0,87,0.0,150,KMDW,,4,21,7,0,,,1,2,37,2,1,0,1,66,12/4
2026-08-29 00:00:00,2026-08-29 09:00:00,NBS,67,60,200,6,,,,,,,,,-88,100,50,7,0,0,0,0,0,,87,,110,KMDW,,4,20,7,0,,,1,2,41,2,0,0,1,64,
2026-08-29 00:00:00,2026-08-29 12:00:00,NBS,66,60,200,6,0.0,0.0,0.0,0.0,,1.0,,4.0,-88,100,49,7,0,0,0,0,0,0.0,87,0.0,120,KMDW,0.0,4,20,7,6,66.0,2.0,1,2,38,2,0,0,1,64,
2026-08-29 00:00:00,2026-08-29 15:00:00,NBS,76,61,220,8,,,,,,,,,220,100,63,10,0,0,0,0,0,,100,,170,KMDW,,19,22,11,45,,,2,3,30,3,0,0,1,70,
2026-08-29 00:00:00,2026-08-29 18:00:00,NBS,81,61,230,10,1.0,,0.0,,,1.0,,,160,100,83,12,1,0,0,0,0,0.0,120,0.0,130,KMDW,,46,23,11,65,,,3,3,12,3,0,0,2,74,
2026-08-29 00:00:00,2026-08-29 21:00:00,NBS,80,61,190,9,,,,,,,,,140,100,87,12,1,0,0,0,0,,130,,110,KMDW,,41,20,12,35,,,3,3,10,4,0,0,2,73,
2026-08-29 00:00:00,2026-08-30 00:00:00,NBS,78,61,170,9,5.0,2.0,0.0,0.0,,2.0,,2.0,170,100,74,10,1,0,0,0,0,0.0,140,0.0,120,KMDW,1.0,13,18,11,6,82.0,2.0,2,3,22,5,0,0,2,71,
2026-08-29 00:00:00,2026-08-30 03:00:00,NBS,75,61,170,10,,,,,,,,,-88,100,52,13,1,0,0,0,8,,140,,130,KMDW,,5,18,10,0,,,2,3,27,4,0,0,2,69,
2026-08-29 00:00:00,2026-08-30 06:00:00,NBS,74,60,180,10,12.0,,0.0,,,7.0,,,220,100,73,14,4,0,0,0,6,0.0,140,0.0,160,KMDW,,5,18,12,0,,,2,2,26,4,0,2,2,68,
2026-08-29 00:00:00,2026-08-30 09:00:00,NBS,72,61,190,10,,,,,,,,,-88,100,47,15,6,0,0,0,10,,140,,100,KMDW,,5,20,13,0,,,2,2,34,5,0,1,2,67,
2026-08-29 00:00:00,2026-08-30 12:00:00,NBS,72,61,210,11,14.0,12.0,0.0,0.0,,16.0,,18.0,130,100,60,16,10,0,0,0,15,0.0,140,0.0,100,KMDW,0.0,7,21,14,2,71.0,2.0,2,2,25,5,0,0,2,68,
2026-08-29 00:00:00,2026-08-30 15:00:00,NBS,77,63,210,12,,,,,,,,,-88,100,52,17,9,0,0,0,32,,140,,50,KMDW,,16,21,18,30,,,2,3,40,5,0,2,3,72,
2026-08-29 00:00:00,2026-08-30 18:00:00,NBS,84,65,220,13,14.0,,0.0,,,14.0,,,-88,100,51,20,6,0,0,0,12,0.0,140,0.0,60,KMDW,,31,22,23,66,,,2,3,36,5,0,0,3,80,
2026-08-29 00:00:00,2026-08-30 21:00:00,NBS,87,65,220,14,,,,,,,,,-88,100,47,21,7,0,0,0,0,,140,,110,KMDW,,34,23,18,55,,,2,3,27,5,0,0,3,78,
2026-08-29 00:00:00,2026-08-31 00:00:00,NBS,83,65,220,10,1.0,30.0,0.0,0.0,,10.0,,20.0,-88,100,43,13,10,0,0,0,0,0.0,140,0.0,70,KMDW,0.0,14,23,10,18,87.0,2.0,2,4,30,5,0,0,3,76,
2026-08-29 00:00:00,2026-08-31 03:00:00,NBS,79,64,190,10,,,,,,,,,-88,100,64,13,8,0,0,0,1,,140,,70,KMDW,,5,21,10,0,,,2,4,32,5,1,0,3,72,
2026-08-29 00:00:00,2026-08-31 06:00:00,NBS,77,62,200,10,2.0,,0.0,,,12.0,,,-88,100,47,12,7,0,0,0,3,0.0,140,0.0,110,KMDW,,5,21,10,0,,,2,4,27,4,0,4,3,70,
2026-08-29 00:00:00,2026-08-31 09:00:00,NBS,75,62,210,10,,,,,,,,,-88,100,56,12,6,0,0,0,6,,140,,80,KMDW,,5,21,10,0,,,2,3,30,5,0,4,3,69,
2026-08-29 00:00:00,2026-08-31 12:00:00,NBS,75,62,200,9,7.0,10.0,0.0,0.0,,11.0,,15.0,-88,100,55,11,5,0,0,0,5,0.0,140,0.0,100,KMDW,0.0,5,21,9,0,74.0,2.0,2,3,28,4,0,7,3,70,
2026-08-29 00:00:00,2026-08-31 15:00:00,NBS,80,64,210,10,,,,,,,,,-88,100,63,14,5,0,0,0,6,,140,,100,KMDW,,10,22,13,8,,,2,4,24,4,3,1,3,74,
2026-08-29 00:00:00,2026-08-31 18:00:00,NBS,87,67,220,11,4.0,,0.0,,,9.0,,,-88,100,54,15,6,0,0,0,7,0.0,140,0.0,110,KMDW,,12,23,13,24,,,3,4,30,5,0,0,3,82,
2026-08-29 00:00:00,2026-08-31 21:00:00,NBS,90,68,200,12,,,,,,,,,-88,100,40,16,8,0,0,0,1,,140,,120,KMDW,,19,20,12,63,,,3,4,37,5,0,0,3,81,
2026-08-29 00:00:00,2026-09-01 00:00:00,NBS,86,68,200,10,1.0,6.0,0.0,0.0,,12.0,,17.0,-88,100,48,11,9,0,0,0,1,0.0,140,0.0,120,KMDW,0.0,9,19,10,42,90.0,3.0,3,5,33,5,0,0,2,78,
2026-08-29 06:00:00,2026-08-29 12:00:00,NBS,66,60,200,6,0.0,,0.0,,16.0,1.0,21.0,,-88,100,42,7,0,0,0,0,0,0.0,88,0.0,130,KMDW,,4,21,7,6,,,1,2,37,2,0,0,1,64,16/1
2026-08-29 06:00:00,2026-08-29 15:00:00,NBS,76,61,210,8,,,,,,,,,140,100,59,10,0,0,0,0,0,,89,,140,KMDW,,20,20,10,50,,,2,3,28,3,0,0,2,71,
2026-08-29 06:00:00,2026-08-29 18:00:00,NBS,81,62,220,10,1.0,,0.0,,,1.0,,,130,100,88,12,0,0,0,0,0,0.0,110,0.0,100,KMDW,,49,23,11,63,,,3,2,12,3,0,0,2,74,
2026-08-29 06:00:00,2026-08-29 21:00:00,NBS,81,62,200,10,,,,,,,,,110,100,86,12,0,0,0,0,0,,130,,90,KMDW,,45,20,11,28,,,3,3,13,5,0,0,3,72,
2026-08-29 06:00:00,2026-08-30 00:00:00,NBS,78,61,180,10,3.0,1.0,0.0,0.0,,2.0,,2.0,230,100,79,11,1,0,0,0,17,0.0,140,0.0,160,KMDW,0.0,12,18,10,7,82.0,2.0,2,3,23,4,0,0,2,71,
2026-08-29 06:00:00,2026-08-30 03:00:00,NBS,75,61,170,10,,,,,,,,,250,100,68,14,1,0,0,0,1,,140,,170,KMDW,,5,18,10,0,,,2,3,31,4,0,0,2,69,
2026-08-29 06:00:00,2026-08-30 06:00:00,NBS,74,61,180,10,9.0,,0.0,,,7.0,,,90,100,58,14,5,0,0,0,6,0.0,140,0.0,90,KMDW,,5,18,10,0,,,2,2,31,4,0,0,2,68,
2026-08-29 06:00:00,2026-08-30 09:00:00,NBS,72,62,190,11,,,,,,,,,90,100,57,15,7,0,0,0,11,,150,,90,KMDW,,5,19,11,0,,,2,2,35,5,1,0,3,68,
2026-08-29 06:00:00,2026-08-30 12:00:00,NBS,72,62,200,11,28.0,14.0,0.0,0.0,,16.0,,17.0,90,100,81,16,8,0,0,0,17,0.0,150,0.0,90,KMDW,1.0,6,20,11,1,71.0,3.0,2,2,11,5,0,0,3,68,
2026-08-29 06:00:00,2026-08-30 15:00:00,NBS,77,64,200,12,,,,,,,,,130,100,92,18,6,0,0,0,35,,150,,100,KMDW,,11,20,15,27,,,3,3,7,6,1,0,2,72,
2026-08-29 06:00:00,2026-08-30 18:00:00,NBS,83,66,210,14,30.0,,0.0,,,11.0,,,160,100,58,21,5,0,0,0,6,0.0,150,0.0,130,KMDW,,22,22,19,58,,,4,3,32,6,0,0,3,79,
2026-08-29 06:00:00,2026-08-30 21:00:00,NBS,86,66,210,13,,,,,,,,,-88,100,72,19,8,0,0,0,24,,150,,70,KMDW,,25,22,15,38,,,3,3,27,6,0,0,3,78,
2026-08-29 06:00:00,2026-08-31 00:00:00,NBS,83,66,200,10,3.0,30.0,0.0,0.0,,12.0,,16.0,-88,100,78,12,10,0,0,0,14,0.0,150,0.0,70,KMDW,0.0,12,21,11,12,86.0,3.0,3,4,31,6,0,0,3,75,
2026-08-29 06:00:00,2026-08-31 03:00:00,NBS,79,65,190,9,,,,,,,,,-88,100,51,12,10,0,0,0,2,,140,,70,KMDW,,5,20,10,0,,,2,4,29,5,1,0,2,72,
2026-08-29 06:00:00,2026-08-31 06:00:00,NBS,77,63,200,10,3.0,,0.0,,,17.0,,,-88,100,34,12,8,0,0,0,9,0.0,140,0.0,90,KMDW,,5,20,10,0,,,2,4,27,4,0,7,2,70,
2026-08-29 06:00:00,2026-08-31 09:00:00,NBS,75,63,200,9,,,,,,,,,-88,100,65,11,6,0,0,0,3,,140,,100,KMDW,,5,20,10,0,,,2,3,24,4,0,7,2,69,
2026-08-29 06:00:00,2026-08-31 12:00:00,NBS,74,63,200,9,5.0,8.0,0.0,0.0,,13.0,,18.0,-88,100,61,12,6,0,0,0,3,0.0,140,0.0,110,KMDW,0.0,5,21,10,1,73.0,3.0,2,3,20,4,0,7,2,69,
2026-08-29 06:00:00,2026-08-31 15:00:00,NBS,80,64,210,10,,,,,,,,,-88,100,65,14,7,0,0,0,13,,140,,90,KMDW,,12,22,13,16,,,2,3,24,5,0,1,3,74,
2026-08-29 06:00:00,2026-08-31 18:00:00,NBS,87,67,210,11,5.0,,0.0,,,12.0,,,-88,100,58,16,5,0,0,0,2,0.0,140,0.0,120,KMDW,,21,22,14,33,,,3,3,29,6,0,0,3,81,
2026-08-29 06:00:00,2026-08-31 21:00:00,NBS,89,69,210,12,,,,,,,,,-88,100,54,17,10,0,0,0,1,,140,,110,KMDW,,28,22,13,44,,,3,3,26,6,0,0,3,81,
2026-08-29 06:00:00,2026-09-01 00:00:00,NBS,86,69,210,10,0.0,5.0,0.0,0.0,,16.0,,21.0,-88,100,55,13,11,0,0,0,1,0.0,140,0.0,130,KMDW,0.0,12,21,10,34,89.0,3.0,3,4,27,5,0,0,3,78,
2026-08-29 06:00:00,2026-09-01 03:00:00,NBS,81,68,210,10,,,,,,,,,-88,100,50,11,9,0,0,0,3,,140,,120,KMDW,,5,23,10,0,,,3,4,28,5,3,0,2,75,
2026-08-29 06:00:00,2026-09-01 06:00:00,NBS,79,67,220,9,1.0,,0.0,,,16.0,,,-88,100,58,10,9,0,0,0,5,0.0,140,0.0,110,KMDW,,5,22,9,0,,,2,4,21,5,4,3,3,73,
2026-08-29 12:00:00,2026-08-29 18:00:00,NBS,81,62,210,10,2.0,,0.0,,18.0,0.0,,,260,100,85,12,0,0,0,0,0,0.0,100,0.0,190,KMDW,,48,22,12,59,,,3,3,16,3,0,0,2,75,18/0
2026-08-29 12:00:00,2026-08-29 21:00:00,NBS,81,62,200,10,,,,,,,,,140,100,88,13,1,0,0,0,36,,130,,110,KMDW,,32,19,12,14,,,3,3,13,4,0,0,2,73,
2026-08-29 12:00:00,2026-08-30 00:00:00,NBS,79,62,180,10,8.0,2.0,0.0,0.0,,2.0,,2.0,140,100,84,11,1,0,0,0,6,0.0,140,0.0,120,KMDW,0.0,12,18,11,7,82.0,2.0,2,3,23,4,0,0,2,72,
2026-08-29 12:00:00,2026-08-30 03:00:00,NBS,76,62,170,10,,,,,,,,,140,100,59,14,2,0,0,0,15,,140,,120,KMDW,,5,18,11,0,,,2,3,31,3,0,0,2,69,
2026-08-29 12:00:00,2026-08-30 06:00:00,NBS,74,61,170,10,15.0,,0.0,,,8.0,,,130,100,58,14,4,0,0,0,13,0.0,140,0.0,110,KMDW,,5,18,12,0,,,2,2,32,3,0,0,2,68,
2026-08-29 12:00:00,2026-08-30 09:00:00,NBS,73,62,190,10,,,,,,,,,110,100,62,15,7,0,0,0,11,,150,,100,KMDW,,5,20,12,0,,,2,2,35,4,0,0,2,68,
2026-08-29 12:00:00,2026-08-30 12:00:00,NBS,73,63,200,11,20.0,29.0,0.0,0.0,,18.0,,19.0,90,100,81,15,11,0,0,0,16,0.0,140,0.0,90,KMDW,2.0,6,20,12,2,71.0,3.0,2,2,12,4,0,0,3,68,
2026-08-29 12:00:00,2026-08-30 15:00:00,NBS,77,64,200,11,,,,,,,,,110,100,75,17,13,0,0,0,19,,150,,100,KMDW,,12,20,17,29,,,3,2,35,6,0,0,3,72,
2026-08-29 12:00:00,2026-08-30 18:00:00,NBS,83,66,210,13,36.0,,6.0,,,21.0,,,-88,100,47,21,9,0,0,0,6,0.0,150,0.0,90,KMDW,,23,21,21,69,,,4,3,30,7,0,0,3,79,
2026-08-29 12:00:00,2026-08-30 21:00:00,NBS,86,67,210,14,,,,,,,,,-88,100,57,21,9,0,0,0,0,,150,,160,KMDW,,22,22,19,46,,,3,3,34,6,0,0,3,78,
2026-08-29 12:00:00,2026-08-31 00:00:00,NBS,83,66,210,11,21.0,49.0,0.0,6.0,,14.0,,26.0,150,100,92,15,12,0,0,0,24,0.0,150,0.0,120,KMDW,5.0,10,22,11,10,86.0,3.0,2,3,8,6,0,0,3,76,
2026-08-29 12:00:00,2026-08-31 03:00:00,NBS,80,65,200,10,,,,,,,,,-88,100,63,14,11,0,0,0,1,,140,,70,KMDW,,5,20,10,0,,,2,3,27,5,1,0,2,72,
2026-08-29 12:00:00,2026-08-31 06:00:00,NBS,78,63,200,10,2.0,,0.0,,,14.0,,,-88,100,53,13,6,0,0,0,2,0.0,140,0.0,80,KMDW,,5,20,12,0,,,2,3,32,4,0,4,2,71,
2026-08-29 12:00:00,2026-08-31 09:00:00,NBS,75,62,210,9,,,,,,,,,-88,100,51,12,6,0,0,0,3,,140,,80,KMDW,,5,20,13,0,,,2,3,26,4,0,2,2,69,
2026-08-29 12:00:00,2026-08-31 12:00:00,NBS,75,62,210,10,6.0,8.0,0.0,0.0,,11.0,,17.0,-88,100,66,12,5,0,0,0,3,0.0,140,0.0,110,KMDW,0.0,5,21,11,2,74.0,3.0,2,2,18,3,0,7,2,70,
2026-08-29 12:00:00,2026-08-31 15:00:00,NBS,81,64,210,10,,,,,,,,,-88,100,65,14,5,0,0,0,3,,140,,100,KMDW,,8,21,10,9,,,3,3,31,4,0,2,2,74,
2026-08-29 12:00:00,2026-08-31 18:00:00,NBS,87,67,210,12,6.0,,0.0,,,9.0,,,-88,100,61,17,5,0,0,0,3,0.0,140,0.0,120,KMDW,,17,21,16,51,,,3,3,21,5,0,0,3,81,
2026-08-29 12:00:00,2026-08-31 21:00:00,NBS,90,68,210,12,,,,,,,,,-88,100,42,16,8,0,0,0,0,,140,,140,KMDW,,25,21,15,68,,,3,4,25,5,0,0,3,81,
2026-08-29 12:00:00,2026-09-01 00:00:00,NBS,86,68,210,10,0.0,6.0,0.0,0.0,,13.0,,20.0,-88,100,50,13,10,0,0,0,0,0.0,140,0.0,120,KMDW,0.0,9,20,10,46,90.0,3.0,3,5,24,5,0,0,2,79,
2026-08-29 12:00:00,2026-09-01 03:00:00,NBS,82,69,210,10,,,,,,,,,-88,100,48,12,11,0,0,0,3,,140,,120,KMDW,,5,21,10,0,,,2,4,27,5,3,0,3,75,
2026-08-29 12:00:00,2026-09-01 06:00:00,NBS,79,67,220,9,2.0,,0.0,,,20.0,,,-88,100,53,11,11,0,0,0,5,0.0,140,0.0,100,KMDW,,5,22,12,0,,,2,4,18,5,4,2,3,73,
2026-08-29 12:00:00,2026-09-01 09:00:00,NBS,77,66,230,9,,,,,,,,,-88,100,42,11,10,0,0,0,8,,140,,100,KMDW,,5,24,10,0,,,2,3,28,4,0,4,3,72,
2026-08-29 12:00:00,2026-09-01 12:00:00,NBS,77,66,230,8,6.0,8.0,0.0,0.0,,18.0,,22.0,-88,100,55,10,8,0,0,0,10,0.0,140,0.0,120,KMDW,0.0,4,23,10,0,76.0,2.0,2,3,24,4,0,5,3,72,
2026-08-29 18:00:00,2026-08-30 00:00:00,NBS,79,61,180,10,13.0,,0.0,,14.0,3.0,24.0,,220,100,72,14,2,0,0,0,0,0.0,140,0.0,160,KMDW,,13,18,11,6,,,2,3,31,4,0,0,2,72,14/3
2026-08-29 18:00:00,2026-08-30 03:00:00,NBS,76,61,170,11,,,,,,,,,130,100,61,15,4,0,0,0,1,,140,,110,KMDW,,5,18,11,0,,,2,3,31,3,0,0,2,69,
2026-08-29 18:00:00,2026-08-30 06:00:00,NBS,74,60,180,10,8.0,,0.0,,,13.0,,,110,100,60,15,7,0,0,0,5,0.0,150,0.0,100,KMDW,,5,19,12,0,,,3,2,37,3,0,0,2,68,
2026-08-29 18:00:00,2026-08-30 09:00:00,NBS,73,61,190,11,,,,,,,,,-88,100,54,16,8,0,0,0,6,,140,,90,KMDW,,5,21,12,0,,,2,2,40,3,0,0,2,68,
2026-08-29 18:00:00,2026-08-30 12:00:00,NBS,73,63,190,11,15.0,16.0,0.0,0.0,,17.0,,20.0,70,100,61,17,9,0,0,0,14,0.0,140,0.0,70,KMDW,1.0,6,21,12,3,72.0,3.0,3,2,37,5,0,0,3,69,
2026-08-29 18:00:00,2026-08-30 15:00:00,NBS,77,64,200,12,,,,,,,,,90,100,73,19,12,0,0,0,22,,140,,90,KMDW,,15,22,17,36,,,3,2,30,6,0,0,3,72,
2026-08-29 18:00:00,2026-08-30 18:00:00,NBS,84,66,210,14,28.0,,0.0,,,20.0,,,330,100,60,23,8,0,0,0,10,0.0,140,0.0,210,KMDW,,22,21,17,60,,,3,2,39,7,1,0,3,79,
2026-08-29 18:00:00,2026-08-30 21:00:00,NBS,86,66,230,14,,,,,,,,,130,100,88,22,8,0,0,0,32,,150,,110,KMDW,,20,24,15,22,,,3,2,9,6,0,0,3,78,
2026-08-29 18:00:00,2026-08-31 00:00:00,NBS,84,66,180,11,14.0,33.0,0.0,0.0,,10.0,,24.0,220,100,72,15,10,0,0,0,4,0.0,150,0.0,160,KMDW,5.0,9,18,11,8,87.0,3.0,3,3,31,6,0,0,3,77,
2026-08-29 18:00:00,2026-08-31 03:00:00,NBS,80,65,180,11,,,,,,,,,130,100,80,15,10,0,0,0,1,,150,,120,KMDW,,5,20,11,0,,,2,3,26,5,1,0,3,74,
2026-08-29 18:00:00,2026-08-31 06:00:00,NBS,78,63,200,10,6.0,,0.0,,,12.0,,,130,100,70,13,5,0,0,0,1,0.0,150,0.0,100,KMDW,,5,20,11,0,,,2,3,39,4,2,3,2,71,
2026-08-29 18:00:00,2026-08-31 09:00:00,NBS,75,61,200,10,,,,,,,,,-88,100,35,13,5,0,0,0,10,,150,,80,KMDW,,6,21,12,0,,,2,3,39,4,0,2,2,69,
2026-08-29 18:00:00,2026-08-31 12:00:00,NBS,75,61,200,10,9.0,11.0,0.0,0.0,,9.0,,14.0,-88,100,44,12,4,0,0,0,14,0.0,150,0.0,80,KMDW,0.0,7,21,11,3,75.0,2.0,2,2,34,4,0,2,2,70,
2026-08-29 18:00:00,2026-08-31 15:00:00,NBS,81,63,210,10,,,,,,,,,-88,100,83,15,4,0,0,0,3,,140,,80,KMDW,,11,22,13,36,,,3,3,11,4,0,2,2,73,
2026-08-29 18:00:00,2026-08-31 18:00:00,NBS,87,66,210,12,7.0,,0.0,,,8.0,,,-88,100,76,17,6,0,0,0,3,0.0,140,0.0,140,KMDW,,19,22,14,53,,,3,3,8,5,0,1,2,81,
2026-08-29 18:00:00,2026-08-31 21:00:00,NBS,90,67,220,12,,,,,,,,,-88,100,53,17,9,0,0,0,0,,140,,120,KMDW,,22,21,15,42,,,3,4,27,5,0,0,2,80,
2026-08-29 18:00:00,2026-09-01 00:00:00,NBS,87,68,220,10,1.0,7.0,0.0,0.0,,15.0,,20.0,-88,100,61,13,12,0,0,0,0,0.0,140,0.0,130,KMDW,0.0,13,20,10,17,91.0,4.0,3,5,13,5,0,0,2,79,
2026-08-29 18:00:00,2026-09-01 03:00:00,NBS,83,68,210,9,,,,,,,,,-88,100,57,11,11,0,0,0,0,,140,,110,KMDW,,6,21,9,0,,,3,4,31,5,2,0,2,75,
2026-08-29 18:00:00,2026-09-01 06:00:00,NBS,80,66,210,9,1.0,,0.0,,,19.0,,,-88,100,56,11,11,0,0,0,2,0.0,140,0.0,110,KMDW,,5,22,9,0,,,3,4,30,4,3,3,2,74,
2026-08-29 18:00:00,2026-09-01 09:00:00,NBS,77,65,220,9,,,,,,,,,-88,100,38,11,11,0,0,0,10,,140,,100,KMDW,,5,23,9,0,,,2,3,30,4,0,2,2,72,
2026-08-29 18:00:00,2026-09-01 12:00:00,NBS,77,66,220,8,6.0,6.0,0.0,0.0,,20.0,,24.0,-88,100,44,10,11,0,0,0,13,0.0,140,0.0,120,KMDW,0.0,5,23,9,0,77.0,2.0,2,3,19,4,0,4,3,72,
2026-08-29 18:00:00,2026-09-01 15:00:00,NBS,82,68,230,9,,,,,,,,,-88,100,47,10,7,0,0,0,12,,140,,110,KMDW,,13,25,10,28,,,3,3,16,5,2,2,3,77,
2026-08-29 18:00:00,2026-09-01 18:00:00,NBS,89,69,230,9,11.0,,1.0,,,14.0,,,-88,100,46,10,7,0,0,0,7,0.0,140,0.0,110,KMDW,,31,24,9,47,,,4,3,26,5,0,0,3,84,
2026-08-30 00:00:00,2026-08-30 06:00:00,NBS,74,60,180,11,9.0,,0.0,,12.0,14.0,,,-88,100,45,15,9,0,0,0,6,0.0,140,0.0,110,KMDW,,4,19,12,0,,,2,2,35,3,0,0,2,68,12/14
2026-08-30 00:00:00,2026-08-30 09:00:00,NBS,73,61,190,11,,,,,,,,,150,100,68,16,8,0,0,0,18,,140,,120,KMDW,,4,20,13,0,,,2,2,44,3,0,0,2,68,
2026-08-30 00:00:00,2026-08-30 12:00:00,NBS,72,63,200,11,21.0,12.0,0.0,0.0,,19.0,,21.0,70,100,62,17,10,0,0,0,39,0.0,140,0.0,70,KMDW,1.0,6,21,13,2,72.0,2.0,2,2,37,5,0,1,3,68,
2026-08-30 00:00:00,2026-08-30 15:00:00,NBS,77,64,210,12,,,,,,,,,90,100,77,18,11,0,0,0,22,,140,,90,KMDW,,11,22,14,20,,,3,2,31,6,0,0,3,72,
2026-08-30 00:00:00,2026-08-30 18:00:00,NBS,83,66,210,13,33.0,,0.0,,,19.0,,,210,100,77,22,9,0,0,0,30,0.0,140,0.0,150,KMDW,,18,22,16,34,,,3,2,34,7,0,0,3,78,
2026-08-30 00:00:00,2026-08-30 21:00:00,NBS,86,66,230,13,,,,,,,,,110,100,74,20,8,0,0,0,36,,150,,100,KMDW,,17,23,15,23,,,4,2,31,6,0,0,3,78,
2026-08-30 00:00:00,2026-08-31 00:00:00,NBS,84,67,190,10,14.0,33.0,0.0,0.0,,11.0,,22.0,170,100,75,15,9,0,0,0,0,0.0,150,0.0,130,KMDW,5.0,7,18,10,4,87.0,3.0,3,3,22,6,0,0,3,76,
2026-08-30 00:00:00,2026-08-31 03:00:00,NBS,80,65,190,10,,,,,,,,,130,100,76,14,8,0,0,0,8,,150,,120,KMDW,,4,20,10,0,,,2,3,32,5,0,0,2,74,
2026-08-30 00:00:00,2026-08-31 06:00:00,NBS,78,63,200,10,5.0,,0.0,,,13.0,,,200,100,84,13,6,0,0,0,1,0.0,150,0.0,150,KMDW,,5,20,11,0,,,2,3,27,4,1,4,2,72,
2026-08-30 00:00:00,2026-08-31 09:00:00,NBS,76,61,210,10,,,,,,,,,-88,100,50,13,7,0,0,0,5,,150,,110,KMDW,,5,21,12,0,,,2,3,34,4,0,0,2,69,
2026-08-30 00:00:00,2026-08-31 12:00:00,NBS,75,61,200,10,10.0,11.0,0.0,0.0,,13.0,,16.0,-88,100,55,13,7,0,0,0,9,0.0,150,0.0,100,KMDW,0.0,6,22,13,3,75.0,2.0,2,3,37,3,0,0,2,70,
2026-08-30 00:00:00,2026-08-31 15:00:00,NBS,81,63,210,11,,,,,,,,,-88,100,88,15,5,0,0,0,6,,140,,100,KMDW,,11,23,13,39,,,2,3,15,4,0,2,2,73,
2026-08-30 00:00:00,2026-08-31 18:00:00,NBS,87,66,210,12,6.0,,0.0,,,10.0,,,-88,100,70,17,5,0,0,0,6,0.0,140,0.0,60,KMDW,,22,22,17,46,,,3,3,16,5,0,0,2,81,
2026-08-30 00:00:00,2026-08-31 21:00:00,NBS,90,67,210,12,,,,,,,,,-88,100,54,18,8,0,0,0,0,,140,,90,KMDW,,28,22,17,49,,,4,4,39,5,0,0,2,80,
2026-08-30 00:00:00,2026-09-01 00:00:00,NBS,87,68,210,10,1.0,9.0,0.0,0.0,,12.0,,18.0,-88,100,52,13,10,0,0,0,0,0.0,140,0.0,140,KMDW,0.0,7,21,10,15,90.0,4.0,3,4,35,5,0,0,2,79,
2026-08-30 00:00:00,2026-09-01 03:00:00,NBS,83,67,200,9,,,,,,,,,-88,100,51,11,10,0,0,0,0,,140,,130,KMDW,,5,21,9,0,,,3,4,34,5,2,0,2,76,
2026-08-30 00:00:00,2026-09-01 06:00:00,NBS,80,66,210,9,1.0,,0.0,,,21.0,,,-88,100,53,10,12,0,0,0,2,0.0,140,0.0,160,KMDW,,5,23,10,0,,,2,3,32,5,2,5,2,73,
2026-08-30 00:00:00,2026-09-01 09:00:00,NBS,78,65,220,9,,,,,,,,,-88,100,48,10,10,0,0,0,6,,140,,110,KMDW,,5,23,10,0,,,2,3,32,5,0,3,3,72,
2026-08-30 00:00:00,2026-09-01 12:00:00,NBS,77,65,210,8,5.0,7.0,0.0,0.0,,16.0,,21.0,-88,100,48,10,9,0,0,0,7,0.0,140,0.0,120,KMDW,0.0,4,22,8,0,77.0,2.0,2,3,22,5,0,3,3,72,
2026-08-30 00:00:00,2026-09-01 15:00:00,NBS,82,67,230,9,,,,,,,,,-88,100,59,10,9,0,0,0,10,,140,,130,KMDW,,10,24,9,32,,,3,3,26,5,4,2,3,76,
2026-08-30 00:00:00,2026-09-01 18:00:00,NBS,89,69,230,9,10.0,,1.0,,,19.0,,,-88,100,59,11,8,0,0,0,5,0.0,140,0.0,110,KMDW,,21,24,10,52,,,4,3,31,5,0,0,3,83,
2026-08-30 00:00:00,2026-09-01 21:00:00,NBS,91,68,230,10,,,,,,,,,-88,100,51,13,9,0,0,0,0,,140,,100,KMDW,,22,24,10,34,,,4,4,27,5,0,0,3,82,
2026-08-30 00:00:00,2026-09-02 00:00:00,NBS,88,70,230,9,0.0,11.0,0.0,1.0,,12.0,,24.0,-88,100,58,10,9,0,0,0,0,0.0,140,0.0,110,KMDW,0.0,7,30,9,26,92.0,4.0,3,4,26,4,0,0,2,80,
2026-08-30 06:00:00,2026-08-30 12:00:00,NBS,72,62,200,11,21.0,,1.0,,13.0,21.0,20.0,,70,100,85,16,12,0,0,0,23,0.0,140,0.0,70,KMDW,,7,21,12,2,,,2,2,17,5,0,0,3,68,13/21
2026-08-30 06:00:00,2026-08-30 15:00:00,NBS,76,64,200,12,,,,,,,,,80,100,84,18,13,0,0,0,52,,150,,80,KMDW,,12,22,15,27,,,3,2,16,6,0,0,3,71,
2026-08-30 06:00:00,2026-08-30 18:00:00,NBS,82,66,200,13,47.0,,1.0,,,21.0,,,150,100,88,21,10,0,0,0,18,0.0,150,0.0,120,KMDW,,15,21,14,40,,,3,2,11,6,0,0,3,77,
2026-08-30 06:00:00,2026-08-30 21:00:00,NBS,84,67,220,13,,,,,,,,,110,100,81,19,9,0,0,0,22,,150,,100,KMDW,,18,21,13,28,,,4,2,19,6,0,0,3,77,
2026-08-30 06:00:00,2026-08-31 00:00:00,NBS,83,67,190,10,10.0,47.0,0.0,1.0,,11.0,,24.0,150,100,74,14,9,0,0,0,14,0.0,150,0.0,130,KMDW,5.0,8,20,10,6,85.0,3.0,3,3,32,6,0,0,3,76,
2026-08-30 06:00:00,2026-08-31 03:00:00,NBS,80,66,190,10,,,,,,,,,180,100,73,13,11,0,0,0,1,,150,,150,KMDW,,5,20,10,0,,,2,2,26,5,0,0,2,74,
2026-08-30 06:00:00,2026-08-31 06:00:00,NBS,78,63,200,10,7.0,,0.0,,,19.0,,,220,100,61,13,8,0,0,0,1,0.0,150,0.0,170,KMDW,,5,20,10,0,,,2,3,31,4,0,0,2,72,
2026-08-30 06:00:00,2026-08-31 09:00:00,NBS,75,62,210,10,,,,,,,,,110,100,61,14,7,0,0,0,14,,150,,110,KMDW,,5,22,11,0,,,2,2,33,4,0,0,2,69,
2026-08-30 06:00:00,2026-08-31 12:00:00,NBS,75,62,210,10,8.0,10.0,0.0,0.0,,13.0,,19.0,110,100,62,14,6,0,0,0,3,0.0,150,0.0,110,KMDW,0.0,6,22,12,2,74.0,2.0,2,2,35,4,0,0,2,70,
2026-08-30 06:00:00,2026-08-31 15:00:00,NBS,80,63,220,11,,,,,,,,,-88,100,56,16,5,0,0,0,10,,140,,130,KMDW,,11,22,13,44,,,2,3,40,5,0,0,2,73,
2026-08-30 06:00:00,2026-08-31 18:00:00,NBS,85,66,220,12,13.0,,0.0,,,10.0,,,180,100,66,17,4,0,0,0,10,0.0,140,0.0,140,KMDW,,22,23,15,49,,,4,3,34,5,0,1,2,79,
2026-08-30 06:00:00,2026-08-31 21:00:00,NBS,88,68,230,13,,,,,,,,,-88,100,55,18,6,0,0,0,15,,140,,100,KMDW,,26,24,15,50,,,3,3,41,5,0,0,2,79,
2026-08-30 06:00:00,2026-09-01 00:00:00,NBS,86,69,210,10,2.0,13.0,0.0,0.0,,11.0,,18.0,-88,100,58,14,9,0,0,0,0,0.0,140,0.0,100,KMDW,0.0,12,23,10,12,89.0,3.0,3,4,26,5,0,0,2,79,
2026-08-30 06:00:00,2026-09-01 03:00:00,NBS,82,69,210,9,,,,,,,,,-88,100,56,11,10,0,0,0,0,,150,,100,KMDW,,5,21,10,0,,,3,3,32,5,1,0,3,76,
2026-08-30 06:00:00,2026-09-01 06:00:00,NBS,80,68,230,8,0.0,,0.0,,,20.0,,,-88,100,34,9,12,0,0,0,1,0.0,140,0.0,90,KMDW,,5,24,9,0,,,2,3,32,5,0,3,2,74,
2026-08-30 06:00:00,2026-09-01 09:00:00,NBS,77,67,220,8,,,,,,,,,-88,100,54,9,10,0,0,0,4,,140,,90,KMDW,,4,24,8,0,,,3,3,34,5,0,6,3,72,
2026-08-30 06:00:00,2026-09-01 12:00:00,NBS,76,67,220,8,5.0,6.0,0.0,0.0,,16.0,,20.0,-88,100,53,9,9,0,0,0,4,0.0,140,0.0,70,KMDW,0.0,5,26,8,1,76.0,2.0,3,3,25,5,0,5,3,72,
2026-08-30 06:00:00,2026-09-01 15:00:00,NBS,82,68,220,8,,,,,,,,,-88,100,48,10,8,0,0,0,7,,140,,110,KMDW,,10,22,8,30,,,3,3,27,6,0,2,3,77,
2026-08-30 06:00:00,2026-09-01 18:00:00,NBS,88,70,230,8,15.0,,0.0,,,14.0,,,-88,100,44,9,6,0,0,0,6,0.0,140,0.0,120,KMDW,,23,23,8,50,,,4,3,31,7,0,0,4,84,
2026-08-30 06:00:00,2026-09-01 21:00:00,NBS,90,70,220,10,,,,,,,,,-88,100,43,11,7,0,0,0,1,,140,,110,KMDW,,26,22,10,62,,,4,3,29,6,0,0,3,81,
2026-08-30 06:00:00,2026-09-02 00:00:00,NBS,87,71,210,8,1.0,19.0,0.0,0.0,,9.0,,20.0,-88,100,39,9,7,0,0,0,1,0.0,140,0.0,200,KMDW,0.0,8,18,8,42,90.0,4.0,3,4,29,5,0,0,3,79,
2026-08-30 06:00:00,2026-09-02 03:00:00,NBS,82,71,190,7,,,,,,,,,-88,100,31,8,7,0,0,0,1,,130,,180,KMDW,,4,17,7,0,,,3,4,29,6,3,0,3,76,
2026-08-30 06:00:00,2026-09-02 06:00:00,NBS,80,69,210,8,2.0,,0.0,,,13.0,,,-88,100,28,8,9,0,0,0,3,0.0,130,0.0,100,KMDW,,5,21,8,0,,,3,4,23,5,3,3,3,75,
2026-08-30 12:00:00,2026-08-30 18:00:00,NBS,81,67,200,13,66.0,,1.0,,6.0,22.0,,,130,100,86,21,7,0,0,0,20,0.0,150,0.0,100,KMDW,,16,21,17,61,,,4,2,21,5,0,0,3,76,6/22
2026-08-30 12:00:00,2026-08-30 21:00:00,NBS,83,68,210,12,,,,,,,,,100,100,86,18,9,0,0,0,20,,150,,90,KMDW,,18,21,13,28,,,3,2,16,5,0,0,3,77,
2026-08-30 12:00:00,2026-08-31 00:00:00,NBS,82,68,170,10,11.0,66.0,1.0,2.0,,10.0,,26.0,150,100,80,13,9,0,0,0,14,0.0,150,0.0,130,KMDW,6.0,6,17,10,7,84.0,2.0,2,2,29,6,0,0,3,75,
2026-08-30 12:00:00,2026-08-31 03:00:00,NBS,79,67,170,10,,,,,,,,,210,100,65,13,9,0,0,0,23,,150,,160,KMDW,,5,19,10,0,,,2,2,34,4,0,0,2,74,
2026-08-30 12:00:00,2026-08-31 06:00:00,NBS,77,65,190,10,16.0,,0.0,,,18.0,,,190,100,61,13,9,0,0,0,1,0.0,150,0.0,150,KMDW,,4,20,13,0,,,2,3,34,4,0,3,2,72,
2026-08-30 12:00:00,2026-08-31 09:00:00,NBS,75,63,200,10,,,,,,,,,200,100,76,13,10,0,0,0,2,,150,,160,KMDW,,5,22,10,0,,,2,2,21,4,0,0,2,70,
2026-08-30 12:00:00,2026-08-31 12:00:00,NBS,75,63,210,10,10.0,16.0,0.0,0.0,,19.0,,23.0,90,100,66,14,7,0,0,0,6,0.0,140,0.0,100,KMDW,0.0,6,22,12,2,74.0,2.0,2,3,36,4,0,0,2,70,
2026-08-30 12:00:00,2026-08-31 15:00:00,NBS,80,64,220,11,,,,,,,,,-88,100,57,16,6,0,0,0,13,,140,,110,KMDW,,9,22,12,28,,,2,3,39,5,0,1,3,74,
2026-08-30 12:00:00,2026-08-31 18:00:00,NBS,85,67,220,12,11.0,,0.0,,,13.0,,,-88,100,45,19,5,0,0,0,12,0.0,140,0.0,160,KMDW,,21,23,16,57,,,3,2,35,5,0,1,2,81,
2026-08-30 12:00:00,2026-08-31 21:00:00,NBS,88,69,230,13,,,,,,,,,-88,100,48,18,10,0,0,0,15,,140,,140,KMDW,,23,24,17,30,,,3,2,40,5,0,0,3,80,
2026-08-30 12:00:00,2026-09-01 00:00:00,NBS,86,71,200,11,10.0,26.0,0.0,0.0,,15.0,,22.0,-88,100,56,14,11,0,0,0,8,0.0,140,0.0,140,KMDW,3.0,11,23,11,9,88.0,2.0,2,2,23,5,0,0,2,79,
2026-08-30 12:00:00,2026-09-01 03:00:00,NBS,82,70,210,9,,,,,,,,,-88,100,38,12,11,0,0,0,0,,140,,70,KMDW,,4,21,9,0,,,2,2,36,4,2,0,2,76,
2026-08-30 12:00:00,2026-09-01 06:00:00,NBS,80,69,220,9,0.0,,0.0,,,19.0,,,-88,100,35,10,10,0,0,0,1,0.0,150,0.0,90,KMDW,,4,22,11,0,,,2,3,38,5,0,3,2,75,
2026-08-30 12:00:00,2026-09-01 09:00:00,NBS,77,68,230,8,,,,,,,,,-88,100,49,9,11,0,0,0,4,,140,,50,KMDW,,4,24,10,0,,,2,3,35,5,0,0,3,73,
2026-08-30 12:00:00,2026-09-01 12:00:00,NBS,76,68,220,7,5.0,8.0,0.0,0.0,,19.0,,22.0,-88,100,51,9,10,0,0,0,10,0.0,140,0.0,80,KMDW,0.0,5,25,8,1,76.0,2.0,2,3,27,5,0,5,3,73,
2026-08-30 12:00:00,2026-09-01 15:00:00,NBS,82,69,230,8,,,,,,,,,-88,100,55,9,12,0,0,0,4,,140,,90,KMDW,,11,26,11,31,,,3,3,34,6,0,2,4,77,
2026-08-30 12:00:00,2026-09-01 18:00:00,NBS,88,71,230,8,15.0,,0.0,,,21.0,,,-88,100,45,9,8,0,0,0,4,0.0,140,0.0,90,KMDW,,22,24,12,66,,,3,3,30,6,0,0,4,83,
2026-08-30 12:00:00,2026-09-01 21:00:00,NBS,90,71,220,10,,,,,,,,,-88,100,42,11,9,0,0,0,1,,140,,230,KMDW,,29,22,11,68,,,3,3,24,6,0,0,3,82,
2026-08-30 12:00:00,2026-09-02 00:00:00,NBS,87,72,210,9,1.0,14.0,0.0,0.0,,13.0,,29.0,-88,100,41,9,9,0,0,0,0,0.0,140,0.0,200,KMDW,0.0,7,21,9,46,90.0,3.0,3,3,27,5,0,0,3,80,
2026-08-30 12:00:00,2026-09-02 03:00:00,NBS,82,73,210,7,,,,,,,,,-88,100,39,8,7,0,0,0,1,,130,,200,KMDW,,5,21,9,0,,,2,3,38,5,3,0,3,78,
2026-08-30 12:00:00,2026-09-02 06:00:00,NBS,80,71,210,8,2.0,,0.0,,,11.0,,,-88,100,33,9,7,0,0,0,2,0.0,130,0.0,100,KMDW,,4,22,9,0,,,2,4,22,5,4,3,3,75,
2026-08-30 12:00:00,2026-09-02 09:00:00,NBS,78,69,220,8,,,,,,,,,-88,100,17,10,4,0,0,0,3,,130,,110,KMDW,,4,23,10,0,,,2,3,17,5,0,4,3,74,
2026-08-30 12:00:00,2026-09-02 12:00:00,NBS,77,68,220,8,4.0,5.0,0.0,0.0,,6.0,,11.0,-88,100,13,9,4,0,0,0,1,0.0,130,0.0,90,KMDW,0.0,4,24,8,0,77.0,2.0,2,3,16,5,0,4,3,73,
2026-08-30 18:00:00,2026-08-31 00:00:00,NBS,82,70,190,9,23.0,,2.0,,10.0,15.0,13.0,,100,100,91,11,15,0,0,0,23,0.0,150,0.0,90,KMDW,,6,20,9,5,,,2,2,9,5,0,0,2,77,10/15
2026-08-30 18:00:00,2026-08-31 03:00:00,NBS,79,69,170,9,,,,,,,,,130,100,74,12,11,0,0,0,2,,150,,110,KMDW,,5,18,9,0,,,2,2,27,5,0,1,2,74,
2026-08-30 18:00:00,2026-08-31 06:00:00,NBS,77,66,190,10,13.0,,0.0,,,19.0,,,130,100,60,13,8,0,0,0,5,0.0,150,0.0,120,KMDW,,5,21,10,0,,,2,3,37,4,0,5,2,72,
2026-08-30 18:00:00,2026-08-31 09:00:00,NBS,75,63,200,10,,,,,,,,,140,100,59,13,8,0,0,0,24,,150,,130,KMDW,,5,21,11,0,,,2,2,35,4,0,0,2,70,
2026-08-30 18:00:00,2026-08-31 12:00:00,NBS,74,63,200,10,8.0,13.0,0.0,0.0,,13.0,,20.0,130,100,70,13,5,0,0,0,14,0.0,150,0.0,120,KMDW,0.0,5,21,11,1,74.0,2.0,2,2,15,4,0,0,2,69,
2026-08-30 18:00:00,2026-08-31 15:00:00,NBS,79,65,210,11,,,,,,,,,260,100,67,15,4,0,0,0,3,,150,,180,KMDW,,11,23,14,22,,,3,3,27,5,0,0,3,74,
2026-08-30 18:00:00,2026-08-31 18:00:00,NBS,85,68,220,12,11.0,,0.0,,,8.0,,,240,100,83,18,5,0,0,0,3,0.0,140,0.0,180,KMDW,,19,22,16,61,,,3,2,26,5,0,0,2,80,
2026-08-30 18:00:00,2026-08-31 21:00:00,NBS,88,70,240,13,,,,,,,,,160,100,68,19,9,0,0,0,4,,140,,130,KMDW,,25,23,17,43,,,3,2,31,5,0,0,3,80,
2026-08-30 18:00:00,2026-09-01 00:00:00,NBS,85,71,220,11,7.0,19.0,0.0,0.0,,15.0,,18.0,190,100,65,14,12,0,0,0,8,0.0,140,0.0,150,KMDW,0.0,12,23,11,11,88.0,2.0,2,3,35,6,0,0,3,79,
2026-08-30 18:00:00,2026-09-01 03:00:00,NBS,82,71,220,10,,,,,,,,,-88,100,57,12,14,0,0,0,1,,140,,150,KMDW,,5,22,10,0,,,2,3,38,6,0,0,2,76,
2026-08-30 18:00:00,2026-09-01 06:00:00,NBS,80,69,220,9,7.0,,0.0,,,23.0,,,-88,100,36,11,10,0,0,0,2,0.0,140,0.0,130,KMDW,,5,23,10,0,,,2,3,34,5,0,3,3,75,
2026-08-30 18:00:00,2026-09-01 09:00:00,NBS,77,68,220,8,,,,,,,,,-88,100,32,10,11,0,0,0,3,,140,,70,KMDW,,5,24,10,0,,,3,3,30,5,0,0,3,73,
2026-08-30 18:00:00,2026-09-01 12:00:00,NBS,77,68,220,8,18.0,20.0,0.0,0.0,,19.0,,26.0,-88,100,46,8,10,0,0,0,3,0.0,140,0.0,70,KMDW,0.0,4,22,9,4,76.0,2.0,3,2,39,5,0,0,3,73,
2026-08-30 18:00:00,2026-09-01 15:00:00,NBS,82,69,270,8,,,,,,,,,-88,100,53,9,11,0,0,0,3,,140,,37,KMDW,,13,28,12,31,,,3,3,33,5,0,2,3,78,
2026-08-30 18:00:00,2026-09-01 18:00:00,NBS,88,71,210,8,14.0,,0.0,,,21.0,,,-88,100,68,10,7,0,0,0,3,0.0,140,0.0,100,KMDW,,21,23,11,62,,,3,2,37,6,0,0,4,83,
2026-08-30 18:00:00,2026-09-01 21:00:00,NBS,90,71,230,10,,,,,,,,,-88,100,47,13,8,0,0,0,0,,140,,130,KMDW,,30,23,13,60,,,3,2,28,6,0,0,3,82,
2026-08-30 18:00:00,2026-09-02 00:00:00,NBS,87,73,220,9,0.0,16.0,0.0,0.0,,12.0,,28.0,-88,100,43,9,9,0,0,0,0,0.0,140,0.0,110,KMDW,0.0,8,22,9,24,90.0,3.0,3,3,25,5,0,0,3,80,
2026-08-30 18:00:00,2026-09-02 03:00:00,NBS,82,73,210,8,,,,,,,,,-88,100,41,8,7,0,0,0,0,,130,,220,KMDW,,5,22,8,0,,,3,3,38,5,3,0,3,78,
2026-08-30 18:00:00,2026-09-02 06:00:00,NBS,80,72,220,7,1.0,,0.0,,,12.0,,,-88,100,25,8,8,0,0,0,0,0.0,130,0.0,90,KMDW,,4,23,8,0,,,3,3,23,5,4,5,3,75,
2026-08-30 18:00:00,2026-09-02 09:00:00,NBS,77,69,220,7,,,,,,,,,-88,100,15,8,5,0,0,0,1,,130,,90,KMDW,,4,23,9,0,,,2,4,16,5,0,5,3,74,
2026-08-30 18:00:00,2026-09-02 12:00:00,NBS,77,69,220,7,2.0,3.0,0.0,0.0,,8.0,,13.0,-88,100,18,8,5,0,0,0,2,0.0,130,0.0,90,KMDW,0.0,4,23,9,0,77.0,2.0,2,3,16,5,0,2,3,73,
2026-08-30 18:00:00,2026-09-02 15:00:00,NBS,84,71,230,7,,,,,,,,,-88,100,35,9,5,0,0,0,1,,130,,90,KMDW,,14,26,10,25,,,3,4,28,5,3,1,3,79,
2026-08-30 18:00:00,2026-09-02 18:00:00,NBS,89,71,220,9,2.0,,0.0,,,10.0,,,-88,100,27,10,5,0,0,0,1,0.0,130,0.0,90,KMDW,,45,25,11,49,,,3,4,21,6,1,0,3,85,
2026-08-31 00:00:00,2026-08-31 06:00:00,NBS,77,65,180,9,25.0,,0.0,,13.0,17.0,,,130,100,59,12,7,0,0,0,1,0.0,140,0.0,110,KMDW,,5,21,11,0,,,2,3,39,3,1,3,2,72,13/17
2026-08-31 00:00:00,2026-08-31 09:00:00,NBS,75,63,200,10,,,,,,,,,130,100,62,13,6,0,0,0,9,,150,,120,KMDW,,5,21,12,0,,,2,3,30,4,0,2,2,70,
2026-08-31 00:00:00,2026-08-31 12:00:00,NBS,75,63,200,10,13.0,25.0,0.0,0.0,,11.0,,17.0,110,100,69,13,6,0,0,0,33,0.0,150,0.0,110,KMDW,0.0,5,21,10,2,75.0,2.0,2,2,21,4,0,0,2,70,
2026-08-31 00:00:00,2026-08-31 15:00:00,NBS,79,64,220,11,,,,,,,,,90,100,73,15,12,0,0,0,22,,150,,90,KMDW,,10,22,11,22,,,3,3,30,5,0,0,2,73,
2026-08-31 00:00:00,2026-08-31 18:00:00,NBS,86,67,210,12,16.0,,0.0,,,21.0,,,270,100,57,18,11,0,0,0,7,0.0,150,0.0,180,KMDW,,20,22,16,66,,,3,2,32,6,1,0,3,80,
2026-08-31 00:00:00,2026-08-31 21:00:00,NBS,88,69,230,13,,,,,,,,,-88,100,55,18,11,0,0,0,4,,150,,190,KMDW,,25,23,18,51,,,3,2,33,5,0,0,3,80,
2026-08-31 00:00:00,2026-09-01 00:00:00,NBS,85,71,220,10,19.0,16.0,0.0,0.0,,18.0,,28.0,200,100,57,13,14,0,0,0,8,0.0,150,0.0,150,KMDW,2.0,11,23,10,11,88.0,2.0,2,2,39,6,0,0,3,79,
2026-08-31 00:00:00,2026-09-01 03:00:00,NBS,82,71,220,9,,,,,,,,,180,100,58,12,10,0,0,0,1,,140,,140,KMDW,,4,22,9,0,,,2,2,43,5,0,0,2,76,
2026-08-31 00:00:00,2026-09-01 06:00:00,NBS,80,69,220,8,15.0,,0.0,,,17.0,,,-88,90,48,10,9,0,0,0,1,0.0,140,0.0,140,KMDW,,5,23,9,0,,,2,3,34,5,0,6,2,75,
2026-08-31 00:00:00,2026-09-01 09:00:00,NBS,78,68,230,8,,,,,,,,,-88,100,38,10,9,0,0,0,2,,140,,140,KMDW,,4,24,11,0,,,3,3,32,5,0,1,3,73,
2026-08-31 00:00:00,2026-09-01 12:00:00,NBS,77,67,220,8,9.0,15.0,0.0,0.0,,16.0,,18.0,-88,100,43,10,9,0,0,0,3,0.0,140,0.0,110,KMDW,1.0,4,22,9,4,77.0,2.0,3,2,43,5,0,0,2,73,
2026-08-31 00:00:00,2026-09-01 15:00:00,NBS,83,69,240,9,,,,,,,,,-88,100,39,11,9,0,0,0,3,,140,,70,KMDW,,15,25,10,45,,,3,3,19,6,1,2,4,77,
2026-08-31 00:00:00,2026-09-01 18:00:00,NBS,88,70,230,9,15.0,,0.0,,,20.0,,,-88,100,53,11,12,0,0,0,12,0.0,140,0.0,41,KMDW,,26,24,10,61,,,3,3,36,7,2,0,4,84,
2026-08-31 00:00:00,2026-09-01 21:00:00,NBS,90,71,220,11,,,,,,,,,-88,100,45,13,15,0,0,0,5,,140,,42,KMDW,,29,23,12,52,,,3,2,36,6,0,0,3,82,
2026-08-31 00:00:00,2026-09-02 00:00:00,NBS,87,72,210,9,1.0,18.0,0.0,0.0,,22.0,,29.0,-88,100,40,10,12,0,0,0,5,0.0,140,0.0,70,KMDW,0.0,8,21,9,16,91.0,3.0,3,3,43,5,0,0,3,81,
2026-08-31 00:00:00,2026-09-02 03:00:00,NBS,83,73,220,8,,,,,,,,,-88,100,34,9,7,0,0,0,0,,130,,49,KMDW,,4,21,8,0,,,3,3,35,4,2,0,2,78,
2026-08-31 00:00:00,2026-09-02 06:00:00,NBS,80,71,210,7,1.0,,0.0,,,11.0,,,-88,100,26,9,6,0,0,0,32,0.0,130,0.0,60,KMDW,,5,24,10,0,,,3,3,20,5,3,6,3,75,
2026-08-31 00:00:00,2026-09-02 09:00:00,NBS,78,69,220,7,,,,,,,,,-88,100,14,8,4,0,0,0,2,,130,,110,KMDW,,4,23,10,0,,,2,3,17,5,0,5,3,73,
2026-08-31 00:00:00,2026-09-02 12:00:00,NBS,77,68,230,7,3.0,3.0,0.0,0.0,,5.0,,11.0,-88,100,16,8,4,0,0,0,2,0.0,130,0.0,100,KMDW,0.0,5,23,10,0,77.0,2.0,2,3,17,5,0,4,3,73,
2026-08-31 00:00:00,2026-09-02 15:00:00,NBS,84,70,230,7,,,,,,,,,-88,100,32,9,3,0,0,0,2,,130,,90,KMDW,,16,24,12,32,,,3,3,21,5,2,1,3,78,
2026-08-31 00:00:00,2026-09-02 18:00:00,NBS,90,71,220,8,3.0,,0.0,,,6.0,,,-88,100,33,10,4,0,0,0,3,0.0,130,0.0,110,KMDW,,39,23,16,52,,,3,3,22,5,0,0,3,85,
2026-08-31 00:00:00,2026-09-02 21:00:00,NBS,91,70,230,11,,,,,,,,,-88,100,22,13,8,0,0,0,4,,130,,110,KMDW,,49,24,19,71,,,4,3,22,6,0,0,3,82,
2026-08-31 00:00:00,2026-09-03 00:00:00,NBS,86,71,220,9,4.0,6.0,0.0,0.0,,13.0,,13.0,-88,100,28,10,8,0,0,0,7,0.0,130,0.0,90,KMDW,0.0,7,22,10,49,91.0,4.0,4,4,23,5,0,0,3,80,
2026-08-31 06:00:00,2026-08-31 12:00:00,NBS,74,63,200,10,12.0,,0.0,,19.0,13.0,13.0,,130,100,75,14,6,0,0,0,35,0.0,150,0.0,120,KMDW,,5,21,10,2,,,2,2,24,4,0,0,3,69,19/13
2026-08-31 06:00:00,2026-08-31 15:00:00,NBS,79,65,210,11,,,,,,,,,130,100,59,16,11,0,0,0,21,,150,,100,KMDW,,11,22,12,30,,,3,3,30,5,0,0,3,74,
2026-08-31 06:00:00,2026-08-31 18:00:00,NBS,86,68,210,13,28.0,,0.0,,,21.0,,,-88,100,55,19,11,0,0,0,9,0.0,150,0.0,100,KMDW,,20,22,15,75,,,3,3,36,5,0,0,2,81,
2026-08-31 06:00:00,2026-08-31 21:00:00,NBS,88,69,220,12,,,,,,,,,-88,100,56,18,9,0,0,0,9,,150,,100,KMDW,,26,23,16,50,,,3,2,40,5,0,0,3,80,
2026-08-31 06:00:00,2026-09-01 00:00:00,NBS,85,71,220,10,17.0,30.0,0.0,0.0,,14.0,,28.0,-88,100,51,13,11,0,0,0,7,0.0,150,0.0,150,KMDW,3.0,10,22,11,11,88.0,3.0,3,3,39,6,0,0,3,79,
2026-08-31 06:00:00,2026-09-01 03:00:00,NBS,81,72,210,8,,,,,,,,,-88,100,56,10,10,0,0,0,0,,150,,190,KMDW,,5,23,8,0,,,2,2,38,5,0,0,2,77,
2026-08-31 06:00:00,2026-09-01 06:00:00,NBS,79,70,220,7,9.0,,0.0,,,17.0,,,-88,100,54,9,9,0,0,0,2,0.0,140,0.0,200,KMDW,,5,24,10,0,,,2,3,31,5,0,0,2,74,
2026-08-31 06:00:00,2026-09-01 09:00:00,NBS,77,69,230,7,,,,,,,,,-88,100,28,9,9,0,0,0,2,,140,,100,KMDW,,5,24,9,0,,,2,3,26,5,0,0,3,73,
2026-08-31 06:00:00,2026-09-01 12:00:00,NBS,77,68,220,8,9.0,9.0,0.0,0.0,,20.0,,21.0,-88,100,48,9,11,0,0,0,4,0.0,140,0.0,170,KMDW,0.0,4,24,8,5,76.0,2.0,2,2,39,5,0,0,3,73,
2026-08-31 06:00:00,2026-09-01 15:00:00,NBS,82,70,240,9,,,,,,,,,-88,100,29,11,10,0,0,0,4,,140,,170,KMDW,,13,25,10,41,,,4,3,32,6,2,1,4,78,
2026-08-31 06:00:00,2026-09-01 18:00:00,NBS,87,72,230,9,13.0,,2.0,,,19.0,,,-88,100,46,12,10,0,0,0,7,0.0,140,0.0,110,KMDW,,26,27,9,56,,,4,3,33,6,0,0,3,83,
2026-08-31 06:00:00,2026-09-01 21:00:00,NBS,89,71,220,10,,,,,,,,,-88,100,71,13,11,0,0,0,8,,140,,120,KMDW,,32,24,10,39,,,3,2,29,4,0,0,2,82,
2026-08-31 06:00:00,2026-09-02 00:00:00,NBS,87,72,200,8,2.0,18.0,0.0,2.0,,14.0,,23.0,-88,100,51,9,8,0,0,0,0,0.0,130,0.0,50,KMDW,0.0,9,23,8,12,90.0,3.0,2,2,39,4,0,0,2,80,
2026-08-31 06:00:00,2026-09-02 03:00:00,NBS,82,73,210,8,,,,,,,,,-88,100,26,8,6,0,0,0,0,,130,,90,KMDW,,4,22,8,0,,,3,2,36,4,3,0,2,77,
2026-08-31 06:00:00,2026-09-02 06:00:00,NBS,80,72,210,7,3.0,,0.0,,,7.0,,,-88,100,27,8,4,0,0,0,0,0.0,120,0.0,160,KMDW,,5,21,10,0,,,3,3,32,4,0,6,2,76,
2026-08-31 06:00:00,2026-09-02 09:00:00,NBS,77,69,220,7,,,,,,,,,-88,100,7,8,3,0,0,0,0,,130,,200,KMDW,,5,23,10,0,,,2,3,8,5,0,5,3,73,
2026-08-31 06:00:00,2026-09-02 12:00:00,NBS,77,68,220,7,1.0,2.0,0.0,0.0,,3.0,,8.0,-88,100,11,8,3,0,0,0,0,0.0,130,0.0,80,KMDW,0.0,5,23,9,4,76.0,2.0,2,3,8,5,1,2,3,73,
2026-08-31 06:00:00,2026-09-02 15:00:00,NBS,84,70,230,8,,,,,,,,,-88,100,19,9,3,0,0,0,0,,130,,100,KMDW,,15,24,13,32,,,3,3,10,5,1,1,3,79,
2026-08-31 06:00:00,2026-09-02 18:00:00,NBS,90,72,220,10,2.0,,0.0,,,6.0,,,-88,100,23,12,4,0,0,0,0,0.0,130,0.0,90,KMDW,,34,24,16,51,,,3,2,11,6,0,0,4,86,
2026-08-31 06:00:00,2026-09-02 21:00:00,NBS,91,71,230,12,,,,,,,,,-88,100,12,15,8,0,0,0,2,,130,,100,KMDW,,46,24,16,71,,,3,2,10,7,0,0,3,83,
2026-08-31 06:00:00,2026-09-03 00:00:00,NBS,86,72,230,10,2.0,4.0,0.0,0.0,,13.0,,13.0,-88,100,21,11,9,0,0,0,3,0.0,130,0.0,80,KMDW,0.0,14,24,10,48,91.0,3.0,4,2,22,6,0,0,3,81,
2026-08-31 06:00:00,2026-09-03 03:00:00,NBS,82,71,230,9,,,,,,,,,-88,100,30,10,9,0,0,0,9,,140,,70,KMDW,,7,27,9,0,,,4,3,25,5,4,0,3,77,
2026-08-31 06:00:00,2026-09-03 06:00:00,NBS,79,70,250,8,7.0,,0.0,,,19.0,,,-88,100,35,8,8,0,0,0,10,0.0,140,0.0,80,KMDW,,15,29,8,0,,,4,3,22,5,5,3,3,75,
2026-08-31 12:00:00,2026-08-31 18:00:00,NBS,86,69,210,13,33.0,,0.0,,13.0,20.0,,,-88,100,49,20,10,0,0,0,4,0.0,150,0.0,110,KMDW,,21,22,17,75,,,3,2,37,4,0,0,2,81,13/20
2026-08-31 12:00:00,2026-08-31 21:00:00,NBS,88,70,220,13,,,,,,,,,-88,100,48,19,12,0,0,0,0,,150,,130,KMDW,,27,22,17,54,,,3,2,42,4,0,0,2,81,
2026-08-31 12:00:00,2026-09-01 00:00:00,NBS,86,72,220,10,7.0,33.0,0.0,0.0,,15.0,,28.0,-88,100,53,13,8,0,0,0,0,0.0,150,0.0,130,KMDW,2.0,9,22,11,10,89.0,2.0,2,3,37,5,0,0,2,80,
2026-08-31 12:00:00,2026-09-01 03:00:00,NBS,82,72,210,8,,,,,,,,,-88,100,53,9,7,0,0,0,0,,150,,120,KMDW,,4,22,10,0,,,2,2,30,5,0,0,2,77,
2026-08-31 12:00:00,2026-09-01 06:00:00,NBS,79,72,220,7,3.0,,0.0,,,14.0,,,-88,100,52,7,8,0,0,0,1,0.0,140,0.0,150,KMDW,,4,24,11,0,,,2,3,33,5,5,0,2,75,
2026-08-31 12:00:00,2026-09-01 09:00:00,NBS,77,70,230,6,,,,,,,,,-88,100,34,7,9,0,0,0,2,,140,,70,KMDW,,5,24,10,0,,,2,3,34,5,0,0,3,73,
2026-08-31 12:00:00,2026-09-01 12:00:00,NBS,76,69,240,7,15.0,5.0,0.0,0.0,,24.0,,24.0,-88,100,49,7,14,0,0,0,4,0.0,140,0.0,160,KMDW,0.0,4,25,8,4,75.0,2.0,2,2,33,4,0,0,2,73,
2026-08-31 12:00:00,2026-09-01 15:00:00,NBS,82,71,240,8,,,,,,,,,-88,100,19,10,9,0,0,0,4,,140,,240,KMDW,,13,25,8,48,,,3,3,28,5,1,1,3,78,
2026-08-31 12:00:00,2026-09-01 18:00:00,NBS,87,72,240,8,9.0,,2.0,,,20.0,,,180,100,61,10,10,0,0,0,3,0.0,140,0.0,140,KMDW,,29,26,11,52,,,4,3,34,4,0,0,3,84,
2026-08-31 12:00:00,2026-09-01 21:00:00,NBS,89,72,250,10,,,,,,,,,170,100,69,12,13,0,0,0,0,,140,,120,KMDW,,27,26,10,34,,,3,3,25,4,0,0,3,82,
2026-08-31 12:00:00,2026-09-02 00:00:00,NBS,87,73,230,8,13.0,23.0,0.0,2.0,,19.0,,26.0,170,100,61,9,9,0,0,0,0,0.0,140,0.0,120,KMDW,0.0,7,25,8,11,90.0,3.0,3,2,25,4,0,0,2,81,
2026-08-31 12:00:00,2026-09-02 03:00:00,NBS,82,73,210,8,,,,,,,,,-88,100,39,9,8,0,0,0,0,,130,,160,KMDW,,4,22,8,0,,,3,2,38,4,3,0,2,78,
2026-08-31 12:00:00,2026-09-02 06:00:00,NBS,80,72,220,8,2.0,,0.0,,,10.0,,,-88,100,13,9,5,0,0,0,0,0.0,130,0.0,45,KMDW,,5,21,11,0,,,2,3,29,4,0,5,2,76,
2026-08-31 12:00:00,2026-09-02 09:00:00,NBS,78,70,220,8,,,,,,,,,-88,100,17,9,3,0,0,0,0,,120,,80,KMDW,,5,23,12,0,,,2,2,23,5,0,4,3,73,
2026-08-31 12:00:00,2026-09-02 12:00:00,NBS,77,69,220,8,0.0,4.0,0.0,0.0,,6.0,,10.0,-88,100,17,9,5,0,0,0,0,0.0,120,0.0,90,KMDW,0.0,5,23,11,4,76.0,2.0,2,2,16,5,0,3,3,74,
2026-08-31 12:00:00,2026-09-02 15:00:00,NBS,85,71,220,9,,,,,,,,,-88,100,17,12,4,0,0,0,0,,120,,80,KMDW,,13,24,15,44,,,3,3,11,6,1,2,4,79,
2026-08-31 12:00:00,2026-09-02 18:00:00,NBS,90,72,230,11,0.0,,0.0,,,8.0,,,-88,100,31,15,5,0,0,0,0,0.0,130,0.0,80,KMDW,,37,25,15,66,,,3,2,24,6,0,0,4,86,
2026-08-31 12:00:00,2026-09-02 21:00:00,NBS,91,71,230,13,,,,,,,,,-88,100,17,18,8,0,0,0,1,,130,,100,KMDW,,50,24,17,71,,,4,2,15,7,0,0,3,83,
2026-08-31 12:00:00,2026-09-03 00:00:00,NBS,88,72,220,11,1.0,1.0,0.0,0.0,,12.0,,13.0,-88,100,13,13,8,0,0,0,2,0.0,130,0.0,100,KMDW,0.0,9,22,11,49,91.0,3.0,4,2,11,6,0,0,3,81,
2026-08-31 12:00:00,2026-09-03 03:00:00,NBS,83,72,220,10,,,,,,,,,-88,100,23,13,7,0,0,0,9,,130,,100,KMDW,,5,22,11,0,,,4,3,23,6,3,0,3,77,
2026-08-31 12:00:00,2026-09-03 06:00:00,NBS,80,70,230,8,6.0,,0.0,,,15.0,,,-88,100,26,9,9,0,0,0,12,0.0,130,0.0,80,KMDW,,5,23,13,0,,,4,3,21,5,4,3,3,76,
2026-08-31 12:00:00,2026-09-03 09:00:00,NBS,77,70,250,6,,,,,,,,,-88,100,31,7,7,0,0,0,16,,140,,80,KMDW,,5,26,8,0,,,3,2,23,5,0,4,3,73,
2026-08-31 12:00:00,2026-09-03 12:00:00,NBS,76,70,240,5,18.0,23.0,0.0,0.0,,13.0,,17.0,-88,100,48,6,7,0,0,0,20,0.0,140,0.0,90,KMDW,0.0,3,25,5,0,76.0,3.0,3,2,23,4,0,5,3,74,
2026-08-31 18:00:00,2026-09-01 00:00:00,NBS,86,72,220,9,4.0,,0.0,,19.0,10.0,25.0,,130,100,58,11,8,0,0,0,6,0.0,150,0.0,90,KMDW,,8,22,10,9,,,2,3,36,5,0,2,3,80,19/10
2026-08-31 18:00:00,2026-09-01 03:00:00,NBS,82,72,220,7,,,,,,,,,-88,100,50,8,8,0,0,0,0,,150,,150,KMDW,,5,23,8,0,,,2,3,30,5,3,1,2,77,
2026-08-31 18:00:00,2026-09-01 06:00:00,NBS,79,72,230,7,4.0,,0.0,,,15.0,,,-88,70,40,8,8,0,0,0,0,0.0,140,0.0,130,KMDW,,4,24,9,0,,,2,3,38,4,6,9,2,76,
2026-08-31 18:00:00,2026-09-01 09:00:00,NBS,76,70,240,6,,,,,,,,,-88,90,24,7,9,0,0,0,1,,140,,100,KMDW,,5,24,9,0,,,2,3,26,4,5,7,2,73,
2026-08-31 18:00:00,2026-09-01 12:00:00,NBS,76,70,230,7,5.0,5.0,0.0,0.0,,16.0,,18.0,-88,90,38,7,9,0,0,0,2,0.0,140,0.0,110,KMDW,0.0,4,25,7,5,76.0,2.0,1,2,32,3,3,3,2,73,
2026-08-31 18:00:00,2026-09-01 15:00:00,NBS,83,72,240,7,,,,,,,,,-88,100,45,9,8,0,0,0,2,,150,,170,KMDW,,12,25,7,47,,,2,3,27,4,1,1,3,79,
2026-08-31 18:00:00,2026-09-01 18:00:00,NBS,88,73,230,8,12.0,,0.0,,,19.0,,,-88,100,33,10,12,0,0,0,2,0.0,140,0.0,90,KMDW,,34,26,10,70,,,3,3,37,4,0,0,3,86,
2026-08-31 18:00:00,2026-09-01 21:00:00,NBS,90,72,240,10,,,,,,,,,180,100,58,12,17,0,0,0,0,,140,,140,KMDW,,35,25,12,53,,,3,3,39,4,0,0,2,83,
2026-08-31 18:00:00,2026-09-02 00:00:00,NBS,87,73,240,8,10.0,18.0,0.0,0.0,,24.0,,29.0,180,100,70,8,9,0,0,0,0,0.0,140,0.0,140,KMDW,2.0,9,25,8,12,91.0,3.0,3,3,30,3,0,0,2,81,
2026-08-31 18:00:00,2026-09-02 03:00:00,NBS,83,73,200,7,,,,,,,,,-88,100,40,8,8,0,0,0,0,,130,,140,KMDW,,5,22,7,0,,,3,2,40,4,0,0,3,78,
2026-08-31 18:00:00,2026-09-02 06:00:00,NBS,80,72,210,8,2.0,,0.0,,,11.0,,,-88,100,17,8,6,0,0,0,0,0.0,130,0.0,90,KMDW,,4,22,10,0,,,2,3,20,5,2,6,2,75,
2026-08-31 18:00:00,2026-09-02 09:00:00,NBS,78,69,220,8,,,,,,,,,-88,100,6,9,3,0,0,0,0,,120,,48,KMDW,,4,23,10,0,,,2,3,5,5,0,7,2,74,
2026-08-31 18:00:00,2026-09-02 12:00:00,NBS,77,69,220,8,0.0,2.0,0.0,0.0,,6.0,,11.0,-88,100,6,9,5,0,0,0,0,0.0,120,0.0,29,KMDW,0.0,5,25,10,5,77.0,2.0,2,3,12,5,0,5,3,74,
2026-08-31 18:00:00,2026-09-02 15:00:00,NBS,85,70,230,9,,,,,,,,,-88,100,37,11,5,0,0,0,0,,120,,47,KMDW,,15,25,13,50,,,3,3,36,5,0,2,3,79,
2026-08-31 18:00:00,2026-09-02 18:00:00,NBS,91,72,230,11,1.0,,0.0,,,8.0,,,-88,100,29,14,5,0,0,0,0,0.0,130,0.0,100,KMDW,,42,24,14,71,,,2,2,29,6,2,0,3,86,
2026-08-31 18:00:00,2026-09-02 21:00:00,NBS,92,71,230,13,,,,,,,,,-88,100,25,17,8,0,0,0,0,,130,,90,KMDW,,45,24,14,56,,,2,2,27,6,0,0,3,83,
2026-08-31 18:00:00,2026-09-03 00:00:00,NBS,89,72,230,11,1.0,2.0,0.0,0.0,,14.0,,14.0,-88,100,29,13,10,0,0,0,0,0.0,130,0.0,90,KMDW,0.0,11,22,11,21,93.0,3.0,3,3,28,5,0,0,3,82,
2026-08-31 18:00:00,2026-09-03 03:00:00,NBS,84,72,210,10,,,,,,,,,-88,100,37,12,14,0,0,0,2,,130,,90,KMDW,,6,22,10,0,,,3,3,32,5,4,2,3,79,
2026-08-31 18:00:00,2026-09-03 06:00:00,NBS,81,70,230,9,1.0,,0.0,,,25.0,,,-88,100,30,10,12,0,0,0,2,0.0,130,0.0,90,KMDW,,5,23,9,0,,,3,3,32,5,4,5,3,76,
2026-08-31 18:00:00,2026-09-03 09:00:00,NBS,78,69,240,7,,,,,,,,,-88,100,30,8,9,0,0,0,9,,130,,80,KMDW,,4,25,7,0,,,3,3,31,5,3,3,3,74,
2026-08-31 18:00:00,2026-09-03 12:00:00,NBS,77,70,220,6,5.0,8.0,0.0,0.0,,17.0,,25.0,-88,100,37,6,8,0,0,0,9,0.0,130,0.0,80,KMDW,0.0,4,12,6,0,77.0,3.0,3,2,23,4,3,7,3,73,
2026-08-31 18:00:00,2026-09-03 15:00:00,NBS,82,72,220,6,,,,,,,,,-88,100,48,7,8,0,0,0,14,,130,,90,KMDW,,12,23,6,29,,,4,2,20,5,3,2,3,78,
2026-08-31 18:00:00,2026-09-03 18:00:00,NBS,86,72,210,6,19.0,,1.0,,,19.0,,,-88,100,57,6,11,0,0,0,35,0.0,140,0.0,90,KMDW,,25,24,9,29,,,4,2,22,5,3,2,4,83,
2026-09-01 00:00:00,2026-09-01 06:00:00,NBS,79,71,220,6,10.0,,0.0,,20.0,11.0,,,-88,100,48,7,8,0,0,0,1,0.0,140,0.0,120,KMDW,,5,24,11,0,,,2,3,36,4,2,2,2,75,20/11
2026-09-01 00:00:00,2026-09-01 09:00:00,NBS,76,70,230,6,,,,,,,,,-88,100,9,7,7,0,0,0,2,,140,,130,KMDW,,4,24,8,0,,,1,3,8,3,0,1,2,73,
2026-09-01 00:00:00,2026-09-01 12:00:00,NBS,76,70,230,6,6.0,10.0,0.0,0.0,,13.0,,13.0,-88,90,45,7,8,0,0,0,2,0.0,150,0.0,140,KMDW,0.0,4,25,6,4,75.0,1.0,1,2,37,3,2,1,2,73,
2026-09-01 00:00:00,2026-09-01 15:00:00,NBS,83,72,240,7,,,,,,,,,-88,100,48,9,9,0,0,0,6,,140,,120,KMDW,,11,25,7,45,,,2,3,29,4,2,0,3,79,
2026-09-01 00:00:00,2026-09-01 18:00:00,NBS,89,73,230,8,8.0,,0.0,,,18.0,,,-88,100,38,10,8,0,0,0,2,0.0,140,0.0,210,KMDW,,33,26,10,73,,,3,3,35,4,1,0,3,86,
2026-09-01 00:00:00,2026-09-01 21:00:00,NBS,90,72,250,10,,,,,,,,,-88,100,39,12,13,0,0,0,4,,140,,150,KMDW,,35,25,12,56,,,3,2,38,4,0,0,2,82,
2026-09-01 00:00:00,2026-09-02 00:00:00,NBS,87,73,240,8,6.0,8.0,0.0,0.0,,19.0,,24.0,-88,100,45,8,10,0,0,0,0,0.0,140,0.0,160,KMDW,2.0,9,25,8,14,91.0,3.0,3,3,41,3,0,0,2,81,
2026-09-01 00:00:00,2026-09-02 03:00:00,NBS,82,73,200,6,,,,,,,,,-88,100,34,7,11,0,0,0,0,,140,,260,KMDW,,5,22,8,0,,,2,2,39,4,0,0,2,78,
2026-09-01 00:00:00,2026-09-02 06:00:00,NBS,79,72,210,7,3.0,,0.0,,,15.0,,,-88,90,16,7,6,0,0,0,0,0.0,130,0.0,130,KMDW,,4,22,11,0,,,2,3,20,4,0,6,2,75,
2026-09-01 00:00:00,2026-09-02 09:00:00,NBS,77,70,220,7,,,,,,,,,-88,100,16,8,3,0,0,0,0,,120,,110,KMDW,,5,23,11,0,,,2,3,25,5,0,3,3,73,
2026-09-01 00:00:00,2026-09-02 12:00:00,NBS,77,68,220,7,1.0,3.0,0.0,0.0,,4.0,,15.0,-88,100,17,8,3,0,0,0,0,0.0,120,0.0,220,KMDW,0.0,5,25,11,5,76.0,2.0,2,3,16,4,0,0,3,73,
2026-09-01 00:00:00,2026-09-02 15:00:00,NBS,84,70,230,8,,,,,,,,,-88,100,49,10,4,0,0,0,0,,130,,46,KMDW,,17,25,13,50,,,3,3,38,4,3,2,3,79,
2026-09-01 00:00:00,2026-09-02 18:00:00,NBS,90,71,230,9,0.0,,0.0,,,6.0,,,-88,100,49,12,5,0,0,0,0,0.0,130,0.0,48,KMDW,,50,24,16,57,,,2,2,29,4,0,0,3,85,
2026-09-01 00:00:00,2026-09-02 21:00:00,NBS,91,70,230,11,,,,,,,,,-88,100,25,15,8,0,0,0,6,,130,,60,KMDW,,47,24,16,57,,,3,2,29,4,0,0,3,83,
2026-09-01 00:00:00,2026-09-03 00:00:00,NBS,88,71,220,10,4.0,4.0,0.0,0.0,,11.0,,12.0,-88,100,14,11,8,0,0,0,6,0.0,130,0.0,170,KMDW,0.0,9,22,10,18,93.0,3.0,3,3,20,5,0,0,3,81,
2026-09-01 00:00:00,2026-09-03 03:00:00,NBS,83,71,220,9,,,,,,,,,-88,100,41,10,11,0,0,0,9,,130,,80,KMDW,,6,23,11,0,,,3,3,38,4,3,1,2,77,
2026-09-01 00:00:00,2026-09-03 06:00:00,NBS,80,70,230,8,6.0,,0.0,,,19.0,,,-88,100,36,9,10,0,0,0,10,0.0,130,0.0,160,KMDW,,5,24,11,0,,,3,3,37,5,2,4,3,75,
2026-09-01 00:00:00,2026-09-03 09:00:00,NBS,78,69,240,7,,,,,,,,,-88,100,25,7,10,0,0,0,6,,130,,90,KMDW,,5,25,8,0,,,3,3,34,4,0,5,3,73,
2026-09-01 00:00:00,2026-09-03 12:00:00,NBS,77,69,220,6,5.0,12.0,0.0,0.0,,16.0,,20.0,-88,100,32,6,8,0,0,0,6,0.0,130,0.0,80,KMDW,0.0,4,24,6,0,76.0,3.0,3,2,23,4,0,4,3,74,
2026-09-01 00:00:00,2026-09-03 15:00:00,NBS,82,71,240,6,,,,,,,,,-88,100,32,6,8,0,0,0,33,,130,,80,KMDW,,20,27,9,32,,,3,2,21,5,3,2,3,78,
2026-09-01 00:00:00,2026-09-03 18:00:00,NBS,86,72,230,6,22.0,,1.0,,,19.0,,,-88,100,47,6,11,0,0,0,34,0.0,140,0.0,80,KMDW,,31,26,8,52,,,4,2,26,5,0,0,4,83,
2026-09-01 00:00:00,2026-09-03 21:00:00,NBS,87,71,240,8,,,,,,,,,-88,100,43,9,13,0,0,0,7,,140,,70,KMDW,,33,27,8,70,,,4,2,28,5,0,0,3,81,
2026-09-01 00:00:00,2026-09-04 00:00:00,NBS,84,71,120,7,9.0,28.0,0.0,1.0,,20.0,,31.0,-88,100,33,7,14,0,0,0,7,0.0,140,0.0,80,KMDW,0.0,7,11,7,48,89.0,4.0,4,3,17,4,1,0,3,79,
2026-09-01 06:00:00,2026-09-01 12:00:00,NBS,76,70,230,6,5.0,,0.0,,14.0,15.0,29.0,,160,100,62,7,11,0,0,0,2,0.0,150,0.0,130,KMDW,,5,25,7,4,,,1,2,35,3,0,0,2,74,14/15
2026-09-01 06:00:00,2026-09-01 15:00:00,NBS,83,72,250,7,,,,,,,,,-88,100,36,9,11,0,0,0,1,,150,,140,KMDW,,12,26,7,53,,,2,3,32,3,1,0,2,79,
2026-09-01 06:00:00,2026-09-01 18:00:00,NBS,90,73,240,8,6.0,,0.0,,,24.0,,,-88,100,35,10,10,0,0,0,1,0.0,140,0.0,130,KMDW,,33,26,10,73,,,3,3,33,3,0,0,2,86,
2026-09-01 06:00:00,2026-09-01 21:00:00,NBS,91,72,240,10,,,,,,,,,190,100,62,13,13,0,0,0,0,,140,,140,KMDW,,34,26,12,55,,,3,2,38,3,0,0,2,83,
2026-09-01 06:00:00,2026-09-02 00:00:00,NBS,88,73,250,8,4.0,6.0,0.0,0.0,,19.0,,29.0,150,100,63,8,9,0,0,0,0,0.0,140,0.0,120,KMDW,0.0,9,26,9,11,92.0,3.0,3,2,31,3,0,0,2,81,
2026-09-01 06:00:00,2026-09-02 03:00:00,NBS,83,73,210,7,,,,,,,,,-88,100,35,7,8,0,0,0,0,,130,,260,KMDW,,5,23,9,0,,,2,2,40,3,0,0,2,79,
2026-09-01 06:00:00,2026-09-02 06:00:00,NBS,80,72,210,7,4.0,,0.0,,,12.0,,,-88,100,9,8,6,0,0,0,0,0.0,130,0.0,110,KMDW,,5,22,10,0,,,2,3,10,4,0,0,2,76,
2026-09-01 06:00:00,2026-09-02 09:00:00,NBS,78,70,220,7,,,,,,,,,-88,100,7,9,3,0,0,0,0,,120,,110,KMDW,,5,22,10,0,,,2,4,16,5,0,3,3,73,
2026-09-01 06:00:00,2026-09-02 12:00:00,NBS,77,69,220,8,1.0,4.0,0.0,0.0,,4.0,,12.0,-88,100,19,9,3,0,0,0,0,0.0,120,0.0,220,KMDW,1.0,5,23,9,5,76.0,2.0,2,3,26,5,0,0,3,73,
2026-09-01 06:00:00,2026-09-02 15:00:00,NBS,85,71,240,8,,,,,,,,,-88,100,27,10,4,0,0,0,0,,130,,100,KMDW,,14,26,12,51,,,3,3,33,5,0,0,3,79,
2026-09-01 06:00:00,2026-09-02 18:00:00,NBS,91,71,240,11,2.0,,0.0,,,6.0,,,-88,100,43,14,5,0,0,0,0,0.0,130,0.0,80,KMDW,,45,26,13,66,,,2,2,33,5,0,0,3,85,
2026-09-01 06:00:00,2026-09-02 21:00:00,NBS,92,70,230,12,,,,,,,,,-88,100,16,17,9,0,0,0,0,,130,,50,KMDW,,47,25,13,58,,,2,2,30,4,0,0,2,83,
2026-09-01 06:00:00,2026-09-03 00:00:00,NBS,89,71,220,10,2.0,2.0,0.0,0.0,,14.0,,14.0,-88,100,11,11,10,0,0,0,3,0.0,130,0.0,60,KMDW,0.0,14,23,10,14,93.0,2.0,2,2,9,4,0,0,2,81,
2026-09-01 06:00:00,2026-09-03 03:00:00,NBS,84,71,210,9,,,,,,,,,-88,100,26,11,11,0,0,0,1,,130,,46,KMDW,,6,22,9,0,,,3,3,20,5,3,0,3,78,
2026-09-01 06:00:00,2026-09-03 06:00:00,NBS,81,70,230,8,2.0,,0.0,,,24.0,,,-88,100,17,9,14,0,0,0,1,0.0,130,0.0,90,KMDW,,5,24,11,0,,,3,3,10,5,4,5,3,76,
2026-09-01 06:00:00,2026-09-03 09:00:00,NBS,78,69,250,7,,,,,,,,,-88,100,26,7,12,0,0,0,9,,130,,80,KMDW,,5,26,7,0,,,3,3,24,5,2,7,3,73,
2026-09-01 06:00:00,2026-09-03 12:00:00,NBS,77,69,230,6,5.0,8.0,0.0,0.0,,20.0,,25.0,-88,100,31,6,10,0,0,0,9,0.0,130,0.0,70,KMDW,0.0,5,24,6,2,77.0,3.0,3,2,21,4,2,8,3,74,
2026-09-01 06:00:00,2026-09-03 15:00:00,NBS,83,71,240,6,,,,,,,,,-88,100,49,7,8,0,0,0,21,,130,,70,KMDW,,12,25,6,21,,,4,2,22,5,3,2,3,79,
2026-09-01 06:00:00,2026-09-03 18:00:00,NBS,87,72,270,6,17.0,,1.0,,,22.0,,,-88,100,58,6,13,0,0,0,20,0.0,140,0.0,60,KMDW,,17,29,8,20,,,4,2,25,5,3,0,4,83,
2026-09-01 06:00:00,2026-09-03 21:00:00,NBS,87,71,150,7,,,,,,,,,-88,100,37,8,13,0,0,0,12,,140,,90,KMDW,,25,30,8,39,,,4,2,17,4,0,0,3,81,
2026-09-01 06:00:00,2026-09-04 00:00:00,NBS,84,72,90,6,7.0,26.0,0.0,1.0,,19.0,,29.0,-88,100,41,7,10,0,0,0,9,0.0,140,0.0,80,KMDW,0.0,7,8,6,31,89.0,3.0,4,3,9,4,0,0,3,79,
2026-09-01 06:00:00,2026-09-04 03:00:00,NBS,80,72,100,6,,,,,,,,,-88,100,40,6,8,0,0,0,7,,140,,50,KMDW,,5,11,6,0,,,3,3,20,3,3,0,2,77,
2026-09-01 06:00:00,2026-09-04 06:00:00,NBS,78,72,110,5,4.0,,0.0,,,14.0,,,-88,100,37,6,9,0,0,0,8,0.0,140,0.0,50,KMDW,,7,13,7,0,,,3,3,22,3,4,4,2,75,
2026-09-01 12:00:00,2026-09-01 18:00:00,NBS,90,74,240,8,8.0,,0.0,,19.0,17.0,,,-88,100,33,10,9,0,0,0,9,0.0,140,0.0,160,KMDW,,34,26,10,73,,,2,3,34,3,0,0,2,86,19/17
2026-09-01 12:00:00,2026-09-01 21:00:00,NBS,91,72,240,10,,,,,,,,,210,100,58,13,11,0,0,0,0,,140,,150,KMDW,,34,26,11,54,,,2,2,37,3,0,0,2,83,
2026-09-01 12:00:00,2026-09-02 00:00:00,NBS,88,74,250,7,2.0,8.0,0.0,0.0,,15.0,,23.0,-88,100,42,8,8,0,0,0,0,0.0,140,0.0,150,KMDW,0.0,9,26,9,9,92.0,2.0,2,2,42,3,0,0,2,82,
2026-09-01 12:00:00,2026-09-02 03:00:00,NBS,83,74,210,6,,,,,,,,,-88,100,29,7,8,0,0,0,0,,130,,270,KMDW,,5,23,9,0,,,2,2,38,4,0,0,2,79,
2026-09-01 12:00:00,2026-09-02 06:00:00,NBS,79,73,210,6,3.0,,0.0,,,13.0,,,-88,100,4,7,7,0,0,0,0,0.0,130,0.0,80,KMDW,,4,22,10,0,,,2,3,5,4,0,0,2,76,
2026-09-01 12:00:00,2026-09-02 09:00:00,NBS,77,70,210,7,,,,,,,,,-88,100,11,7,4,0,0,0,0,,120,,80,KMDW,,4,22,10,0,,,2,3,23,5,0,0,3,73,
2026-09-01 12:00:00,2026-09-02 12:00:00,NBS,76,69,220,7,1.0,3.0,0.0,0.0,,6.0,,13.0,-88,100,25,8,4,0,0,0,0,0.0,120,0.0,160,KMDW,1.0,5,24,10,5,75.0,2.0,2,3,28,4,0,0,3,73,
2026-09-01 12:00:00,2026-09-02 15:00:00,NBS,85,71,240,8,,,,,,,,,-88,100,12,10,4,0,0,0,0,,120,,240,KMDW,,15,26,11,49,,,2,3,25,4,0,0,3,79,
2026-09-01 12:00:00,2026-09-02 18:00:00,NBS,91,72,240,10,1.0,,0.0,,,8.0,,,-88,100,22,14,5,0,0,0,0,0.0,130,0.0,200,KMDW,,44,25,15,72,,,2,2,24,5,0,0,2,86,
2026-09-01 12:00:00,2026-09-02 21:00:00,NBS,92,70,240,12,,,,,,,,,-88,100,10,17,8,0,0,0,0,,130,,260,KMDW,,50,25,15,56,,,2,2,11,5,0,0,2,82,
2026-09-01 12:00:00,2026-09-03 00:00:00,NBS,89,72,220,10,3.0,3.0,0.0,0.0,,10.0,,11.0,-88,100,10,11,7,0,0,0,0,0.0,130,0.0,200,KMDW,0.0,11,23,10,14,93.0,2.0,2,2,9,4,0,0,2,81,
2026-09-01 12:00:00,2026-09-03 03:00:00,NBS,84,71,210,9,,,,,,,,,-88,100,22,11,6,0,0,0,1,,130,,37,KMDW,,5,21,10,0,,,3,3,24,5,3,0,3,79,
2026-09-01 12:00:00,2026-09-03 06:00:00,NBS,81,70,220,8,2.0,,0.0,,,12.0,,,-88,100,9,9,8,0,0,0,2,0.0,140,0.0,60,KMDW,,4,23,12,0,,,3,3,9,5,0,3,2,75,
2026-09-01 12:00:00,2026-09-03 09:00:00,NBS,78,69,230,7,,,,,,,,,-88,100,9,7,8,0,0,0,3,,130,,60,KMDW,,5,24,13,0,,,3,2,12,4,0,3,3,74,
2026-09-01 12:00:00,2026-09-03 12:00:00,NBS,77,70,230,6,5.0,8.0,0.0,0.0,,16.0,,19.0,-88,100,8,6,9,0,0,0,14,0.0,130,0.0,80,KMDW,0.0,4,25,7,4,77.0,3.0,2,2,11,4,4,5,3,74,
2026-09-01 12:00:00,2026-09-03 15:00:00,NBS,83,72,240,6,,,,,,,,,-88,100,47,7,10,0,0,0,14,,130,,80,KMDW,,9,26,10,35,,,4,2,31,4,2,2,3,79,
2026-09-01 12:00:00,2026-09-03 18:00:00,NBS,87,72,260,6,17.0,,1.0,,,19.0,,,-88,100,53,6,10,0,0,0,13,0.0,130,0.0,70,KMDW,,29,28,10,47,,,4,2,27,4,3,1,3,84,
2026-09-01 12:00:00,2026-09-03 21:00:00,NBS,87,71,270,7,,,,,,,,,-88,100,50,8,14,0,0,0,16,,130,,80,KMDW,,32,35,8,47,,,4,2,16,4,0,0,3,81,
2026-09-01 12:00:00,2026-09-04 00:00:00,NBS,85,73,170,6,11.0,30.0,0.0,1.0,,23.0,,26.0,-88,100,39,6,12,0,0,0,15,0.0,130,0.0,110,KMDW,0.0,6,16,6,33,89.0,3.0,4,3,22,3,0,0,3,79,
2026-09-01 12:00:00,2026-09-04 03:00:00,NBS,80,73,130,5,,,,,,,,,-88,100,39,6,17,0,0,0,9,,140,,100,KMDW,,5,13,7,0,,,3,3,25,3,4,1,2,76,
2026-09-01 12:00:00,2026-09-04 06:00:00,NBS,78,73,170,5,5.0,,0.0,,,27.0,,,-88,100,33,5,17,0,0,0,9,0.0,140,0.0,80,KMDW,,4,20,5,0,,,2,3,22,4,4,6,2,75,
2026-09-01 12:00:00,2026-09-04 09:00:00,NBS,76,72,160,5,,,,,,,,,-88,100,30,5,9,0,0,0,20,,140,,90,KMDW,,4,18,6,0,,,2,3,15,4,5,8,3,73,
2026-09-01 12:00:00,2026-09-04 12:00:00,NBS,75,71,150,5,26.0,31.0,4.0,4.0,,19.0,,30.0,-88,80,35,5,10,0,0,0,26,0.0,140,0.0,50,KMDW,1.0,8,9,7,0,75.0,3.0,2,2,23,5,9,10,3,74,
2026-09-01 18:00:00,2026-09-02 00:00:00,NBS,88,74,230,8,2.0,,0.0,,15.0,15.0,33.0,,-88,100,30,9,8,0,0,0,0,0.0,140,0.0,180,KMDW,,7,24,9,10,,,2,2,34,3,0,0,2,82,15/15
2026-09-01 18:00:00,2026-09-02 03:00:00,NBS,83,74,210,7,,,,,,,,,-88,100,14,8,8,0,0,0,0,,130,,300,KMDW,,5,21,9,0,,,2,2,27,3,0,1,2,79,
2026-09-01 18:00:00,2026-09-02 06:00:00,NBS,80,73,220,7,2.0,,0.0,,,13.0,,,-88,100,5,8,7,0,0,0,0,0.0,130,0.0,180,KMDW,,5,23,10,0,,,2,3,7,3,0,4,2,76,
2026-09-01 18:00:00,2026-09-02 09:00:00,NBS,77,70,220,7,,,,,,,,,-88,100,13,9,4,0,0,0,0,,120,,150,KMDW,,4,24,11,0,,,2,3,19,4,1,5,2,74,
2026-09-01 18:00:00,2026-09-02 12:00:00,NBS,77,69,220,7,1.0,2.0,0.0,0.0,,6.0,,13.0,-88,100,12,9,4,0,0,0,0,0.0,130,0.0,110,KMDW,0.0,5,24,9,5,76.0,2.0,2,3,27,4,1,0,2,74,
2026-09-01 18:00:00,2026-09-02 15:00:00,NBS,85,71,240,8,,,,,,,,,-88,100,35,11,5,0,0,0,0,,130,,210,KMDW,,14,26,11,50,,,2,3,30,4,1,0,2,79,
2026-09-01 18:00:00,2026-09-02 18:00:00,NBS,91,72,240,11,2.0,,0.0,,,8.0,,,-88,100,15,14,6,0,0,0,0,0.0,130,0.0,80,KMDW,,38,26,15,73,,,2,3,17,4,0,0,2,86,
2026-09-01 18:00:00,2026-09-02 21:00:00,NBS,91,70,240,13,,,,,,,,,-88,100,8,18,9,0,0,0,3,,130,,120,KMDW,,51,26,15,58,,,2,2,9,4,0,0,2,82,
2026-09-01 18:00:00,2026-09-03 00:00:00,NBS,89,72,230,10,2.0,2.0,0.0,0.0,,13.0,,13.0,-88,100,20,13,9,0,0,0,4,0.0,130,0.0,110,KMDW,0.0,12,24,10,14,94.0,2.0,3,2,24,4,0,0,2,81,
2026-09-01 18:00:00,2026-09-03 03:00:00,NBS,84,71,240,10,,,,,,,,,-88,100,29,13,8,0,0,0,0,,130,,70,KMDW,,6,25,10,0,,,3,3,32,4,0,0,2,79,
2026-09-01 18:00:00,2026-09-03 06:00:00,NBS,81,70,220,9,7.0,,0.0,,,14.0,,,-88,90,25,11,8,0,0,0,1,0.0,130,0.0,220,KMDW,,5,23,10,0,,,3,3,27,4,2,6,2,76,
2026-09-01 18:00:00,2026-09-03 09:00:00,NBS,79,69,250,8,,,,,,,,,-88,100,37,8,11,0,0,0,14,,140,,60,KMDW,,5,25,8,0,,,3,2,41,5,4,4,3,74,
2026-09-01 18:00:00,2026-09-03 12:00:00,NBS,77,69,220,6,3.0,7.0,0.0,0.0,,21.0,,24.0,-88,100,14,7,12,0,0,0,5,0.0,130,0.0,50,KMDW,0.0,4,21,6,3,77.0,2.0,2,2,10,4,2,4,3,74,
2026-09-01 18:00:00,2026-09-03 15:00:00,NBS,84,71,220,7,,,,,,,,,-88,100,45,8,11,0,0,0,19,,130,,43,KMDW,,13,27,8,38,,,3,2,34,5,3,2,3,79,
2026-09-01 18:00:00,2026-09-03 18:00:00,NBS,88,72,230,6,7.0,,0.0,,,20.0,,,-88,100,53,7,11,0,0,0,24,0.0,130,0.0,70,KMDW,,35,26,8,51,,,4,2,32,5,4,2,3,84,
2026-09-01 18:00:00,2026-09-03 21:00:00,NBS,87,71,340,7,,,,,,,,,-88,100,43,8,17,0,0,0,19,,130,,70,KMDW,,33,28,8,20,,,4,2,17,5,0,0,3,81,
2026-09-01 18:00:00,2026-09-04 00:00:00,NBS,85,72,150,7,11.0,18.0,0.0,0.0,,27.0,,28.0,-88,100,40,7,14,0,0,0,42,0.0,140,0.0,80,KMDW,0.0,9,11,7,9,91.0,4.0,4,3,21,3,0,0,3,79,
2026-09-01 18:00:00,2026-09-04 03:00:00,NBS,81,73,110,5,,,,,,,,,-88,100,47,6,19,0,0,0,4,,140,,110,KMDW,,5,16,8,0,,,3,2,34,3,4,1,2,77,
2026-09-01 18:00:00,2026-09-04 06:00:00,NBS,79,73,130,5,11.0,,2.0,,,33.0,,,-88,100,33,5,19,0,0,0,6,0.0,140,0.0,80,KMDW,,4,17,6,0,,,3,2,20,3,4,3,3,76,
2026-09-01 18:00:00,2026-09-04 09:00:00,NBS,77,72,120,5,,,,,,,,,-88,100,31,5,12,0,0,0,24,,140,,70,KMDW,,4,15,6,0,,,2,2,29,4,8,4,3,74,
2026-09-01 18:00:00,2026-09-04 12:00:00,NBS,75,72,130,5,30.0,43.0,3.0,5.0,,23.0,,33.0,-88,80,41,6,10,0,0,0,31,0.0,140,0.0,80,KMDW,1.0,8,15,5,0,75.0,3.0,2,2,26,4,13,9,3,74,
2026-09-01 18:00:00,2026-09-04 15:00:00,NBS,80,73,140,5,,,,,,,,,-88,100,37,6,8,0,0,0,30,,140,,90,KMDW,,11,17,7,28,,,4,2,22,4,8,2,3,78,
2026-09-01 18:00:00,2026-09-04 18:00:00,NBS,85,73,230,5,37.0,,7.0,,,15.0,,,-88,100,41,6,6,0,0,0,28,0.0,140,0.0,90,KMDW,,35,26,7,43,,,5,2,26,4,3,0,4,83,
2026-09-02 00:00:00,2026-09-02 06:00:00,NBS,80,72,220,7,1.0,,0.0,,21.0,12.0,,,-88,100,5,9,5,0,0,0,0,0.0,130,0.0,70,KMDW,,5,23,10,0,,,2,2,7,3,0,0,2,76,21/12
2026-09-02 00:00:00,2026-09-02 09:00:00,NBS,78,70,230,7,,,,,,,,,-88,100,8,9,4,0,0,0,0,,120,,90,KMDW,,4,24,11,0,,,2,3,16,4,1,3,2,74,
2026-09-02 00:00:00,2026-09-02 12:00:00,NBS,77,69,230,7,1.0,1.0,0.0,0.0,,4.0,,12.0,-88,100,4,9,4,0,0,0,0,0.0,120,0.0,100,KMDW,0.0,4,24,8,5,76.0,2.0,2,3,6,4,1,0,2,73,
2026-09-02 00:00:00,2026-09-02 15:00:00,NBS,85,71,230,8,,,,,,,,,-88,100,42,11,4,0,0,0,0,,130,,80,KMDW,,13,25,9,52,,,2,3,29,4,0,0,2,79,
2026-09-02 00:00:00,2026-09-02 18:00:00,NBS,91,72,240,10,2.0,,0.0,,,6.0,,,-88,100,26,14,5,0,0,0,0,0.0,130,0.0,210,KMDW,,37,25,15,75,,,2,3,25,5,1,0,2,86,
2026-09-02 00:00:00,2026-09-02 21:00:00,NBS,91,71,240,13,,,,,,,,,-88,100,17,18,8,0,0,0,0,,130,,190,KMDW,,48,26,17,58,,,2,3,21,4,0,0,2,82,
2026-09-02 00:00:00,2026-09-03 00:00:00,NBS,89,71,230,10,3.0,2.0,0.0,0.0,,12.0,,12.0,-88,100,24,13,7,0,0,0,0,0.0,130,0.0,100,KMDW,0.0,12,24,10,14,93.0,2.0,2,2,23,4,0,0,2,81,
2026-09-02 00:00:00,2026-09-03 03:00:00,NBS,84,71,250,10,,,,,,,,,-88,100,26,12,8,0,0,0,1,,140,,70,KMDW,,5,25,10,0,,,3,2,32,5,0,0,3,77,
2026-09-02 00:00:00,2026-09-03 06:00:00,NBS,81,70,220,8,8.0,,0.0,,,18.0,,,-88,100,11,10,11,0,0,0,1,0.0,140,0.0,220,KMDW,,5,24,10,0,,,2,3,9,5,0,5,2,76,
2026-09-02 00:00:00,2026-09-03 09:00:00,NBS,79,69,240,7,,,,,,,,,-88,100,49,8,9,0,0,0,14,,140,,90,KMDW,,5,25,9,0,,,2,2,40,4,0,3,3,74,
2026-09-02 00:00:00,2026-09-03 12:00:00,NBS,77,69,210,6,10.0,8.0,0.0,0.0,,19.0,,23.0,-88,100,25,7,11,0,0,0,2,0.0,130,0.0,34,KMDW,5.0,4,21,7,4,77.0,2.0,2,2,24,4,1,0,3,74,
2026-09-02 00:00:00,2026-09-03 15:00:00,NBS,84,71,240,6,,,,,,,,,-88,100,31,6,10,0,0,0,12,,140,,49,KMDW,,17,27,9,49,,,3,2,34,4,3,2,3,79,
2026-09-02 00:00:00,2026-09-03 18:00:00,NBS,88,72,260,6,9.0,,0.0,,,19.0,,,-88,100,51,7,8,0,0,0,12,0.0,130,0.0,46,KMDW,,29,27,9,44,,,4,2,34,5,3,1,4,84,
2026-09-02 00:00:00,2026-09-03 21:00:00,NBS,87,71,30,8,,,,,,,,,-88,100,46,8,16,0,0,0,18,,130,,38,KMDW,,31,33,11,46,,,4,2,22,5,0,0,3,81,
2026-09-02 00:00:00,2026-09-04 00:00:00,NBS,85,72,120,7,36.0,42.0,25.0,25.0,,33.0,,33.0,-88,100,31,7,23,0,0,0,12,0.0,140,0.0,120,KMDW,4.0,8,12,7,12,91.0,4.0,4,2,18,4,0,0,3,79,
2026-09-02 00:00:00,2026-09-04 03:00:00,NBS,81,72,160,6,,,,,,,,,-88,100,34,6,12,0,0,0,3,,130,,60,KMDW,,5,18,6,0,,,3,2,23,3,2,2,2,77,
2026-09-02 00:00:00,2026-09-04 06:00:00,NBS,79,72,130,5,13.0,,2.0,,,20.0,,,-88,100,37,6,11,0,0,0,5,0.0,140,0.0,50,KMDW,,4,15,5,0,,,3,3,20,4,3,6,3,76,
2026-09-02 00:00:00,2026-09-04 09:00:00,NBS,77,70,120,5,,,,,,,,,-88,100,42,6,10,0,0,0,14,,140,,70,KMDW,,4,16,5,0,,,3,3,30,5,6,4,3,73,
2026-09-02 00:00:00,2026-09-04 12:00:00,NBS,76,71,100,6,25.0,37.0,8.0,10.0,,28.0,,29.0,-88,90,45,6,16,0,0,0,18,0.0,140,0.0,60,KMDW,3.0,6,12,6,0,75.0,3.0,2,2,28,4,9,9,3,73,
2026-09-02 00:00:00,2026-09-04 15:00:00,NBS,80,73,90,6,,,,,,,,,-88,100,46,6,10,0,0,0,29,,140,,70,KMDW,,15,10,10,31,,,4,2,27,4,9,2,3,78,
2026-09-02 00:00:00,2026-09-04 18:00:00,NBS,85,73,80,5,39.0,,4.0,,,21.0,,,-88,100,58,6,9,0,0,0,26,0.0,140,0.0,80,KMDW,,29,18,8,50,,,4,2,27,4,0,0,3,83,
2026-09-02 00:00:00,2026-09-04 21:00:00,NBS,86,72,70,6,,,,,,,,,-88,100,47,7,12,0,0,0,10,,140,,60,KMDW,,24,8,6,64,,,4,2,23,4,1,0,3,81,
2026-09-02 00:00:00,2026-09-05 00:00:00,NBS,83,72,60,6,5.0,43.0,0.0,4.0,,21.0,,26.0,-88,100,41,7,10,0,0,0,10,0.0,140,0.0,100,KMDW,1.0,10,8,6,42,88.0,4.0,4,2,23,4,2,0,3,78,
2026-09-02 06:00:00,2026-09-02 12:00:00,NBS,77,69,220,8,1.0,,0.0,,18.0,5.0,25.0,,-88,100,12,9,4,0,0,0,0,0.0,130,0.0,230,KMDW,,5,25,9,5,,,2,3,24,3,0,0,2,74,18/5
2026-09-02 06:00:00,2026-09-02 15:00:00,NBS,85,71,240,9,,,,,,,,,-88,100,30,12,4,0,0,0,0,,130,,100,KMDW,,15,26,11,51,,,2,3,26,3,0,0,2,79,
2026-09-02 06:00:00,2026-09-02 18:00:00,NBS,91,72,240,11,2.0,,0.0,,,7.0,,,-88,100,24,15,6,0,0,0,0,0.0,130,0.0,90,KMDW,,36,25,15,72,,,2,3,17,4,0,0,2,86,
2026-09-02 06:00:00,2026-09-02 21:00:00,NBS,92,71,250,13,,,,,,,,,-88,100,9,18,8,0,0,0,0,,130,,90,KMDW,,43,26,15,52,,,2,2,12,4,0,0,2,84,
2026-09-02 06:00:00,2026-09-03 00:00:00,NBS,89,71,240,10,2.0,2.0,0.0,0.0,,13.0,,13.0,-88,100,23,13,8,0,0,0,0,0.0,140,0.0,90,KMDW,0.0,11,25,10,11,94.0,2.0,2,2,23,4,0,0,2,81,
2026-09-02 06:00:00,2026-09-03 03:00:00,NBS,85,71,210,10,,,,,,,,,-88,100,27,13,8,0,0,0,4,,140,,110,KMDW,,5,21,10,0,,,2,2,16,5,0,0,3,79,
2026-09-02 06:00:00,2026-09-03 06:00:00,NBS,82,70,220,9,4.0,,0.0,,,15.0,,,-88,100,27,11,9,0,0,0,1,0.0,130,0.0,120,KMDW,,4,22,9,0,,,2,3,22,4,0,1,3,76,
2026-09-02 06:00:00,2026-09-03 09:00:00,NBS,79,69,190,7,,,,,,,,,-88,100,38,8,10,0,0,0,16,,140,,90,KMDW,,4,21,8,0,,,2,2,32,4,0,0,3,74,
2026-09-02 06:00:00,2026-09-03 12:00:00,NBS,77,70,220,6,9.0,7.0,0.0,0.0,,18.0,,21.0,-88,100,36,6,9,0,0,0,8,0.0,130,0.0,100,KMDW,2.0,4,24,6,3,77.0,2.0,2,2,37,4,0,0,3,74,
2026-09-02 06:00:00,2026-09-03 15:00:00,NBS,84,72,280,6,,,,,,,,,-88,100,41,7,9,0,0,0,21,,130,,80,KMDW,,15,29,8,37,,,3,2,32,4,1,1,3,79,
2026-09-02 06:00:00,2026-09-03 18:00:00,NBS,88,72,340,6,14.0,,0.0,,,18.0,,,-88,100,37,7,9,0,0,0,26,0.0,140,0.0,70,KMDW,,33,32,10,68,,,4,2,34,5,0,0,4,85,
2026-09-02 06:00:00,2026-09-03 21:00:00,NBS,87,71,60,7,,,,,,,,,-88,100,31,8,17,0,0,0,2,,130,,50,KMDW,,27,8,9,49,,,4,2,29,5,0,0,3,81,
2026-09-02 06:00:00,2026-09-04 00:00:00,NBS,84,72,140,7,35.0,47.0,3.0,3.0,,32.0,,33.0,-88,100,36,7,21,0,0,0,2,0.0,140,0.0,70,KMDW,1.0,6,13,7,11,90.0,3.0,3,3,33,3,0,0,2,79,
2026-09-02 06:00:00,2026-09-04 03:00:00,NBS,80,72,150,6,,,,,,,,,-88,100,40,6,11,0,0,0,3,,140,,90,KMDW,,4,17,6,0,,,3,2,31,3,4,0,2,77,
2026-09-02 06:00:00,2026-09-04 06:00:00,NBS,78,72,70,5,8.0,,0.0,,,33.0,,,-88,100,52,5,20,0,0,0,10,0.0,140,0.0,38,KMDW,,6,6,8,0,,,3,2,30,3,9,2,2,75,
2026-09-02 06:00:00,2026-09-04 09:00:00,NBS,76,71,90,5,,,,,,,,,-88,90,54,6,17,0,0,0,38,,140,,36,KMDW,,5,10,8,0,,,3,2,27,4,8,8,3,73,
2026-09-02 06:00:00,2026-09-04 12:00:00,NBS,75,71,90,5,39.0,48.0,7.0,7.0,,37.0,,38.0,-88,40,53,6,17,0,0,0,17,0.0,140,0.0,48,KMDW,3.0,4,16,5,0,75.0,3.0,2,2,26,4,9,14,3,73,
2026-09-02 06:00:00,2026-09-04 15:00:00,NBS,80,73,130,6,,,,,,,,,-88,100,51,6,10,0,0,0,28,,140,,80,KMDW,,13,16,7,30,,,4,2,26,4,6,2,3,78,
2026-09-02 06:00:00,2026-09-04 18:00:00,NBS,85,73,150,4,38.0,,17.0,,,19.0,,,-88,100,59,5,7,0,0,0,26,0.0,140,0.0,120,KMDW,,30,21,6,49,,,5,2,24,4,4,0,3,82,
2026-09-02 06:00:00,2026-09-04 21:00:00,NBS,86,73,80,6,,,,,,,,,-88,100,41,6,8,0,0,0,10,,140,,80,KMDW,,30,18,6,60,,,3,2,25,3,2,0,3,81,
2026-09-02 06:00:00,2026-09-05 00:00:00,NBS,83,73,70,6,6.0,44.0,0.0,17.0,,13.0,,25.0,-88,100,38,6,9,0,0,0,12,0.0,140,0.0,100,KMDW,4.0,5,9,6,40,88.0,3.0,3,3,25,3,0,0,3,78,
2026-09-02 06:00:00,2026-09-05 03:00:00,NBS,79,73,80,5,,,,,,,,,-88,100,37,5,9,0,0,0,18,,140,,70,KMDW,,4,10,5,0,,,3,3,25,3,5,3,3,76,
2026-09-02 06:00:00,2026-09-05 06:00:00,NBS,76,72,80,4,15.0,,0.0,,,18.0,,,-88,100,53,4,12,0,0,0,17,0.0,140,0.0,70,KMDW,,4,15,5,0,,,3,3,22,3,6,7,3,74,
2026-09-02 12:00:00,2026-09-02 18:00:00,NBS,91,71,240,11,1.0,,0.0,,34.0,7.0,,,-88,100,50,16,6,0,0,0,0,0.0,130,0.0,100,KMDW,,32,25,15,67,,,2,2,38,4,0,0,2,85,34/7
2026-09-02 12:00:00,2026-09-02 21:00:00,NBS,92,70,250,13,,,,,,,,,-88,100,6,18,7,0,0,0,3,,130,,110,KMDW,,44,26,15,57,,,2,2,11,3,0,0,2,83,
2026-09-02 12:00:00,2026-09-03 00:00:00,NBS,89,71,230,10,1.0,1.0,0.0,0.0,,11.0,,11.0,-88,100,12,13,8,0,0,0,3,0.0,130,0.0,100,KMDW,0.0,11,25,10,10,93.0,2.0,2,2,13,3,0,0,2,81,
2026-09-02 12:00:00,2026-09-03 03:00:00,NBS,84,71,220,10,,,,,,,,,-88,100,15,12,6,0,0,0,0,,130,,120,KMDW,,5,22,10,0,,,2,2,12,4,0,0,3,77,
2026-09-02 12:00:00,2026-09-03 06:00:00,NBS,81,70,220,9,3.0,,0.0,,,12.0,,,-88,100,15,10,9,0,0,0,0,0.0,130,0.0,110,KMDW,,4,22,12,0,,,3,2,15,4,0,0,3,76,
2026-09-02 12:00:00,2026-09-03 09:00:00,NBS,78,69,230,7,,,,,,,,,-88,100,20,8,7,0,0,0,8,,140,,100,KMDW,,4,23,10,0,,,3,2,24,5,0,0,3,74,
2026-09-02 12:00:00,2026-09-03 12:00:00,NBS,77,70,220,6,9.0,4.0,0.0,0.0,,13.0,,16.0,-88,100,36,6,9,0,0,0,2,0.0,130,0.0,90,KMDW,2.0,5,23,8,2,77.0,2.0,2,2,33,4,0,0,3,74,
2026-09-02 12:00:00,2026-09-03 15:00:00,NBS,83,71,260,6,,,,,,,,,-88,100,30,7,13,0,0,0,6,,130,,120,KMDW,,14,28,8,35,,,3,2,41,5,0,0,3,79,
2026-09-02 12:00:00,2026-09-03 18:00:00,NBS,88,71,270,6,18.0,,0.0,,,24.0,,,-88,100,34,7,12,0,0,0,30,0.0,140,0.0,140,KMDW,,35,27,12,59,,,3,2,35,5,0,0,3,85,
2026-09-02 12:00:00,2026-09-03 21:00:00,NBS,87,70,270,8,,,,,,,,,-88,100,17,8,10,0,0,0,12,,130,,120,KMDW,,36,24,8,52,,,4,2,20,5,0,0,3,80,
2026-09-02 12:00:00,2026-09-04 00:00:00,NBS,84,71,160,6,17.0,34.0,0.0,0.0,,17.0,,31.0,-88,100,30,7,12,0,0,0,9,0.0,140,0.0,120,KMDW,5.0,5,23,6,11,90.0,3.0,3,3,37,4,0,0,3,78,
2026-09-02 12:00:00,2026-09-04 03:00:00,NBS,79,72,170,6,,,,,,,,,-88,100,25,6,13,0,0,0,4,,140,,40,KMDW,,4,22,6,0,,,2,2,29,3,4,1,2,75,
2026-09-02 12:00:00,2026-09-04 06:00:00,NBS,77,72,200,5,16.0,,0.0,,,22.0,,,-88,100,38,5,11,0,0,0,15,0.0,140,0.0,70,KMDW,,4,21,9,0,,,2,2,38,4,4,5,3,74,
2026-09-02 12:00:00,2026-09-04 09:00:00,NBS,75,71,210,6,,,,,,,,,-88,100,66,6,13,0,0,0,42,,140,,42,KMDW,,8,20,10,0,,,2,2,34,4,5,5,3,73,
2026-09-02 12:00:00,2026-09-04 12:00:00,NBS,74,71,90,5,38.0,47.0,4.0,4.0,,32.0,,33.0,-88,90,42,6,16,0,0,0,39,0.0,140,0.0,41,KMDW,1.0,7,11,6,2,74.0,2.0,2,2,35,4,7,11,3,73,
2026-09-02 12:00:00,2026-09-04 15:00:00,NBS,79,73,90,6,,,,,,,,,-88,100,46,6,10,0,0,0,19,,140,,60,KMDW,,15,17,9,33,,,3,2,19,4,4,0,3,77,
2026-09-02 12:00:00,2026-09-04 18:00:00,NBS,84,73,170,5,37.0,,6.0,,,19.0,,,-88,100,47,6,5,0,0,0,10,0.0,140,0.0,70,KMDW,,31,24,8,50,,,4,2,24,5,3,0,4,83,
2026-09-02 12:00:00,2026-09-04 21:00:00,NBS,85,72,70,6,,,,,,,,,-88,100,39,7,8,0,0,0,6,,140,,80,KMDW,,26,27,6,57,,,3,2,24,4,0,0,3,80,
2026-09-02 12:00:00,2026-09-05 00:00:00,NBS,82,72,60,6,7.0,39.0,0.0,6.0,,13.0,,26.0,-88,100,32,7,9,0,0,0,7,0.0,140,0.0,70,KMDW,2.0,6,7,6,39,87.0,3.0,3,3,27,4,0,0,3,78,
2026-09-02 12:00:00,2026-09-05 03:00:00,NBS,78,73,70,5,,,,,,,,,-88,100,34,6,10,0,0,0,14,,140,,70,KMDW,,4,8,5,0,,,3,3,23,3,4,2,2,75,
2026-09-02 12:00:00,2026-09-05 06:00:00,NBS,76,73,60,4,12.0,,0.0,,,20.0,,,-88,100,43,4,13,0,0,0,27,0.0,140,0.0,80,KMDW,,4,8,5,0,,,2,2,25,3,4,7,3,74,
2026-09-02 12:00:00,2026-09-05 09:00:00,NBS,74,72,60,4,,,,,,,,,-88,100,55,4,16,0,0,0,30,,140,,60,KMDW,,4,7,8,0,,,2,2,18,3,5,6,3,73,
2026-09-02 12:00:00,2026-09-05 12:00:00,NBS,73,72,120,4,37.0,45.0,5.0,5.0,,34.0,,35.0,-88,40,64,4,16,0,0,0,32,0.0,140,0.0,50,KMDW,1.0,4,15,7,0,72.0,2.0,2,2,20,3,8,13,3,73,
2026-09-02 18:00:00,2026-09-03 00:00:00,NBS,89,70,230,10,1.0,,0.0,,15.0,10.0,24.0,,-88,100,12,12,8,0,0,0,0,0.0,130,0.0,190,KMDW,,10,23,10,10,,,2,2,23,3,0,0,2,81,15/10
2026-09-02 18:00:00,2026-09-03 03:00:00,NBS,85,70,210,10,,,,,,,,,-88,100,9,13,8,0,0,0,0,,130,,210,KMDW,,5,22,10,0,,,2,2,10,3,0,1,2,78,
2026-09-02 18:00:00,2026-09-03 06:00:00,NBS,83,69,220,9,4.0,,0.0,,,17.0,,,-88,100,14,12,11,0,0,0,3,0.0,140,0.0,110,KMDW,,5,22,11,0,,,2,2,15,4,1,3,2,76,
2026-09-02 18:00:00,2026-09-03 09:00:00,NBS,81,68,220,9,,,,,,,,,-88,100,20,11,7,0,0,0,1,,140,,90,KMDW,,5,24,10,0,,,3,2,26,5,0,2,3,75,
2026-09-02 18:00:00,2026-09-03 12:00:00,NBS,79,69,220,7,6.0,5.0,0.0,0.0,,16.0,,20.0,-88,100,24,9,9,0,0,0,2,0.0,140,0.0,110,KMDW,0.0,5,25,9,4,78.0,3.0,2,2,26,5,0,0,3,74,
2026-09-02 18:00:00,2026-09-03 15:00:00,NBS,84,70,240,8,,,,,,,,,-88,100,18,10,11,0,0,0,3,,140,,200,KMDW,,14,26,10,46,,,4,2,23,5,0,0,3,79,
2026-09-02 18:00:00,2026-09-03 18:00:00,NBS,89,70,250,7,20.0,,2.0,,,22.0,,,-88,100,32,9,11,0,0,0,10,0.0,140,0.0,100,KMDW,,38,26,11,60,,,4,2,24,5,0,0,3,84,
2026-09-02 18:00:00,2026-09-03 21:00:00,NBS,89,70,290,8,,,,,,,,,-88,100,43,9,12,0,0,0,12,,130,,80,KMDW,,41,28,9,30,,,4,2,24,4,0,0,3,81,
2026-09-02 18:00:00,2026-09-04 00:00:00,NBS,84,71,140,7,19.0,30.0,0.0,2.0,,23.0,,32.0,-88,100,43,7,15,0,0,0,20,0.0,140,0.0,110,KMDW,2.0,8,16,7,11,91.0,4.0,4,2,36,4,0,0,2,78,
2026-09-02 18:00:00,2026-09-04 03:00:00,NBS,80,72,30,6,,,,,,,,,-88,100,34,6,14,0,0,0,14,,140,,70,KMDW,,5,34,8,0,,,3,2,30,4,0,1,3,77,
2026-09-02 18:00:00,2026-09-04 06:00:00,NBS,79,72,130,6,11.0,,0.0,,,25.0,,,-88,90,28,6,13,0,0,0,6,0.0,140,0.0,90,KMDW,,4,15,6,0,,,3,2,33,4,4,5,3,76,
2026-09-02 18:00:00,2026-09-04 09:00:00,NBS,77,70,250,7,,,,,,,,,-88,100,50,7,11,0,0,0,29,,140,,31,KMDW,,5,5,9,0,,,3,2,34,4,7,5,3,74,
2026-09-02 18:00:00,2026-09-04 12:00:00,NBS,75,71,190,6,49.0,55.0,15.0,15.0,,27.0,,31.0,-88,90,62,6,14,0,0,0,27,0.0,140,0.0,60,KMDW,4.0,3,16,6,2,75.0,3.0,2,2,36,4,4,8,3,73,
2026-09-02 18:00:00,2026-09-04 15:00:00,NBS,80,72,70,6,,,,,,,,,-88,100,52,6,9,0,0,0,12,,130,,36,KMDW,,16,9,10,33,,,4,2,32,4,4,2,3,77,
2026-09-02 18:00:00,2026-09-04 18:00:00,NBS,86,72,180,6,25.0,,1.0,,,18.0,,,-88,100,47,6,5,0,0,0,17,0.0,140,0.0,110,KMDW,,27,22,9,61,,,4,2,35,4,4,0,3,83,
2026-09-02 18:00:00,2026-09-04 21:00:00,NBS,88,71,260,7,,,,,,,,,-88,100,23,7,7,0,0,0,3,,130,,100,KMDW,,34,26,9,56,,,4,2,26,4,0,0,3,81,
2026-09-02 18:00:00,2026-09-05 00:00:00,NBS,84,72,60,7,4.0,30.0,0.0,1.0,,14.0,,24.0,-88,100,24,7,9,0,0,0,3,0.0,130,0.0,80,KMDW,0.0,7,24,7,22,89.0,4.0,4,3,20,3,0,0,3,78,
2026-09-02 18:00:00,2026-09-05 03:00:00,NBS,80,72,70,6,,,,,,,,,-88,100,34,6,10,0,0,0,8,,130,,90,KMDW,,4,13,6,0,,,4,2,20,3,4,2,3,76,
2026-09-02 18:00:00,2026-09-05 06:00:00,NBS,77,72,50,5,10.0,,0.0,,,19.0,,,-88,100,44,5,12,0,0,0,19,0.0,130,0.0,70,KMDW,,5,20,5,0,,,3,2,20,3,4,6,2,75,
2026-09-02 18:00:00,2026-09-05 09:00:00,NBS,75,72,10,4,,,,,,,,,-88,100,50,5,10,0,0,0,37,,140,,90,KMDW,,4,29,7,0,,,2,2,27,4,7,4,3,73,
2026-09-02 18:00:00,2026-09-05 12:00:00,NBS,74,72,120,4,41.0,47.0,6.0,6.0,,22.0,,24.0,-88,80,61,4,11,0,0,0,41,0.0,130,0.0,110,KMDW,2.0,4,24,5,0,73.0,3.0,2,2,26,3,7,11,3,73,
2026-09-02 18:00:00,2026-09-05 15:00:00,NBS,78,73,60,5,,,,,,,,,-88,100,62,6,8,0,0,0,48,,130,,110,KMDW,,19,28,6,32,,,3,2,32,3,6,2,3,77,
2026-09-02 18:00:00,2026-09-05 18:00:00,NBS,83,72,40,5,26.0,,1.0,,,15.0,,,-88,100,51,6,9,0,0,0,30,0.0,130,0.0,80,KMDW,,39,30,8,52,,,4,3,31,4,4,0,3,81,
2026-09-03 00:00:00,2026-09-03 06:00:00,NBS,82,70,220,9,4.0,,0.0,,12.0,11.0,,,-88,100,9,12,8,0,0,0,0,0.0,140,0.0,100,KMDW,,5,23,11,0,,,2,2,11,4,0,0,2,76,12/11
2026-09-03 00:00:00,2026-09-03 09:00:00,NBS,80,68,220,8,,,,,,,,,-88,100,32,10,9,0,0,0,1,,140,,100,KMDW,,5,24,9,0,,,2,2,26,4,0,0,3,75,
2026-09-03 00:00:00,2026-09-03 12:00:00,NBS,79,69,210,8,5.0,4.0,0.0,0.0,,16.0,,19.0,-88,100,25,9,9,0,0,0,2,0.0,140,0.0,100,KMDW,0.0,5,25,8,4,78.0,3.0,2,2,28,4,0,0,3,74,
2026-09-03 00:00:00,2026-09-03 15:00:00,NBS,84,71,210,8,,,,,,,,,-88,100,20,10,8,0,0,0,7,,140,,150,KMDW,,13,25,9,44,,,4,2,22,5,0,0,3,79,
2026-09-03 00:00:00,2026-09-03 18:00:00,NBS,90,71,240,7,12.0,,2.0,,,20.0,,,-88,100,23,8,12,0,0,0,3,0.0,130,0.0,100,KMDW,,40,25,12,67,,,4,2,16,5,1,0,3,85,
2026-09-03 00:00:00,2026-09-03 21:00:00,NBS,90,71,260,8,,,,,,,,,-88,100,37,8,21,0,0,0,12,,130,,150,KMDW,,42,27,11,48,,,4,2,24,5,0,0,3,82,
2026-09-03 00:00:00,2026-09-04 00:00:00,NBS,84,72,130,7,46.0,57.0,7.0,9.0,,38.0,,38.0,-88,100,41,7,20,0,0,0,15,0.0,130,0.0,130,KMDW,3.0,8,19,7,14,91.0,4.0,4,2,34,3,2,0,3,79,
2026-09-03 00:00:00,2026-09-04 03:00:00,NBS,80,73,360,6,,,,,,,,,-88,100,38,7,14,0,0,0,18,,130,,70,KMDW,,5,35,8,0,,,3,2,34,4,0,0,3,77,
2026-09-03 00:00:00,2026-09-04 06:00:00,NBS,79,73,170,6,21.0,,2.0,,,19.0,,,-88,100,37,6,11,0,0,0,9,0.0,130,0.0,44,KMDW,,4,19,9,0,,,3,2,31,4,1,3,3,76,
2026-09-03 00:00:00,2026-09-04 09:00:00,NBS,77,70,140,7,,,,,,,,,-88,100,46,7,11,0,0,0,18,,130,,130,KMDW,,5,5,8,0,,,3,2,35,4,1,0,3,73,
2026-09-03 00:00:00,2026-09-04 12:00:00,NBS,75,71,100,6,43.0,62.0,25.0,27.0,,27.0,,33.0,80,100,68,7,16,0,0,0,45,0.0,140,0.0,60,KMDW,7.0,5,5,8,2,75.0,3.0,3,2,31,4,12,2,3,73,
2026-09-03 00:00:00,2026-09-04 15:00:00,NBS,79,73,170,6,,,,,,,,,-88,100,76,7,6,0,0,0,24,,140,,22,KMDW,,16,17,9,38,,,4,2,28,5,5,2,3,77,
2026-09-03 00:00:00,2026-09-04 18:00:00,NBS,86,72,210,6,17.0,,1.0,,,12.0,,,-88,100,24,7,4,0,0,0,5,0.0,140,0.0,70,KMDW,,28,23,8,71,,,4,2,35,5,3,1,3,84,
2026-09-03 00:00:00,2026-09-04 21:00:00,NBS,88,72,50,7,,,,,,,,,-88,100,10,8,8,0,0,0,2,,140,,41,KMDW,,34,26,8,57,,,4,2,11,5,1,0,3,82,
2026-09-03 00:00:00,2026-09-05 00:00:00,NBS,83,73,60,7,3.0,22.0,0.0,1.0,,16.0,,22.0,-88,100,27,8,11,0,0,0,2,0.0,130,0.0,60,KMDW,1.0,6,4,7,16,88.0,4.0,4,3,25,4,0,0,3,78,
2026-09-03 00:00:00,2026-09-05 03:00:00,NBS,79,73,80,6,,,,,,,,,-88,100,34,7,11,0,0,0,5,,140,,70,KMDW,,5,13,6,0,,,3,2,23,3,3,2,3,76,
2026-09-03 00:00:00,2026-09-05 06:00:00,NBS,77,73,90,5,10.0,,0.0,,,27.0,,,-88,100,39,5,18,0,0,0,7,0.0,140,0.0,49,KMDW,,6,19,9,0,,,3,2,26,3,6,7,2,75,
2026-09-03 00:00:00,2026-09-05 09:00:00,NBS,75,71,20,5,,,,,,,,,-88,100,46,5,18,0,0,0,22,,130,,70,KMDW,,10,31,9,0,,,2,2,31,4,8,5,3,73,
2026-09-03 00:00:00,2026-09-05 12:00:00,NBS,74,71,50,5,27.0,34.0,2.0,2.0,,28.0,,31.0,-88,60,47,5,11,0,0,0,36,0.0,130,0.0,90,KMDW,0.0,4,32,5,0,73.0,2.0,2,2,21,3,10,12,3,73,
2026-09-03 00:00:00,2026-09-05 15:00:00,NBS,78,73,30,5,,,,,,,,,-88,100,49,6,6,0,0,0,18,,130,,80,KMDW,,23,35,6,32,,,3,2,31,4,6,1,3,77,
2026-09-03 00:00:00,2026-09-05 18:00:00,NBS,83,72,30,6,18.0,,0.0,,,13.0,,,-88,100,48,6,7,0,0,0,18,0.0,120,0.0,44,KMDW,,33,1,9,52,,,3,2,31,4,2,0,3,81,
2026-09-03 00:00:00,2026-09-05 21:00:00,NBS,82,72,40,9,,,,,,,,,-88,100,47,10,8,0,0,0,9,,120,,13,KMDW,,24,3,9,69,,,3,3,26,5,1,0,3,78,
2026-09-03 00:00:00,2026-09-06 00:00:00,NBS,78,70,30,10,11.0,29.0,0.0,0.0,,12.0,,17.0,-88,100,49,11,5,0,0,0,10,0.0,120,0.0,20,KMDW,0.0,17,4,10,48,84.0,3.0,2,3,35,4,2,0,3,74,
2026-09-03 06:00:00,2026-09-03 12:00:00,NBS,78,69,220,6,4.0,,0.0,,6.0,15.0,21.0,,-88,100,9,7,8,0,0,0,5,0.0,140,0.0,100,KMDW,,4,24,8,5,,,2,2,22,4,0,0,2,74,6/15
2026-09-03 06:00:00,2026-09-03 15:00:00,NBS,84,71,230,7,,,,,,,,,-88,100,16,9,7,0,0,0,8,,140,,110,KMDW,,13,25,9,50,,,3,2,19,4,0,0,3,79,
2026-09-03 06:00:00,2026-09-03 18:00:00,NBS,90,71,230,7,37.0,,12.0,,,24.0,,,-88,100,33,9,17,0,0,0,9,0.0,130,0.0,90,KMDW,,47,25,12,69,,,4,2,33,4,0,0,3,85,
2026-09-03 06:00:00,2026-09-03 21:00:00,NBS,89,71,240,8,,,,,,,,,-88,100,36,9,24,0,0,0,32,,130,,110,KMDW,,32,27,10,44,,,4,2,36,4,0,0,3,82,
2026-09-03 06:00:00,2026-09-04 00:00:00,NBS,84,73,130,7,31.0,64.0,3.0,15.0,,40.0,,40.0,-88,100,30,8,16,0,0,0,14,0.0,130,0.0,170,KMDW,3.0,6,16,8,11,91.0,3.0,3,2,32,3,0,0,2,79,
2026-09-03 06:00:00,2026-09-04 03:00:00,NBS,81,73,170,7,,,,,,,,,-88,100,23,7,10,0,0,0,17,,140,,130,KMDW,,4,18,8,0,,,3,2,17,4,0,0,3,77,
2026-09-03 06:00:00,2026-09-04 06:00:00,NBS,79,72,210,7,14.0,,0.0,,,16.0,,,-88,100,20,7,11,0,0,0,5,0.0,140,0.0,80,KMDW,,5,21,10,0,,,3,2,31,4,1,0,3,75,
2026-09-03 06:00:00,2026-09-04 09:00:00,NBS,77,70,10,7,,,,,,,,,-88,100,49,7,11,0,0,0,17,,140,,90,KMDW,,5,31,10,0,,,3,2,34,5,0,0,3,74,
2026-09-03 06:00:00,2026-09-04 12:00:00,NBS,75,70,120,6,42.0,49.0,17.0,17.0,,27.0,,32.0,130,100,62,7,16,0,0,0,6,0.0,140,0.0,90,KMDW,6.0,6,7,8,3,75.0,3.0,2,2,34,5,0,0,3,74,
2026-09-03 06:00:00,2026-09-04 15:00:00,NBS,81,72,210,7,,,,,,,,,140,100,70,8,7,0,0,0,14,,140,,110,KMDW,,15,22,9,40,,,4,2,32,5,2,0,3,77,
2026-09-03 06:00:00,2026-09-04 18:00:00,NBS,87,73,240,8,24.0,,1.0,,,12.0,,,-88,100,38,9,3,0,0,0,2,0.0,140,0.0,170,KMDW,,32,25,11,72,,,4,2,37,5,0,0,3,84,
2026-09-03 06:00:00,2026-09-04 21:00:00,NBS,89,72,280,8,,,,,,,,,-88,100,21,9,8,0,0,0,1,,140,,60,KMDW,,38,26,9,56,,,3,2,30,5,0,0,3,82,
2026-09-03 06:00:00,2026-09-05 00:00:00,NBS,84,73,70,7,2.0,30.0,0.0,1.0,,20.0,,24.0,-88,100,27,8,12,0,0,0,14,0.0,140,0.0,50,KMDW,1.0,7,0,7,13,89.0,3.0,4,3,39,4,0,0,3,78,
2026-09-03 06:00:00,2026-09-05 03:00:00,NBS,79,73,60,6,,,,,,,,,-88,100,59,7,13,0,0,0,4,,140,,41,KMDW,,4,18,6,0,,,3,3,38,3,4,2,2,76,
2026-09-03 06:00:00,2026-09-05 06:00:00,NBS,77,73,60,6,34.0,,10.0,,,31.0,,,-88,100,50,6,20,0,0,0,10,0.0,140,0.0,100,KMDW,,5,4,7,0,,,3,2,36,4,8,7,3,75,
2026-09-03 06:00:00,2026-09-05 09:00:00,NBS,75,71,50,5,,,,,,,,,110,70,59,5,21,0,0,0,31,,140,,48,KMDW,,5,32,6,0,,,2,2,23,4,12,11,3,73,
2026-09-03 06:00:00,2026-09-05 12:00:00,NBS,75,72,50,5,37.0,43.0,9.0,19.0,,34.0,,35.0,-88,30,51,5,11,0,0,0,13,0.0,130,0.0,80,KMDW,4.0,5,24,5,3,74.0,2.0,2,2,28,3,17,18,3,73,
2026-09-03 06:00:00,2026-09-05 15:00:00,NBS,78,73,50,6,,,,,,,,,90,100,59,6,7,0,0,0,16,,120,,90,KMDW,,16,2,6,32,,,3,2,29,4,17,4,3,77,
2026-09-03 06:00:00,2026-09-05 18:00:00,NBS,82,72,40,8,18.0,,1.0,,,15.0,,,-88,100,50,9,7,0,0,0,16,0.0,120,0.0,150,KMDW,,27,3,8,52,,,4,2,30,4,6,0,3,81,
2026-09-03 06:00:00,2026-09-05 21:00:00,NBS,81,71,40,10,,,,,,,,,-88,100,45,12,8,0,0,0,4,,110,,36,KMDW,,25,3,10,69,,,3,2,31,4,2,0,3,77,
2026-09-03 06:00:00,2026-09-06 00:00:00,NBS,78,69,30,11,10.0,22.0,0.0,1.0,,14.0,,21.0,-88,100,45,12,6,0,0,0,4,0.0,110,0.0,1,KMDW,0.0,16,3,11,47,83.0,3.0,2,3,31,4,0,0,3,74,
2026-09-03 06:00:00,2026-09-06 03:00:00,NBS,75,69,40,9,,,,,,,,,-88,100,56,10,4,0,0,0,3,,110,,22,KMDW,,13,4,9,0,,,2,3,33,4,4,0,2,72,
2026-09-03 06:00:00,2026-09-06 06:00:00,NBS,74,69,60,7,2.0,,0.0,,,6.0,,,-88,100,40,8,3,0,0,0,3,0.0,110,0.0,22,KMDW,,11,7,8,0,,,2,3,32,3,3,3,2,71,
2026-09-03 12:00:00,2026-09-03 18:00:00,NBS,88,71,260,8,14.0,,2.0,,6.0,15.0,,,-88,100,31,9,10,0,0,0,9,0.0,130,0.0,80,KMDW,,43,26,8,73,,,4,2,33,4,0,0,3,84,6/15
2026-09-03 12:00:00,2026-09-03 21:00:00,NBS,87,70,170,8,,,,,,,,,-88,100,13,9,13,0,0,0,4,,130,,90,KMDW,,49,24,10,55,,,4,2,28,4,0,0,3,81,
2026-09-03 12:00:00,2026-09-04 00:00:00,NBS,84,72,100,7,49.0,63.0,14.0,16.0,,29.0,,30.0,-88,100,37,8,19,0,0,0,10,0.0,130,0.0,130,KMDW,3.0,7,12,8,9,91.0,3.0,4,2,37,4,0,0,3,78,
2026-09-03 12:00:00,2026-09-04 03:00:00,NBS,80,72,160,7,,,,,,,,,-88,100,18,7,9,0,0,0,11,,130,,100,KMDW,,5,18,8,0,,,3,2,12,4,0,0,3,76,
2026-09-03 12:00:00,2026-09-04 06:00:00,NBS,78,71,190,7,16.0,,2.0,,,22.0,,,-88,100,10,7,12,0,0,0,1,0.0,130,0.0,90,KMDW,,5,21,8,0,,,3,2,8,4,2,0,2,74,
2026-09-03 12:00:00,2026-09-04 09:00:00,NBS,76,70,220,6,,,,,,,,,-88,100,23,7,10,0,0,0,16,,140,,130,KMDW,,5,26,9,0,,,3,2,33,5,0,0,3,73,
2026-09-03 12:00:00,2026-09-04 12:00:00,NBS,75,70,240,7,27.0,42.0,6.0,8.0,,20.0,,25.0,-88,100,57,8,11,0,0,0,6,0.0,140,0.0,100,KMDW,5.0,5,33,9,3,74.0,3.0,3,2,43,5,1,0,3,72,
2026-09-03 12:00:00,2026-09-04 15:00:00,NBS,81,72,210,7,,,,,,,,,-88,100,42,8,9,0,0,0,3,,140,,160,KMDW,,14,23,8,50,,,4,2,47,4,2,0,3,77,
2026-09-03 12:00:00,2026-09-04 18:00:00,NBS,87,72,230,7,30.0,,1.0,,,15.0,,,-88,100,38,9,4,0,0,0,2,0.0,140,0.0,170,KMDW,,37,25,10,72,,,4,2,42,5,0,0,3,84,
2026-09-03 12:00:00,2026-09-04 21:00:00,NBS,87,71,240,8,,,,,,,,,-88,100,26,9,9,0,0,0,5,,140,,180,KMDW,,34,25,9,50,,,3,2,30,5,0,0,3,81,
2026-09-03 12:00:00,2026-09-05 00:00:00,NBS,83,72,240,7,7.0,33.0,0.0,1.0,,18.0,,24.0,-88,100,13,8,11,0,0,0,18,0.0,140,0.0,38,KMDW,4.0,6,24,7,10,89.0,4.0,4,3,32,4,0,0,3,78,
2026-09-03 12:00:00,2026-09-05 03:00:00,NBS,79,73,0,6,,,,,,,,,-88,100,27,7,12,0,0,0,5,,140,,60,KMDW,,4,23,7,0,,,3,2,34,3,4,3,2,76,
2026-09-03 12:00:00,2026-09-05 06:00:00,NBS,76,72,120,6,32.0,,4.0,,,36.0,,,-88,100,36,6,22,0,0,0,27,0.0,140,0.0,60,KMDW,,5,25,7,0,,,2,2,44,4,7,6,3,74,
2026-09-03 12:00:00,2026-09-05 09:00:00,NBS,74,71,10,5,,,,,,,,,-88,90,28,6,16,0,0,0,12,,130,,35,KMDW,,5,31,7,0,,,2,2,23,4,13,6,3,73,
2026-09-03 12:00:00,2026-09-05 12:00:00,NBS,74,71,20,5,49.0,56.0,36.0,40.0,,27.0,,36.0,-88,30,30,6,10,0,0,0,17,0.0,120,0.0,60,KMDW,6.0,5,35,5,2,73.0,2.0,2,2,25,3,13,17,3,73,
2026-09-03 12:00:00,2026-09-05 15:00:00,NBS,78,72,50,6,,,,,,,,,60,100,61,7,9,0,0,0,25,,120,,12,KMDW,,23,2,9,35,,,2,2,29,3,10,2,3,75,
2026-09-03 12:00:00,2026-09-05 18:00:00,NBS,81,71,40,8,24.0,,1.0,,,18.0,,,60,100,58,9,8,0,0,0,56,0.0,120,0.0,19,KMDW,,28,2,8,34,,,3,2,27,5,6,0,3,80,
2026-09-03 12:00:00,2026-09-05 21:00:00,NBS,80,70,40,11,,,,,,,,,44,100,41,13,9,0,0,0,14,,120,,36,KMDW,,24,3,11,69,,,3,3,23,5,3,0,3,77,
2026-09-03 12:00:00,2026-09-06 00:00:00,NBS,77,68,40,11,10.0,30.0,0.0,1.0,,16.0,,23.0,-88,100,32,12,7,0,0,0,3,0.0,120,0.0,60,KMDW,0.0,17,4,11,47,82.0,3.0,2,3,22,4,0,0,3,73,
2026-09-03 12:00:00,2026-09-06 03:00:00,NBS,74,68,40,10,,,,,,,,,-88,100,55,11,4,0,0,0,2,,110,,17,KMDW,,13,4,10,0,,,1,3,34,3,4,0,2,71,
2026-09-03 12:00:00,2026-09-06 06:00:00,NBS,72,68,70,7,3.0,,0.0,,,7.0,,,-88,100,33,8,3,0,0,0,3,0.0,110,0.0,22,KMDW,,7,8,8,0,,,2,4,25,3,3,4,2,70,
2026-09-03 12:00:00,2026-09-06 09:00:00,NBS,70,66,80,6,,,,,,,,,-88,100,25,7,2,0,0,0,3,,110,,27,KMDW,,13,9,8,0,,,2,4,23,3,7,4,2,68,
2026-09-03 12:00:00,2026-09-06 12:00:00,NBS,69,64,90,6,3.0,5.0,0.0,0.0,,6.0,,8.0,-88,100,17,6,2,0,0,0,3,0.0,110,0.0,1,KMDW,0.0,13,9,8,0,68.0,2.0,2,4,24,3,8,7,2,68,
2026-09-03 18:00:00,2026-09-04 00:00:00,NBS,85,71,140,7,40.0,,8.0,,2.0,32.0,7.0,,-88,100,24,8,14,0,0,0,16,0.0,130,0.0,200,KMDW,,7,14,7,9,,,4,2,40,3,0,0,2,79,2/32
2026-09-03 18:00:00,2026-09-04 03:00:00,NBS,82,71,150,7,,,,,,,,,-88,100,11,7,9,0,0,0,1,,130,,130,KMDW,,5,17,8,0,,,3,2,11,4,0,1,3,77,
2026-09-03 18:00:00,2026-09-04 06:00:00,NBS,80,71,180,7,5.0,,0.0,,,21.0,,,-88,100,8,7,13,0,0,0,4,0.0,130,0.0,110,KMDW,,4,20,7,0,,,3,2,8,4,2,5,2,76,
2026-09-03 18:00:00,2026-09-04 09:00:00,NBS,78,70,210,6,,,,,,,,,-88,100,12,7,8,0,0,0,5,,130,,80,KMDW,,4,21,8,0,,,3,2,22,5,0,0,3,74,
2026-09-03 18:00:00,2026-09-04 12:00:00,NBS,77,70,360,6,22.0,27.0,3.0,3.0,,16.0,,21.0,-88,100,41,7,10,0,0,0,8,0.0,140,0.0,110,KMDW,1.0,5,36,7,4,75.0,3.0,2,2,39,5,5,0,3,73,
2026-09-03 18:00:00,2026-09-04 15:00:00,NBS,82,72,210,7,,,,,,,,,-88,100,31,8,7,0,0,0,6,,140,,90,KMDW,,15,20,8,50,,,3,2,33,5,4,1,3,78,
2026-09-03 18:00:00,2026-09-04 18:00:00,NBS,90,72,230,8,15.0,,0.0,,,12.0,,,-88,100,22,9,5,0,0,0,6,0.0,140,0.0,160,KMDW,,33,26,10,71,,,4,2,21,5,2,0,3,85,
2026-09-03 18:00:00,2026-09-04 21:00:00,NBS,92,71,250,9,,,,,,,,,-88,100,27,10,8,0,0,0,5,,140,,80,KMDW,,40,26,11,55,,,4,2,25,5,0,0,3,82,
2026-09-03 18:00:00,2026-09-05 00:00:00,NBS,85,71,260,7,5.0,17.0,0.0,0.0,,17.0,,22.0,-88,100,19,8,11,0,0,0,5,0.0,140,0.0,100,KMDW,1.0,8,27,8,13,92.0,4.0,4,2,31,4,0,0,3,79,
2026-09-03 18:00:00,2026-09-05 03:00:00,NBS,81,72,320,6,,,,,,,,,-88,90,50,6,10,0,0,0,15,,140,,100,KMDW,,5,29,6,0,,,3,2,43,3,2,4,2,76,
2026-09-03 18:00:00,2026-09-05 06:00:00,NBS,78,72,330,6,35.0,,13.0,,,36.0,,,-88,70,54,6,23,0,0,0,38,0.0,140,0.0,70,KMDW,,4,28,6,0,,,3,2,47,4,9,7,3,75,
2026-09-03 18:00:00,2026-09-05 09:00:00,NBS,76,71,360,5,,,,,,,,,-88,60,49,6,18,0,0,0,11,,130,,50,KMDW,,4,27,6,0,,,2,2,39,4,16,9,3,74,
2026-09-03 18:00:00,2026-09-05 12:00:00,NBS,75,71,10,5,35.0,60.0,9.0,22.0,,30.0,,38.0,-88,20,51,5,8,0,0,0,18,0.0,120,0.0,22,KMDW,4.0,6,2,5,2,73.0,2.0,2,2,27,3,23,21,3,73,
2026-09-03 18:00:00,2026-09-05 15:00:00,NBS,79,72,30,7,,,,,,,,,27,100,61,7,6,0,0,0,22,,120,,8,KMDW,,19,1,7,23,,,2,2,27,4,12,3,3,77,
2026-09-03 18:00:00,2026-09-05 18:00:00,NBS,83,71,30,8,14.0,,1.0,,,15.0,,,50,100,65,9,6,0,0,0,17,0.0,120,0.0,28,KMDW,,29,1,9,44,,,4,3,28,5,4,1,3,80,
2026-09-03 18:00:00,2026-09-05 21:00:00,NBS,82,70,30,11,,,,,,,,,-88,100,38,13,8,0,0,0,1,,110,,90,KMDW,,25,2,11,48,,,4,3,17,5,3,0,3,77,
2026-09-03 18:00:00,2026-09-06 00:00:00,NBS,77,68,30,11,4.0,22.0,0.0,1.0,,12.0,,22.0,-88,100,25,13,7,0,0,0,1,0.0,110,0.0,100,KMDW,0.0,18,2,11,24,84.0,3.0,2,3,19,4,0,0,2,73,
2026-09-03 18:00:00,2026-09-06 03:00:00,NBS,75,69,40,9,,,,,,,,,-88,100,43,11,4,0,0,0,1,,110,,27,KMDW,,12,5,9,0,,,1,3,32,3,4,0,2,72,
2026-09-03 18:00:00,2026-09-06 06:00:00,NBS,74,68,60,7,1.0,,0.0,,,7.0,,,-88,100,38,8,2,0,0,0,1,0.0,110,0.0,35,KMDW,,11,7,9,0,,,2,4,35,3,3,2,2,71,
2026-09-03 18:00:00,2026-09-06 09:00:00,NBS,72,66,90,7,,,,,,,,,-88,100,41,7,1,0,0,0,1,,110,,21,KMDW,,9,9,9,0,,,2,4,33,2,0,0,2,69,
2026-09-03 18:00:00,2026-09-06 12:00:00,NBS,71,65,90,7,2.0,2.0,0.0,0.0,,3.0,,7.0,-88,100,37,7,1,0,0,0,1,0.0,110,0.0,37,KMDW,0.0,12,9,7,0,69.0,2.0,3,5,35,2,5,7,1,68,
2026-09-03 18:00:00,2026-09-06 15:00:00,NBS,75,62,80,8,,,,,,,,,-88,100,23,8,1,0,0,0,1,,110,,37,KMDW,,23,8,9,32,,,2,5,26,3,2,0,2,71,
2026-09-03 18:00:00,2026-09-06 18:00:00,NBS,78,61,60,9,2.0,,0.0,,,2.0,,,-88,100,29,10,1,0,0,0,2,0.0,110,0.0,280,KMDW,,36,7,10,53,,,2,5,16,3,1,0,2,75,
2026-09-04 00:00:00,2026-09-04 06:00:00,NBS,80,72,190,7,4.0,,0.0,,3.0,16.0,,,-88,100,5,7,9,0,0,0,1,0.0,130,0.0,100,KMDW,,4,19,7,0,,,3,2,7,4,2,0,2,76,3/16
2026-09-04 00:00:00,2026-09-04 09:00:00,NBS,78,70,210,6,,,,,,,,,-88,100,13,7,9,0,0,0,7,,130,,120,KMDW,,5,22,9,0,,,3,2,22,5,0,0,3,74,
2026-09-04 00:00:00,2026-09-04 12:00:00,NBS,77,71,220,6,10.0,13.0,0.0,0.0,,22.0,,25.0,-88,100,41,7,13,0,0,0,3,0.0,140,0.0,110,KMDW,1.0,5,33,6,4,75.0,3.0,2,2,40,5,0,1,3,75,
2026-09-04 00:00:00,2026-09-04 15:00:00,NBS,83,73,110,7,,,,,,,,,-88,100,16,8,6,0,0,0,14,,140,,70,KMDW,,13,14,7,41,,,3,2,24,5,1,0,3,80,
2026-09-04 00:00:00,2026-09-04 18:00:00,NBS,90,73,240,8,10.0,,0.0,,,12.0,,,-88,100,20,9,5,0,0,0,5,0.0,140,0.0,140,KMDW,,36,26,10,74,,,4,2,25,5,2,0,3,86,
2026-09-04 00:00:00,2026-09-04 21:00:00,NBS,92,72,250,9,,,,,,,,,-88,100,26,11,7,0,0,0,1,,130,,80,KMDW,,44,26,13,57,,,4,2,32,5,0,0,3,83,
2026-09-04 00:00:00,2026-09-05 00:00:00,NBS,86,73,250,7,2.0,10.0,0.0,0.0,,12.0,,18.0,-88,100,26,8,7,0,0,0,1,0.0,130,0.0,100,KMDW,3.0,7,26,8,13,92.0,3.0,4,2,25,4,0,0,3,80,
2026-09-04 00:00:00,2026-09-05 03:00:00,NBS,81,74,310,6,,,,,,,,,-88,100,44,7,8,0,0,0,14,,140,,120,KMDW,,5,28,7,0,,,3,2,41,4,0,1,3,77,
2026-09-04 00:00:00,2026-09-05 06:00:00,NBS,78,73,300,6,25.0,,6.0,,,15.0,,,-88,100,52,6,10,0,0,0,31,0.0,140,0.0,130,KMDW,,4,27,7,0,,,3,2,41,4,3,4,3,75,
2026-09-04 00:00:00,2026-09-05 09:00:00,NBS,76,72,10,5,,,,,,,,,-88,100,42,6,12,0,0,0,8,,130,,180,KMDW,,5,30,8,0,,,2,2,36,4,1,0,3,74,
2026-09-04 00:00:00,2026-09-05 12:00:00,NBS,75,72,360,5,25.0,39.0,4.0,10.0,,24.0,,24.0,-88,100,48,6,11,0,0,0,8,0.0,120,0.0,23,KMDW,6.0,5,35,6,2,73.0,3.0,2,2,29,3,7,4,3,74,
2026-09-04 00:00:00,2026-09-05 15:00:00,NBS,80,73,20,6,,,,,,,,,-88,100,50,7,4,0,0,0,11,,120,,49,KMDW,,25,35,8,42,,,3,2,34,4,6,1,3,78,
2026-09-04 00:00:00,2026-09-05 18:00:00,NBS,84,73,20,8,13.0,,0.0,,,8.0,,,-88,100,42,9,4,0,0,0,11,0.0,110,0.0,60,KMDW,,33,36,11,50,,,5,3,26,4,6,2,3,82,
2026-09-04 00:00:00,2026-09-05 21:00:00,NBS,82,72,30,11,,,,,,,,,-88,100,29,12,5,0,0,0,1,,110,,33,KMDW,,28,1,11,48,,,4,3,30,5,3,0,3,79,
2026-09-04 00:00:00,2026-09-06 00:00:00,NBS,77,70,30,11,6.0,21.0,0.0,0.0,,11.0,,11.0,-88,100,63,13,4,0,0,0,1,0.0,110,0.0,13,KMDW,0.0,19,2,12,17,84.0,4.0,2,4,31,4,0,0,2,74,
2026-09-04 00:00:00,2026-09-06 03:00:00,NBS,75,70,40,9,,,,,,,,,-88,100,40,10,3,0,0,0,0,,110,,24,KMDW,,15,4,12,0,,,2,4,36,3,7,2,2,72,
2026-09-04 00:00:00,2026-09-06 06:00:00,NBS,74,69,50,7,1.0,,0.0,,,5.0,,,-88,100,34,8,1,0,0,0,0,0.0,110,0.0,9,KMDW,,14,6,10,0,,,2,4,37,3,13,7,2,71,
2026-09-04 00:00:00,2026-09-06 09:00:00,NBS,72,67,70,7,,,,,,,,,-88,70,44,7,1,0,0,0,1,,120,,27,KMDW,,14,6,10,0,,,2,5,29,2,16,11,2,70,
2026-09-04 00:00:00,2026-09-06 12:00:00,NBS,71,66,80,6,2.0,3.0,0.0,0.0,,2.0,,5.0,-88,90,32,7,1,0,0,0,1,0.0,120,0.0,20,KMDW,0.0,12,7,8,0,69.0,2.0,3,5,27,2,13,11,2,69,
2026-09-04 00:00:00,2026-09-06 15:00:00,NBS,75,63,80,8,,,,,,,,,-88,100,20,8,1,0,0,0,1,,120,,-88,KMDW,,28,7,9,32,,,2,5,20,3,4,0,2,71,
2026-09-04 00:00:00,2026-09-06 18:00:00,NBS,79,62,70,9,3.0,,0.0,,,2.0,,,-88,100,31,10,0,0,0,0,1,0.0,120,0.0,-88,KMDW,,35,7,10,53,,,2,5,24,3,2,0,2,75,
2026-09-04 00:00:00,2026-09-06 21:00:00,NBS,78,61,60,10,,,,,,,,,-88,100,35,11,1,0,0,0,1,,120,,-88,KMDW,,30,6,10,68,,,3,5,32,3,0,0,2,72,
2026-09-04 00:00:00,2026-09-07 00:00:00,NBS,75,61,50,9,1.0,2.0,0.0,0.0,,3.0,,3.0,-88,100,34,10,1,0,0,0,1,0.0,120,0.0,280,KMDW,0.0,16,5,9,47,80.0,2.0,2,4,27,3,2,0,2,69,
2026-09-04 06:00:00,2026-09-04 12:00:00,NBS,77,71,200,6,10.0,,0.0,,2.0,33.0,3.0,,-88,100,16,7,13,0,0,0,2,0.0,130,0.0,150,KMDW,,5,23,7,4,,,2,2,22,5,0,0,3,75,2/33
2026-09-04 06:00:00,2026-09-04 15:00:00,NBS,84,72,260,7,,,,,,,,,-88,100,14,8,6,0,0,0,6,,140,,170,KMDW,,15,25,8,51,,,3,2,24,5,0,0,3,80,
2026-09-04 06:00:00,2026-09-04 18:00:00,NBS,92,73,230,8,29.0,,14.0,,,14.0,,,-88,100,20,10,8,0,0,0,4,0.0,140,0.0,210,KMDW,,35,24,10,76,,,3,2,28,4,0,0,3,87,
2026-09-04 06:00:00,2026-09-04 21:00:00,NBS,93,72,240,9,,,,,,,,,-88,100,24,11,8,0,0,0,1,,140,,90,KMDW,,47,26,11,56,,,3,3,30,5,0,0,3,85,
2026-09-04 06:00:00,2026-09-05 00:00:00,NBS,87,73,250,7,3.0,29.0,0.0,14.0,,14.0,,21.0,-88,100,38,8,8,0,0,0,1,0.0,140,0.0,120,KMDW,2.0,8,26,7,11,93.0,3.0,4,3,35,4,0,0,3,81,
2026-09-04 06:00:00,2026-09-05 03:00:00,NBS,82,73,230,7,,,,,,,,,-88,100,29,7,10,0,0,0,5,,130,,210,KMDW,,4,25,7,0,,,3,2,32,4,3,1,3,78,
2026-09-04 06:00:00,2026-09-05 06:00:00,NBS,79,73,260,5,19.0,,4.0,,,22.0,,,-88,80,29,6,13,0,0,0,18,0.0,130,0.0,46,KMDW,,5,27,7,0,,,3,2,34,3,7,5,3,76,
2026-09-04 06:00:00,2026-09-05 09:00:00,NBS,77,72,290,5,,,,,,,,,-88,70,5,6,19,0,0,0,7,,130,,70,KMDW,,5,27,8,0,,,2,2,7,3,9,5,3,74,
2026-09-04 06:00:00,2026-09-05 12:00:00,NBS,76,72,330,5,19.0,30.0,2.0,6.0,,33.0,,33.0,-88,40,21,6,11,0,0,0,6,0.0,120,0.0,12,KMDW,3.0,4,30,5,3,76.0,3.0,2,2,33,3,20,16,3,74,
2026-09-04 06:00:00,2026-09-05 15:00:00,NBS,81,74,350,7,,,,,,,,,15,100,39,7,5,0,0,0,0,,120,,15,KMDW,,19,34,8,44,,,3,2,39,3,17,3,3,78,
2026-09-04 06:00:00,2026-09-05 18:00:00,NBS,85,73,10,9,4.0,,0.0,,,12.0,,,22,100,40,10,5,0,0,0,0,0.0,120,0.0,22,KMDW,,37,36,10,62,,,4,3,30,4,8,0,3,83,
2026-09-04 06:00:00,2026-09-05 21:00:00,NBS,83,71,20,12,,,,,,,,,47,100,31,14,7,0,0,0,0,,120,,13,KMDW,,23,1,12,45,,,4,3,38,4,3,0,2,78,
2026-09-04 06:00:00,2026-09-06 00:00:00,NBS,77,69,20,12,0.0,4.0,0.0,0.0,,12.0,,18.0,-88,100,32,14,5,0,0,0,0,0.0,110,0.0,13,KMDW,0.0,17,2,12,10,85.0,4.0,2,3,30,4,0,0,2,74,
2026-09-04 06:00:00,2026-09-06 03:00:00,NBS,75,70,40,10,,,,,,,,,-88,100,55,12,3,0,0,0,23,,120,,10,KMDW,,14,3,12,0,,,2,3,31,3,5,0,2,72,
2026-09-04 06:00:00,2026-09-06 06:00:00,NBS,74,69,50,8,0.0,,0.0,,,5.0,,,-88,100,83,8,1,0,0,0,0,0.0,110,0.0,80,KMDW,,14,5,10,0,,,2,4,12,3,1,2,2,71,
2026-09-04 06:00:00,2026-09-06 09:00:00,NBS,72,67,70,6,,,,,,,,,-88,100,27,7,1,0,0,0,0,,110,,80,KMDW,,13,8,10,0,,,3,4,25,3,0,2,2,70,
2026-09-04 06:00:00,2026-09-06 12:00:00,NBS,71,66,70,6,1.0,1.0,0.0,0.0,,2.0,,5.0,-88,100,24,6,1,0,0,0,0,0.0,110,0.0,70,KMDW,0.0,13,8,8,3,70.0,3.0,3,4,23,3,3,5,2,70,
2026-09-04 06:00:00,2026-09-06 15:00:00,NBS,75,64,70,7,,,,,,,,,-88,100,23,8,0,0,0,0,0,,120,,-88,KMDW,,25,6,10,33,,,2,5,18,3,3,0,3,72,
2026-09-04 06:00:00,2026-09-06 18:00:00,NBS,79,62,60,9,1.0,,0.0,,,1.0,,,-88,100,30,10,0,0,0,0,0,0.0,120,0.0,-88,KMDW,,34,6,11,54,,,3,5,26,3,2,0,3,75,
2026-09-04 06:00:00,2026-09-06 21:00:00,NBS,78,61,50,10,,,,,,,,,-88,100,24,11,1,0,0,0,0,,110,,-88,KMDW,,31,6,10,72,,,3,5,27,3,0,0,2,72,
2026-09-04 06:00:00,2026-09-07 00:00:00,NBS,75,61,50,9,0.0,1.0,0.0,0.0,,3.0,,3.0,-88,100,26,10,1,0,0,0,0,0.0,110,0.0,-88,KMDW,0.0,14,5,9,49,80.0,2.0,2,4,28,3,0,0,2,69,
2026-09-04 06:00:00,2026-09-07 03:00:00,NBS,73,63,60,7,,,,,,,,,-88,100,24,8,0,0,0,0,0,,110,,160,KMDW,,6,6,8,0,,,2,3,22,3,0,0,2,69,
2026-09-04 06:00:00,2026-09-07 06:00:00,NBS,71,63,100,6,1.0,,0.0,,,2.0,,,-88,100,21,7,0,0,0,0,0,0.0,110,0.0,280,KMDW,,6,12,8,0,,,2,3,17,3,0,1,2,67,
2026-09-04 12:00:00,2026-09-04 18:00:00,NBS,90,72,240,7,6.0,,0.0,,1.0,10.0,,,-88,100,12,9,5,0,0,0,6,0.0,140,0.0,210,KMDW,,35,24,12,75,,,4,2,28,4,0,0,3,85,1/10
2026-09-04 12:00:00,2026-09-04 21:00:00,NBS,91,71,250,9,,,,,,,,,-88,100,12,11,6,0,0,0,1,,140,,110,KMDW,,42,26,12,56,,,3,3,21,4,0,0,3,83,
2026-09-04 12:00:00,2026-09-05 00:00:00,NBS,86,72,250,7,2.0,9.0,0.0,0.0,,14.0,,16.0,-88,100,23,8,10,0,0,0,4,0.0,140,0.0,110,KMDW,2.0,7,26,8,9,91.0,3.0,3,2,37,3,0,0,3,79,
2026-09-04 12:00:00,2026-09-05 03:00:00,NBS,81,72,270,6,,,,,,,,,-88,100,39,7,9,0,0,0,5,,140,,110,KMDW,,4,26,7,0,,,3,2,37,4,2,0,3,77,
2026-09-04 12:00:00,2026-09-05 06:00:00,NBS,78,72,270,5,14.0,,1.0,,,25.0,,,-88,100,32,5,14,0,0,0,36,0.0,140,0.0,43,KMDW,,5,30,8,0,,,3,2,36,3,9,4,3,75,
2026-09-04 12:00:00,2026-09-05 09:00:00,NBS,76,71,270,5,,,,,,,,,-88,100,27,5,11,0,0,0,7,,130,,180,KMDW,,4,28,6,0,,,2,2,35,3,7,3,3,73,
2026-09-04 12:00:00,2026-09-05 12:00:00,NBS,75,72,310,5,15.0,27.0,0.0,1.0,,22.0,,26.0,11,60,19,6,8,0,0,0,8,0.0,120,0.0,11,KMDW,2.0,5,35,6,3,74.0,3.0,2,2,23,3,27,11,3,73,
2026-09-04 12:00:00,2026-09-05 15:00:00,NBS,80,73,350,6,,,,,,,,,11,100,57,7,5,0,0,0,19,,120,,11,KMDW,,17,1,9,32,,,3,2,41,3,21,4,3,78,
2026-09-04 12:00:00,2026-09-05 18:00:00,NBS,83,72,10,10,4.0,,0.0,,,11.0,,,22,100,54,11,4,0,0,0,23,0.0,110,0.0,22,KMDW,,30,1,11,40,,,4,2,41,4,5,0,3,82,
2026-09-04 12:00:00,2026-09-05 21:00:00,NBS,81,70,20,12,,,,,,,,,27,100,62,14,5,0,0,0,4,,110,,13,KMDW,,22,2,12,27,,,4,2,41,4,0,0,2,77,
2026-09-04 12:00:00,2026-09-06 00:00:00,NBS,77,68,20,12,1.0,4.0,0.0,0.0,,8.0,,14.0,-88,100,43,14,4,0,0,0,15,0.0,110,0.0,17,KMDW,0.0,13,1,12,6,84.0,3.0,2,3,35,3,0,0,2,73,
2026-09-04 12:00:00,2026-09-06 03:00:00,NBS,75,68,40,10,,,,,,,,,-88,100,59,12,1,0,0,0,0,,120,,16,KMDW,,13,3,11,0,,,1,3,32,3,3,0,2,71,
2026-09-04 12:00:00,2026-09-06 06:00:00,NBS,73,68,60,8,1.0,,0.0,,,3.0,,,-88,100,39,8,1,0,0,0,0,0.0,110,0.0,60,KMDW,,6,6,10,0,,,2,3,30,3,2,3,2,70,
2026-09-04 12:00:00,2026-09-06 09:00:00,NBS,71,66,70,6,,,,,,,,,-88,100,22,7,0,0,0,0,0,,110,,50,KMDW,,6,8,9,0,,,2,4,29,2,2,6,2,69,
2026-09-04 12:00:00,2026-09-06 12:00:00,NBS,70,66,70,6,0.0,1.0,0.0,0.0,,2.0,,3.0,-88,90,12,6,0,0,0,0,0,0.0,110,0.0,150,KMDW,0.0,12,8,9,4,69.0,2.0,2,4,22,3,3,8,2,68,
2026-09-04 12:00:00,2026-09-06 15:00:00,NBS,75,63,70,7,,,,,,,,,-88,100,21,8,0,0,0,0,0,,110,,1,KMDW,,24,6,11,24,,,2,4,17,3,3,0,3,71,
2026-09-04 12:00:00,2026-09-06 18:00:00,NBS,78,61,60,9,0.0,,0.0,,,1.0,,,-88,100,26,10,0,0,0,0,0,0.0,110,0.0,-88,KMDW,,31,6,11,67,,,3,4,25,3,2,0,2,75,
2026-09-04 12:00:00,2026-09-06 21:00:00,NBS,77,59,50,10,,,,,,,,,-88,100,20,12,0,0,0,0,0,,110,,240,KMDW,,27,5,10,72,,,3,4,29,3,0,0,2,70,
2026-09-04 12:00:00,2026-09-07 00:00:00,NBS,75,59,50,9,0.0,0.0,0.0,0.0,,1.0,,1.0,-88,100,25,10,0,0,0,0,0,0.0,110,0.0,220,KMDW,0.0,14,6,9,49,79.0,2.0,2,4,25,3,0,0,2,68,
2026-09-04 12:00:00,2026-09-07 03:00:00,NBS,72,62,60,7,,,,,,,,,-88,100,25,8,0,0,0,0,0,,110,,130,KMDW,,7,8,9,0,,,2,3,26,3,0,0,2,68,
2026-09-04 12:00:00,2026-09-07 06:00:00,NBS,70,62,90,6,1.0,,0.0,,,1.0,,,-88,100,18,7,0,0,0,0,0,0.0,110,0.0,220,KMDW,,5,11,7,0,,,2,3,13,3,0,0,2,66,
2026-09-04 12:00:00,2026-09-07 09:00:00,NBS,68,61,130,5,,,,,,,,,-88,100,18,5,0,0,0,0,0,,110,,180,KMDW,,7,14,8,0,,,2,3,24,2,1,1,2,64,
2026-09-04 12:00:00,2026-09-07 12:00:00,NBS,67,61,120,4,1.0,1.0,0.0,0.0,,1.0,,1.0,-88,100,12,5,0,0,0,0,0,0.0,110,0.0,200,KMDW,0.0,6,13,7,0,66.0,2.0,2,3,14,2,2,8,2,64,
2026-09-04 18:00:00,2026-09-05 00:00:00,NBS,89,73,270,6,5.0,,0.0,,1.0,14.0,1.0,,-88,100,15,7,10,0,0,0,4,0.0,140,0.0,60,KMDW,,9,27,7,9,,,3,2,28,4,0,0,3,81,1/14
2026-09-04 18:00:00,2026-09-05 03:00:00,NBS,83,73,50,6,,,,,,,,,-88,100,33,6,14,0,0,0,5,,140,,120,KMDW,,5,4,6,0,,,3,2,38,3,2,2,3,78,
2026-09-04 18:00:00,2026-09-05 06:00:00,NBS,79,73,30,5,31.0,,5.0,,,24.0,,,-88,60,38,5,13,0,0,0,5,0.0,140,0.0,70,KMDW,,5,36,6,0,,,3,2,40,3,10,8,3,76,
2026-09-04 18:00:00,2026-09-05 09:00:00,NBS,78,72,100,5,,,,,,,,,-88,50,50,5,14,0,0,0,21,,140,,90,KMDW,,4,3,5,0,,,2,2,35,3,11,14,3,74,
2026-09-04 18:00:00,2026-09-05 12:00:00,NBS,76,72,350,5,34.0,41.0,7.0,12.0,,25.0,,27.0,7,40,36,6,12,0,0,0,15,0.0,120,0.0,7,KMDW,3.0,5,35,5,3,74.0,2.0,2,2,26,3,33,16,3,74,
2026-09-04 18:00:00,2026-09-05 15:00:00,NBS,81,73,20,8,,,,,,,,,13,90,54,10,6,0,0,0,4,,110,,12,KMDW,,17,2,8,35,,,3,2,29,3,23,4,2,78,
2026-09-04 18:00:00,2026-09-05 18:00:00,NBS,83,72,30,10,11.0,,0.0,,,12.0,,,22,100,59,12,5,0,0,0,4,0.0,110,0.0,19,KMDW,,23,3,11,37,,,4,2,31,3,9,0,2,80,
2026-09-04 18:00:00,2026-09-05 21:00:00,NBS,80,69,30,12,,,,,,,,,45,100,41,15,5,0,0,0,0,,110,,29,KMDW,,24,2,12,47,,,3,2,31,4,0,0,2,76,
2026-09-04 18:00:00,2026-09-06 00:00:00,NBS,76,66,30,12,2.0,12.0,0.0,0.0,,9.0,,13.0,-88,100,33,15,4,0,0,0,0,0.0,110,0.0,34,KMDW,0.0,13,2,12,12,84.0,3.0,2,2,31,3,3,0,2,72,
2026-09-04 18:00:00,2026-09-06 03:00:00,NBS,75,67,30,10,,,,,,,,,-88,100,40,12,2,0,0,0,0,,110,,70,KMDW,,8,3,11,0,,,2,2,38,3,4,0,1,70,
2026-09-04 18:00:00,2026-09-06 06:00:00,NBS,73,66,60,8,0.0,,0.0,,,3.0,,,-88,100,23,8,1,0,0,0,0,0.0,110,0.0,34,KMDW,,6,8,10,0,,,2,3,26,2,2,0,2,70,
2026-09-04 18:00:00,2026-09-06 09:00:00,NBS,71,64,80,7,,,,,,,,,-88,100,22,7,0,0,0,0,0,,110,,130,KMDW,,9,9,8,0,,,2,3,31,2,3,6,2,68,
2026-09-04 18:00:00,2026-09-06 12:00:00,NBS,70,64,80,6,1.0,1.0,0.0,0.0,,1.0,,3.0,-88,90,20,6,0,0,0,0,8,0.0,110,0.0,90,KMDW,0.0,10,9,6,2,68.0,2.0,2,3,27,2,4,11,2,68,
2026-09-04 18:00:00,2026-09-06 15:00:00,NBS,75,61,70,7,,,,,,,,,-88,100,26,8,0,0,0,0,0,,110,,26,KMDW,,25,8,9,44,,,2,4,19,3,2,0,2,70,
2026-09-04 18:00:00,2026-09-06 18:00:00,NBS,77,59,60,9,1.0,,0.0,,,1.0,,,-88,100,44,10,0,0,0,0,0,0.0,110,0.0,110,KMDW,,35,6,11,72,,,3,3,40,3,2,0,2,73,
2026-09-04 18:00:00,2026-09-06 21:00:00,NBS,76,57,50,10,,,,,,,,,-88,100,22,12,0,0,0,0,0,,110,,100,KMDW,,29,6,10,62,,,3,3,30,3,1,0,1,70,
2026-09-04 18:00:00,2026-09-07 00:00:00,NBS,74,58,50,9,2.0,2.0,0.0,0.0,,1.0,,1.0,-88,100,28,10,0,0,0,0,0,0.0,110,0.0,140,KMDW,0.0,14,5,9,25,79.0,2.0,2,3,25,3,0,0,1,66,
2026-09-04 18:00:00,2026-09-07 03:00:00,NBS,72,61,60,7,,,,,,,,,-88,100,33,8,0,0,0,0,0,,120,,-88,KMDW,,9,7,8,0,,,2,3,26,3,0,0,2,67,
2026-09-04 18:00:00,2026-09-07 06:00:00,NBS,70,61,90,6,1.0,,0.0,,,1.0,,,-88,100,15,6,0,0,0,0,0,0.0,110,0.0,260,KMDW,,6,10,7,0,,,2,3,14,2,0,0,2,66,
2026-09-04 18:00:00,2026-09-07 09:00:00,NBS,68,60,120,5,,,,,,,,,-88,100,8,5,0,0,0,0,1,,110,,210,KMDW,,5,13,7,0,,,2,2,7,2,0,5,2,64,
2026-09-04 18:00:00,2026-09-07 12:00:00,NBS,67,60,130,5,2.0,2.0,0.0,0.0,,1.0,,1.0,-88,100,15,5,0,0,0,0,1,0.0,110,0.0,110,KMDW,0.0,7,13,6,0,66.0,2.0,2,2,11,2,2,8,2,64,
2026-09-04 18:00:00,2026-09-07 15:00:00,NBS,74,57,120,6,,,,,,,,,-88,100,25,7,0,0,0,0,1,,110,,160,KMDW,,25,11,8,30,,,2,3,28,2,0,0,2,68,
2026-09-04 18:00:00,2026-09-07 18:00:00,NBS,79,57,100,7,2.0,,0.0,,,1.0,,,-88,100,37,8,0,0,0,0,1,0.0,120,0.0,180,KMDW,,39,10,9,52,,,3,3,19,3,0,0,2,74,
2026-09-05 00:00:00,2026-09-05 06:00:00,NBS,80,74,70,4,15.0,,0.0,,1.0,43.0,,,-88,70,47,5,27,0,0,0,26,0.0,140,0.0,140,KMDW,,4,35,6,0,,,2,2,31,3,7,8,3,77,1/43
2026-09-05 00:00:00,2026-09-05 09:00:00,NBS,78,72,140,4,,,,,,,,,-88,100,37,5,12,0,0,0,30,,140,,130,KMDW,,4,23,5,0,,,2,2,36,3,7,5,3,75,
2026-09-05 00:00:00,2026-09-05 12:00:00,NBS,76,72,10,5,30.0,36.0,11.0,11.0,,22.0,,43.0,-88,50,25,6,10,0,0,0,1,0.0,120,0.0,46,KMDW,4.0,5,1,5,4,74.0,2.0,2,2,25,3,22,22,3,74,
2026-09-05 00:00:00,2026-09-05 15:00:00,NBS,81,73,20,9,,,,,,,,,18,100,52,10,6,0,0,0,0,,110,,15,KMDW,,17,2,9,32,,,3,2,32,3,11,2,2,78,
2026-09-05 00:00:00,2026-09-05 18:00:00,NBS,82,72,30,10,4.0,,0.0,,,13.0,,,22,100,56,13,7,0,0,0,0,0.0,110,0.0,22,KMDW,,24,3,10,62,,,4,2,40,4,13,0,3,81,
2026-09-05 00:00:00,2026-09-05 21:00:00,NBS,80,69,30,12,,,,,,,,,45,100,42,16,6,0,0,0,15,,110,,16,KMDW,,23,2,12,42,,,3,3,28,4,3,0,2,76,
2026-09-05 00:00:00,2026-09-06 00:00:00,NBS,76,67,30,12,2.0,4.0,0.0,0.0,,12.0,,17.0,-88,100,30,15,5,0,0,0,4,0.0,110,0.0,25,KMDW,0.0,18,2,13,13,83.0,3.0,2,3,23,3,8,0,2,71,
2026-09-05 00:00:00,2026-09-06 03:00:00,NBS,75,67,30,10,,,,,,,,,-88,100,21,12,1,0,0,0,0,,110,,22,KMDW,,6,3,12,0,,,1,2,9,2,7,0,1,71,
2026-09-05 00:00:00,2026-09-06 06:00:00,NBS,73,66,70,7,0.0,,0.0,,,4.0,,,-88,100,26,8,1,0,0,0,0,0.0,110,0.0,32,KMDW,,5,8,9,0,,,2,3,29,2,7,2,1,70,
2026-09-05 00:00:00,2026-09-06 09:00:00,NBS,71,65,80,6,,,,,,,,,-88,100,28,7,0,0,0,0,0,,110,,60,KMDW,,5,8,8,0,,,2,3,28,2,9,6,1,68,
2026-09-05 00:00:00,2026-09-06 12:00:00,NBS,70,64,80,6,2.0,3.0,0.0,0.0,,1.0,,4.0,-88,80,16,6,0,0,0,0,0,0.0,110,0.0,60,KMDW,0.0,7,9,8,3,68.0,2.0,2,3,22,2,14,10,2,68,
2026-09-05 00:00:00,2026-09-06 15:00:00,NBS,74,60,70,8,,,,,,,,,-88,100,32,9,0,0,0,0,0,,110,,10,KMDW,,27,8,10,52,,,2,4,35,3,1,0,2,70,
2026-09-05 00:00:00,2026-09-06 18:00:00,NBS,77,59,60,10,0.0,,0.0,,,1.0,,,-88,100,40,11,0,0,0,0,0,0.0,110,0.0,40,KMDW,,35,7,11,75,,,3,3,43,3,2,0,2,74,
2026-09-05 00:00:00,2026-09-06 21:00:00,NBS,76,57,50,10,,,,,,,,,-88,100,23,13,0,0,0,0,0,,110,,140,KMDW,,30,7,11,60,,,3,3,34,3,1,0,1,70,
2026-09-05 00:00:00,2026-09-07 00:00:00,NBS,73,58,50,9,1.0,1.0,0.0,0.0,,1.0,,1.0,-88,100,24,10,0,0,0,0,0,0.0,110,0.0,140,KMDW,0.0,16,6,9,17,79.0,2.0,2,3,12,3,0,0,1,66,
2026-09-05 00:00:00,2026-09-07 03:00:00,NBS,72,61,60,7,,,,,,,,,-88,100,20,8,0,0,0,0,0,,110,,150,KMDW,,7,6,7,0,,,2,2,11,2,2,0,1,67,
2026-09-05 00:00:00,2026-09-07 06:00:00,NBS,70,61,100,6,0.0,,0.0,,,1.0,,,-88,100,23,7,0,0,0,0,0,0.0,110,0.0,100,KMDW,,6,10,6,0,,,2,3,25,2,1,2,2,67,
2026-09-05 00:00:00,2026-09-07 09:00:00,NBS,68,61,130,5,,,,,,,,,-88,100,18,5,0,0,0,0,0,,110,,190,KMDW,,6,14,8,0,,,2,2,31,2,0,4,2,64,
2026-09-05 00:00:00,2026-09-07 12:00:00,NBS,66,60,130,4,0.0,0.0,0.0,0.0,,1.0,,1.0,-88,100,27,5,0,0,0,0,0,0.0,110,0.0,180,KMDW,0.0,8,13,7,0,65.0,2.0,1,2,36,2,2,7,2,64,
2026-09-05 00:00:00,2026-09-07 15:00:00,NBS,74,58,120,6,,,,,,,,,-88,100,15,7,0,0,0,0,1,,110,,160,KMDW,,31,11,8,27,,,2,3,18,2,1,0,2,68,
2026-09-05 00:00:00,2026-09-07 18:00:00,NBS,79,57,110,7,1.0,,0.0,,,1.0,,,-88,100,33,8,0,0,0,0,1,0.0,110,0.0,150,KMDW,,43,11,10,50,,,3,3,21,3,0,0,2,74,
2026-09-05 00:00:00,2026-09-07 21:00:00,NBS,79,58,90,9,,,,,,,,,-88,100,32,10,0,0,0,0,0,,110,,120,KMDW,,32,9,9,51,,,3,3,27,3,0,0,2,71,
2026-09-05 00:00:00,2026-09-08 00:00:00,NBS,76,59,100,9,0.0,1.0,0.0,0.0,,1.0,,1.0,-88,100,37,10,0,0,0,0,0,0.0,120,0.0,110,KMDW,0.0,12,10,9,36,81.0,2.0,2,3,24,3,0,0,2,69,
2026-09-05 06:00:00,2026-09-05 12:00:00,NBS,76,72,360,5,38.0,,32.0,,1.0,21.0,1.0,,-88,70,25,5,9,0,0,0,3,0.0,120,0.0,120,KMDW,,5,35,5,4,,,2,1,25,3,4,4,3,74,1/21
2026-09-05 06:00:00,2026-09-05 15:00:00,NBS,80,73,10,9,,,,,,,,,13,100,67,10,7,0,0,0,0,,110,,13,KMDW,,17,0,10,34,,,3,2,30,4,18,0,2,78,
2026-09-05 06:00:00,2026-09-05 18:00:00,NBS,81,72,20,11,13.0,,0.0,,,16.0,,,18,100,50,14,6,0,0,0,0,0.0,110,0.0,16,KMDW,,25,2,12,60,,,3,2,25,3,11,0,2,80,
2026-09-05 06:00:00,2026-09-05 21:00:00,NBS,79,69,30,12,,,,,,,,,35,100,25,16,6,0,0,0,0,,110,,30,KMDW,,25,1,13,46,,,3,2,23,4,0,0,2,76,
2026-09-05 06:00:00,2026-09-06 00:00:00,NBS,75,67,30,12,5.0,15.0,0.0,0.0,,13.0,,19.0,-88,100,43,15,5,0,0,0,0,0.0,110,0.0,17,KMDW,0.0,15,3,12,10,82.0,3.0,2,2,35,3,4,0,1,71,
2026-09-05 06:00:00,2026-09-06 03:00:00,NBS,74,67,50,10,,,,,,,,,-88,100,50,13,2,0,0,0,0,,110,,200,KMDW,,5,5,11,0,,,1,2,32,3,7,0,1,70,
2026-09-05 06:00:00,2026-09-06 06:00:00,NBS,73,66,70,7,1.0,,0.0,,,4.0,,,-88,100,26,8,1,0,0,0,0,0.0,110,0.0,150,KMDW,,6,8,9,0,,,1,2,24,2,1,0,1,69,
2026-09-05 06:00:00,2026-09-06 09:00:00,NBS,71,64,80,7,,,,,,,,,-88,100,16,7,0,0,0,0,0,,110,,230,KMDW,,5,9,7,0,,,1,3,16,2,2,3,1,68,
2026-09-05 06:00:00,2026-09-06 12:00:00,NBS,69,63,90,6,1.0,1.0,0.0,0.0,,1.0,,4.0,-88,100,4,6,0,0,0,0,0,0.0,110,0.0,120,KMDW,0.0,6,10,6,4,68.0,2.0,1,3,6,2,7,7,2,67,
2026-09-05 06:00:00,2026-09-06 15:00:00,NBS,74,59,80,8,,,,,,,,,-88,100,6,9,0,0,0,0,0,,110,,240,KMDW,,24,8,9,51,,,2,3,8,3,2,0,2,68,
2026-09-05 06:00:00,2026-09-06 18:00:00,NBS,76,57,60,10,1.0,,0.0,,,1.0,,,-88,100,21,12,0,0,0,0,0,0.0,110,0.0,270,KMDW,,35,7,11,73,,,3,2,30,3,2,0,2,72,
2026-09-05 06:00:00,2026-09-06 21:00:00,NBS,75,57,50,11,,,,,,,,,-88,100,24,13,0,0,0,0,0,,110,,130,KMDW,,28,6,11,53,,,3,3,36,3,2,0,1,69,
2026-09-05 06:00:00,2026-09-07 00:00:00,NBS,73,58,50,9,1.0,1.0,0.0,0.0,,1.0,,1.0,-88,100,31,10,0,0,0,0,0,0.0,110,0.0,160,KMDW,0.0,16,6,9,8,77.0,2.0,2,3,34,3,0,0,1,66,
2026-09-05 06:00:00,2026-09-07 03:00:00,NBS,71,61,60,8,,,,,,,,,-88,100,11,8,0,0,0,0,0,,110,,180,KMDW,,7,6,8,0,,,1,2,7,3,2,0,2,67,
2026-09-05 06:00:00,2026-09-07 06:00:00,NBS,70,61,90,6,0.0,,0.0,,,1.0,,,-88,100,21,6,0,0,0,0,0,0.0,110,0.0,210,KMDW,,5,10,7,0,,,1,2,24,2,0,1,2,65,
2026-09-05 06:00:00,2026-09-07 09:00:00,NBS,67,61,110,4,,,,,,,,,-88,100,30,5,0,0,0,0,0,,110,,120,KMDW,,5,12,7,0,,,1,2,29,2,0,5,2,64,
2026-09-05 06:00:00,2026-09-07 12:00:00,NBS,66,61,130,4,0.0,0.0,0.0,0.0,,1.0,,1.0,-88,100,27,4,0,0,0,0,0,0.0,110,0.0,100,KMDW,0.0,6,12,5,1,66.0,2.0,1,2,32,2,1,9,2,65,
2026-09-05 06:00:00,2026-09-07 15:00:00,NBS,73,59,110,6,,,,,,,,,-88,100,17,7,0,0,0,0,0,,110,,160,KMDW,,25,10,8,33,,,2,3,9,2,0,0,2,68,
2026-09-05 06:00:00,2026-09-07 18:00:00,NBS,78,58,100,8,0.0,,0.0,,,1.0,,,-88,100,25,9,0,0,0,0,0,0.0,110,0.0,160,KMDW,,43,11,10,54,,,2,3,12,3,0,0,2,73,
2026-09-05 06:00:00,2026-09-07 21:00:00,NBS,79,59,90,9,,,,,,,,,-88,100,31,10,0,0,0,0,0,,120,,160,KMDW,,37,10,9,71,,,3,3,20,3,0,0,2,71,
2026-09-05 06:00:00,2026-09-08 00:00:00,NBS,76,60,90,9,0.0,0.0,0.0,0.0,,1.0,,1.0,-88,100,31,9,0,0,0,0,0,0.0,120,0.0,150,KMDW,0.0,14,10,9,48,80.0,2.0,2,3,20,3,0,0,2,69,
2026-09-05 06:00:00,2026-09-08 03:00:00,NBS,73,61,120,8,,,,,,,,,-88,100,39,9,0,0,0,0,0,,120,,90,KMDW,,6,11,8,0,,,2,2,28,3,0,0,2,68,
2026-09-05 06:00:00,2026-09-08 06:00:00,NBS,70,61,140,8,1.0,,0.0,,,1.0,,,-88,100,30,8,0,0,0,0,0,0.0,120,0.0,130,KMDW,,6,14,8,0,,,2,3,27,2,0,0,1,66,
2026-09-05 12:00:00,2026-09-05 18:00:00,NBS,80,71,30,11,3.0,,0.0,,1.0,15.0,,,15,100,64,14,5,0,0,0,0,0.0,110,0.0,15,KMDW,,23,1,11,44,,,2,2,30,3,14,0,2,79,1/15
2026-09-05 12:00:00,2026-09-05 21:00:00,NBS,78,69,30,12,,,,,,,,,-88,100,31,16,6,0,0,0,0,,110,,27,KMDW,,23,2,12,46,,,2,2,28,3,2,0,2,74,
2026-09-05 12:00:00,2026-09-06 00:00:00,NBS,75,66,30,12,2.0,3.0,0.0,0.0,,13.0,,19.0,130,100,66,15,4,0,0,0,12,0.0,110,0.0,33,KMDW,0.0,14,3,12,9,81.0,2.0,1,1,37,3,6,0,2,71,
2026-09-05 12:00:00,2026-09-06 03:00:00,NBS,73,66,40,10,,,,,,,,,-88,100,39,13,2,0,0,0,0,,110,,130,KMDW,,5,5,12,0,,,1,2,33,3,3,0,1,70,
2026-09-05 12:00:00,2026-09-06 06:00:00,NBS,72,65,60,7,5.0,,0.0,,,4.0,,,-88,100,36,8,1,0,0,0,0,0.0,110,0.0,110,KMDW,,5,8,10,0,,,1,2,32,2,2,0,1,69,
2026-09-05 12:00:00,2026-09-06 09:00:00,NBS,70,64,90,6,,,,,,,,,-88,100,16,7,0,0,0,0,0,,110,,100,KMDW,,5,9,7,0,,,1,2,25,2,0,3,1,67,
2026-09-05 12:00:00,2026-09-06 12:00:00,NBS,69,63,70,6,1.0,5.0,0.0,0.0,,1.0,,4.0,-88,100,4,6,0,0,0,0,0,0.0,110,0.0,60,KMDW,0.0,5,8,6,4,68.0,1.0,1,2,6,2,2,5,2,67,
2026-09-05 12:00:00,2026-09-06 15:00:00,NBS,73,58,70,9,,,,,,,,,-88,100,9,10,0,0,0,0,0,,110,,270,KMDW,,24,7,9,53,,,2,3,13,3,0,0,2,69,
2026-09-05 12:00:00,2026-09-06 18:00:00,NBS,75,57,60,10,0.0,,0.0,,,1.0,,,-88,100,27,12,0,0,0,0,0,0.0,110,0.0,260,KMDW,,35,7,11,73,,,2,2,31,3,0,0,2,72,
2026-09-05 12:00:00,2026-09-06 21:00:00,NBS,74,56,50,11,,,,,,,,,-88,100,16,13,0,0,0,0,0,,110,,240,KMDW,,30,6,11,57,,,2,2,30,3,0,0,1,67,
2026-09-05 12:00:00,2026-09-07 00:00:00,NBS,73,57,50,9,1.0,0.0,0.0,0.0,,1.0,,1.0,-88,100,23,10,0,0,0,0,0,0.0,110,0.0,160,KMDW,0.0,12,6,9,12,77.0,2.0,1,2,22,3,0,0,1,66,
2026-09-05 12:00:00,2026-09-07 03:00:00,NBS,71,60,60,8,,,,,,,,,-88,100,35,8,0,0,0,0,0,,110,,170,KMDW,,5,6,8,0,,,1,2,31,3,0,0,2,66,
2026-09-05 12:00:00,2026-09-07 06:00:00,NBS,69,61,90,6,0.0,,0.0,,,1.0,,,-88,100,42,7,0,0,0,0,0,0.0,110,0.0,100,KMDW,,5,9,7,0,,,1,2,32,2,0,2,2,65,
2026-09-05 12:00:00,2026-09-07 09:00:00,NBS,67,61,110,5,,,,,,,,,-88,100,40,5,0,0,0,0,0,,110,,80,KMDW,,4,12,7,0,,,1,2,38,2,1,4,2,64,
2026-09-05 12:00:00,2026-09-07 12:00:00,NBS,66,61,120,5,0.0,1.0,0.0,0.0,,1.0,,1.0,-88,100,19,5,0,0,0,0,0,0.0,110,0.0,100,KMDW,0.0,7,12,6,3,65.0,1.0,1,2,25,2,0,9,2,64,
2026-09-05 12:00:00,2026-09-07 15:00:00,NBS,73,58,110,7,,,,,,,,,-88,100,21,7,0,0,0,0,0,,100,,100,KMDW,,32,10,9,27,,,1,2,26,2,1,0,2,68,
2026-09-05 12:00:00,2026-09-07 18:00:00,NBS,77,57,100,8,0.0,,0.0,,,1.0,,,-88,100,30,10,0,0,0,0,0,0.0,110,0.0,210,KMDW,,39,9,9,68,,,2,2,29,3,0,0,2,73,
2026-09-05 12:00:00,2026-09-07 21:00:00,NBS,77,58,90,9,,,,,,,,,-88,100,24,10,0,0,0,0,0,,110,,190,KMDW,,40,10,9,72,,,2,3,27,3,0,0,2,71,
2026-09-05 12:00:00,2026-09-08 00:00:00,NBS,75,59,90,9,0.0,0.0,0.0,0.0,,1.0,,1.0,-88,100,33,10,0,0,0,0,0,0.0,110,0.0,-88,KMDW,0.0,16,9,9,48,79.0,2.0,2,3,27,3,0,0,2,68,
2026-09-05 12:00:00,2026-09-08 03:00:00,NBS,72,60,120,8,,,,,,,,,-88,100,30,9,0,0,0,0,0,,120,,-88,KMDW,,5,12,8,0,,,2,3,22,3,0,0,2,67,
2026-09-05 12:00:00,2026-09-08 06:00:00,NBS,70,60,140,8,0.0,,0.0,,,1.0,,,-88,100,32,9,0,0,0,0,0,0.0,120,0.0,-88,KMDW,,5,14,9,0,,,2,3,31,2,0,0,1,65,
2026-09-05 12:00:00,2026-09-08 09:00:00,NBS,67,60,150,7,,,,,,,,,-88,100,25,9,0,0,0,0,0,,120,,29,KMDW,,5,14,7,0,,,2,3,29,2,0,3,1,64,
2026-09-05 12:00:00,2026-09-08 12:00:00,NBS,66,61,160,7,0.0,0.0,0.0,0.0,,1.0,,1.0,-88,90,29,8,0,0,0,0,0,0.0,120,0.0,180,KMDW,0.0,8,16,7,0,66.0,2.0,2,3,30,2,3,10,2,64,
2026-09-05 18:00:00,2026-09-06 00:00:00,NBS,75,66,30,12,4.0,,0.0,,1.0,12.0,1.0,,27,100,49,15,4,0,0,0,3,0.0,110,0.0,27,KMDW,,15,2,12,8,,,1,1,36,3,3,0,2,71,1/12
2026-09-05 18:00:00,2026-09-06 03:00:00,NBS,74,66,40,10,,,,,,,,,27,100,73,12,2,0,0,0,0,,110,,27,KMDW,,5,5,11,0,,,1,2,32,3,9,0,1,71,
2026-09-05 18:00:00,2026-09-06 06:00:00,NBS,73,66,60,7,1.0,,0.0,,,4.0,,,-88,100,40,8,1,0,0,0,0,0.0,110,0.0,29,KMDW,,5,8,10,0,,,1,2,27,2,0,3,1,69,
2026-09-05 18:00:00,2026-09-06 09:00:00,NBS,71,64,80,6,,,,,,,,,-88,100,46,7,0,0,0,0,0,,110,,32,KMDW,,5,9,8,0,,,1,2,35,2,0,7,1,68,
2026-09-05 18:00:00,2026-09-06 12:00:00,NBS,70,63,80,6,1.0,5.0,0.0,0.0,,2.0,,4.0,-88,100,30,6,0,0,0,0,0,0.0,110,0.0,23,KMDW,0.0,6,9,6,4,68.0,2.0,1,2,35,2,4,7,1,68,
2026-09-05 18:00:00,2026-09-06 15:00:00,NBS,74,59,80,8,,,,,,,,,-88,100,19,9,0,0,0,0,0,,110,,90,KMDW,,25,8,9,52,,,2,3,29,3,0,0,2,68,
2026-09-05 18:00:00,2026-09-06 18:00:00,NBS,76,57,60,10,0.0,,0.0,,,1.0,,,-88,100,19,11,0,0,0,0,0,0.0,110,0.0,240,KMDW,,34,7,12,75,,,2,3,25,3,2,0,2,72,
2026-09-05 18:00:00,2026-09-06 21:00:00,NBS,75,56,60,10,,,,,,,,,-88,100,27,12,0,0,0,0,0,,110,,260,KMDW,,30,7,11,58,,,2,2,28,3,0,0,1,68,
2026-09-05 18:00:00,2026-09-07 00:00:00,NBS,72,57,50,9,0.0,0.0,0.0,0.0,,1.0,,1.0,-88,100,31,10,0,0,0,0,0,0.0,110,0.0,200,KMDW,0.0,13,6,9,13,77.0,2.0,2,2,37,2,0,0,1,66,
2026-09-05 18:00:00,2026-09-07 03:00:00,NBS,71,59,50,7,,,,,,,,,-88,100,36,8,0,0,0,0,0,,100,,110,KMDW,,7,8,8,0,,,1,2,34,2,0,0,2,66,
2026-09-05 18:00:00,2026-09-07 06:00:00,NBS,69,60,90,6,0.0,,0.0,,,1.0,,,-88,100,25,6,0,0,0,0,0,0.0,100,0.0,120,KMDW,,5,9,8,0,,,1,2,33,2,0,0,2,66,
2026-09-05 18:00:00,2026-09-07 09:00:00,NBS,67,60,110,5,,,,,,,,,-88,100,16,5,0,0,0,0,0,,99,,100,KMDW,,5,11,7,0,,,1,2,23,2,0,3,2,64,
2026-09-05 18:00:00,2026-09-07 12:00:00,NBS,66,60,110,4,0.0,0.0,0.0,0.0,,1.0,,1.0,-88,100,12,4,0,0,0,0,0,0.0,99,0.0,70,KMDW,0.0,5,12,6,3,65.0,2.0,1,2,21,2,2,10,2,63,
2026-09-05 18:00:00,2026-09-07 15:00:00,NBS,73,58,110,7,,,,,,,,,-88,100,15,7,0,0,0,0,23,,100,,4,KMDW,,29,10,9,38,,,2,2,28,2,1,0,2,68,
2026-09-05 18:00:00,2026-09-07 18:00:00,NBS,77,56,90,8,0.0,,0.0,,,1.0,,,-88,100,24,10,0,0,0,0,0,0.0,100,0.0,-88,KMDW,,39,11,9,72,,,2,2,24,3,0,0,2,73,
2026-09-05 18:00:00,2026-09-07 21:00:00,NBS,78,58,90,9,,,,,,,,,-88,100,19,10,0,0,0,0,0,,110,,-88,KMDW,,34,10,9,63,,,2,2,22,2,0,0,1,70,
2026-09-05 18:00:00,2026-09-08 00:00:00,NBS,75,58,90,9,0.0,0.0,0.0,0.0,,1.0,,1.0,-88,100,30,10,0,0,0,0,0,0.0,110,0.0,7,KMDW,0.0,13,8,9,25,80.0,2.0,2,3,26,3,0,0,2,68,
2026-09-05 18:00:00,2026-09-08 03:00:00,NBS,73,60,110,8,,,,,,,,,-88,100,29,9,0,0,0,0,0,,120,,150,KMDW,,7,11,8,0,,,2,3,24,3,0,0,2,67,
2026-09-05 18:00:00,2026-09-08 06:00:00,NBS,70,60,140,8,0.0,,0.0,,,1.0,,,-88,100,30,9,0,0,0,0,0,0.0,120,0.0,220,KMDW,,5,13,8,0,,,2,3,27,2,0,0,1,66,
2026-09-05 18:00:00,2026-09-08 09:00:00,NBS,68,60,150,7,,,,,,,,,-88,100,26,8,0,0,0,0,0,,120,,29,KMDW,,5,14,7,0,,,2,3,31,2,0,0,1,64,
2026-09-05 18:00:00,2026-09-08 12:00:00,NBS,67,60,160,7,0.0,0.0,0.0,0.0,,1.0,,1.0,-88,90,34,8,0,0,0,0,0,0.0,120,0.0,29,KMDW,0.0,7,16,7,0,65.0,2.0,2,3,31,2,1,9,1,65,
2026-09-05 18:00:00,2026-09-08 15:00:00,NBS,75,61,180,8,,,,,,,,,-88,100,39,9,0,0,0,0,0,,120,,190,KMDW,,15,19,8,30,,,3,3,29,4,0,0,2,70,
2026-09-05 18:00:00,2026-09-08 18:00:00,NBS,83,63,190,10,0.0,,0.0,,,1.0,,,-88,100,53,13,0,0,0,0,0,0.0,130,0.0,210,KMDW,,34,20,10,48,,,3,3,31,5,0,0,3,77,
2026-09-06 00:00:00,2026-09-06 06:00:00,NBS,73,67,60,7,0.0,,0.0,,4.0,3.0,,,-88,100,32,8,1,0,0,0,0,0.0,110,0.0,23,KMDW,,5,8,11,0,,,1,2,27,2,4,3,1,70,4/3
2026-09-06 00:00:00,2026-09-06 09:00:00,NBS,71,66,70,6,,,,,,,,,-88,100,19,7,0,0,0,0,0,,110,,27,KMDW,,4,8,8,0,,,1,2,19,2,10,7,1,69,
2026-09-06 00:00:00,2026-09-06 12:00:00,NBS,70,64,70,6,0.0,0.0,0.0,0.0,,1.0,,3.0,-88,100,2,7,0,0,0,0,0,0.0,100,0.0,90,KMDW,0.0,5,7,7,4,68.0,2.0,1,2,3,2,13,8,2,68,
2026-09-06 00:00:00,2026-09-06 15:00:00,NBS,74,59,70,8,,,,,,,,,-88,100,16,9,0,0,0,0,0,,100,,180,KMDW,,24,8,10,54,,,2,4,26,3,4,0,2,69,
2026-09-06 00:00:00,2026-09-06 18:00:00,NBS,76,57,60,10,0.0,,0.0,,,1.0,,,-88,100,16,12,0,0,0,0,0,0.0,110,0.0,240,KMDW,,30,8,13,77,,,2,3,24,3,2,0,2,72,
2026-09-06 00:00:00,2026-09-06 21:00:00,NBS,75,57,50,11,,,,,,,,,-88,100,28,13,0,0,0,0,0,,110,,180,KMDW,,28,8,11,58,,,2,3,32,2,0,0,1,68,
2026-09-06 00:00:00,2026-09-07 00:00:00,NBS,72,57,50,9,0.0,0.0,0.0,0.0,,1.0,,1.0,-88,100,16,10,0,0,0,0,0,0.0,110,0.0,300,KMDW,0.0,13,6,9,13,77.0,2.0,2,3,21,2,1,0,2,66,
2026-09-06 00:00:00,2026-09-07 03:00:00,NBS,71,60,50,8,,,,,,,,,-88,100,46,9,0,0,0,0,0,,100,,100,KMDW,,5,8,9,0,,,1,2,32,3,0,0,2,66,
2026-09-06 00:00:00,2026-09-07 06:00:00,NBS,69,61,90,6,0.0,,0.0,,,1.0,,,-88,100,43,7,0,0,0,0,0,0.0,100,0.0,100,KMDW,,5,9,8,0,,,1,2,35,2,0,0,2,66,
2026-09-06 00:00:00,2026-09-07 09:00:00,NBS,67,61,110,5,,,,,,,,,-88,100,27,5,0,0,0,0,0,,100,,100,KMDW,,5,11,8,0,,,1,2,30,2,0,4,2,64,
2026-09-06 00:00:00,2026-09-07 12:00:00,NBS,66,61,110,4,0.0,0.0,0.0,0.0,,1.0,,1.0,-88,100,24,4,0,0,0,0,0,0.0,100,0.0,90,KMDW,0.0,5,12,6,3,65.0,2.0,1,1,36,3,2,7,2,64,
2026-09-06 00:00:00,2026-09-07 15:00:00,NBS,73,58,110,7,,,,,,,,,-88,100,37,8,0,0,0,0,0,,100,,60,KMDW,,30,10,9,42,,,2,2,39,3,0,0,2,68,
2026-09-06 00:00:00,2026-09-07 18:00:00,NBS,77,57,90,8,0.0,,0.0,,,1.0,,,-88,100,20,10,0,0,0,0,0,0.0,100,0.0,60,KMDW,,35,10,9,74,,,2,2,22,3,0,0,2,73,
2026-09-06 00:00:00,2026-09-07 21:00:00,NBS,77,58,80,9,,,,,,,,,-88,100,7,10,0,0,0,0,0,,100,,90,KMDW,,36,10,9,59,,,2,3,7,2,0,0,1,70,
2026-09-06 00:00:00,2026-09-08 00:00:00,NBS,75,59,80,9,0.0,0.0,0.0,0.0,,1.0,,1.0,-88,100,17,9,0,0,0,0,23,0.0,110,0.0,100,KMDW,0.0,14,9,9,15,79.0,2.0,2,3,25,3,0,0,2,67,
2026-09-06 00:00:00,2026-09-08 03:00:00,NBS,72,61,120,8,,,,,,,,,-88,100,38,8,0,0,0,0,0,,110,,80,KMDW,,6,11,8,0,,,2,3,31,2,1,0,1,67,
2026-09-06 00:00:00,2026-09-08 06:00:00,NBS,70,60,140,8,0.0,,0.0,,,1.0,,,-88,100,34,9,0,0,0,0,0,0.0,110,0.0,80,KMDW,,5,13,9,0,,,2,3,28,2,0,1,1,66,
2026-09-06 00:00:00,2026-09-08 09:00:00,NBS,67,60,150,7,,,,,,,,,-88,100,32,9,0,0,0,0,0,,110,,140,KMDW,,5,15,9,0,,,2,3,33,2,0,0,1,64,
2026-09-06 00:00:00,2026-09-08 12:00:00,NBS,66,61,160,7,0.0,0.0,0.0,0.0,,1.0,,1.0,-88,100,28,8,0,0,0,0,0,0.0,110,0.0,80,KMDW,0.0,5,16,7,0,65.0,2.0,2,3,32,2,2,6,1,65,
2026-09-06 00:00:00,2026-09-08 15:00:00,NBS,75,62,180,8,,,,,,,,,-88,100,32,9,0,0,0,0,0,,120,,130,KMDW,,16,19,8,24,,,3,3,32,3,0,0,2,71,
2026-09-06 00:00:00,2026-09-08 18:00:00,NBS,83,63,190,10,0.0,,0.0,,,1.0,,,-88,100,43,13,0,0,0,0,0,0.0,130,0.0,120,KMDW,,31,20,10,42,,,3,3,35,4,0,0,2,78,
2026-09-06 00:00:00,2026-09-08 21:00:00,NBS,86,63,190,11,,,,,,,,,-88,100,37,14,1,0,0,0,0,,130,,90,KMDW,,34,20,11,65,,,2,3,36,4,0,0,2,77,
2026-09-06 00:00:00,2026-09-09 00:00:00,NBS,84,64,180,10,0.0,0.0,0.0,0.0,,4.0,,6.0,-88,100,33,11,3,0,0,0,0,0.0,130,0.0,80,KMDW,0.0,6,19,10,43,87.0,2.0,3,3,29,4,0,0,2,75,
2026-09-06 06:00:00,2026-09-06 12:00:00,NBS,70,64,70,6,0.0,,0.0,,7.0,2.0,3.0,,-88,100,22,7,0,0,0,0,0,0.0,110,0.0,8,KMDW,,6,8,6,4,,,1,2,31,2,10,4,2,68,7/2
2026-09-06 06:00:00,2026-09-06 15:00:00,NBS,74,59,80,9,,,,,,,,,-88,100,13,10,0,0,0,0,0,,110,,130,KMDW,,22,7,9,55,,,2,3,22,3,4,0,2,69,
2026-09-06 06:00:00,2026-09-06 18:00:00,NBS,76,57,60,10,0.0,,0.0,,,1.0,,,-88,100,19,13,0,0,0,0,0,0.0,110,0.0,120,KMDW,,30,7,12,78,,,2,2,23,3,4,0,2,72,
2026-09-06 06:00:00,2026-09-06 21:00:00,NBS,75,57,50,10,,,,,,,,,-88,100,22,12,0,0,0,0,0,,110,,220,KMDW,,29,7,10,56,,,2,3,35,3,1,0,1,68,
2026-09-06 06:00:00,2026-09-07 00:00:00,NBS,72,58,50,9,0.0,0.0,0.0,0.0,,1.0,,1.0,-88,100,32,10,0,0,0,0,0,0.0,110,0.0,300,KMDW,0.0,9,6,9,11,77.0,2.0,2,2,28,2,0,0,1,66,
2026-09-06 06:00:00,2026-09-07 03:00:00,NBS,71,61,50,8,,,,,,,,,-88,100,41,9,0,0,0,0,0,,110,,100,KMDW,,5,8,8,0,,,1,2,38,2,0,0,2,66,
2026-09-06 06:00:00,2026-09-07 06:00:00,NBS,70,61,90,6,0.0,,0.0,,,1.0,,,-88,100,36,6,0,0,0,0,0,0.0,100,0.0,120,KMDW,,5,9,8,0,,,1,2,43,2,0,0,2,66,
2026-09-06 06:00:00,2026-09-07 09:00:00,NBS,67,61,130,5,,,,,,,,,-88,100,23,5,0,0,0,0,0,,100,,190,KMDW,,4,11,7,0,,,1,2,28,2,0,0,2,64,
2026-09-06 06:00:00,2026-09-07 12:00:00,NBS,66,61,130,4,0.0,0.0,0.0,0.0,,1.0,,1.0,-88,100,5,4,0,0,0,0,0,0.0,100,0.0,190,KMDW,0.0,4,13,5,3,65.0,2.0,1,1,7,2,0,4,2,64,
2026-09-06 06:00:00,2026-09-07 15:00:00,NBS,73,59,100,7,,,,,,,,,-88,100,14,7,0,0,0,0,0,,100,,150,KMDW,,28,10,8,53,,,2,2,20,3,0,0,2,68,
2026-09-06 06:00:00,2026-09-07 18:00:00,NBS,77,57,90,8,0.0,,0.0,,,1.0,,,-88,100,14,9,0,0,0,0,0,0.0,100,0.0,300,KMDW,,36,9,9,75,,,2,2,14,3,0,0,2,73,
2026-09-06 06:00:00,2026-09-07 21:00:00,NBS,77,58,80,9,,,,,,,,,-88,100,27,10,0,0,0,0,0,,100,,130,KMDW,,31,10,9,56,,,2,2,30,3,0,0,2,71,
2026-09-06 06:00:00,2026-09-08 00:00:00,NBS,75,59,80,9,0.0,0.0,0.0,0.0,,1.0,,1.0,-88,100,38,9,0,0,0,0,0,0.0,110,0.0,110,KMDW,0.0,13,9,9,12,79.0,2.0,2,2,33,3,0,0,2,68,
2026-09-06 06:00:00,2026-09-08 03:00:00,NBS,72,61,110,8,,,,,,,,,-88,100,37,9,0,0,0,0,0,,110,,70,KMDW,,6,11,8,0,,,1,3,38,2,1,0,1,67,
2026-09-06 06:00:00,2026-09-08 06:00:00,NBS,70,60,130,8,0.0,,0.0,,,1.0,,,-88,100,26,10,0,0,0,0,0,0.0,110,0.0,160,KMDW,,6,14,9,0,,,2,3,33,2,0,2,1,66,
2026-09-06 06:00:00,2026-09-08 09:00:00,NBS,68,61,150,8,,,,,,,,,-88,100,41,9,0,0,0,0,0,,110,,190,KMDW,,5,16,9,0,,,2,3,32,2,0,3,1,64,
2026-09-06 06:00:00,2026-09-08 12:00:00,NBS,66,61,160,7,0.0,0.0,0.0,0.0,,1.0,,1.0,-88,100,31,8,0,0,0,0,0,0.0,110,0.0,60,KMDW,0.0,6,17,7,2,66.0,2.0,2,3,27,2,1,6,1,65,
2026-09-06 06:00:00,2026-09-08 15:00:00,NBS,75,63,180,8,,,,,,,,,-88,100,39,10,0,0,0,0,0,,120,,110,KMDW,,15,19,8,29,,,3,3,30,3,0,0,2,71,
2026-09-06 06:00:00,2026-09-08 18:00:00,NBS,83,64,190,10,0.0,,0.0,,,1.0,,,-88,100,40,12,0,0,0,0,0,0.0,130,0.0,80,KMDW,,36,21,10,50,,,3,3,30,4,0,0,2,79,
2026-09-06 06:00:00,2026-09-08 21:00:00,NBS,86,63,190,11,,,,,,,,,-88,100,31,14,0,0,0,0,1,,130,,160,KMDW,,35,20,11,67,,,3,3,25,4,0,0,2,77,
2026-09-06 06:00:00,2026-09-09 00:00:00,NBS,83,64,190,10,1.0,1.0,0.0,0.0,,3.0,,3.0,-88,100,41,11,2,0,0,0,1,0.0,130,0.0,140,KMDW,0.0,8,19,10,46,86.0,3.0,3,3,26,5,0,0,2,74,
2026-09-06 06:00:00,2026-09-09 03:00:00,NBS,80,63,180,12,,,,,,,,,-88,100,47,16,4,0,0,0,3,,140,,150,KMDW,,5,19,12,0,,,2,4,31,4,2,0,2,73,
2026-09-06 06:00:00,2026-09-09 06:00:00,NBS,79,61,200,12,1.0,,0.0,,,7.0,,,-88,100,60,17,5,0,0,0,19,0.0,140,0.0,110,KMDW,,6,21,12,0,,,3,4,26,3,4,0,2,71,
2026-09-06 12:00:00,2026-09-06 18:00:00,NBS,76,57,60,10,2.0,,0.0,,15.0,1.0,,,-88,100,20,13,0,0,0,0,0,0.0,110,0.0,110,KMDW,,31,7,10,77,,,2,3,22,3,0,0,2,72,15/1
2026-09-06 12:00:00,2026-09-06 21:00:00,NBS,75,56,60,10,,,,,,,,,-88,100,40,12,0,0,0,0,0,,110,,230,KMDW,,27,7,11,57,,,2,3,36,3,0,0,1,68,
2026-09-06 12:00:00,2026-09-07 00:00:00,NBS,72,57,50,9,0.0,2.0,0.0,0.0,,1.0,,1.0,-88,100,38,10,0,0,0,0,0,0.0,110,0.0,180,KMDW,0.0,8,6,9,9,77.0,2.0,1,2,28,2,2,0,1,65,
2026-09-06 12:00:00,2026-09-07 03:00:00,NBS,71,60,50,8,,,,,,,,,-88,100,39,9,0,0,0,0,0,,110,,140,KMDW,,5,7,8,0,,,1,2,30,2,1,0,2,66,
2026-09-06 12:00:00,2026-09-07 06:00:00,NBS,69,60,80,6,0.0,,0.0,,,1.0,,,-88,100,42,7,0,0,0,0,0,0.0,100,0.0,200,KMDW,,4,9,7,0,,,1,2,37,2,1,0,1,65,
2026-09-06 12:00:00,2026-09-07 09:00:00,NBS,67,60,120,5,,,,,,,,,-88,100,20,5,0,0,0,0,0,,100,,210,KMDW,,4,11,6,0,,,1,2,29,2,0,0,2,64,
2026-09-06 12:00:00,2026-09-07 12:00:00,NBS,65,60,130,4,0.0,0.0,0.0,0.0,,1.0,,1.0,-88,100,8,4,0,0,0,0,0,0.0,100,0.0,150,KMDW,0.0,4,12,6,4,64.0,2.0,1,1,12,2,8,1,2,63,
2026-09-06 12:00:00,2026-09-07 15:00:00,NBS,73,58,110,6,,,,,,,,,-88,100,15,7,0,0,0,0,0,,100,,310,KMDW,,29,10,9,53,,,2,2,19,3,3,0,2,68,
2026-09-06 12:00:00,2026-09-07 18:00:00,NBS,77,56,90,8,0.0,,0.0,,,1.0,,,-88,100,23,9,0,0,0,0,0,0.0,100,0.0,290,KMDW,,39,10,9,70,,,2,2,32,2,1,0,2,72,
2026-09-06 12:00:00,2026-09-07 21:00:00,NBS,77,57,80,9,,,,,,,,,-88,100,22,10,0,0,0,0,0,,100,,170,KMDW,,35,10,9,56,,,3,3,33,3,1,0,2,70,
2026-09-06 12:00:00,2026-09-08 00:00:00,NBS,74,58,80,9,0.0,0.0,0.0,0.0,,1.0,,1.0,-88,100,41,9,0,0,0,0,0,0.0,100,0.0,190,KMDW,0.0,10,8,9,12,78.0,2.0,2,3,30,3,0,0,2,67,
2026-09-06 12:00:00,2026-09-08 03:00:00,NBS,72,60,110,8,,,,,,,,,-88,100,60,9,0,0,0,0,0,,110,,60,KMDW,,5,10,8,0,,,1,2,28,2,0,0,1,66,
2026-09-06 12:00:00,2026-09-08 06:00:00,NBS,69,59,130,8,0.0,,0.0,,,1.0,,,-88,100,53,9,0,0,0,0,0,0.0,110,0.0,80,KMDW,,5,14,8,0,,,1,3,26,2,0,2,1,64,
2026-09-06 12:00:00,2026-09-08 09:00:00,NBS,66,59,130,7,,,,,,,,,-88,100,53,8,0,0,0,0,0,,110,,60,KMDW,,5,15,8,0,,,2,3,34,2,0,4,1,63,
2026-09-06 12:00:00,2026-09-08 12:00:00,NBS,66,60,150,7,0.0,0.0,0.0,0.0,,1.0,,1.0,-88,100,56,8,0,0,0,0,0,0.0,110,0.0,90,KMDW,0.0,6,16,8,2,65.0,2.0,2,3,28,2,0,7,1,63,
2026-09-06 12:00:00,2026-09-08 15:00:00,NBS,74,61,180,7,,,,,,,,,-88,100,53,9,0,0,0,0,0,,120,,130,KMDW,,17,18,7,20,,,3,3,35,3,0,0,2,69,
2026-09-06 12:00:00,2026-09-08 18:00:00,NBS,82,62,190,9,0.0,,0.0,,,1.0,,,-88,100,53,11,0,0,0,0,0,0.0,120,0.0,120,KMDW,,42,19,10,51,,,3,3,36,3,0,0,2,77,
2026-09-06 12:00:00,2026-09-08 21:00:00,NBS,84,62,190,10,,,,,,,,,-88,100,40,12,1,0,0,0,0,,130,,80,KMDW,,43,19,11,65,,,3,3,31,3,0,0,2,75,
2026-09-06 12:00:00,2026-09-09 00:00:00,NBS,81,62,190,10,0.0,1.0,0.0,0.0,,2.0,,3.0,-88,100,41,10,2,0,0,0,0,0.0,140,0.0,70,KMDW,0.0,14,18,10,45,85.0,3.0,3,3,27,4,0,0,2,72,
2026-09-06 12:00:00,2026-09-09 03:00:00,NBS,78,61,190,11,,,,,,,,,-88,100,52,15,3,0,0,0,3,,140,,80,KMDW,,5,19,11,0,,,2,3,33,4,2,0,2,70,
2026-09-06 12:00:00,2026-09-09 06:00:00,NBS,77,60,210,11,0.0,,0.0,,,10.0,,,80,100,67,16,6,0,0,0,6,0.0,140,0.0,80,KMDW,,5,21,12,0,,,3,4,26,3,5,0,2,70,
2026-09-06 12:00:00,2026-09-09 09:00:00,NBS,76,61,220,12,,,,,,,,,80,100,79,16,6,0,0,0,30,,150,,80,KMDW,,5,22,12,0,,,2,4,15,4,1,1,3,69,
2026-09-06 12:00:00,2026-09-09 12:00:00,NBS,75,63,220,11,12.0,12.0,0.0,0.0,,15.0,,18.0,80,100,85,15,8,0,0,0,34,0.0,150,0.0,47,KMDW,0.0,7,23,11,0,73.0,3.0,3,4,7,5,8,2,3,69,
2026-09-06 18:00:00,2026-09-07 00:00:00,NBS,73,57,50,9,0.0,,0.0,,15.0,1.0,20.0,,-88,100,34,10,0,0,0,0,0,0.0,110,0.0,210,KMDW,,9,6,9,9,,,1,3,31,2,0,0,1,67,15/1
2026-09-06 18:00:00,2026-09-07 03:00:00,NBS,72,60,50,8,,,,,,,,,-88,100,49,9,0,0,0,0,0,,100,,180,KMDW,,5,7,8,0,,,1,2,29,2,0,0,2,66,
2026-09-06 18:00:00,2026-09-07 06:00:00,NBS,70,60,100,6,0.0,,0.0,,,1.0,,,-88,100,41,7,0,0,0,0,0,0.0,100,0.0,170,KMDW,,4,9,8,0,,,1,2,35,2,0,0,1,66,
2026-09-06 18:00:00,2026-09-07 09:00:00,NBS,67,60,100,4,,,,,,,,,-88,100,50,5,0,0,0,0,0,,98,,190,KMDW,,4,10,7,0,,,1,2,32,2,0,0,2,64,
2026-09-06 18:00:00,2026-09-07 12:00:00,NBS,66,60,110,4,0.0,0.0,0.0,0.0,,1.0,,1.0,-88,100,34,4,0,0,0,0,0,0.0,96,0.0,190,KMDW,0.0,4,11,6,4,65.0,2.0,1,1,31,2,0,4,2,64,
2026-09-06 18:00:00,2026-09-07 15:00:00,NBS,73,58,110,7,,,,,,,,,-88,100,25,7,0,0,0,0,0,,99,,240,KMDW,,31,10,9,51,,,1,2,32,2,0,0,2,68,
2026-09-06 18:00:00,2026-09-07 18:00:00,NBS,77,55,90,9,0.0,,0.0,,,0.0,,,-88,100,25,10,0,0,0,0,0,0.0,98,0.0,300,KMDW,,40,10,10,75,,,2,2,38,2,0,0,1,72,
2026-09-06 18:00:00,2026-09-07 21:00:00,NBS,77,57,80,9,,,,,,,,,-88,100,23,10,0,0,0,0,0,,99,,180,KMDW,,37,10,9,57,,,3,2,29,3,0,0,1,70,
2026-09-06 18:00:00,2026-09-08 00:00:00,NBS,74,57,70,8,0.0,0.0,0.0,0.0,,1.0,,1.0,-88,100,37,9,0,0,0,0,0,0.0,98,0.0,90,KMDW,0.0,10,8,8,13,79.0,2.0,2,2,35,3,0,0,2,66,
2026-09-06 18:00:00,2026-09-08 03:00:00,NBS,72,60,100,7,,,,,,,,,-88,100,32,8,0,0,0,0,0,,98,,110,KMDW,,5,10,8,0,,,1,2,34,2,0,0,1,67,
2026-09-06 18:00:00,2026-09-08 06:00:00,NBS,69,59,130,8,0.0,,0.0,,,1.0,,,-88,100,30,9,0,0,0,0,0,0.0,98,0.0,160,KMDW,,5,12,9,0,,,1,2,26,2,0,0,1,65,
2026-09-06 18:00:00,2026-09-08 09:00:00,NBS,67,59,140,7,,,,,,,,,-88,100,39,8,0,0,0,0,0,,98,,50,KMDW,,6,15,9,0,,,2,3,28,2,0,4,1,64,
2026-09-06 18:00:00,2026-09-08 12:00:00,NBS,66,60,150,6,0.0,0.0,0.0,0.0,,1.0,,1.0,-88,90,48,7,0,0,0,0,0,0.0,100,0.0,70,KMDW,0.0,6,17,9,3,65.0,2.0,2,3,35,2,1,10,1,63,
2026-09-06 18:00:00,2026-09-08 15:00:00,NBS,74,61,170,7,,,,,,,,,-88,100,63,8,0,0,0,0,0,,100,,16,KMDW,,14,19,9,38,,,3,3,19,3,0,1,2,69,
2026-09-06 18:00:00,2026-09-08 18:00:00,NBS,83,61,190,8,0.0,,0.0,,,1.0,,,-88,100,60,10,0,0,0,0,0,0.0,110,0.0,150,KMDW,,39,19,11,65,,,2,3,31,4,0,0,2,77,
2026-09-06 18:00:00,2026-09-08 21:00:00,NBS,86,61,190,10,,,,,,,,,-88,100,40,12,0,0,0,0,0,,140,,50,KMDW,,38,19,11,45,,,3,3,32,5,0,0,2,76,
2026-09-06 18:00:00,2026-09-09 00:00:00,NBS,82,62,190,10,0.0,0.0,0.0,0.0,,2.0,,2.0,-88,100,38,10,2,0,0,0,0,0.0,140,0.0,60,KMDW,0.0,11,19,10,23,86.0,2.0,2,3,27,6,0,0,3,73,
2026-09-06 18:00:00,2026-09-09 03:00:00,NBS,79,61,190,10,,,,,,,,,-88,100,61,13,4,0,0,0,5,,140,,80,KMDW,,5,19,10,0,,,2,4,24,4,3,0,2,71,
2026-09-06 18:00:00,2026-09-09 06:00:00,NBS,78,59,210,11,1.0,,0.0,,,13.0,,,70,100,63,15,8,0,0,0,5,0.0,140,0.0,70,KMDW,,6,23,11,0,,,3,5,24,4,6,0,2,70,
2026-09-06 18:00:00,2026-09-09 09:00:00,NBS,77,60,210,11,,,,,,,,,70,100,77,15,9,0,0,0,36,,150,,43,KMDW,,5,22,11,0,,,3,5,14,5,4,2,3,70,
2026-09-06 18:00:00,2026-09-09 12:00:00,NBS,75,63,220,11,29.0,28.0,0.0,0.0,,18.0,,20.0,80,100,81,14,10,0,0,0,44,0.0,150,0.0,37,KMDW,0.0,8,22,11,0,73.0,3.0,3,4,11,5,6,6,3,70,
2026-09-06 18:00:00,2026-09-09 15:00:00,NBS,78,66,220,12,,,,,,,,,50,100,87,17,9,0,0,0,43,,140,,48,KMDW,,13,23,12,2,,,4,4,8,5,10,4,3,73,
2026-09-06 18:00:00,2026-09-09 18:00:00,NBS,82,68,240,13,68.0,,12.0,,,15.0,,,30,100,88,19,7,0,0,0,40,0.0,130,0.0,30,KMDW,,19,25,13,5,,,4,3,9,6,12,3,3,77,
2026-09-07 00:00:00,2026-09-07 06:00:00,NBS,70,60,90,7,0.0,,0.0,,17.0,1.0,,,-88,100,36,7,0,0,0,0,0,0.0,98,0.0,130,KMDW,,4,9,8,0,,,1,2,31,2,0,0,1,66,17/1
2026-09-07 00:00:00,2026-09-07 09:00:00,NBS,67,60,100,5,,,,,,,,,-88,100,40,5,0,0,0,0,0,,95,,130,KMDW,,4,10,7,0,,,1,1,30,2,0,0,2,64,
2026-09-07 00:00:00,2026-09-07 12:00:00,NBS,66,61,110,4,0.0,0.0,0.0,0.0,,1.0,,1.0,-88,100,18,4,0,0,0,0,0,0.0,95,0.0,170,KMDW,0.0,4,11,5,4,65.0,2.0,1,1,19,2,0,3,2,64,
2026-09-07 00:00:00,2026-09-07 15:00:00,NBS,73,59,120,7,,,,,,,,,-88,100,17,8,0,0,0,0,0,,95,,150,KMDW,,31,11,9,56,,,1,2,26,2,0,0,2,69,
2026-09-07 00:00:00,2026-09-07 18:00:00,NBS,77,56,90,9,0.0,,0.0,,,0.0,,,-88,100,22,10,0,0,0,0,0,0.0,95,0.0,310,KMDW,,41,9,10,77,,,2,2,37,2,0,0,1,73,
2026-09-07 00:00:00,2026-09-07 21:00:00,NBS,77,58,80,9,,,,,,,,,-88,100,19,10,0,0,0,0,0,,96,,290,KMDW,,37,9,9,58,,,3,2,29,3,0,0,1,70,
2026-09-07 00:00:00,2026-09-08 00:00:00,NBS,74,59,80,8,0.0,0.0,0.0,0.0,,1.0,,1.0,-88,100,21,9,0,0,0,0,0,0.0,96,0.0,180,KMDW,0.0,9,9,8,13,79.0,2.0,2,2,26,3,0,0,2,68,
2026-09-07 00:00:00,2026-09-08 03:00:00,NBS,72,61,90,8,,,,,,,,,-88,100,39,9,0,0,0,0,0,,97,,44,KMDW,,5,10,8,0,,,1,2,35,2,0,0,1,67,
2026-09-07 00:00:00,2026-09-08 06:00:00,NBS,70,60,130,8,0.0,,0.0,,,1.0,,,-88,100,40,9,0,0,0,0,0,0.0,96,0.0,130,KMDW,,5,13,10,0,,,1,3,24,2,0,0,1,66,
2026-09-07 00:00:00,2026-09-08 09:00:00,NBS,67,59,140,7,,,,,,,,,-88,100,48,9,0,0,0,0,0,,96,,100,KMDW,,5,15,10,0,,,2,3,27,2,0,3,1,64,
2026-09-07 00:00:00,2026-09-08 12:00:00,NBS,66,60,150,7,0.0,0.0,0.0,0.0,,1.0,,1.0,-88,100,36,7,0,0,0,0,0,0.0,98,0.0,180,KMDW,0.0,5,17,8,3,65.0,2.0,2,3,39,2,0,7,1,64,
2026-09-07 00:00:00,2026-09-08 15:00:00,NBS,74,62,180,7,,,,,,,,,-88,100,53,8,0,0,0,0,0,,100,,50,KMDW,,17,21,9,39,,,3,3,33,3,2,0,2,70,
2026-09-07 00:00:00,2026-09-08 18:00:00,NBS,82,62,190,9,1.0,,0.0,,,1.0,,,-88,100,73,10,0,0,0,0,0,0.0,110,0.0,33,KMDW,,40,21,11,63,,,2,2,22,3,0,0,2,76,
2026-09-07 00:00:00,2026-09-08 21:00:00,NBS,85,62,190,10,,,,,,,,,-88,100,72,12,0,0,0,0,0,,130,,27,KMDW,,38,20,11,34,,,3,3,21,4,0,0,2,75,
2026-09-07 00:00:00,2026-09-09 00:00:00,NBS,81,62,190,9,1.0,2.0,0.0,0.0,,0.0,,1.0,-88,100,40,10,0,0,0,0,1,0.0,140,0.0,80,KMDW,0.0,11,19,10,10,86.0,2.0,2,3,33,5,0,0,2,73,
2026-09-07 00:00:00,2026-09-09 03:00:00,NBS,79,61,190,10,,,,,,,,,-88,100,58,13,2,0,0,0,3,,140,,60,KMDW,,5,20,10,0,,,2,4,29,4,2,0,2,71,
2026-09-07 00:00:00,2026-09-09 06:00:00,NBS,78,60,200,11,1.0,,0.0,,,8.0,,,80,100,73,14,5,0,0,0,4,0.0,140,0.0,50,KMDW,,5,21,13,0,,,3,5,29,4,3,2,2,70,
2026-09-07 00:00:00,2026-09-09 09:00:00,NBS,77,61,210,11,,,,,,,,,80,100,71,15,6,0,0,0,20,,140,,70,KMDW,,5,23,11,0,,,3,4,24,4,1,0,3,69,
2026-09-07 00:00:00,2026-09-09 12:00:00,NBS,75,63,220,11,35.0,35.0,10.0,10.0,,12.0,,14.0,70,100,87,14,7,0,0,0,55,0.0,150,0.0,60,KMDW,3.0,4,21,11,0,73.0,3.0,3,4,10,5,0,2,3,70,
2026-09-07 00:00:00,2026-09-09 15:00:00,NBS,77,66,230,12,,,,,,,,,80,100,85,17,8,0,0,0,76,,150,,70,KMDW,,13,24,12,5,,,4,4,12,5,5,2,3,73,
2026-09-07 00:00:00,2026-09-09 18:00:00,NBS,81,68,240,13,73.0,,34.0,,,15.0,,,90,100,91,19,6,0,0,0,59,0.0,130,0.0,70,KMDW,,18,24,13,14,,,4,4,10,5,5,0,3,77,
2026-09-07 00:00:00,2026-09-09 21:00:00,NBS,84,67,250,13,,,,,,,,,-88,100,70,18,9,0,0,0,18,,120,,190,KMDW,,20,25,13,23,,,4,6,15,6,0,0,3,77,
2026-09-07 00:00:00,2026-09-10 00:00:00,NBS,80,65,250,11,9.0,73.0,1.0,35.0,,17.0,,21.0,-88,100,58,13,6,0,0,0,18,0.0,120,0.0,60,KMDW,5.0,12,26,11,24,85.0,4.0,3,6,22,5,0,0,3,74,
2026-09-07 06:00:00,2026-09-07 12:00:00,NBS,66,61,120,3,0.0,,0.0,,9.0,1.0,23.0,,-88,100,18,4,0,0,0,0,0,0.0,94,0.0,300,KMDW,,4,11,5,4,,,1,1,26,2,0,2,2,64,9/1
2026-09-07 06:00:00,2026-09-07 15:00:00,NBS,74,59,120,7,,,,,,,,,-88,100,14,7,0,0,0,0,0,,97,,150,KMDW,,31,12,8,56,,,1,2,25,2,0,0,2,69,
2026-09-07 06:00:00,2026-09-07 18:00:00,NBS,78,56,90,9,0.0,,0.0,,,0.0,,,-88,100,8,10,0,0,0,0,0,0.0,95,0.0,210,KMDW,,46,11,9,78,,,2,2,10,2,1,0,1,73,
2026-09-07 06:00:00,2026-09-07 21:00:00,NBS,78,58,80,9,,,,,,,,,-88,100,6,10,0,0,0,0,0,,97,,230,KMDW,,41,10,9,56,,,2,2,14,3,0,0,2,71,
2026-09-07 06:00:00,2026-09-08 00:00:00,NBS,75,59,80,8,0.0,0.0,0.0,0.0,,1.0,,1.0,-88,100,34,9,0,0,0,0,0,0.0,97,0.0,220,KMDW,0.0,7,9,8,10,79.0,2.0,2,2,33,3,0,0,2,68,
2026-09-07 06:00:00,2026-09-08 03:00:00,NBS,72,60,110,7,,,,,,,,,-88,100,27,9,0,0,0,0,0,,100,,140,KMDW,,4,10,8,0,,,1,2,25,2,0,0,1,67,
2026-09-07 06:00:00,2026-09-08 06:00:00,NBS,70,59,130,8,0.0,,0.0,,,1.0,,,-88,100,21,9,0,0,0,0,0,0.0,100,0.0,190,KMDW,,5,14,9,0,,,1,3,28,2,0,0,1,65,
2026-09-07 06:00:00,2026-09-08 09:00:00,NBS,67,59,140,7,,,,,,,,,-88,100,34,8,0,0,0,0,0,,100,,120,KMDW,,5,17,9,0,,,2,3,38,2,0,0,1,64,
2026-09-07 06:00:00,2026-09-08 12:00:00,NBS,66,60,150,6,0.0,0.0,0.0,0.0,,1.0,,1.0,-88,100,49,7,0,0,0,0,0,0.0,110,0.0,130,KMDW,0.0,5,17,7,2,66.0,2.0,2,3,31,2,0,8,1,63,
2026-09-07 06:00:00,2026-09-08 15:00:00,NBS,75,62,190,7,,,,,,,,,-88,100,42,8,0,0,0,0,0,,120,,110,KMDW,,16,20,7,49,,,3,3,35,3,0,0,2,70,
2026-09-07 06:00:00,2026-09-08 18:00:00,NBS,84,63,190,8,1.0,,0.0,,,1.0,,,-88,100,44,10,0,0,0,0,0,0.0,120,0.0,230,KMDW,,37,20,9,69,,,2,3,37,3,0,0,2,78,
2026-09-07 06:00:00,2026-09-08 21:00:00,NBS,87,62,190,10,,,,,,,,,-88,100,51,12,0,0,0,0,0,,130,,130,KMDW,,37,19,10,49,,,3,3,36,3,0,0,2,77,
2026-09-07 06:00:00,2026-09-09 00:00:00,NBS,82,62,190,8,0.0,1.0,0.0,0.0,,2.0,,2.0,-88,100,58,9,1,0,0,0,0,0.0,140,0.0,70,KMDW,0.0,12,19,9,10,87.0,2.0,2,3,38,5,0,0,2,73,
2026-09-07 06:00:00,2026-09-09 03:00:00,NBS,79,62,190,10,,,,,,,,,-88,100,64,12,4,0,0,0,1,,140,,50,KMDW,,5,19,10,0,,,2,3,32,4,2,0,2,71,
2026-09-07 06:00:00,2026-09-09 06:00:00,NBS,78,61,200,11,0.0,,0.0,,,10.0,,,80,100,61,14,6,0,0,0,12,0.0,150,0.0,70,KMDW,,7,22,12,0,,,3,4,33,4,2,4,2,71,
2026-09-07 06:00:00,2026-09-09 09:00:00,NBS,77,61,210,11,,,,,,,,,70,100,63,14,8,0,0,0,20,,150,,70,KMDW,,5,23,11,0,,,3,4,27,4,2,1,3,71,
2026-09-07 06:00:00,2026-09-09 12:00:00,NBS,76,63,230,11,29.0,29.0,3.0,3.0,,17.0,,17.0,90,100,81,13,9,0,0,0,24,0.0,150,0.0,34,KMDW,1.0,8,25,11,1,74.0,3.0,3,4,12,5,8,4,3,70,
2026-09-07 06:00:00,2026-09-09 15:00:00,NBS,77,66,230,12,,,,,,,,,14,80,86,16,10,0,0,0,55,,150,,10,KMDW,,16,24,12,2,,,4,4,9,5,22,9,3,72,
2026-09-07 06:00:00,2026-09-09 18:00:00,NBS,80,68,230,13,70.0,,18.0,,,17.0,,,16,100,89,19,7,0,0,0,48,0.0,140,0.0,16,KMDW,,22,24,13,3,,,5,3,7,6,17,3,3,77,
2026-09-07 06:00:00,2026-09-09 21:00:00,NBS,83,68,250,12,,,,,,,,,50,100,80,17,11,0,0,0,21,,120,,50,KMDW,,28,26,12,40,,,5,4,13,6,4,0,3,77,
2026-09-07 06:00:00,2026-09-10 00:00:00,NBS,79,66,240,10,15.0,75.0,1.0,19.0,,20.0,,23.0,-88,100,73,11,8,0,0,0,21,0.0,120,0.0,170,KMDW,4.0,12,25,10,31,84.0,4.0,3,5,18,4,0,0,2,73,
2026-09-07 06:00:00,2026-09-10 03:00:00,NBS,76,65,270,9,,,,,,,,,-88,100,75,10,5,0,0,0,6,,110,,60,KMDW,,5,27,9,0,,,3,6,19,4,2,2,2,71,
2026-09-07 06:00:00,2026-09-10 06:00:00,NBS,72,62,300,8,7.0,,0.0,,,9.0,,,-88,100,43,9,4,0,0,0,5,0.0,120,0.0,270,KMDW,,7,31,9,0,,,2,6,26,3,3,4,2,68,
2026-09-07 12:00:00,2026-09-07 18:00:00,NBS,78,56,100,8,0.0,,0.0,,2.0,0.0,,,-88,100,7,9,0,0,0,0,0,0.0,96,0.0,220,KMDW,,47,11,8,78,,,2,2,8,3,0,0,1,73,2/0
2026-09-07 12:00:00,2026-09-07 21:00:00,NBS,78,58,80,10,,,,,,,,,-88,100,11,10,0,0,0,0,0,,98,,120,KMDW,,38,10,10,56,,,2,2,20,3,0,0,2,71,
2026-09-07 12:00:00,2026-09-08 00:00:00,NBS,75,58,90,9,0.0,0.0,0.0,0.0,,1.0,,1.0,-88,100,40,9,0,0,0,0,0,0.0,99,0.0,200,KMDW,0.0,8,9,9,9,79.0,2.0,2,2,35,3,0,0,2,68,
2026-09-07 12:00:00,2026-09-08 03:00:00,NBS,72,60,110,8,,,,,,,,,-88,100,49,9,0,0,0,0,0,,100,,170,KMDW,,4,10,8,0,,,1,2,36,2,0,0,1,67,
2026-09-07 12:00:00,2026-09-08 06:00:00,NBS,69,58,130,8,0.0,,0.0,,,1.0,,,-88,100,37,9,0,0,0,0,0,0.0,100,0.0,190,KMDW,,4,14,8,0,,,1,2,35,2,0,0,1,64,
2026-09-07 12:00:00,2026-09-08 09:00:00,NBS,66,58,140,7,,,,,,,,,-88,100,30,8,0,0,0,0,0,,100,,170,KMDW,,4,17,8,0,,,2,3,37,2,0,0,1,63,
2026-09-07 12:00:00,2026-09-08 12:00:00,NBS,66,59,150,6,0.0,0.0,0.0,0.0,,1.0,,1.0,-88,100,42,7,0,0,0,0,0,0.0,110,0.0,190,KMDW,0.0,4,17,6,3,65.0,2.0,2,3,34,2,0,4,1,63,
2026-09-07 12:00:00,2026-09-08 15:00:00,NBS,74,61,190,6,,,,,,,,,160,100,57,7,0,0,0,0,15,,120,,140,KMDW,,16,20,7,37,,,3,3,35,2,0,0,2,70,
2026-09-07 12:00:00,2026-09-08 18:00:00,NBS,83,62,200,8,1.0,,0.0,,,1.0,,,-88,100,55,9,0,0,0,0,0,0.0,130,0.0,150,KMDW,,36,21,8,64,,,3,3,32,3,0,0,2,77,
2026-09-07 12:00:00,2026-09-08 21:00:00,NBS,86,62,180,9,,,,,,,,,-88,100,53,11,0,0,0,0,0,,130,,130,KMDW,,34,19,10,54,,,3,3,35,3,0,0,2,77,
2026-09-07 12:00:00,2026-09-09 00:00:00,NBS,82,61,190,9,1.0,1.0,0.0,0.0,,1.0,,1.0,-88,100,44,9,1,0,0,0,0,0.0,140,0.0,120,KMDW,0.0,11,19,10,12,86.0,2.0,3,3,41,4,0,0,2,73,
2026-09-07 12:00:00,2026-09-09 03:00:00,NBS,79,61,190,10,,,,,,,,,-88,100,38,11,3,0,0,0,2,,140,,120,KMDW,,6,19,10,0,,,2,3,40,4,2,0,2,71,
2026-09-07 12:00:00,2026-09-09 06:00:00,NBS,77,60,200,10,1.0,,0.0,,,5.0,,,-88,100,86,13,4,0,0,0,12,0.0,140,0.0,110,KMDW,,5,21,11,0,,,3,3,11,4,0,3,2,70,
2026-09-07 12:00:00,2026-09-09 09:00:00,NBS,76,62,210,10,,,,,,,,,80,100,71,14,4,0,0,0,14,,140,,45,KMDW,,5,23,11,0,,,3,4,15,5,0,0,3,70,
2026-09-07 12:00:00,2026-09-09 12:00:00,NBS,75,64,220,10,13.0,13.0,0.0,0.0,,11.0,,12.0,70,100,87,12,6,0,0,0,31,0.0,140,0.0,42,KMDW,0.0,7,25,10,0,73.0,3.0,3,4,8,5,3,2,3,70,
2026-09-07 12:00:00,2026-09-09 15:00:00,NBS,77,67,230,11,,,,,,,,,45,100,91,15,10,0,0,0,34,,140,,21,KMDW,,9,25,11,4,,,4,4,6,5,8,4,3,73,
2026-09-07 12:00:00,2026-09-09 18:00:00,NBS,80,69,240,12,66.0,,16.0,,,18.0,,,27,100,91,17,10,0,0,0,73,0.0,130,0.0,27,KMDW,,22,26,13,20,,,5,3,12,5,11,1,3,77,
2026-09-07 12:00:00,2026-09-09 21:00:00,NBS,81,68,250,11,,,,,,,,,100,100,81,15,9,0,0,0,15,,120,,80,KMDW,,36,27,12,53,,,4,3,20,5,2,0,3,76,
2026-09-07 12:00:00,2026-09-10 00:00:00,NBS,79,67,260,10,17.0,69.0,1.0,17.0,,14.0,,23.0,-88,100,72,11,6,0,0,0,15,0.0,120,0.0,240,KMDW,4.0,8,28,10,38,82.0,4.0,3,4,15,4,0,0,3,73,
2026-09-07 12:00:00,2026-09-10 03:00:00,NBS,75,66,280,8,,,,,,,,,-88,100,58,9,3,0,0,0,21,,120,,270,KMDW,,6,31,8,0,,,3,5,32,3,2,1,2,70,
2026-09-07 12:00:00,2026-09-10 06:00:00,NBS,72,63,300,7,10.0,,0.0,,,3.0,,,-88,100,45,8,2,0,0,0,21,0.0,110,0.0,180,KMDW,,5,30,7,0,,,2,5,32,3,4,5,2,68,
2026-09-07 12:00:00,2026-09-10 09:00:00,NBS,68,60,320,7,,,,,,,,,-88,80,30,7,1,0,0,0,3,,100,,160,KMDW,,5,32,7,0,,,2,4,23,2,5,10,2,64,
2026-09-07 12:00:00,2026-09-10 12:00:00,NBS,66,59,320,6,3.0,12.0,0.0,0.0,,2.0,,3.0,-88,80,41,7,1,0,0,0,3,0.0,99,0.0,170,KMDW,0.0,5,32,6,0,66.0,3.0,2,3,25,2,8,11,2,63,
2026-09-07 18:00:00,2026-09-08 00:00:00,NBS,75,58,90,8,0.0,,0.0,,2.0,1.0,12.0,,-88,100,38,9,0,0,0,0,0,0.0,100,0.0,230,KMDW,,8,9,8,9,,,2,2,38,3,0,0,2,67,2/1
2026-09-07 18:00:00,2026-09-08 03:00:00,NBS,73,60,110,8,,,,,,,,,-88,100,54,9,0,0,0,0,0,,100,,160,KMDW,,5,12,8,0,,,1,2,26,2,0,0,1,67,
2026-09-07 18:00:00,2026-09-08 06:00:00,NBS,70,58,130,7,0.0,,0.0,,,1.0,,,-88,100,44,8,0,0,0,0,0,0.0,100,0.0,120,KMDW,,4,15,7,0,,,1,2,33,2,0,0,1,65,
2026-09-07 18:00:00,2026-09-08 09:00:00,NBS,67,58,140,7,,,,,,,,,-88,100,55,8,0,0,0,0,0,,110,,140,KMDW,,4,16,8,0,,,1,2,32,2,0,0,1,64,
2026-09-07 18:00:00,2026-09-08 12:00:00,NBS,66,59,150,6,0.0,0.0,0.0,0.0,,1.0,,1.0,-88,100,50,7,0,0,0,0,0,0.0,110,0.0,140,KMDW,0.0,4,16,7,4,65.0,2.0,1,2,36,2,0,0,1,63,
2026-09-07 18:00:00,2026-09-08 15:00:00,NBS,75,61,190,6,,,,,,,,,-88,100,51,7,0,0,0,0,0,,120,,210,KMDW,,14,20,6,47,,,2,3,31,2,0,0,2,70,
2026-09-07 18:00:00,2026-09-08 18:00:00,NBS,83,61,200,7,1.0,,0.0,,,1.0,,,-88,100,44,8,0,0,0,0,0,0.0,130,0.0,170,KMDW,,36,21,7,73,,,2,3,39,3,0,0,2,77,
2026-09-07 18:00:00,2026-09-08 21:00:00,NBS,86,61,170,9,,,,,,,,,-88,100,47,10,0,0,0,0,0,,140,,130,KMDW,,34,19,9,55,,,3,3,41,2,0,0,1,76,
2026-09-07 18:00:00,2026-09-09 00:00:00,NBS,84,61,180,8,1.0,1.0,0.0,0.0,,2.0,,2.0,-88,100,36,9,1,0,0,0,0,0.0,140,0.0,250,KMDW,0.0,11,19,9,12,87.0,3.0,3,3,39,4,0,0,2,74,
2026-09-07 18:00:00,2026-09-09 03:00:00,NBS,80,60,190,10,,,,,,,,,-88,100,54,12,3,0,0,0,1,,140,,150,KMDW,,5,20,10,0,,,3,3,28,3,0,0,2,71,
2026-09-07 18:00:00,2026-09-09 06:00:00,NBS,78,60,200,10,5.0,,0.0,,,10.0,,,100,100,79,13,7,0,0,0,1,0.0,140,0.0,80,KMDW,,5,21,11,0,,,3,3,32,3,0,2,2,70,
2026-09-07 18:00:00,2026-09-09 09:00:00,NBS,77,61,220,10,,,,,,,,,80,100,65,14,7,0,0,0,8,,140,,40,KMDW,,6,23,10,0,,,3,3,27,4,2,0,3,70,
2026-09-07 18:00:00,2026-09-09 12:00:00,NBS,75,64,230,10,20.0,21.0,0.0,0.0,,15.0,,16.0,100,100,82,11,8,0,0,0,43,0.0,140,0.0,25,KMDW,0.0,8,24,10,1,73.0,2.0,2,3,24,5,2,3,3,70,
2026-09-07 18:00:00,2026-09-09 15:00:00,NBS,78,67,230,11,,,,,,,,,80,100,91,14,10,0,0,0,69,,140,,31,KMDW,,18,25,11,24,,,4,3,7,4,10,2,3,73,
2026-09-07 18:00:00,2026-09-09 18:00:00,NBS,80,69,240,12,68.0,,14.0,,,19.0,,,60,100,97,17,10,0,0,0,28,0.0,130,0.0,50,KMDW,,23,26,13,21,,,4,3,7,5,11,3,3,77,
2026-09-07 18:00:00,2026-09-09 21:00:00,NBS,81,69,250,11,,,,,,,,,90,100,79,14,10,0,0,0,3,,120,,90,KMDW,,29,27,11,40,,,4,3,23,4,0,0,2,77,
2026-09-07 18:00:00,2026-09-10 00:00:00,NBS,79,67,260,9,15.0,79.0,1.0,15.0,,15.0,,24.0,-88,100,65,10,7,0,0,0,3,0.0,120,0.0,100,KMDW,4.0,13,27,9,13,84.0,3.0,3,4,27,4,1,0,3,74,
2026-09-07 18:00:00,2026-09-10 03:00:00,NBS,76,67,260,8,,,,,,,,,-88,100,57,9,5,0,0,0,2,,120,,100,KMDW,,6,27,8,0,,,2,5,32,3,4,2,2,72,
2026-09-07 18:00:00,2026-09-10 06:00:00,NBS,73,64,270,7,8.0,,0.0,,,12.0,,,-88,100,51,8,7,0,0,0,1,0.0,120,0.0,130,KMDW,,6,27,8,0,,,2,5,27,3,6,4,2,68,
2026-09-07 18:00:00,2026-09-10 09:00:00,NBS,69,60,320,6,,,,,,,,,-88,70,53,7,4,0,0,0,1,,110,,90,KMDW,,5,31,7,0,,,2,4,25,3,7,10,2,66,
2026-09-07 18:00:00,2026-09-10 12:00:00,NBS,67,59,340,6,2.0,9.0,0.0,0.0,,8.0,,12.0,-88,60,54,7,2,0,0,0,1,0.0,110,0.0,80,KMDW,0.0,5,35,7,0,67.0,3.0,2,4,22,2,18,13,2,64,
2026-09-07 18:00:00,2026-09-10 15:00:00,NBS,73,56,360,7,,,,,,,,,-88,100,46,7,1,0,0,0,0,,96,,160,KMDW,,23,1,9,20,,,2,4,32,3,10,0,2,68,
2026-09-07 18:00:00,2026-09-10 18:00:00,NBS,77,54,360,7,0.0,,0.0,,,2.0,,,-88,100,34,7,1,0,0,0,0,0.0,89,0.0,270,KMDW,,43,1,9,31,,,2,4,28,3,4,0,3,72,
2026-09-08 00:00:00,2026-09-08 06:00:00,NBS,70,59,130,7,0.0,,0.0,,3.0,1.0,,,-88,100,47,8,0,0,0,0,0,0.0,100,0.0,140,KMDW,,4,15,8,0,,,1,2,36,2,0,0,1,64,3/1
2026-09-08 00:00:00,2026-09-08 09:00:00,NBS,67,58,140,7,,,,,,,,,-88,100,47,8,0,0,0,0,0,,120,,130,KMDW,,4,16,9,0,,,1,2,31,2,0,0,1,64,
2026-09-08 00:00:00,2026-09-08 12:00:00,NBS,66,59,150,6,0.0,0.0,0.0,0.0,,1.0,,1.0,-88,100,52,7,0,0,0,0,0,0.0,120,0.0,160,KMDW,0.0,4,15,6,4,65.0,2.0,1,3,36,2,1,4,1,63,
2026-09-08 00:00:00,2026-09-08 15:00:00,NBS,75,61,190,5,,,,,,,,,-88,100,43,6,0,0,0,0,0,,130,,180,KMDW,,13,20,5,50,,,2,3,36,2,0,0,2,70,
2026-09-08 00:00:00,2026-09-08 18:00:00,NBS,83,61,190,6,2.0,,0.0,,,1.0,,,220,100,68,7,0,0,0,0,0,0.0,130,0.0,190,KMDW,,37,20,6,67,,,2,3,26,3,0,0,2,77,
2026-09-08 00:00:00,2026-09-08 21:00:00,NBS,85,61,170,8,,,,,,,,,260,100,61,10,1,0,0,0,0,,140,,210,KMDW,,34,18,9,54,,,3,3,35,3,0,0,2,75,
2026-09-08 00:00:00,2026-09-09 00:00:00,NBS,83,61,180,8,2.0,2.0,0.0,0.0,,3.0,,3.0,-88,100,42,9,2,0,0,0,0,0.0,140,0.0,110,KMDW,0.0,10,19,10,12,86.0,2.0,2,3,34,4,1,0,2,74,
2026-09-08 00:00:00,2026-09-09 03:00:00,NBS,79,61,190,9,,,,,,,,,-88,100,54,11,4,0,0,0,1,,140,,100,KMDW,,5,20,10,0,,,2,3,37,4,0,0,2,71,
2026-09-08 00:00:00,2026-09-09 06:00:00,NBS,78,61,200,10,5.0,,0.0,,,6.0,,,110,100,72,13,5,0,0,0,1,0.0,140,0.0,100,KMDW,,4,21,11,0,,,2,3,36,3,0,2,2,71,
2026-09-08 00:00:00,2026-09-09 09:00:00,NBS,77,63,220,10,,,,,,,,,90,100,67,13,8,0,0,0,11,,140,,80,KMDW,,5,24,10,0,,,3,4,24,4,0,0,3,71,
2026-09-08 00:00:00,2026-09-09 12:00:00,NBS,75,65,250,10,15.0,9.0,0.0,0.0,,15.0,,15.0,90,100,82,11,8,0,0,0,47,0.0,140,0.0,70,KMDW,1.0,5,24,10,0,73.0,2.0,2,3,24,4,0,0,3,71,
2026-09-08 00:00:00,2026-09-09 15:00:00,NBS,77,68,230,11,,,,,,,,,80,100,91,14,9,0,0,0,80,,150,,18,KMDW,,13,25,11,19,,,4,3,6,4,9,2,2,73,
2026-09-08 00:00:00,2026-09-09 18:00:00,NBS,79,70,260,11,75.0,,10.0,,,18.0,,,60,100,96,16,9,0,0,0,34,0.0,130,0.0,22,KMDW,,20,27,11,34,,,4,2,8,5,8,2,3,76,
2026-09-08 00:00:00,2026-09-09 21:00:00,NBS,79,70,260,10,,,,,,,,,-88,100,56,13,12,0,0,0,10,,120,,70,KMDW,,26,28,10,21,,,4,2,39,4,2,1,2,77,
2026-09-08 00:00:00,2026-09-10 00:00:00,NBS,78,69,260,8,20.0,77.0,1.0,11.0,,21.0,,23.0,-88,100,51,9,9,0,0,0,5,0.0,110,0.0,17,KMDW,3.0,11,26,8,4,83.0,3.0,3,3,37,4,1,0,2,74,
2026-09-08 00:00:00,2026-09-10 03:00:00,NBS,75,69,260,7,,,,,,,,,-88,100,52,8,5,0,0,0,2,,110,,5,KMDW,,4,26,7,0,,,2,4,36,3,3,2,2,72,
2026-09-08 00:00:00,2026-09-10 06:00:00,NBS,72,66,280,7,10.0,,0.0,,,8.0,,,-88,90,55,7,4,0,0,0,2,0.0,110,0.0,270,KMDW,,4,27,7,0,,,2,5,26,3,6,8,2,69,
2026-09-08 00:00:00,2026-09-10 09:00:00,NBS,69,63,320,6,,,,,,,,,-88,80,65,7,2,0,0,0,2,,110,,250,KMDW,,5,32,9,0,,,2,5,29,2,8,10,2,66,
2026-09-08 00:00:00,2026-09-10 12:00:00,NBS,67,61,340,7,5.0,14.0,0.0,0.0,,4.0,,8.0,-88,80,68,7,1,0,0,0,2,0.0,110,0.0,160,KMDW,0.0,6,35,8,0,67.0,3.0,2,4,30,2,9,12,2,64,
2026-09-08 00:00:00,2026-09-10 15:00:00,NBS,73,58,0,7,,,,,,,,,-88,100,50,8,1,0,0,0,1,,96,,270,KMDW,,26,1,10,24,,,2,4,36,2,7,0,2,68,
2026-09-08 00:00:00,2026-09-10 18:00:00,NBS,77,55,0,7,1.0,,0.0,,,1.0,,,-88,100,35,7,0,0,0,0,1,0.0,90,0.0,270,KMDW,,47,35,10,39,,,2,4,29,3,5,0,2,72,
2026-09-08 00:00:00,2026-09-10 21:00:00,NBS,76,55,20,8,,,,,,,,,-88,100,29,9,1,0,0,0,0,,90,,-88,KMDW,,52,35,9,52,,,3,4,25,3,2,0,2,69,
2026-09-08 00:00:00,2026-09-11 00:00:00,NBS,73,55,30,7,0.0,1.0,0.0,0.0,,3.0,,3.0,-88,100,11,8,0,0,0,0,0,0.0,88,0.0,-88,KMDW,0.0,19,4,7,38,79.0,2.0,2,3,12,3,1,0,3,65,
2026-09-08 06:00:00,2026-09-08 12:00:00,NBS,66,58,150,6,0.0,,0.0,,1.0,1.0,4.0,,-88,100,40,6,0,0,0,0,0,0.0,130,0.0,120,KMDW,,4,16,7,4,,,1,2,38,1,1,2,1,63,1/1
2026-09-08 06:00:00,2026-09-08 15:00:00,NBS,75,60,190,5,,,,,,,,,-88,100,44,5,0,0,0,0,0,,130,,170,KMDW,,15,20,7,51,,,2,2,38,2,0,0,2,70,
2026-09-08 06:00:00,2026-09-08 18:00:00,NBS,83,61,210,6,1.0,,0.0,,,0.0,,,130,100,64,7,0,0,0,0,0,0.0,130,0.0,130,KMDW,,37,21,7,75,,,2,3,35,3,0,0,3,77,
2026-09-08 06:00:00,2026-09-08 21:00:00,NBS,85,61,170,8,,,,,,,,,-88,100,42,10,0,0,0,0,0,,140,,130,KMDW,,36,18,9,53,,,2,3,38,2,0,0,1,76,
2026-09-08 06:00:00,2026-09-09 00:00:00,NBS,83,62,180,8,2.0,1.0,0.0,0.0,,1.0,,2.0,-88,100,35,9,1,0,0,0,0,0.0,140,0.0,90,KMDW,0.0,8,19,10,10,86.0,2.0,2,3,34,4,0,0,2,74,
2026-09-08 06:00:00,2026-09-09 03:00:00,NBS,79,62,190,9,,,,,,,,,-88,100,39,11,2,0,0,0,0,,140,,250,KMDW,,5,19,9,0,,,2,3,24,3,1,0,2,71,
2026-09-08 06:00:00,2026-09-09 06:00:00,NBS,77,63,210,9,7.0,,0.0,,,6.0,,,110,100,75,12,5,0,0,0,5,0.0,140,0.0,110,KMDW,,5,23,10,0,,,2,3,24,3,1,0,2,71,
2026-09-08 06:00:00,2026-09-09 09:00:00,NBS,76,64,220,9,,,,,,,,,70,100,71,11,6,0,0,0,10,,140,,70,KMDW,,5,23,9,0,,,2,4,27,4,1,0,3,70,
2026-09-08 06:00:00,2026-09-09 12:00:00,NBS,75,66,240,9,24.0,10.0,0.0,0.0,,14.0,,14.0,70,100,83,10,8,0,0,0,23,0.0,140,0.0,60,KMDW,4.0,6,27,9,1,73.0,2.0,2,3,17,4,2,0,3,71,
2026-09-08 06:00:00,2026-09-09 15:00:00,NBS,78,68,240,10,,,,,,,,,22,100,93,13,10,0,0,0,51,,150,,22,KMDW,,12,24,12,16,,,3,3,8,4,11,1,3,74,
2026-09-08 06:00:00,2026-09-09 18:00:00,NBS,80,70,260,11,79.0,,8.0,,,18.0,,,45,100,94,15,8,0,0,0,30,0.0,140,0.0,38,KMDW,,20,26,12,18,,,4,2,6,4,2,1,3,76,
2026-09-08 06:00:00,2026-09-09 21:00:00,NBS,79,70,270,9,,,,,,,,,50,100,80,11,11,0,0,0,8,,120,,25,KMDW,,20,28,9,24,,,3,3,20,4,2,0,2,76,
2026-09-08 06:00:00,2026-09-10 00:00:00,NBS,78,69,280,7,34.0,84.0,3.0,11.0,,18.0,,22.0,-88,100,62,8,8,0,0,0,4,0.0,120,0.0,80,KMDW,3.0,7,30,7,6,83.0,3.0,3,4,35,4,1,0,3,74,
2026-09-08 06:00:00,2026-09-10 03:00:00,NBS,75,68,270,6,,,,,,,,,-88,100,59,7,5,0,0,0,7,,120,,70,KMDW,,4,28,6,0,,,2,4,39,3,4,2,2,72,
2026-09-08 06:00:00,2026-09-10 06:00:00,NBS,72,66,280,6,11.0,,0.0,,,7.0,,,-88,100,43,7,3,0,0,0,7,0.0,120,0.0,70,KMDW,,4,30,6,0,,,2,5,38,3,7,5,2,69,
2026-09-08 06:00:00,2026-09-10 09:00:00,NBS,70,63,320,7,,,,,,,,,120,100,70,7,1,0,0,0,6,,120,,120,KMDW,,4,32,7,0,,,2,4,28,2,9,6,2,66,
2026-09-08 06:00:00,2026-09-10 12:00:00,NBS,68,61,340,6,4.0,15.0,0.0,0.0,,4.0,,8.0,70,30,70,7,2,0,0,0,6,0.0,110,0.0,70,KMDW,0.0,7,34,6,3,68.0,2.0,2,4,33,2,20,19,2,66,
2026-09-08 06:00:00,2026-09-10 15:00:00,NBS,73,59,10,7,,,,,,,,,90,100,63,8,2,0,0,0,0,,91,,70,KMDW,,21,1,7,22,,,2,4,31,2,10,0,2,68,
2026-09-08 06:00:00,2026-09-10 18:00:00,NBS,77,57,10,7,0.0,,0.0,,,3.0,,,-88,100,41,8,1,0,0,0,0,0.0,86,0.0,60,KMDW,,46,36,9,34,,,2,4,32,3,6,0,3,73,
2026-09-08 06:00:00,2026-09-10 21:00:00,NBS,76,56,20,8,,,,,,,,,-88,100,28,9,2,0,0,0,0,,89,,60,KMDW,,44,0,8,40,,,3,4,30,3,5,0,2,69,
2026-09-08 06:00:00,2026-09-11 00:00:00,NBS,72,56,30,7,0.0,0.0,0.0,0.0,,4.0,,4.0,-88,100,19,8,0,0,0,0,0,0.0,88,0.0,270,KMDW,0.0,17,4,8,26,79.0,2.0,2,4,28,3,3,0,2,66,
2026-09-08 06:00:00,2026-09-11 03:00:00,NBS,69,56,50,5,,,,,,,,,-88,100,11,5,0,0,0,0,0,,87,,-88,KMDW,,5,6,6,0,,,2,4,7,2,0,0,2,63,
2026-09-08 06:00:00,2026-09-11 06:00:00,NBS,66,56,80,4,0.0,,0.0,,,1.0,,,-88,100,7,4,0,0,0,0,0,0.0,85,0.0,44,KMDW,,4,8,6,0,,,2,4,6,2,0,3,2,62,
2026-09-08 12:00:00,2026-09-08 18:00:00,NBS,83,62,200,6,1.0,,0.0,,1.0,0.0,,,130,100,67,7,0,0,0,0,0,0.0,140,0.0,130,KMDW,,33,20,6,74,,,2,2,24,3,0,0,2,76,1/0
2026-09-08 12:00:00,2026-09-08 21:00:00,NBS,86,62,180,8,,,,,,,,,-88,100,42,10,0,0,0,0,0,,140,,90,KMDW,,35,19,9,50,,,2,2,35,2,0,0,1,76,
2026-09-08 12:00:00,2026-09-09 00:00:00,NBS,83,62,180,8,1.0,1.0,0.0,0.0,,2.0,,3.0,-88,100,43,9,1,0,0,0,0,0.0,140,0.0,160,KMDW,0.0,8,18,11,8,86.0,2.0,2,3,36,3,0,0,2,73,
2026-09-08 12:00:00,2026-09-09 03:00:00,NBS,79,63,190,9,,,,,,,,,-88,100,45,12,3,0,0,0,1,,140,,250,KMDW,,4,19,10,0,,,2,3,30,3,0,0,2,71,
2026-09-08 12:00:00,2026-09-09 06:00:00,NBS,78,63,210,9,9.0,,0.0,,,8.0,,,130,100,76,12,6,0,0,0,11,0.0,140,0.0,110,KMDW,,4,23,9,0,,,2,3,22,3,0,0,2,71,
2026-09-08 12:00:00,2026-09-09 09:00:00,NBS,77,63,210,9,,,,,,,,,100,100,61,11,6,0,0,0,11,,140,,100,KMDW,,5,23,9,0,,,2,3,40,5,0,0,3,70,
2026-09-08 12:00:00,2026-09-09 12:00:00,NBS,75,66,220,9,18.0,17.0,0.0,0.0,,14.0,,14.0,70,100,74,10,9,0,0,0,23,0.0,140,0.0,60,KMDW,3.0,5,25,9,1,74.0,2.0,2,3,31,5,2,0,3,71,
2026-09-08 12:00:00,2026-09-09 15:00:00,NBS,77,69,240,10,,,,,,,,,60,100,91,13,11,0,0,0,35,,150,,60,KMDW,,13,25,11,12,,,3,3,13,4,3,0,3,74,
2026-09-08 12:00:00,2026-09-09 18:00:00,NBS,80,71,260,10,77.0,,8.0,,,17.0,,,60,100,96,15,9,0,0,0,25,0.0,130,0.0,43,KMDW,,19,26,12,33,,,4,2,6,4,3,0,3,77,
2026-09-08 12:00:00,2026-09-09 21:00:00,NBS,81,71,280,9,,,,,,,,,70,100,87,11,10,0,0,0,23,,120,,70,KMDW,,18,27,9,19,,,3,3,15,4,0,0,2,76,
2026-09-08 12:00:00,2026-09-10 00:00:00,NBS,79,69,280,7,17.0,77.0,1.0,9.0,,17.0,,22.0,-88,100,56,7,9,0,0,0,4,0.0,120,0.0,80,KMDW,5.0,7,29,7,4,83.0,3.0,2,4,33,3,0,0,3,74,
2026-09-08 12:00:00,2026-09-10 03:00:00,NBS,75,68,280,6,,,,,,,,,100,100,79,7,4,0,0,0,2,,120,,11,KMDW,,6,28,7,0,,,2,4,24,3,5,2,2,72,
2026-09-08 12:00:00,2026-09-10 06:00:00,NBS,72,66,280,6,10.0,,0.0,,,7.0,,,50,100,64,7,4,0,0,0,2,0.0,120,0.0,20,KMDW,,4,29,7,0,,,2,5,41,3,6,5,2,69,
2026-09-08 12:00:00,2026-09-10 09:00:00,NBS,70,63,310,7,,,,,,,,,48,90,76,7,4,0,0,0,1,,110,,48,KMDW,,4,32,7,0,,,2,5,32,2,9,7,2,67,
2026-09-08 12:00:00,2026-09-10 12:00:00,NBS,68,62,350,6,4.0,13.0,0.0,0.0,,9.0,,10.0,60,60,71,7,3,0,0,0,1,0.0,100,0.0,60,KMDW,0.0,5,35,7,3,68.0,2.0,2,4,37,2,16,13,2,66,
2026-09-08 12:00:00,2026-09-10 15:00:00,NBS,73,60,0,7,,,,,,,,,110,100,64,8,2,0,0,0,0,,91,,110,KMDW,,27,36,9,41,,,2,4,31,3,8,0,2,68,
2026-09-08 12:00:00,2026-09-10 18:00:00,NBS,76,58,10,7,1.0,,0.0,,,2.0,,,-88,100,44,8,1,0,0,0,0,0.0,85,0.0,240,KMDW,,47,34,9,58,,,2,4,34,3,6,0,2,73,
2026-09-08 12:00:00,2026-09-10 21:00:00,NBS,76,57,20,9,,,,,,,,,-88,100,34,9,1,0,0,0,0,,90,,-88,KMDW,,43,0,9,40,,,2,4,32,3,5,0,2,70,
2026-09-08 12:00:00,2026-09-11 00:00:00,NBS,72,56,40,8,0.0,1.0,0.0,0.0,,4.0,,4.0,-88,100,18,8,0,0,0,0,0,0.0,89,0.0,-88,KMDW,0.0,20,4,9,28,78.0,2.0,2,4,22,3,0,0,2,65,
2026-09-08 12:00:00,2026-09-11 03:00:00,NBS,68,56,50,5,,,,,,,,,-88,100,12,5,0,0,0,0,0,,89,,-88,KMDW,,5,7,6,0,,,2,3,16,2,0,0,2,63,
2026-09-08 12:00:00,2026-09-11 06:00:00,NBS,65,56,80,4,0.0,,0.0,,,1.0,,,-88,100,10,4,0,0,0,0,0,0.0,89,0.0,-88,KMDW,,4,7,5,0,,,2,3,11,2,0,3,2,62,
2026-09-08 12:00:00,2026-09-11 09:00:00,NBS,63,56,120,3,,,,,,,,,-88,100,9,4,0,0,0,0,0,,88,,-88,KMDW,,4,9,3,0,,,2,3,8,2,0,5,2,60,
2026-09-08 12:00:00,2026-09-11 12:00:00,NBS,62,56,150,3,0.0,0.0,0.0,0.0,,1.0,,1.0,-88,100,8,4,0,0,0,0,0,0.0,88,0.0,-88,KMDW,0.0,3,13,3,0,61.0,3.0,2,4,10,2,1,6,2,59,
2026-09-08 18:00:00,2026-09-09 00:00:00,NBS,82,61,180,8,2.0,,0.0,,1.0,3.0,1.0,,-88,100,33,9,2,0,0,0,0,0.0,140,0.0,180,KMDW,,8,19,10,8,,,2,3,36,4,0,0,2,72,1/3
2026-09-08 18:00:00,2026-09-09 03:00:00,NBS,79,61,190,10,,,,,,,,,-88,100,50,12,7,0,0,0,6,,140,,150,KMDW,,5,20,10,0,,,2,3,34,3,0,1,2,71,
2026-09-08 18:00:00,2026-09-09 06:00:00,NBS,78,62,230,10,7.0,,0.0,,,13.0,,,110,100,80,12,8,0,0,0,6,0.0,140,0.0,90,KMDW,,4,23,10,0,,,2,3,22,3,0,0,2,71,
2026-09-08 18:00:00,2026-09-09 09:00:00,NBS,77,63,220,9,,,,,,,,,80,100,78,11,12,0,0,0,22,,150,,80,KMDW,,5,23,9,0,,,2,4,23,4,1,0,3,70,
2026-09-08 18:00:00,2026-09-09 12:00:00,NBS,75,65,210,8,30.0,17.0,0.0,0.0,,22.0,,22.0,70,100,80,8,14,0,0,0,43,0.0,150,0.0,60,KMDW,2.0,5,25,8,1,74.0,2.0,2,4,25,4,2,0,3,71,
2026-09-08 18:00:00,2026-09-09 15:00:00,NBS,77,69,250,10,,,,,,,,,70,100,80,13,13,0,0,0,29,,140,,70,KMDW,,15,26,11,20,,,3,3,30,4,0,0,3,74,
2026-09-08 18:00:00,2026-09-09 18:00:00,NBS,80,70,250,10,58.0,,7.0,,,21.0,,,60,100,89,15,10,0,0,0,24,0.0,130,0.0,60,KMDW,,27,26,14,46,,,3,2,13,4,3,0,3,77,
2026-09-08 18:00:00,2026-09-09 21:00:00,NBS,80,70,270,9,,,,,,,,,60,100,70,10,9,0,0,0,7,,110,,60,KMDW,,24,27,10,32,,,3,3,30,4,0,0,2,77,
2026-09-08 18:00:00,2026-09-10 00:00:00,NBS,78,69,270,6,13.0,61.0,1.0,8.0,,15.0,,24.0,90,100,67,7,6,0,0,0,2,0.0,110,0.0,90,KMDW,2.0,9,27,7,5,83.0,3.0,2,4,43,3,0,0,2,74,
2026-09-08 18:00:00,2026-09-10 03:00:00,NBS,76,69,270,6,,,,,,,,,-88,100,52,6,3,0,0,0,1,,110,,120,KMDW,,4,28,6,0,,,2,4,38,3,3,4,2,72,
2026-09-08 18:00:00,2026-09-10 06:00:00,NBS,73,67,290,6,4.0,,0.0,,,6.0,,,70,60,57,6,4,0,0,0,1,0.0,110,0.0,37,KMDW,,5,32,7,0,,,2,5,27,2,7,8,2,70,
2026-09-08 18:00:00,2026-09-10 09:00:00,NBS,71,65,320,6,,,,,,,,,100,40,62,7,4,0,0,0,1,,110,,34,KMDW,,5,35,7,0,,,2,5,29,3,10,12,2,68,
2026-09-08 18:00:00,2026-09-10 12:00:00,NBS,69,63,350,6,14.0,16.0,1.0,1.0,,8.0,,9.0,-88,70,55,7,2,0,0,0,1,0.0,100,0.0,60,KMDW,0.0,6,36,7,3,68.0,2.0,2,3,32,2,11,13,2,66,
2026-09-08 18:00:00,2026-09-10 15:00:00,NBS,73,61,0,7,,,,,,,,,-88,100,85,8,2,0,0,0,0,,95,,60,KMDW,,24,0,9,36,,,2,4,8,3,6,0,2,69,
2026-09-08 18:00:00,2026-09-10 18:00:00,NBS,76,59,10,8,1.0,,0.0,,,3.0,,,-88,100,68,8,1,0,0,0,0,0.0,86,0.0,190,KMDW,,44,36,9,58,,,2,4,35,3,5,0,3,72,
2026-09-08 18:00:00,2026-09-10 21:00:00,NBS,75,58,20,9,,,,,,,,,-88,100,26,10,2,0,0,0,0,,86,,270,KMDW,,43,0,9,57,,,3,4,36,3,1,0,2,70,
2026-09-08 18:00:00,2026-09-11 00:00:00,NBS,71,55,40,8,0.0,1.0,0.0,0.0,,5.0,,5.0,-88,100,7,9,0,0,0,0,0,0.0,83,0.0,-88,KMDW,0.0,19,4,8,21,78.0,3.0,2,4,15,3,0,0,2,64,
2026-09-08 18:00:00,2026-09-11 03:00:00,NBS,68,56,60,5,,,,,,,,,-88,100,10,5,0,0,0,0,0,,86,,-88,KMDW,,7,6,6,0,,,2,3,15,2,0,0,2,63,
2026-09-08 18:00:00,2026-09-11 06:00:00,NBS,66,56,80,3,0.0,,0.0,,,1.0,,,-88,100,7,4,0,0,0,0,0,0.0,85,0.0,-88,KMDW,,4,7,6,0,,,2,3,11,2,0,4,2,62,
2026-09-08 18:00:00,2026-09-11 09:00:00,NBS,63,55,110,3,,,,,,,,,-88,100,3,3,0,0,0,0,0,,86,,-88,KMDW,,4,9,6,0,,,2,3,4,2,0,5,2,60,
2026-09-08 18:00:00,2026-09-11 12:00:00,NBS,62,56,160,3,0.0,0.0,0.0,0.0,,1.0,,1.0,-88,100,2,3,0,0,0,0,0,0.0,87,0.0,-88,KMDW,0.0,3,12,5,0,61.0,3.0,2,3,2,2,0,9,2,59,
2026-09-08 18:00:00,2026-09-11 15:00:00,NBS,72,53,140,6,,,,,,,,,-88,100,3,6,0,0,0,0,0,,90,,270,KMDW,,27,12,7,32,,,2,3,5,3,1,0,2,65,
2026-09-08 18:00:00,2026-09-11 18:00:00,NBS,77,53,120,7,0.0,,0.0,,,1.0,,,-88,100,9,7,0,0,0,0,0,0.0,92,0.0,-88,KMDW,,46,13,7,53,,,2,4,7,3,0,0,2,72,
2026-09-09 00:00:00,2026-09-09 06:00:00,NBS,78,62,220,9,12.0,,0.0,,1.0,16.0,,,110,100,92,12,10,0,0,0,13,0.0,140,0.0,100,KMDW,,4,24,11,0,,,2,3,8,4,0,0,2,71,1/16
2026-09-09 00:00:00,2026-09-09 09:00:00,NBS,77,63,200,9,,,,,,,,,110,100,86,11,8,0,0,0,18,,140,,100,KMDW,,5,23,11,0,,,2,4,10,5,0,0,3,71,
2026-09-09 00:00:00,2026-09-09 12:00:00,NBS,75,65,250,8,31.0,18.0,1.0,1.0,,21.0,,21.0,70,100,84,9,12,0,0,0,60,0.0,140,0.0,60,KMDW,3.0,6,27,9,1,74.0,2.0,2,3,25,4,1,3,3,71,
2026-09-09 00:00:00,2026-09-09 15:00:00,NBS,77,68,240,10,,,,,,,,,60,100,81,14,14,0,0,0,54,,150,,60,KMDW,,13,25,10,19,,,4,3,27,5,0,0,3,74,
2026-09-09 00:00:00,2026-09-09 18:00:00,NBS,80,70,260,10,59.0,,10.0,,,23.0,,,60,100,90,14,9,0,0,0,43,0.0,130,0.0,60,KMDW,,23,26,13,29,,,4,2,13,4,4,1,3,77,
2026-09-09 00:00:00,2026-09-09 21:00:00,NBS,80,70,270,9,,,,,,,,,45,100,75,10,10,0,0,0,6,,120,,45,KMDW,,27,28,10,31,,,3,2,25,4,0,0,2,76,
2026-09-09 00:00:00,2026-09-10 00:00:00,NBS,78,69,260,7,9.0,59.0,1.0,11.0,,15.0,,25.0,80,100,65,7,6,0,0,0,2,0.0,110,0.0,90,KMDW,4.0,7,27,7,7,83.0,3.0,3,3,40,3,3,1,2,74,
2026-09-09 00:00:00,2026-09-10 03:00:00,NBS,75,69,270,6,,,,,,,,,-88,100,54,6,3,0,0,0,1,,110,,140,KMDW,,5,28,6,0,,,2,4,28,3,1,4,2,72,
2026-09-09 00:00:00,2026-09-10 06:00:00,NBS,73,67,290,6,1.0,,0.0,,,4.0,,,-88,80,53,6,2,0,0,0,1,0.0,110,0.0,60,KMDW,,5,31,7,0,,,2,5,27,3,3,7,2,70,
2026-09-09 00:00:00,2026-09-10 09:00:00,NBS,71,65,330,6,,,,,,,,,-88,50,54,7,1,0,0,0,1,,110,,120,KMDW,,4,35,8,0,,,2,4,29,3,8,15,2,68,
2026-09-09 00:00:00,2026-09-10 12:00:00,NBS,70,63,340,6,4.0,5.0,0.0,0.0,,2.0,,4.0,-88,80,48,7,1,0,0,0,1,0.0,100,0.0,130,KMDW,0.0,5,36,6,3,68.0,2.0,2,4,32,2,9,11,2,67,
2026-09-09 00:00:00,2026-09-10 15:00:00,NBS,73,61,360,7,,,,,,,,,-88,100,69,8,1,0,0,0,0,,100,,70,KMDW,,25,0,8,46,,,2,4,20,3,4,0,2,69,
2026-09-09 00:00:00,2026-09-10 18:00:00,NBS,76,58,20,8,2.0,,0.0,,,1.0,,,-88,100,48,8,0,0,0,0,0,0.0,95,0.0,90,KMDW,,44,36,9,59,,,2,4,36,3,4,0,2,72,
2026-09-09 00:00:00,2026-09-10 21:00:00,NBS,75,56,40,9,,,,,,,,,-88,100,68,10,0,0,0,0,0,,93,,70,KMDW,,39,2,9,35,,,2,4,29,3,2,0,2,68,
2026-09-09 00:00:00,2026-09-11 00:00:00,NBS,71,56,60,8,0.0,2.0,0.0,0.0,,3.0,,3.0,-88,100,36,9,0,0,0,0,0,0.0,90,0.0,240,KMDW,0.0,16,6,8,10,78.0,2.0,2,3,40,3,0,0,2,64,
2026-09-09 00:00:00,2026-09-11 03:00:00,NBS,68,57,70,5,,,,,,,,,-88,100,13,5,0,0,0,0,0,,89,,-88,KMDW,,4,8,5,0,,,2,3,19,2,0,0,2,63,
2026-09-09 00:00:00,2026-09-11 06:00:00,NBS,66,56,110,3,0.0,,0.0,,,1.0,,,-88,100,8,4,0,0,0,0,0,0.0,88,0.0,-88,KMDW,,4,10,5,0,,,2,3,10,2,0,5,2,62,
2026-09-09 00:00:00,2026-09-11 09:00:00,NBS,63,56,140,2,,,,,,,,,-88,100,9,3,0,0,0,0,0,,84,,-88,KMDW,,4,13,6,0,,,2,3,10,2,0,6,2,60,
2026-09-09 00:00:00,2026-09-11 12:00:00,NBS,62,56,160,2,0.0,0.0,0.0,0.0,,1.0,,1.0,-88,100,7,3,0,0,0,0,0,0.0,86,0.0,-88,KMDW,0.0,4,15,5,0,61.0,3.0,2,3,11,2,1,8,2,59,
2026-09-09 00:00:00,2026-09-11 15:00:00,NBS,72,53,150,6,,,,,,,,,-88,100,5,6,0,0,0,0,0,,89,,-88,KMDW,,30,13,6,32,,,2,4,7,2,0,0,2,65,
2026-09-09 00:00:00,2026-09-11 18:00:00,NBS,77,52,140,7,0.0,,0.0,,,1.0,,,-88,100,12,7,0,0,0,0,0,0.0,90,0.0,-88,KMDW,,47,15,7,53,,,2,4,10,3,2,0,2,72,
2026-09-09 00:00:00,2026-09-11 21:00:00,NBS,79,52,140,8,,,,,,,,,-88,100,9,8,0,0,0,0,0,,93,,-88,KMDW,,45,18,8,70,,,3,4,9,3,0,0,2,70,
2026-09-09 00:00:00,2026-09-12 00:00:00,NBS,75,56,140,7,0.0,0.0,0.0,0.0,,1.0,,1.0,-88,100,14,8,0,0,0,0,0,0.0,94,0.0,-88,KMDW,0.0,7,14,7,47,81.0,3.0,3,4,13,3,0,0,2,67,
2026-09-09 06:00:00,2026-09-09 12:00:00,NBS,74,67,240,8,35.0,,2.0,,1.0,24.0,1.0,,80,100,90,9,11,0,0,0,71,0.0,150,0.0,70,KMDW,,6,26,9,2,,,2,3,10,5,1,0,3,71,1/24
2026-09-09 06:00:00,2026-09-09 15:00:00,NBS,76,69,240,10,,,,,,,,,35,70,89,15,13,0,0,0,89,,150,,35,KMDW,,12,26,10,18,,,2,2,9,4,16,5,3,73,
2026-09-09 06:00:00,2026-09-09 18:00:00,NBS,78,70,250,10,71.0,,12.0,,,20.0,,,18,80,90,15,9,0,0,0,28,0.0,130,0.0,18,KMDW,,20,25,10,31,,,3,1,9,4,16,4,2,76,
2026-09-09 06:00:00,2026-09-09 21:00:00,NBS,80,70,260,9,,,,,,,,,35,100,74,11,9,0,0,0,11,,120,,35,KMDW,,26,27,11,25,,,3,3,24,3,2,0,2,76,
2026-09-09 06:00:00,2026-09-10 00:00:00,NBS,78,69,260,6,7.0,71.0,1.0,13.0,,15.0,,24.0,-88,100,56,7,5,0,0,0,4,0.0,110,0.0,170,KMDW,5.0,6,27,7,5,82.0,2.0,2,3,35,3,2,1,2,74,
2026-09-09 06:00:00,2026-09-10 03:00:00,NBS,75,68,260,6,,,,,,,,,-88,100,43,7,2,0,0,0,0,,120,,120,KMDW,,4,27,7,0,,,2,4,30,3,2,1,2,72,
2026-09-09 06:00:00,2026-09-10 06:00:00,NBS,73,66,290,6,1.0,,0.0,,,2.0,,,-88,80,50,6,1,0,0,0,3,0.0,120,0.0,130,KMDW,,5,32,8,0,,,2,4,38,3,6,6,2,70,
2026-09-09 06:00:00,2026-09-10 09:00:00,NBS,71,64,330,6,,,,,,,,,-88,100,44,7,0,0,0,0,4,,120,,130,KMDW,,5,35,7,0,,,2,4,36,2,7,8,2,67,
2026-09-09 06:00:00,2026-09-10 12:00:00,NBS,69,62,340,6,2.0,2.0,0.0,0.0,,2.0,,2.0,130,100,75,6,0,0,0,0,0,0.0,110,0.0,100,KMDW,0.0,4,35,6,2,68.0,2.0,2,3,32,2,7,6,2,66,
2026-09-09 06:00:00,2026-09-10 15:00:00,NBS,72,60,10,7,,,,,,,,,250,100,84,7,1,0,0,0,0,,98,,210,KMDW,,18,1,7,32,,,2,4,22,2,1,0,2,67,
2026-09-09 06:00:00,2026-09-10 18:00:00,NBS,76,57,20,6,1.0,,0.0,,,1.0,,,-88,100,54,7,0,0,0,0,0,0.0,93,0.0,240,KMDW,,41,1,7,61,,,2,4,41,3,2,0,3,72,
2026-09-09 06:00:00,2026-09-10 21:00:00,NBS,76,55,40,7,,,,,,,,,-88,100,53,8,0,0,0,0,0,,87,,190,KMDW,,38,2,7,40,,,2,4,39,3,3,0,2,69,
2026-09-09 06:00:00,2026-09-11 00:00:00,NBS,71,56,60,7,0.0,2.0,0.0,0.0,,2.0,,2.0,-88,100,28,8,0,0,0,0,0,0.0,83,0.0,150,KMDW,0.0,14,6,7,7,78.0,2.0,2,3,28,2,0,0,2,65,
2026-09-09 06:00:00,2026-09-11 03:00:00,NBS,68,57,80,4,,,,,,,,,-88,100,8,4,0,0,0,0,0,,85,,-88,KMDW,,5,9,6,0,,,1,3,6,2,0,1,2,63,
2026-09-09 06:00:00,2026-09-11 06:00:00,NBS,66,56,120,4,0.0,,0.0,,,1.0,,,-88,100,3,4,0,0,0,0,0,0.0,85,0.0,-88,KMDW,,4,11,6,0,,,2,3,4,2,0,5,2,62,
2026-09-09 06:00:00,2026-09-11 09:00:00,NBS,63,56,150,3,,,,,,,,,-88,100,1,3,0,0,0,0,0,,84,,-88,KMDW,,4,11,5,0,,,2,3,2,2,0,7,2,60,
2026-09-09 06:00:00,2026-09-11 12:00:00,NBS,62,55,150,3,0.0,0.0,0.0,0.0,,1.0,,1.0,-88,100,2,3,0,0,0,0,0,0.0,86,0.0,-88,KMDW,0.0,3,12,4,3,61.0,2.0,2,3,4,2,1,8,2,59,
2026-09-09 06:00:00,2026-09-11 15:00:00,NBS,71,54,150,6,,,,,,,,,-88,100,4,6,0,0,0,0,0,,87,,-88,KMDW,,23,13,7,32,,,2,4,5,3,0,0,2,66,
2026-09-09 06:00:00,2026-09-11 18:00:00,NBS,77,53,140,7,0.0,,0.0,,,0.0,,,-88,100,9,7,0,0,0,0,0,0.0,88,0.0,-88,KMDW,,44,15,7,53,,,2,4,9,3,0,0,2,72,
2026-09-09 06:00:00,2026-09-11 21:00:00,NBS,79,53,140,7,,,,,,,,,-88,100,8,7,0,0,0,0,0,,91,,-88,KMDW,,45,17,7,70,,,3,4,9,3,0,0,2,70,
2026-09-09 06:00:00,2026-09-12 00:00:00,NBS,75,57,130,7,0.0,0.0,0.0,0.0,,1.0,,1.0,-88,100,11,7,0,0,0,0,0,0.0,95,0.0,35,KMDW,0.0,8,13,7,47,80.0,2.0,3,4,12,3,0,0,2,68,
2026-09-09 06:00:00,2026-09-12 03:00:00,NBS,72,59,150,9,,,,,,,,,-88,100,20,10,0,0,0,0,0,,97,,35,KMDW,,5,15,9,0,,,3,5,20,3,0,0,2,66,
2026-09-09 06:00:00,2026-09-12 06:00:00,NBS,69,60,170,8,0.0,,0.0,,,1.0,,,-88,100,20,9,0,0,0,0,1,0.0,100,0.0,-88,KMDW,,6,18,8,0,,,3,5,13,3,0,0,1,65,
2026-09-09 12:00:00,2026-09-09 18:00:00,NBS,78,71,250,10,88.0,,18.0,,1.0,26.0,,,27,100,86,14,13,0,0,0,23,0.0,130,0.0,27,KMDW,,19,26,12,49,,,3,2,14,4,10,2,2,76,1/26
2026-09-09 12:00:00,2026-09-09 21:00:00,NBS,80,71,270,9,,,,,,,,,35,100,66,11,12,0,0,0,8,,120,,35,KMDW,,26,27,11,30,,,3,3,33,3,0,0,2,77,
2026-09-09 12:00:00,2026-09-10 00:00:00,NBS,79,70,270,7,8.0,88.0,1.0,19.0,,21.0,,31.0,230,100,62,7,8,0,0,0,0,0.0,110,0.0,210,KMDW,5.0,6,27,7,5,82.0,2.0,2,3,36,3,0,0,2,75,
2026-09-09 12:00:00,2026-09-10 03:00:00,NBS,76,69,260,6,,,,,,,,,-88,100,45,7,2,0,0,0,0,,110,,110,KMDW,,4,26,7,0,,,2,4,36,3,0,0,2,72,
2026-09-09 12:00:00,2026-09-10 06:00:00,NBS,73,66,280,6,1.0,,0.0,,,4.0,,,150,100,64,7,2,0,0,0,0,0.0,110,0.0,130,KMDW,,4,30,7,0,,,2,4,29,3,7,5,2,70,
2026-09-09 12:00:00,2026-09-10 09:00:00,NBS,71,63,330,6,,,,,,,,,-88,100,52,7,1,0,0,0,0,,110,,100,KMDW,,4,35,7,0,,,2,4,38,2,7,6,2,67,
2026-09-09 12:00:00,2026-09-10 12:00:00,NBS,69,62,350,6,1.0,1.0,0.0,0.0,,3.0,,4.0,150,100,62,7,1,0,0,0,0,0.0,110,0.0,150,KMDW,0.0,4,0,6,3,68.0,2.0,2,3,38,2,11,7,2,65,
2026-09-09 12:00:00,2026-09-10 15:00:00,NBS,73,60,10,7,,,,,,,,,140,100,88,7,1,0,0,0,0,,100,,140,KMDW,,20,2,7,35,,,2,3,23,2,2,0,2,67,
2026-09-09 12:00:00,2026-09-10 18:00:00,NBS,76,57,30,6,1.0,,0.0,,,1.0,,,130,100,87,7,0,0,0,0,0,0.0,91,0.0,130,KMDW,,43,36,6,54,,,2,4,18,3,3,0,2,71,
2026-09-09 12:00:00,2026-09-10 21:00:00,NBS,75,56,50,8,,,,,,,,,-88,100,26,8,0,0,0,0,0,,86,,220,KMDW,,41,2,8,47,,,2,3,30,3,1,0,2,69,
2026-09-09 12:00:00,2026-09-11 00:00:00,NBS,72,56,60,7,0.0,1.0,0.0,0.0,,4.0,,4.0,-88,100,6,8,0,0,0,0,0,0.0,83,0.0,120,KMDW,0.0,11,6,7,9,78.0,2.0,2,3,13,2,0,0,2,66,
2026-09-09 12:00:00,2026-09-11 03:00:00,NBS,69,57,90,4,,,,,,,,,-88,100,8,5,0,0,0,0,0,,84,,26,KMDW,,5,9,5,0,,,2,3,6,2,0,1,2,64,
2026-09-09 12:00:00,2026-09-11 06:00:00,NBS,66,56,120,4,0.0,,0.0,,,1.0,,,-88,100,2,4,0,0,0,0,0,0.0,85,0.0,-88,KMDW,,4,11,6,0,,,2,3,3,2,0,6,2,61,
2026-09-09 12:00:00,2026-09-11 09:00:00,NBS,63,56,150,3,,,,,,,,,-88,100,3,3,0,0,0,0,0,,83,,-88,KMDW,,4,12,5,0,,,2,3,3,2,0,8,2,60,
2026-09-09 12:00:00,2026-09-11 12:00:00,NBS,62,56,150,2,0.0,0.0,0.0,0.0,,1.0,,1.0,-88,100,1,3,0,0,0,0,0,0.0,84,0.0,-88,KMDW,0.0,3,15,5,3,61.0,2.0,2,3,2,2,1,6,2,59,
2026-09-09 12:00:00,2026-09-11 15:00:00,NBS,71,55,150,6,,,,,,,,,-88,100,4,6,0,0,0,0,0,,85,,-88,KMDW,,27,13,8,46,,,2,4,5,2,0,0,2,66,
2026-09-09 12:00:00,2026-09-11 18:00:00,NBS,77,54,140,7,0.0,,0.0,,,1.0,,,-88,100,10,7,0,0,0,0,0,0.0,89,0.0,-88,KMDW,,53,15,7,68,,,2,4,10,3,0,0,2,72,
2026-09-09 12:00:00,2026-09-11 21:00:00,NBS,78,54,130,7,,,,,,,,,-88,100,13,7,0,0,0,0,0,,91,,-88,KMDW,,46,16,7,70,,,2,4,23,3,0,0,2,70,
2026-09-09 12:00:00,2026-09-12 00:00:00,NBS,75,57,120,6,0.0,0.0,0.0,0.0,,1.0,,1.0,-88,100,12,7,0,0,0,0,0,0.0,92,0.0,-88,KMDW,0.0,7,11,7,47,80.0,2.0,2,4,12,3,0,0,2,67,
2026-09-09 12:00:00,2026-09-12 03:00:00,NBS,71,58,140,8,,,,,,,,,-88,100,20,10,0,0,0,0,0,,95,,44,KMDW,,4,13,8,0,,,3,4,18,3,0,0,2,66,
2026-09-09 12:00:00,2026-09-12 06:00:00,NBS,68,59,170,8,0.0,,0.0,,,1.0,,,-88,100,19,8,0,0,0,0,0,0.0,98,0.0,37,KMDW,,4,17,8,0,,,3,5,11,3,0,0,2,65,
2026-09-09 12:00:00,2026-09-12 09:00:00,NBS,67,61,180,8,,,,,,,,,-88,100,30,9,0,0,0,0,2,,100,,27,KMDW,,5,18,8,0,,,3,4,34,3,0,4,2,64,
2026-09-09 12:00:00,2026-09-12 12:00:00,NBS,67,63,190,9,2.0,2.0,0.0,0.0,,1.0,,1.0,-88,80,32,9,1,0,0,0,7,0.0,100,0.0,170,KMDW,0.0,8,19,9,0,65.0,3.0,3,4,30,4,4,11,3,65,
2026-09-09 18:00:00,2026-09-10 00:00:00,NBS,79,71,260,6,12.0,,0.0,,3.0,17.0,1.0,,130,100,58,7,7,0,0,0,8,0.0,110,0.0,80,KMDW,,7,27,9,6,,,2,2,36,3,0,0,3,75,3/17
2026-09-09 18:00:00,2026-09-10 03:00:00,NBS,75,71,250,6,,,,,,,,,-88,100,47,7,2,0,0,0,0,,120,,80,KMDW,,4,27,8,0,,,2,2,29,3,0,0,2,73,
2026-09-09 18:00:00,2026-09-10 06:00:00,NBS,73,69,280,6,2.0,,0.0,,,3.0,,,130,100,73,7,2,0,0,0,0,0.0,120,0.0,100,KMDW,,5,30,8,0,,,2,3,33,3,1,6,2,71,
2026-09-09 18:00:00,2026-09-10 09:00:00,NBS,71,64,320,6,,,,,,,,,130,90,75,7,1,0,0,0,0,,120,,80,KMDW,,5,35,7,0,,,2,3,21,3,7,10,2,68,
2026-09-09 18:00:00,2026-09-10 12:00:00,NBS,69,62,320,6,1.0,2.0,0.0,0.0,,2.0,,3.0,280,100,80,7,1,0,0,0,0,0.0,120,0.0,190,KMDW,0.0,4,33,6,3,69.0,2.0,2,2,16,2,8,7,2,66,
2026-09-09 18:00:00,2026-09-10 15:00:00,NBS,73,61,10,6,,,,,,,,,260,100,78,7,1,0,0,0,0,,110,,200,KMDW,,15,0,6,34,,,2,3,21,2,1,0,2,69,
2026-09-09 18:00:00,2026-09-10 18:00:00,NBS,76,59,30,6,1.0,,0.0,,,2.0,,,210,100,84,7,1,0,0,0,0,0.0,94,0.0,190,KMDW,,39,35,6,58,,,2,3,16,3,0,0,3,71,
2026-09-09 18:00:00,2026-09-10 21:00:00,NBS,75,57,50,8,,,,,,,,,140,100,60,9,1,0,0,0,0,,88,,120,KMDW,,44,0,8,42,,,2,3,40,3,0,0,2,69,
2026-09-09 18:00:00,2026-09-11 00:00:00,NBS,72,57,80,7,0.0,1.0,0.0,0.0,,3.0,,3.0,-88,100,23,7,0,0,0,0,0,0.0,85,0.0,120,KMDW,0.0,11,8,7,9,78.0,2.0,2,3,19,2,0,0,2,66,
2026-09-09 18:00:00,2026-09-11 03:00:00,NBS,68,58,90,4,,,,,,,,,-88,100,14,5,0,0,0,0,0,,84,,46,KMDW,,5,9,6,0,,,1,3,9,2,0,1,2,64,
2026-09-09 18:00:00,2026-09-11 06:00:00,NBS,66,57,110,4,0.0,,0.0,,,1.0,,,-88,100,6,4,0,0,0,0,0,0.0,82,0.0,47,KMDW,,4,11,6,0,,,2,3,9,2,0,4,2,62,
2026-09-09 18:00:00,2026-09-11 09:00:00,NBS,63,57,140,3,,,,,,,,,-88,100,6,3,0,0,0,0,0,,81,,24,KMDW,,4,13,5,0,,,2,3,6,2,0,9,2,60,
2026-09-09 18:00:00,2026-09-11 12:00:00,NBS,62,57,160,3,0.0,0.0,0.0,0.0,,1.0,,1.0,-88,100,10,3,0,0,0,0,0,0.0,81,0.0,160,KMDW,0.0,2,15,5,3,61.0,3.0,2,3,9,2,1,10,2,60,
2026-09-09 18:00:00,2026-09-11 15:00:00,NBS,72,56,150,5,,,,,,,,,-88,100,2,5,0,0,0,0,0,,84,,-88,KMDW,,25,14,7,50,,,1,3,2,3,0,0,2,66,
2026-09-09 18:00:00,2026-09-11 18:00:00,NBS,77,54,140,7,0.0,,0.0,,,0.0,,,-88,100,6,7,0,0,0,0,0,0.0,86,0.0,50,KMDW,,52,18,7,72,,,2,3,4,3,0,0,2,73,
2026-09-09 18:00:00,2026-09-11 21:00:00,NBS,77,55,140,7,,,,,,,,,-88,100,14,7,0,0,0,0,0,,88,,44,KMDW,,52,17,7,60,,,2,4,21,3,0,0,2,69,
2026-09-09 18:00:00,2026-09-12 00:00:00,NBS,73,57,140,6,0.0,0.0,0.0,0.0,,0.0,,0.0,-88,100,11,7,0,0,0,0,0,0.0,94,0.0,37,KMDW,0.0,7,12,6,24,79.0,2.0,2,4,9,3,0,0,2,67,
2026-09-09 18:00:00,2026-09-12 03:00:00,NBS,70,59,150,8,,,,,,,,,-88,100,22,8,0,0,0,0,0,,94,,35,KMDW,,5,15,8,0,,,2,4,18,3,0,0,2,65,
2026-09-09 18:00:00,2026-09-12 06:00:00,NBS,67,59,170,7,0.0,,0.0,,,1.0,,,-88,100,32,8,0,0,0,0,0,0.0,95,0.0,19,KMDW,,5,18,8,0,,,2,5,26,3,0,0,2,63,
2026-09-09 18:00:00,2026-09-12 09:00:00,NBS,66,61,180,7,,,,,,,,,-88,100,47,7,0,0,0,0,1,,97,,12,KMDW,,4,19,8,0,,,2,5,35,3,0,0,2,64,
2026-09-09 18:00:00,2026-09-12 12:00:00,NBS,66,63,190,8,0.0,0.0,0.0,0.0,,1.0,,1.0,-88,100,49,8,0,0,0,0,3,0.0,100,0.0,150,KMDW,0.0,5,20,8,0,65.0,3.0,2,4,30,3,3,7,2,65,
2026-09-09 18:00:00,2026-09-12 15:00:00,NBS,75,66,220,9,,,,,,,,,-88,100,38,11,1,0,0,0,7,,110,,170,KMDW,,18,23,9,31,,,2,4,27,3,1,0,2,72,
2026-09-09 18:00:00,2026-09-12 18:00:00,NBS,81,67,230,10,9.0,,2.0,,,3.0,,,-88,100,58,14,2,0,0,0,6,0.0,110,0.0,220,KMDW,,42,23,12,51,,,3,4,30,5,2,0,3,78,
2026-09-10 00:00:00,2026-09-10 06:00:00,NBS,73,68,270,6,0.0,,0.0,,11.0,2.0,,,130,100,74,7,1,0,0,0,0,0.0,120,0.0,100,KMDW,,5,30,8,0,,,1,3,30,2,0,4,1,71,11/2
2026-09-10 00:00:00,2026-09-10 09:00:00,NBS,71,64,300,6,,,,,,,,,130,90,75,7,0,0,0,0,0,,120,,110,KMDW,,4,33,6,0,,,2,3,23,2,4,10,1,68,
2026-09-10 00:00:00,2026-09-10 12:00:00,NBS,69,61,340,6,1.0,0.0,0.0,0.0,,2.0,,2.0,260,100,82,6,1,0,0,0,3,0.0,120,0.0,200,KMDW,0.0,4,34,6,2,69.0,2.0,2,3,15,2,8,7,2,65,
2026-09-10 00:00:00,2026-09-10 15:00:00,NBS,73,60,10,6,,,,,,,,,240,100,73,6,1,0,0,0,3,,110,,200,KMDW,,14,1,6,37,,,2,3,23,2,0,0,2,69,
2026-09-10 00:00:00,2026-09-10 18:00:00,NBS,77,57,40,6,2.0,,0.0,,,1.0,,,220,100,76,6,1,0,0,0,0,0.0,96,0.0,220,KMDW,,40,1,6,64,,,2,3,18,3,2,0,3,71,
2026-09-10 00:00:00,2026-09-10 21:00:00,NBS,76,57,60,7,,,,,,,,,-88,100,53,8,2,0,0,0,0,,88,,170,KMDW,,42,2,7,50,,,2,3,31,3,0,0,2,70,
2026-09-10 00:00:00,2026-09-11 00:00:00,NBS,72,57,70,7,0.0,2.0,0.0,0.0,,4.0,,4.0,-88,100,22,7,1,0,0,0,0,0.0,85,0.0,210,KMDW,0.0,10,7,7,9,79.0,2.0,2,2,23,2,0,0,2,66,
2026-09-10 00:00:00,2026-09-11 03:00:00,NBS,69,58,80,4,,,,,,,,,-88,100,18,5,0,0,0,0,0,,83,,60,KMDW,,5,9,6,0,,,1,2,11,2,0,0,2,65,
2026-09-10 00:00:00,2026-09-11 06:00:00,NBS,66,58,100,4,0.0,,0.0,,,1.0,,,-88,100,8,4,0,0,0,0,0,0.0,82,0.0,50,KMDW,,4,10,5,0,,,2,3,9,2,0,4,2,62,
2026-09-10 00:00:00,2026-09-11 09:00:00,NBS,64,57,140,3,,,,,,,,,-88,100,10,3,0,0,0,0,0,,81,,270,KMDW,,4,13,5,0,,,2,2,22,2,0,7,2,61,
2026-09-10 00:00:00,2026-09-11 12:00:00,NBS,62,56,160,0,0.0,0.0,0.0,0.0,,1.0,,1.0,-88,100,16,2,0,0,0,0,0,0.0,82,0.0,-88,KMDW,0.0,3,13,4,3,62.0,2.0,2,3,21,2,0,7,2,60,
2026-09-10 00:00:00,2026-09-11 15:00:00,NBS,72,55,130,5,,,,,,,,,-88,100,2,5,0,0,0,0,0,,85,,-88,KMDW,,24,14,6,52,,,2,3,3,2,0,0,2,66,
2026-09-10 00:00:00,2026-09-11 18:00:00,NBS,77,53,130,7,0.0,,0.0,,,0.0,,,-88,100,8,7,0,0,0,0,0,0.0,86,0.0,-88,KMDW,,50,17,7,74,,,2,3,6,2,0,0,2,72,
2026-09-10 00:00:00,2026-09-11 21:00:00,NBS,77,54,140,7,,,,,,,,,-88,100,8,8,0,0,0,0,0,,88,,-88,KMDW,,49,19,7,58,,,2,4,10,2,0,0,1,70,
2026-09-10 00:00:00,2026-09-12 00:00:00,NBS,74,56,140,6,0.0,0.0,0.0,0.0,,0.0,,0.0,-88,100,11,7,0,0,0,0,0,0.0,91,0.0,-88,KMDW,0.0,5,14,6,16,79.0,2.0,3,4,18,3,0,0,2,67,
2026-09-10 00:00:00,2026-09-12 03:00:00,NBS,70,58,150,7,,,,,,,,,-88,100,20,8,0,0,0,0,0,,92,,44,KMDW,,4,15,7,0,,,2,4,21,3,0,0,2,65,
2026-09-10 00:00:00,2026-09-12 06:00:00,NBS,68,59,170,7,1.0,,0.0,,,1.0,,,-88,100,45,7,0,0,0,0,0,0.0,96,0.0,28,KMDW,,4,17,8,0,,,3,5,35,3,0,1,2,63,
2026-09-10 00:00:00,2026-09-12 09:00:00,NBS,66,61,190,6,,,,,,,,,-88,100,39,7,0,0,0,0,1,,99,,270,KMDW,,4,20,6,0,,,3,5,32,3,0,2,2,64,
2026-09-10 00:00:00,2026-09-12 12:00:00,NBS,66,62,200,7,1.0,2.0,0.0,0.0,,1.0,,1.0,-88,90,52,8,0,0,0,0,2,0.0,100,0.0,270,KMDW,0.0,5,21,7,0,65.0,3.0,3,4,33,3,8,10,3,64,
2026-09-10 00:00:00,2026-09-12 15:00:00,NBS,75,65,210,9,,,,,,,,,-88,100,37,11,1,0,0,0,3,,110,,220,KMDW,,25,23,9,31,,,2,4,32,4,3,0,2,72,
2026-09-10 00:00:00,2026-09-12 18:00:00,NBS,81,66,230,11,7.0,,2.0,,,3.0,,,-88,100,41,14,2,0,0,0,4,0.0,110,0.0,190,KMDW,,46,24,12,51,,,2,4,32,5,1,0,3,78,
2026-09-10 00:00:00,2026-09-12 21:00:00,NBS,82,66,250,10,,,,,,,,,-88,100,53,12,5,0,0,0,9,,110,,100,KMDW,,41,26,11,67,,,3,4,25,5,0,0,3,77,
2026-09-10 00:00:00,2026-09-13 00:00:00,NBS,79,66,260,7,5.0,12.0,0.0,2.0,,11.0,,11.0,-88,100,45,8,7,0,0,0,10,0.0,120,0.0,130,KMDW,1.0,13,26,7,45,84.0,3.0,3,4,34,3,0,0,2,73,
2026-09-10 06:00:00,2026-09-10 12:00:00,NBS,69,62,320,5,1.0,,0.0,,11.0,1.0,10.0,,130,100,80,5,1,0,0,0,0,0.0,120,0.0,120,KMDW,,4,34,6,2,,,1,3,12,2,1,4,2,65,11/1
2026-09-10 06:00:00,2026-09-10 15:00:00,NBS,73,60,10,5,,,,,,,,,280,100,75,6,1,0,0,0,0,,110,,210,KMDW,,16,36,5,47,,,2,3,17,2,2,0,2,67,
2026-09-10 06:00:00,2026-09-10 18:00:00,NBS,76,58,30,6,1.0,,0.0,,,1.0,,,250,100,70,6,1,0,0,0,0,0.0,100,0.0,250,KMDW,,40,35,6,66,,,2,4,37,3,0,0,3,71,
2026-09-10 06:00:00,2026-09-10 21:00:00,NBS,75,58,60,7,,,,,,,,,-88,100,34,7,1,0,0,0,0,,92,,140,KMDW,,37,3,7,50,,,2,3,38,3,0,0,2,70,
2026-09-10 06:00:00,2026-09-11 00:00:00,NBS,72,58,70,7,0.0,1.0,0.0,0.0,,3.0,,3.0,-88,100,20,7,1,0,0,0,0,0.0,86,0.0,120,KMDW,0.0,8,7,7,7,78.0,2.0,1,3,35,2,0,0,2,65,
2026-09-10 06:00:00,2026-09-11 03:00:00,NBS,69,59,80,4,,,,,,,,,-88,100,11,5,0,0,0,0,0,,84,,-88,KMDW,,4,9,6,0,,,1,2,10,2,0,1,2,65,
2026-09-10 06:00:00,2026-09-11 06:00:00,NBS,66,58,70,3,0.0,,0.0,,,1.0,,,-88,100,7,3,0,0,0,0,0,0.0,83,0.0,44,KMDW,,4,12,5,0,,,2,3,7,2,0,5,2,62,
2026-09-10 06:00:00,2026-09-11 09:00:00,NBS,64,58,140,1,,,,,,,,,-88,100,3,2,0,0,0,0,0,,82,,44,KMDW,,4,14,5,0,,,2,3,3,2,0,6,2,61,
2026-09-10 06:00:00,2026-09-11 12:00:00,NBS,62,57,140,0,0.0,0.0,0.0,0.0,,1.0,,1.0,-88,100,2,2,0,0,0,0,0,0.0,82,0.0,-88,KMDW,0.0,4,14,4,3,62.0,2.0,2,3,2,2,0,7,2,60,
2026-09-10 06:00:00,2026-09-11 15:00:00,NBS,72,55,140,4,,,,,,,,,-88,100,2,5,0,0,0,0,0,,83,,-88,KMDW,,23,15,6,52,,,2,4,5,2,0,0,2,66,
2026-09-10 06:00:00,2026-09-11 18:00:00,NBS,77,53,140,6,0.0,,0.0,,,0.0,,,-88,100,2,7,0,0,0,0,0,0.0,85,0.0,-88,KMDW,,46,16,7,74,,,2,4,3,2,0,0,2,71,
2026-09-10 06:00:00,2026-09-11 21:00:00,NBS,77,55,130,6,,,,,,,,,-88,100,4,7,0,0,0,0,3,,88,,20,KMDW,,49,18,6,55,,,2,4,4,3,1,0,2,70,
2026-09-10 06:00:00,2026-09-12 00:00:00,NBS,73,57,110,6,0.0,0.0,0.0,0.0,,1.0,,1.0,-88,100,10,7,0,0,0,0,3,0.0,89,0.0,-88,KMDW,0.0,7,14,6,12,79.0,2.0,2,4,14,3,0,0,2,66,
2026-09-10 06:00:00,2026-09-12 03:00:00,NBS,70,60,140,7,,,,,,,,,-88,100,23,7,0,0,0,0,5,,94,,12,KMDW,,4,16,7,0,,,2,4,24,3,0,0,2,66,
2026-09-10 06:00:00,2026-09-12 06:00:00,NBS,68,61,160,6,1.0,,0.0,,,1.0,,,-88,100,56,7,0,0,0,0,5,0.0,96,0.0,37,KMDW,,5,18,8,0,,,3,5,23,3,0,1,2,64,
2026-09-10 06:00:00,2026-09-12 09:00:00,NBS,67,62,190,6,,,,,,,,,-88,100,42,6,0,0,0,0,6,,100,,15,KMDW,,5,19,8,0,,,3,5,27,3,0,5,2,64,
2026-09-10 06:00:00,2026-09-12 12:00:00,NBS,66,63,200,6,1.0,2.0,0.0,0.0,,1.0,,1.0,-88,60,50,7,0,0,0,0,30,0.0,99,0.0,110,KMDW,0.0,6,22,8,0,65.0,3.0,3,4,28,3,6,11,2,65,
2026-09-10 06:00:00,2026-09-12 15:00:00,NBS,75,66,220,9,,,,,,,,,-88,100,60,10,1,0,0,0,11,,110,,180,KMDW,,22,23,10,31,,,2,4,30,3,2,0,2,72,
2026-09-10 06:00:00,2026-09-12 18:00:00,NBS,81,66,230,10,8.0,,1.0,,,3.0,,,-88,100,46,14,2,0,0,0,11,0.0,110,0.0,110,KMDW,,46,25,12,51,,,2,3,30,4,1,0,3,78,
2026-09-10 06:00:00,2026-09-12 21:00:00,NBS,81,67,250,10,,,,,,,,,-88,100,57,12,6,0,0,0,2,,120,,150,KMDW,,40,25,11,65,,,2,3,22,4,0,0,2,75,
2026-09-10 06:00:00,2026-09-13 00:00:00,NBS,78,67,260,7,4.0,12.0,0.0,1.0,,10.0,,10.0,-88,100,30,7,7,0,0,0,3,0.0,110,0.0,110,KMDW,0.0,12,26,7,44,83.0,2.0,2,4,23,3,0,0,2,73,
2026-09-10 06:00:00,2026-09-13 03:00:00,NBS,74,67,280,5,,,,,,,,,-88,100,41,6,6,0,0,0,3,,110,,31,KMDW,,5,26,7,0,,,2,5,29,3,2,2,2,70,
2026-09-10 06:00:00,2026-09-13 06:00:00,NBS,71,64,320,6,4.0,,0.0,,,11.0,,,-88,100,32,6,7,0,0,0,3,0.0,120,0.0,33,KMDW,,6,32,7,0,,,3,6,32,3,5,5,2,68,
2026-09-10 12:00:00,2026-09-10 18:00:00,NBS,76,59,50,5,1.0,,0.0,,9.0,1.0,,,130,100,86,6,1,0,0,0,0,0.0,100,0.0,130,KMDW,,40,36,5,62,,,2,4,26,2,0,0,3,70,9/1
2026-09-10 12:00:00,2026-09-10 21:00:00,NBS,75,58,60,7,,,,,,,,,170,100,58,8,2,0,0,0,0,,97,,140,KMDW,,33,4,7,44,,,2,3,37,3,0,0,2,69,
2026-09-10 12:00:00,2026-09-11 00:00:00,NBS,72,58,70,7,1.0,1.0,0.0,0.0,,3.0,,3.0,-88,100,31,7,2,0,0,0,0,0.0,88,0.0,90,KMDW,0.0,7,7,7,6,78.0,2.0,1,3,33,2,0,0,1,66,
2026-09-10 12:00:00,2026-09-11 03:00:00,NBS,69,59,70,4,,,,,,,,,-88,100,19,5,0,0,0,0,0,,85,,44,KMDW,,4,9,5,0,,,1,2,22,2,0,0,2,65,
2026-09-10 12:00:00,2026-09-11 06:00:00,NBS,66,59,110,3,0.0,,0.0,,,1.0,,,-88,100,7,3,0,0,0,0,0,0.0,84,0.0,-88,KMDW,,4,11,6,0,,,1,2,7,2,1,0,2,63,
2026-09-10 12:00:00,2026-09-11 09:00:00,NBS,64,58,120,0,,,,,,,,,-88,100,4,2,0,0,0,0,0,,83,,-88,KMDW,,4,12,4,0,,,2,2,4,2,0,3,2,61,
2026-09-10 12:00:00,2026-09-11 12:00:00,NBS,63,58,130,0,0.0,0.0,0.0,0.0,,1.0,,1.0,-88,100,5,2,0,0,0,0,0,0.0,83,0.0,-88,KMDW,0.0,4,12,4,3,62.0,2.0,2,2,7,2,0,4,2,62,
2026-09-10 12:00:00,2026-09-11 15:00:00,NBS,72,56,140,5,,,,,,,,,-88,100,17,5,0,0,0,0,0,,84,,-88,KMDW,,19,15,7,52,,,1,4,26,2,0,0,2,67,
2026-09-10 12:00:00,2026-09-11 18:00:00,NBS,77,54,140,6,0.0,,0.0,,,0.0,,,-88,100,25,7,0,0,0,0,0,0.0,85,0.0,-88,KMDW,,46,16,6,75,,,2,4,35,2,0,0,2,72,
2026-09-10 12:00:00,2026-09-11 21:00:00,NBS,78,56,130,6,,,,,,,,,-88,100,28,7,0,0,0,0,0,,88,,60,KMDW,,49,18,6,57,,,2,4,36,2,0,0,2,70,
2026-09-10 12:00:00,2026-09-12 00:00:00,NBS,74,58,120,6,0.0,0.0,0.0,0.0,,1.0,,1.0,-88,100,20,7,0,0,0,0,0,0.0,89,0.0,110,KMDW,0.0,5,13,6,12,79.0,2.0,3,4,23,2,0,0,2,68,
2026-09-10 12:00:00,2026-09-12 03:00:00,NBS,71,61,140,6,,,,,,,,,-88,100,36,7,0,0,0,0,0,,89,,36,KMDW,,4,14,8,0,,,2,4,31,3,0,0,2,66,
2026-09-10 12:00:00,2026-09-12 06:00:00,NBS,69,62,170,7,0.0,,0.0,,,1.0,,,-88,100,59,7,0,0,0,0,0,0.0,90,0.0,22,KMDW,,4,17,9,0,,,2,4,40,3,0,2,2,65,
2026-09-10 12:00:00,2026-09-12 09:00:00,NBS,68,64,190,6,,,,,,,,,-88,100,31,7,2,0,0,0,0,,94,,70,KMDW,,4,20,9,0,,,3,4,27,3,0,4,2,66,
2026-09-10 12:00:00,2026-09-12 12:00:00,NBS,67,65,210,7,9.0,9.0,0.0,0.0,,4.0,,4.0,-88,80,61,7,1,0,0,0,0,0.0,94,0.0,160,KMDW,0.0,5,23,7,2,66.0,3.0,3,4,35,3,0,9,2,66,
2026-09-10 12:00:00,2026-09-12 15:00:00,NBS,75,67,210,9,,,,,,,,,-88,100,58,11,1,0,0,0,0,,110,,110,KMDW,,22,23,11,42,,,2,3,25,3,0,0,2,72,
2026-09-10 12:00:00,2026-09-12 18:00:00,NBS,81,67,240,11,8.0,,1.0,,,4.0,,,-88,100,55,15,2,0,0,0,0,0.0,120,0.0,90,KMDW,,42,25,12,48,,,2,2,32,4,1,0,2,78,
2026-09-10 12:00:00,2026-09-12 21:00:00,NBS,82,68,260,10,,,,,,,,,-88,100,58,12,7,0,0,0,2,,110,,120,KMDW,,40,26,11,65,,,3,3,29,4,0,0,2,77,
2026-09-10 12:00:00,2026-09-13 00:00:00,NBS,79,68,260,8,4.0,10.0,0.0,1.0,,12.0,,12.0,-88,100,37,8,8,0,0,0,2,0.0,110,0.0,100,KMDW,0.0,7,26,8,43,84.0,2.0,2,3,31,3,0,0,2,74,
2026-09-10 12:00:00,2026-09-13 03:00:00,NBS,75,67,280,6,,,,,,,,,-88,100,49,6,7,0,0,0,5,,120,,90,KMDW,,4,26,6,0,,,3,5,27,3,3,2,2,72,
2026-09-10 12:00:00,2026-09-13 06:00:00,NBS,71,64,330,6,5.0,,0.0,,,15.0,,,-88,100,48,7,9,0,0,0,5,0.0,120,0.0,80,KMDW,,6,32,7,0,,,3,7,32,3,5,3,2,67,
2026-09-10 12:00:00,2026-09-13 09:00:00,NBS,68,61,340,7,,,,,,,,,-88,90,28,8,5,0,0,0,3,,120,,170,KMDW,,8,32,7,0,,,3,6,24,3,7,8,2,64,
2026-09-10 12:00:00,2026-09-13 12:00:00,NBS,66,59,360,7,7.0,9.0,0.0,0.0,,9.0,,15.0,-88,50,34,8,4,0,0,0,4,0.0,120,0.0,140,KMDW,0.0,8,1,7,0,66.0,4.0,3,6,23,3,6,12,2,64,
2026-09-10 18:00:00,2026-09-11 00:00:00,NBS,71,58,60,7,1.0,,0.0,,4.0,3.0,12.0,,-88,100,36,8,2,0,0,0,0,0.0,91,0.0,110,KMDW,,8,7,7,5,,,1,3,34,2,0,0,1,65,4/3
2026-09-10 18:00:00,2026-09-11 03:00:00,NBS,69,59,70,5,,,,,,,,,-88,100,9,6,0,0,0,0,0,,85,,50,KMDW,,5,7,6,0,,,1,2,8,2,0,0,2,65,
2026-09-10 18:00:00,2026-09-11 06:00:00,NBS,66,59,60,4,0.0,,0.0,,,1.0,,,-88,100,5,4,0,0,0,0,0,0.0,82,0.0,-88,KMDW,,4,8,6,0,,,1,2,7,2,0,5,2,63,
2026-09-10 18:00:00,2026-09-11 09:00:00,NBS,64,58,90,2,,,,,,,,,-88,100,5,2,0,0,0,0,0,,81,,-88,KMDW,,4,9,5,0,,,2,2,6,2,4,8,2,61,
2026-09-10 18:00:00,2026-09-11 12:00:00,NBS,63,58,70,0,0.0,0.0,0.0,0.0,,1.0,,1.0,-88,100,6,2,0,0,0,0,0,0.0,82,0.0,-88,KMDW,0.0,4,9,4,3,62.0,2.0,2,3,6,2,0,5,2,61,
2026-09-10 18:00:00,2026-09-11 15:00:00,NBS,72,56,110,5,,,,,,,,,-88,100,5,6,0,0,0,0,0,,83,,-88,KMDW,,23,11,5,53,,,1,4,7,2,0,0,2,67,
2026-09-10 18:00:00,2026-09-11 18:00:00,NBS,78,55,100,6,0.0,,0.0,,,0.0,,,-88,100,7,6,0,0,0,0,0,0.0,84,0.0,36,KMDW,,45,15,6,75,,,2,4,7,2,0,0,2,72,
2026-09-10 18:00:00,2026-09-11 21:00:00,NBS,79,56,100,6,,,,,,,,,-88,100,15,7,0,0,0,0,0,,86,,60,KMDW,,43,16,6,56,,,2,4,29,3,0,0,2,71,
2026-09-10 18:00:00,2026-09-12 00:00:00,NBS,74,59,100,7,0.0,0.0,0.0,0.0,,1.0,,1.0,-88,100,4,7,0,0,0,0,0,0.0,88,0.0,50,KMDW,0.0,6,11,7,12,80.0,2.0,2,4,5,2,0,0,2,67,
2026-09-10 18:00:00,2026-09-12 03:00:00,NBS,71,62,130,7,,,,,,,,,-88,100,14,7,0,0,0,0,0,,91,,35,KMDW,,5,15,7,0,,,2,4,10,3,0,0,2,67,
2026-09-10 18:00:00,2026-09-12 06:00:00,NBS,69,63,160,7,0.0,,0.0,,,0.0,,,-88,100,30,7,0,0,0,0,0,0.0,92,0.0,110,KMDW,,5,17,8,0,,,2,4,32,3,0,0,2,66,
2026-09-10 18:00:00,2026-09-12 09:00:00,NBS,68,65,180,7,,,,,,,,,-88,100,59,7,0,0,0,0,0,,92,,18,KMDW,,5,19,7,0,,,3,4,28,3,1,7,2,67,
2026-09-10 18:00:00,2026-09-12 12:00:00,NBS,68,66,190,7,2.0,3.0,0.0,0.0,,0.0,,1.0,-88,80,36,8,0,0,0,0,0,0.0,97,0.0,80,KMDW,0.0,5,20,7,3,67.0,3.0,2,3,35,3,4,13,2,67,
2026-09-10 18:00:00,2026-09-12 15:00:00,NBS,76,68,220,9,,,,,,,,,-88,100,38,11,0,0,0,0,0,,110,,80,KMDW,,21,24,10,45,,,2,2,34,4,0,0,3,73,
2026-09-10 18:00:00,2026-09-12 18:00:00,NBS,82,67,240,11,3.0,,0.0,,,2.0,,,-88,100,40,15,2,0,0,0,0,0.0,120,0.0,90,KMDW,,40,25,12,64,,,2,2,42,4,1,0,3,79,
2026-09-10 18:00:00,2026-09-12 21:00:00,NBS,83,68,260,10,,,,,,,,,-88,100,48,13,7,0,0,0,0,,120,,170,KMDW,,39,26,11,52,,,3,2,39,4,0,0,2,78,
2026-09-10 18:00:00,2026-09-13 00:00:00,NBS,79,68,260,7,3.0,5.0,0.0,0.0,,10.0,,10.0,-88,100,38,8,6,0,0,0,1,0.0,110,0.0,60,KMDW,0.0,12,27,7,22,84.0,2.0,2,3,32,3,0,0,2,73,
2026-09-10 18:00:00,2026-09-13 03:00:00,NBS,74,66,290,6,,,,,,,,,-88,100,52,7,4,0,0,0,2,,120,,100,KMDW,,5,28,6,0,,,3,5,32,3,3,1,2,71,
2026-09-10 18:00:00,2026-09-13 06:00:00,NBS,70,63,330,7,3.0,,0.0,,,12.0,,,-88,100,46,7,8,0,0,0,2,0.0,120,0.0,90,KMDW,,7,32,7,0,,,3,7,33,3,5,4,2,66,
2026-09-10 18:00:00,2026-09-13 09:00:00,NBS,67,61,340,7,,,,,,,,,-88,100,34,8,7,0,0,0,4,,120,,31,KMDW,,6,34,7,0,,,4,7,26,3,7,3,2,64,
2026-09-10 18:00:00,2026-09-13 12:00:00,NBS,65,59,360,7,2.0,5.0,0.0,0.0,,12.0,,12.0,-88,100,47,8,4,0,0,0,5,0.0,120,0.0,90,KMDW,0.0,7,1,7,0,65.0,4.0,4,6,19,3,8,9,2,63,
2026-09-10 18:00:00,2026-09-13 15:00:00,NBS,72,59,10,8,,,,,,,,,-88,100,43,8,3,0,0,0,7,,120,,60,KMDW,,23,36,8,29,,,3,6,16,3,3,0,3,67,
2026-09-10 18:00:00,2026-09-13 18:00:00,NBS,76,58,0,7,7.0,,0.0,,,4.0,,,100,100,62,8,2,0,0,0,7,0.0,120,0.0,50,KMDW,,41,35,8,48,,,4,7,18,4,3,0,3,71,
2026-09-11 00:00:00,2026-09-11 06:00:00,NBS,66,58,90,4,0.0,,0.0,,5.0,1.0,,,-88,100,6,4,0,0,0,0,0,0.0,85,0.0,-88,KMDW,,4,11,6,0,,,1,2,7,2,0,3,2,62,5/1
2026-09-11 00:00:00,2026-09-11 09:00:00,NBS,64,57,110,3,,,,,,,,,-88,100,10,3,0,0,0,0,0,,83,,60,KMDW,,4,11,5,0,,,1,2,10,2,0,6,2,61,
2026-09-11 00:00:00,2026-09-11 12:00:00,NBS,63,56,120,0,0.0,0.0,0.0,0.0,,1.0,,1.0,-88,100,8,2,0,0,0,0,0,0.0,82,0.0,38,KMDW,0.0,4,12,5,3,62.0,2.0,2,3,16,2,1,4,2,61,
2026-09-11 00:00:00,2026-09-11 15:00:00,NBS,72,55,130,5,,,,,,,,,-88,100,19,5,0,0,0,0,0,,83,,47,KMDW,,19,13,5,48,,,1,4,25,2,0,0,2,67,
2026-09-11 00:00:00,2026-09-11 18:00:00,NBS,77,54,120,5,0.0,,0.0,,,0.0,,,-88,100,12,6,0,0,0,0,0,0.0,84,0.0,42,KMDW,,47,15,6,73,,,2,3,14,2,0,0,2,72,
2026-09-11 00:00:00,2026-09-11 21:00:00,NBS,78,55,110,6,,,,,,,,,-88,100,11,6,0,0,0,0,0,,86,,49,KMDW,,46,16,8,55,,,2,3,15,3,0,0,2,71,
2026-09-11 00:00:00,2026-09-12 00:00:00,NBS,73,58,110,7,0.0,0.0,0.0,0.0,,1.0,,1.0,-88,100,20,7,0,0,0,0,0,0.0,88,0.0,60,KMDW,0.0,6,12,7,12,79.0,2.0,2,3,19,2,0,0,1,67,
2026-09-11 00:00:00,2026-09-12 03:00:00,NBS,71,61,150,7,,,,,,,,,-88,100,19,7,0,0,0,0,0,,89,,200,KMDW,,4,17,7,0,,,2,3,27,3,0,0,2,66,
2026-09-11 00:00:00,2026-09-12 06:00:00,NBS,69,62,170,7,0.0,,0.0,,,0.0,,,-88,100,38,7,0,0,0,0,0,0.0,88,0.0,110,KMDW,,5,18,8,0,,,2,4,39,3,0,0,2,65,
2026-09-11 00:00:00,2026-09-12 09:00:00,NBS,68,63,190,6,,,,,,,,,-88,100,53,7,0,0,0,0,0,,88,,70,KMDW,,5,19,8,0,,,2,4,31,2,0,6,2,65,
2026-09-11 00:00:00,2026-09-12 12:00:00,NBS,67,64,190,7,0.0,0.0,0.0,0.0,,0.0,,0.0,-88,70,49,8,0,0,0,0,1,0.0,94,0.0,60,KMDW,0.0,4,20,7,2,66.0,2.0,2,3,36,3,3,12,2,66,
2026-09-11 00:00:00,2026-09-12 15:00:00,NBS,76,67,210,9,,,,,,,,,-88,100,43,12,0,0,0,0,1,,100,,22,KMDW,,24,24,10,44,,,2,2,31,4,0,0,3,73,
2026-09-11 00:00:00,2026-09-12 18:00:00,NBS,82,66,230,11,1.0,,0.0,,,1.0,,,-88,100,30,16,1,0,0,0,1,0.0,120,0.0,48,KMDW,,42,25,12,65,,,2,3,18,3,2,0,2,78,
2026-09-11 00:00:00,2026-09-12 21:00:00,NBS,82,66,250,10,,,,,,,,,-88,100,27,13,4,0,0,0,1,,120,,27,KMDW,,49,26,12,48,,,3,3,31,3,0,0,2,77,
2026-09-11 00:00:00,2026-09-13 00:00:00,NBS,78,67,270,7,1.0,2.0,0.0,0.0,,7.0,,7.0,-88,100,25,8,5,0,0,0,2,0.0,110,0.0,38,KMDW,0.0,15,27,8,15,84.0,2.0,2,3,30,3,1,0,2,73,
2026-09-11 00:00:00,2026-09-13 03:00:00,NBS,74,67,280,6,,,,,,,,,-88,100,56,6,5,0,0,0,2,,120,,26,KMDW,,7,30,7,0,,,2,4,28,3,3,1,2,71,
2026-09-11 00:00:00,2026-09-13 06:00:00,NBS,70,63,340,6,5.0,,0.0,,,12.0,,,-88,100,54,7,8,0,0,0,2,0.0,120,0.0,25,KMDW,,9,35,8,0,,,3,5,28,3,6,5,2,67,
2026-09-11 00:00:00,2026-09-13 09:00:00,NBS,67,59,340,7,,,,,,,,,-88,100,33,8,7,0,0,0,4,,120,,42,KMDW,,7,34,8,0,,,3,6,21,3,6,4,2,63,
2026-09-11 00:00:00,2026-09-13 12:00:00,NBS,65,57,350,8,6.0,8.0,0.0,0.0,,11.0,,14.0,-88,100,39,8,4,0,0,0,4,0.0,110,0.0,70,KMDW,0.0,7,35,8,0,65.0,3.0,3,5,31,3,3,10,2,62,
2026-09-11 00:00:00,2026-09-13 15:00:00,NBS,72,58,0,8,,,,,,,,,-88,100,48,8,2,0,0,0,4,,120,,50,KMDW,,21,1,8,24,,,3,6,32,3,2,0,3,67,
2026-09-11 00:00:00,2026-09-13 18:00:00,NBS,75,57,10,8,6.0,,0.0,,,3.0,,,100,100,61,8,2,0,0,0,4,0.0,120,0.0,50,KMDW,,43,35,9,46,,,4,6,27,4,2,0,3,70,
2026-09-11 00:00:00,2026-09-13 21:00:00,NBS,73,55,20,10,,,,,,,,,-88,100,51,10,3,0,0,0,10,,120,,70,KMDW,,32,2,10,49,,,5,7,22,5,2,0,3,68,
2026-09-11 00:00:00,2026-09-14 00:00:00,NBS,69,55,30,10,6.0,9.0,0.0,0.0,,5.0,,6.0,-88,100,57,11,3,0,0,0,11,0.0,120,0.0,80,KMDW,0.0,23,3,10,33,77.0,4.0,4,7,30,4,2,0,2,63,
2026-09-11 06:00:00,2026-09-11 12:00:00,NBS,63,55,140,1,0.0,,0.0,,12.0,1.0,6.0,,-88,100,8,3,0,0,0,0,0,0.0,84,0.0,50,KMDW,,4,13,5,3,,,2,2,9,2,0,1,2,60,12/1
2026-09-11 06:00:00,2026-09-11 15:00:00,NBS,72,54,140,4,,,,,,,,,-88,100,18,5,0,0,0,0,0,,85,,50,KMDW,,17,14,6,39,,,1,3,27,2,0,0,2,66,
2026-09-11 06:00:00,2026-09-11 18:00:00,NBS,78,54,140,5,0.0,,0.0,,,0.0,,,-88,100,19,6,0,0,0,0,0,0.0,85,0.0,44,KMDW,,47,16,7,62,,,1,3,16,2,1,0,2,73,
2026-09-11 06:00:00,2026-09-11 21:00:00,NBS,79,57,130,6,,,,,,,,,-88,100,12,7,0,0,0,0,0,,88,,60,KMDW,,50,16,8,49,,,2,3,14,2,0,0,1,71,
2026-09-11 06:00:00,2026-09-12 00:00:00,NBS,74,59,120,7,0.0,0.0,0.0,0.0,,1.0,,1.0,-88,100,14,7,0,0,0,0,0,0.0,91,0.0,43,KMDW,0.0,6,11,7,9,80.0,2.0,2,3,13,2,0,0,1,68,
2026-09-11 06:00:00,2026-09-12 03:00:00,NBS,72,63,150,7,,,,,,,,,-88,100,21,7,0,0,0,0,0,,91,,120,KMDW,,4,17,7,0,,,2,3,23,2,0,0,1,68,
2026-09-11 06:00:00,2026-09-12 06:00:00,NBS,70,63,160,6,0.0,,0.0,,,0.0,,,-88,100,21,7,0,0,0,0,0,0.0,92,0.0,200,KMDW,,4,18,9,0,,,2,3,23,3,0,0,2,67,
2026-09-11 06:00:00,2026-09-12 09:00:00,NBS,68,64,170,6,,,,,,,,,-88,100,26,7,0,0,0,0,0,,95,,48,KMDW,,4,19,8,0,,,2,3,34,2,0,0,2,67,
2026-09-11 06:00:00,2026-09-12 12:00:00,NBS,68,65,200,6,4.0,1.0,0.0,0.0,,0.0,,0.0,-88,70,32,7,0,0,0,0,16,0.0,96,0.0,100,KMDW,1.0,4,21,7,2,67.0,2.0,2,3,35,2,8,10,2,67,
2026-09-11 06:00:00,2026-09-12 15:00:00,NBS,77,68,220,8,,,,,,,,,-88,100,32,10,1,0,0,0,0,,100,,230,KMDW,,22,24,10,45,,,1,2,30,3,0,0,2,74,
2026-09-11 06:00:00,2026-09-12 18:00:00,NBS,84,65,240,11,2.0,,0.0,,,1.0,,,-88,100,20,15,1,0,0,0,0,0.0,120,0.0,80,KMDW,,42,25,13,67,,,1,2,26,3,0,0,2,80,
2026-09-11 06:00:00,2026-09-12 21:00:00,NBS,85,66,260,11,,,,,,,,,-88,100,26,14,6,0,0,0,0,,120,,23,KMDW,,48,26,12,40,,,2,2,22,3,0,0,2,78,
2026-09-11 06:00:00,2026-09-13 00:00:00,NBS,81,67,290,8,2.0,2.0,0.0,0.0,,7.0,,7.0,-88,100,24,9,6,0,0,0,0,0.0,110,0.0,18,KMDW,0.0,16,29,8,10,85.0,2.0,2,2,29,3,0,0,2,74,
2026-09-11 06:00:00,2026-09-13 03:00:00,NBS,76,67,300,6,,,,,,,,,-88,100,71,7,5,0,0,0,6,,120,,16,KMDW,,7,33,7,0,,,2,4,29,3,2,0,2,72,
2026-09-11 06:00:00,2026-09-13 06:00:00,NBS,72,63,330,7,2.0,,0.0,,,7.0,,,-88,100,21,7,5,0,0,0,1,0.0,120,0.0,110,KMDW,,9,35,8,0,,,2,6,26,3,5,2,2,68,
2026-09-11 06:00:00,2026-09-13 09:00:00,NBS,68,57,350,7,,,,,,,,,-88,100,18,8,2,0,0,0,6,,120,,90,KMDW,,6,35,8,0,,,2,6,21,2,5,1,2,64,
2026-09-11 06:00:00,2026-09-13 12:00:00,NBS,65,56,340,7,2.0,5.0,0.0,0.0,,4.0,,7.0,-88,100,37,8,2,0,0,0,12,0.0,120,0.0,70,KMDW,0.0,7,34,7,2,65.0,4.0,2,5,30,3,5,8,2,62,
2026-09-11 06:00:00,2026-09-13 15:00:00,NBS,72,57,360,7,,,,,,,,,-88,100,45,7,1,0,0,0,3,,120,,90,KMDW,,21,35,7,29,,,3,5,33,3,3,0,3,67,
2026-09-11 06:00:00,2026-09-13 18:00:00,NBS,76,56,0,6,5.0,,0.0,,,2.0,,,-88,100,57,7,1,0,0,0,3,0.0,120,0.0,110,KMDW,,42,34,9,48,,,3,6,28,4,2,0,4,70,
2026-09-11 06:00:00,2026-09-13 21:00:00,NBS,73,55,20,9,,,,,,,,,90,100,76,10,1,0,0,0,11,,120,,70,KMDW,,38,1,10,60,,,4,6,20,3,2,0,2,67,
2026-09-11 06:00:00,2026-09-14 00:00:00,NBS,69,55,30,10,6.0,10.0,0.0,0.0,,6.0,,6.0,-88,100,68,11,3,0,0,0,13,0.0,130,0.0,90,KMDW,0.0,19,3,10,37,77.0,4.0,4,6,20,4,0,0,3,63,
2026-09-11 06:00:00,2026-09-14 03:00:00,NBS,67,56,20,10,,,,,,,,,-88,100,51,11,3,0,0,0,14,,130,,170,KMDW,,21,2,10,0,,,4,6,31,4,0,0,3,62,
2026-09-11 06:00:00,2026-09-14 06:00:00,NBS,65,57,40,9,17.0,,2.0,,,12.0,,,-88,100,49,9,6,0,0,0,15,0.0,130,0.0,70,KMDW,,12,4,9,0,,,5,7,36,4,0,2,3,62,
2026-09-11 12:00:00,2026-09-11 18:00:00,NBS,78,55,140,6,0.0,,0.0,,1.0,0.0,,,-88,100,10,7,0,0,0,0,0,0.0,85,0.0,48,KMDW,,53,16,8,76,,,1,3,8,2,0,0,1,73,1/0
2026-09-11 12:00:00,2026-09-11 21:00:00,NBS,79,57,110,7,,,,,,,,,-88,100,12,8,0,0,0,0,0,,88,,70,KMDW,,49,15,8,53,,,2,3,21,2,0,0,1,72,
2026-09-11 12:00:00,2026-09-12 00:00:00,NBS,75,59,110,7,0.0,0.0,0.0,0.0,,1.0,,1.0,-88,100,20,7,0,0,0,0,0,0.0,90,0.0,70,KMDW,0.0,6,12,7,8,80.0,2.0,2,3,23,2,0,0,1,68,
2026-09-11 12:00:00,2026-09-12 03:00:00,NBS,72,62,150,7,,,,,,,,,-88,100,27,7,0,0,0,0,6,,92,,36,KMDW,,4,17,8,0,,,2,3,26,2,0,0,1,68,
2026-09-11 12:00:00,2026-09-12 06:00:00,NBS,70,63,170,7,0.0,,0.0,,,0.0,,,-88,100,15,8,0,0,0,0,0,0.0,93,0.0,33,KMDW,,4,18,10,0,,,2,3,26,2,0,0,1,66,
2026-09-11 12:00:00,2026-09-12 09:00:00,NBS,69,64,180,6,,,,,,,,,-88,100,30,7,0,0,0,0,0,,94,,50,KMDW,,4,19,9,0,,,2,2,30,2,0,0,1,67,
2026-09-11 12:00:00,2026-09-12 12:00:00,NBS,68,65,200,7,8.0,8.0,0.0,0.0,,0.0,,1.0,-88,100,39,7,0,0,0,0,0,0.0,93,0.0,70,KMDW,0.0,4,22,8,2,67.0,2.0,2,2,31,2,5,5,2,67,
2026-09-11 12:00:00,2026-09-12 15:00:00,NBS,78,68,230,9,,,,,,,,,-88,100,27,11,0,0,0,0,0,,100,,160,KMDW,,21,24,10,48,,,1,2,22,3,0,0,2,74,
2026-09-11 12:00:00,2026-09-12 18:00:00,NBS,84,66,240,11,2.0,,0.0,,,2.0,,,-88,100,47,15,1,0,0,0,0,0.0,120,0.0,160,KMDW,,45,26,13,66,,,1,2,38,3,1,0,2,79,
2026-09-11 12:00:00,2026-09-12 21:00:00,NBS,85,66,260,11,,,,,,,,,-88,100,31,14,7,0,0,0,4,,110,,110,KMDW,,47,27,12,43,,,2,2,36,3,0,0,1,79,
2026-09-11 12:00:00,2026-09-13 00:00:00,NBS,81,67,290,8,3.0,2.0,0.0,0.0,,12.0,,12.0,-88,100,35,8,7,0,0,0,0,0.0,110,0.0,120,KMDW,0.0,14,29,9,10,86.0,2.0,2,3,30,3,0,0,2,74,
2026-09-11 12:00:00,2026-09-13 03:00:00,NBS,76,67,310,6,,,,,,,,,-88,100,59,7,7,0,0,0,0,,120,,18,KMDW,,7,33,8,0,,,2,5,30,3,3,2,2,72,
2026-09-11 12:00:00,2026-09-13 06:00:00,NBS,72,63,330,7,1.0,,0.0,,,14.0,,,-88,100,16,8,9,0,0,0,5,0.0,120,0.0,38,KMDW,,11,35,9,0,,,3,6,31,3,4,4,2,68,
2026-09-11 12:00:00,2026-09-13 09:00:00,NBS,68,57,340,8,,,,,,,,,-88,100,19,9,5,0,0,0,5,,120,,60,KMDW,,7,35,8,0,,,3,6,28,3,6,4,2,63,
2026-09-11 12:00:00,2026-09-13 12:00:00,NBS,65,54,340,7,2.0,3.0,0.0,0.0,,9.0,,15.0,-88,100,34,8,3,0,0,0,5,0.0,120,0.0,110,KMDW,0.0,9,35,7,2,65.0,3.0,3,5,35,3,5,6,2,62,
2026-09-11 12:00:00,2026-09-13 15:00:00,NBS,72,55,350,7,,,,,,,,,-88,100,30,8,1,0,0,0,14,,120,,150,KMDW,,27,34,10,44,,,3,5,26,3,4,0,3,66,
2026-09-11 12:00:00,2026-09-13 18:00:00,NBS,75,54,360,7,4.0,,0.0,,,3.0,,,-88,100,57,8,2,0,0,0,14,0.0,120,0.0,100,KMDW,,46,34,13,59,,,4,6,24,5,3,0,4,70,
2026-09-11 12:00:00,2026-09-13 21:00:00,NBS,73,54,10,10,,,,,,,,,90,100,69,11,5,0,0,0,24,,120,,70,KMDW,,34,36,12,60,,,4,7,21,5,2,0,3,66,
2026-09-11 12:00:00,2026-09-14 00:00:00,NBS,68,54,10,10,11.0,12.0,0.0,0.0,,9.0,,9.0,-88,100,54,10,1,0,0,0,4,0.0,120,0.0,90,KMDW,0.0,23,35,10,38,76.0,4.0,4,7,23,5,0,0,3,62,
2026-09-11 12:00:00,2026-09-14 03:00:00,NBS,66,54,10,9,,,,,,,,,-88,100,39,9,0,0,0,0,26,,120,,-88,KMDW,,22,36,9,0,,,4,7,33,4,0,0,3,61,
2026-09-11 12:00:00,2026-09-14 06:00:00,NBS,64,55,20,8,19.0,,1.0,,,2.0,,,-88,100,43,9,0,0,0,0,27,0.0,110,0.0,-88,KMDW,,11,36,8,0,,,5,7,37,4,0,3,3,60,
2026-09-11 12:00:00,2026-09-14 09:00:00,NBS,64,55,40,8,,,,,,,,,-88,100,38,9,0,0,0,0,10,,110,,-88,KMDW,,5,2,8,0,,,5,7,37,4,0,4,3,60,
2026-09-11 12:00:00,2026-09-14 12:00:00,NBS,63,55,90,10,16.0,29.0,0.0,1.0,,1.0,,2.0,-88,100,37,10,0,0,0,0,12,0.0,110,0.0,30,KMDW,0.0,10,7,10,0,61.0,5.0,5,8,30,4,2,5,3,61,
2026-09-11 18:00:00,2026-09-12 00:00:00,NBS,75,59,110,7,0.0,,0.0,,1.0,1.0,2.0,,-88,100,3,8,0,0,0,0,0,0.0,91,0.0,220,KMDW,,7,14,8,8,,,2,2,5,2,0,0,1,68,1/1
2026-09-11 18:00:00,2026-09-12 03:00:00,NBS,72,62,140,7,,,,,,,,,-88,100,21,8,0,0,0,0,0,,92,,40,KMDW,,5,16,7,0,,,1,2,28,2,0,0,1,68,
2026-09-11 18:00:00,2026-09-12 06:00:00,NBS,70,63,160,7,0.0,,0.0,,,0.0,,,-88,100,17,8,0,0,0,0,0,0.0,93,0.0,40,KMDW,,5,18,8,0,,,2,3,26,2,0,0,1,67,
2026-09-11 18:00:00,2026-09-12 09:00:00,NBS,69,64,180,6,,,,,,,,,-88,100,28,7,0,0,0,0,0,,93,,44,KMDW,,4,19,8,0,,,2,2,28,3,0,0,2,67,
2026-09-11 18:00:00,2026-09-12 12:00:00,NBS,69,66,210,6,4.0,1.0,0.0,0.0,,0.0,,0.0,-88,100,37,7,0,0,0,0,0,0.0,94,0.0,120,KMDW,1.0,4,22,6,2,67.0,2.0,2,2,31,2,5,6,1,67,
2026-09-11 18:00:00,2026-09-12 15:00:00,NBS,77,68,230,8,,,,,,,,,-88,100,21,11,0,0,0,0,0,,100,,160,KMDW,,20,25,10,50,,,1,2,19,3,0,0,2,74,
2026-09-11 18:00:00,2026-09-12 18:00:00,NBS,84,66,250,11,2.0,,0.0,,,1.0,,,-88,100,33,16,1,0,0,0,0,0.0,120,0.0,60,KMDW,,47,26,13,63,,,2,2,24,3,0,0,2,80,
2026-09-11 18:00:00,2026-09-12 21:00:00,NBS,85,67,270,11,,,,,,,,,-88,100,25,14,6,0,0,0,0,,110,,42,KMDW,,45,27,12,39,,,2,2,25,3,0,0,2,78,
2026-09-11 18:00:00,2026-09-13 00:00:00,NBS,81,67,290,8,3.0,2.0,0.0,0.0,,9.0,,9.0,-88,100,45,9,5,0,0,0,0,0.0,120,0.0,48,KMDW,0.0,15,31,8,9,86.0,2.0,2,2,38,3,0,0,2,75,
2026-09-11 18:00:00,2026-09-13 03:00:00,NBS,77,66,340,6,,,,,,,,,-88,100,29,7,3,0,0,0,0,,120,,90,KMDW,,6,35,7,0,,,2,4,20,3,0,0,2,72,
2026-09-11 18:00:00,2026-09-13 06:00:00,NBS,72,62,340,7,3.0,,0.0,,,4.0,,,-88,100,23,8,2,0,0,0,0,0.0,120,0.0,90,KMDW,,5,35,9,0,,,2,6,30,2,2,4,2,68,
2026-09-11 18:00:00,2026-09-13 09:00:00,NBS,68,56,340,7,,,,,,,,,-88,100,20,8,2,0,0,0,0,,120,,80,KMDW,,6,36,8,0,,,2,5,22,2,5,2,1,63,
2026-09-11 18:00:00,2026-09-13 12:00:00,NBS,66,54,340,7,2.0,4.0,0.0,0.0,,4.0,,6.0,-88,100,37,8,1,0,0,0,0,0.0,120,0.0,100,KMDW,0.0,6,34,7,3,66.0,3.0,2,4,37,2,6,3,2,62,
2026-09-11 18:00:00,2026-09-13 15:00:00,NBS,72,54,360,7,,,,,,,,,-88,100,56,8,1,0,0,0,7,,120,,70,KMDW,,22,36,7,34,,,2,4,38,3,3,0,2,65,
2026-09-11 18:00:00,2026-09-13 18:00:00,NBS,74,53,360,8,3.0,,0.0,,,2.0,,,-88,100,72,9,1,0,0,0,8,0.0,120,0.0,90,KMDW,,43,35,9,43,,,3,5,20,5,3,0,4,68,
2026-09-11 18:00:00,2026-09-13 21:00:00,NBS,72,53,10,10,,,,,,,,,130,100,81,12,4,0,0,0,4,,120,,70,KMDW,,33,1,11,32,,,4,5,15,5,0,0,3,65,
2026-09-11 18:00:00,2026-09-14 00:00:00,NBS,68,52,20,10,17.0,20.0,0.0,0.0,,8.0,,8.0,90,100,64,11,2,0,0,0,4,0.0,110,0.0,70,KMDW,0.0,21,0,10,18,76.0,3.0,3,5,27,4,0,0,3,61,
2026-09-11 18:00:00,2026-09-14 03:00:00,NBS,66,53,20,9,,,,,,,,,-88,100,58,9,1,0,0,0,6,,100,,90,KMDW,,20,1,9,0,,,3,5,29,4,0,0,3,60,
2026-09-11 18:00:00,2026-09-14 06:00:00,NBS,63,53,20,7,8.0,,0.0,,,2.0,,,-88,100,40,8,1,0,0,0,8,0.0,99,0.0,80,KMDW,,11,2,8,0,,,4,6,31,3,0,1,2,59,
2026-09-11 18:00:00,2026-09-14 09:00:00,NBS,62,53,50,8,,,,,,,,,-88,100,40,9,0,0,0,0,12,,98,,14,KMDW,,9,4,8,0,,,4,6,38,4,0,1,3,59,
2026-09-11 18:00:00,2026-09-14 12:00:00,NBS,62,53,80,9,16.0,20.0,2.0,2.0,,1.0,,2.0,-88,100,40,9,0,0,0,0,12,0.0,100,0.0,14,KMDW,0.0,14,8,9,0,60.0,4.0,4,6,31,4,0,3,3,59,
2026-09-11 18:00:00,2026-09-14 15:00:00,NBS,67,53,100,10,,,,,,,,,-88,100,44,13,0,0,0,0,10,,110,,270,KMDW,,31,10,11,31,,,3,6,33,4,0,0,3,62,
2026-09-11 18:00:00,2026-09-14 18:00:00,NBS,70,52,110,10,16.0,,1.0,,,1.0,,,-88,100,56,13,0,0,0,0,11,0.0,110,0.0,240,KMDW,,34,12,10,52,,,4,7,37,5,0,0,3,67,
2026-09-12 00:00:00,2026-09-12 06:00:00,NBS,70,63,160,6,2.0,,0.0,,4.0,0.0,,,-88,100,18,7,0,0,0,0,0,0.0,92,0.0,45,KMDW,,4,17,8,0,,,2,3,21,2,0,0,1,66,4/0
2026-09-12 00:00:00,2026-09-12 09:00:00,NBS,69,64,180,6,,,,,,,,,-88,100,21,6,0,0,0,0,0,,93,,60,KMDW,,5,19,8,0,,,2,2,20,2,0,0,1,66,
2026-09-12 00:00:00,2026-09-12 12:00:00,NBS,68,66,200,6,8.0,8.0,0.0,0.0,,0.0,,0.0,-88,80,31,6,0,0,0,0,8,0.0,91,0.0,70,KMDW,0.0,4,22,6,2,66.0,2.0,2,2,27,2,2,7,1,68,
2026-09-12 00:00:00,2026-09-12 15:00:00,NBS,77,68,230,8,,,,,,,,,-88,100,14,10,0,0,0,0,0,,100,,300,KMDW,,17,25,9,52,,,1,1,17,3,0,0,1,74,
2026-09-12 00:00:00,2026-09-12 18:00:00,NBS,83,66,240,11,2.0,,0.0,,,1.0,,,-88,100,39,15,1,0,0,0,0,0.0,120,0.0,60,KMDW,,48,26,11,60,,,2,2,32,3,0,0,2,80,
2026-09-12 00:00:00,2026-09-12 21:00:00,NBS,84,67,270,11,,,,,,,,,-88,100,22,14,4,0,0,0,0,,110,,45,KMDW,,48,27,12,40,,,2,2,23,3,0,0,2,78,
2026-09-12 00:00:00,2026-09-13 00:00:00,NBS,81,66,290,8,3.0,3.0,0.0,0.0,,8.0,,8.0,-88,100,22,8,5,0,0,0,0,0.0,120,0.0,50,KMDW,0.0,13,29,9,10,86.0,2.0,2,3,16,3,0,0,2,74,
2026-09-12 00:00:00,2026-09-13 03:00:00,NBS,76,66,320,7,,,,,,,,,-88,100,43,7,5,0,0,0,0,,120,,140,KMDW,,6,35,7,0,,,2,4,32,3,0,0,2,71,
2026-09-12 00:00:00,2026-09-13 06:00:00,NBS,72,61,350,7,2.0,,0.0,,,7.0,,,-88,100,14,8,3,0,0,0,0,0.0,120,0.0,50,KMDW,,5,36,9,0,,,2,6,24,2,1,4,2,67,
2026-09-12 00:00:00,2026-09-13 09:00:00,NBS,68,55,350,7,,,,,,,,,-88,100,24,8,1,0,0,0,0,,120,,100,KMDW,,5,36,8,0,,,2,5,29,2,0,0,1,63,
2026-09-12 00:00:00,2026-09-13 12:00:00,NBS,65,53,340,7,5.0,2.0,0.0,0.0,,3.0,,7.0,-88,100,31,7,1,0,0,0,0,0.0,120,0.0,160,KMDW,0.0,5,35,7,2,65.0,3.0,2,4,39,2,0,0,2,61,
2026-09-12 00:00:00,2026-09-13 15:00:00,NBS,71,54,350,7,,,,,,,,,-88,100,43,8,1,0,0,0,0,,120,,80,KMDW,,28,35,8,38,,,2,4,43,3,3,0,2,65,
2026-09-12 00:00:00,2026-09-13 18:00:00,NBS,74,53,350,8,4.0,,0.0,,,1.0,,,-88,100,63,9,0,0,0,0,11,0.0,120,0.0,100,KMDW,,50,35,11,52,,,2,5,24,5,2,0,3,69,
2026-09-12 00:00:00,2026-09-13 21:00:00,NBS,72,53,10,10,,,,,,,,,80,100,93,12,4,0,0,0,9,,120,,80,KMDW,,41,35,12,30,,,3,5,8,5,0,0,3,65,
2026-09-12 00:00:00,2026-09-14 00:00:00,NBS,68,52,360,10,22.0,24.0,0.0,0.0,,10.0,,10.0,-88,100,55,11,4,0,0,0,14,0.0,120,0.0,80,KMDW,0.0,21,36,10,11,76.0,3.0,3,5,31,4,0,0,3,61,
2026-09-12 00:00:00,2026-09-14 03:00:00,NBS,66,53,0,8,,,,,,,,,-88,100,36,9,0,0,0,0,4,,110,,100,KMDW,,22,36,9,0,,,3,5,22,4,0,0,3,60,
2026-09-12 00:00:00,2026-09-14 06:00:00,NBS,63,53,10,7,9.0,,0.0,,,2.0,,,-88,100,21,8,0,0,0,0,5,0.0,100,0.0,100,KMDW,,7,1,8,0,,,4,5,19,3,0,4,2,59,
2026-09-12 00:00:00,2026-09-14 09:00:00,NBS,62,53,40,7,,,,,,,,,-88,100,23,8,0,0,0,0,7,,100,,90,KMDW,,5,4,7,0,,,4,6,21,4,0,0,3,58,
2026-09-12 00:00:00,2026-09-14 12:00:00,NBS,61,54,90,8,11.0,17.0,1.0,1.0,,1.0,,2.0,-88,100,32,9,0,0,0,0,7,0.0,110,0.0,29,KMDW,0.0,16,8,8,0,60.0,4.0,5,5,23,4,0,4,3,59,
2026-09-12 00:00:00,2026-09-14 15:00:00,NBS,66,53,110,10,,,,,,,,,-88,100,39,13,0,0,0,0,9,,100,,270,KMDW,,37,11,11,32,,,3,5,34,4,0,0,2,63,
2026-09-12 00:00:00,2026-09-14 18:00:00,NBS,70,53,110,11,11.0,,2.0,,,0.0,,,-88,100,45,13,0,0,0,0,10,0.0,120,0.0,240,KMDW,,40,12,11,51,,,4,6,29,4,0,0,2,67,
2026-09-12 00:00:00,2026-09-14 21:00:00,NBS,72,55,120,11,,,,,,,,,-88,100,50,14,0,0,0,0,5,,130,,180,KMDW,,35,12,11,58,,,5,7,17,5,0,0,3,66,
2026-09-12 00:00:00,2026-09-15 00:00:00,NBS,71,55,140,13,5.0,13.0,0.0,2.0,,4.0,,4.0,-88,100,57,17,2,0,0,0,5,0.0,130,0.0,90,KMDW,0.0,27,14,13,35,75.0,5.0,5,7,20,6,0,0,3,64,
2026-09-12 06:00:00,2026-09-12 12:00:00,NBS,68,66,190,6,1.0,,0.0,,7.0,0.0,3.0,,-88,100,36,6,0,0,0,0,0,0.0,91,0.0,120,KMDW,,4,21,6,3,,,1,2,31,2,1,4,1,67,7/0
2026-09-12 06:00:00,2026-09-12 15:00:00,NBS,77,68,230,8,,,,,,,,,-88,100,13,9,0,0,0,0,0,,100,,250,KMDW,,16,23,8,53,,,1,2,19,3,0,0,2,74,
2026-09-12 06:00:00,2026-09-12 18:00:00,NBS,84,66,240,11,1.0,,0.0,,,1.0,,,-88,100,30,14,1,0,0,0,0,0.0,120,0.0,220,KMDW,,48,26,11,73,,,1,2,20,3,0,0,2,80,
2026-09-12 06:00:00,2026-09-12 21:00:00,NBS,85,66,250,10,,,,,,,,,-88,100,38,14,4,0,0,0,0,,110,,140,KMDW,,49,26,11,48,,,2,2,32,3,0,0,2,78,
2026-09-12 06:00:00,2026-09-13 00:00:00,NBS,81,66,290,8,3.0,1.0,0.0,0.0,,7.0,,7.0,-88,100,46,8,4,0,0,0,0,0.0,110,0.0,70,KMDW,0.0,10,30,8,8,86.0,2.0,2,2,36,2,0,0,2,74,
2026-09-12 06:00:00,2026-09-13 03:00:00,NBS,76,64,330,7,,,,,,,,,-88,100,39,8,3,0,0,0,0,,110,,39,KMDW,,5,35,7,0,,,2,4,26,3,0,0,2,70,
2026-09-12 06:00:00,2026-09-13 06:00:00,NBS,71,59,340,8,3.0,,0.0,,,4.0,,,-88,100,32,9,2,0,0,0,0,0.0,110,0.0,49,KMDW,,5,35,8,0,,,2,6,29,2,2,0,2,66,
2026-09-12 06:00:00,2026-09-13 09:00:00,NBS,67,53,340,8,,,,,,,,,-88,100,30,9,1,0,0,0,0,,120,,60,KMDW,,5,36,9,0,,,2,4,35,2,0,0,1,61,
2026-09-12 06:00:00,2026-09-13 12:00:00,NBS,65,52,340,7,3.0,3.0,0.0,0.0,,2.0,,4.0,-88,100,42,8,1,0,0,0,0,0.0,120,0.0,140,KMDW,0.0,5,35,7,2,65.0,3.0,2,3,42,2,2,0,1,60,
2026-09-12 06:00:00,2026-09-13 15:00:00,NBS,70,53,350,7,,,,,,,,,-88,100,32,8,1,0,0,0,0,,110,,160,KMDW,,23,35,8,45,,,2,3,32,3,2,0,3,65,
2026-09-12 06:00:00,2026-09-13 18:00:00,NBS,73,51,360,10,10.0,,0.0,,,1.0,,,90,100,68,12,0,0,0,0,5,0.0,110,0.0,100,KMDW,,43,34,12,44,,,3,4,38,5,0,0,3,68,
2026-09-12 06:00:00,2026-09-13 21:00:00,NBS,70,52,360,10,,,,,,,,,-88,100,50,12,4,0,0,0,17,,110,,70,KMDW,,44,35,10,26,,,4,5,36,5,0,0,3,64,
2026-09-12 06:00:00,2026-09-14 00:00:00,NBS,66,50,350,9,35.0,38.0,3.0,3.0,,9.0,,9.0,-88,100,49,9,4,0,0,0,9,0.0,110,0.0,70,KMDW,1.0,20,35,9,8,75.0,3.0,3,4,36,4,0,0,3,61,
2026-09-12 06:00:00,2026-09-14 03:00:00,NBS,64,51,350,8,,,,,,,,,-88,100,6,8,0,0,0,0,1,,91,,50,KMDW,,15,34,8,0,,,3,4,7,3,1,0,2,59,
2026-09-12 06:00:00,2026-09-14 06:00:00,NBS,62,51,350,7,4.0,,0.0,,,1.0,,,-88,100,3,7,0,0,0,0,1,0.0,77,0.0,-88,KMDW,,5,35,7,0,,,3,4,4,2,0,2,2,58,
2026-09-12 06:00:00,2026-09-14 09:00:00,NBS,61,51,20,6,,,,,,,,,-88,100,10,6,0,0,0,0,1,,72,,-88,KMDW,,5,1,6,0,,,3,5,14,3,0,0,2,56,
2026-09-12 06:00:00,2026-09-14 12:00:00,NBS,60,52,80,6,4.0,7.0,0.0,0.0,,1.0,,1.0,-88,100,16,7,0,0,0,0,1,0.0,68,0.0,270,KMDW,0.0,8,6,6,3,58.0,3.0,4,4,17,4,0,0,3,57,
2026-09-12 06:00:00,2026-09-14 15:00:00,NBS,66,51,110,11,,,,,,,,,-88,100,33,13,0,0,0,0,2,,88,,210,KMDW,,37,10,11,32,,,2,3,29,4,0,0,3,61,
2026-09-12 06:00:00,2026-09-14 18:00:00,NBS,69,50,120,10,7.0,,0.0,,,0.0,,,-88,100,39,14,0,0,0,0,2,0.0,110,0.0,260,KMDW,,41,13,10,53,,,2,5,33,4,0,0,2,65,
2026-09-12 06:00:00,2026-09-14 21:00:00,NBS,71,51,130,10,,,,,,,,,-88,100,57,13,0,0,0,0,2,,130,,210,KMDW,,35,14,10,42,,,3,6,23,5,0,0,3,65,
2026-09-12 06:00:00,2026-09-15 00:00:00,NBS,70,52,140,13,5.0,9.0,0.0,0.0,,3.0,,3.0,-88,100,57,16,2,0,0,0,3,0.0,140,0.0,120,KMDW,0.0,23,15,13,29,74.0,3.0,3,6,18,5,0,0,3,63,
2026-09-12 06:00:00,2026-09-15 03:00:00,NBS,69,55,150,14,,,,,,,,,-88,100,44,22,3,0,0,0,7,,140,,80,KMDW,,14,16,14,0,,,4,7,24,5,0,0,2,63,
2026-09-12 06:00:00,2026-09-15 06:00:00,NBS,69,58,170,14,2.0,,0.0,,,7.0,,,-88,100,58,20,5,0,0,0,12,0.0,130,0.0,70,KMDW,,10,17,14,0,,,4,7,31,4,2,0,2,64,
2026-09-12 12:00:00,2026-09-12 18:00:00,NBS,85,65,240,10,1.0,,0.0,,22.0,1.0,,,-88,100,43,14,1,0,0,0,0,0.0,120,0.0,160,KMDW,,49,26,11,72,,,2,2,30,3,0,0,2,80,22/1
2026-09-12 12:00:00,2026-09-12 21:00:00,NBS,86,66,260,10,,,,,,,,,-88,100,56,13,4,0,0,0,0,,110,,200,KMDW,,50,26,12,43,,,3,2,31,3,0,0,2,78,
2026-09-12 12:00:00,2026-09-13 00:00:00,NBS,82,66,290,8,3.0,3.0,0.0,0.0,,8.0,,8.0,-88,100,43,8,4,0,0,0,0,0.0,110,0.0,100,KMDW,0.0,10,29,8,7,87.0,2.0,3,2,29,3,0,0,2,75,
2026-09-12 12:00:00,2026-09-13 03:00:00,NBS,76,64,320,8,,,,,,,,,-88,100,27,8,4,0,0,0,5,,120,,34,KMDW,,5,34,8,0,,,2,4,29,3,0,0,2,71,
2026-09-12 12:00:00,2026-09-13 06:00:00,NBS,72,58,360,8,5.0,,0.0,,,7.0,,,-88,100,29,9,6,0,0,0,0,0.0,120,0.0,60,KMDW,,5,35,9,0,,,2,5,33,2,1,0,1,66,
2026-09-12 12:00:00,2026-09-13 09:00:00,NBS,68,54,350,7,,,,,,,,,-88,100,25,8,2,0,0,0,0,,120,,100,KMDW,,4,36,8,0,,,2,4,29,2,1,0,1,62,
2026-09-12 12:00:00,2026-09-13 12:00:00,NBS,65,53,330,7,3.0,5.0,0.0,0.0,,4.0,,7.0,-88,100,41,7,1,0,0,0,0,0.0,120,0.0,140,KMDW,1.0,5,34,7,2,65.0,3.0,2,3,37,2,1,0,2,60,
2026-09-12 12:00:00,2026-09-13 15:00:00,NBS,71,54,350,7,,,,,,,,,-88,100,22,8,1,0,0,0,1,,120,,150,KMDW,,23,34,8,47,,,2,4,24,3,0,0,2,66,
2026-09-12 12:00:00,2026-09-13 18:00:00,NBS,74,52,0,10,6.0,,0.0,,,1.0,,,110,100,59,11,1,0,0,0,5,0.0,120,0.0,110,KMDW,,44,34,11,48,,,3,4,32,4,0,0,3,69,
2026-09-12 12:00:00,2026-09-13 21:00:00,NBS,71,52,350,10,,,,,,,,,90,100,63,12,5,0,0,0,6,,120,,90,KMDW,,38,35,10,32,,,3,5,38,5,0,0,3,64,
2026-09-12 12:00:00,2026-09-14 00:00:00,NBS,67,50,350,9,28.0,29.0,1.0,1.0,,8.0,,8.0,-88,100,53,9,1,0,0,0,8,0.0,110,0.0,90,KMDW,1.0,19,35,9,8,75.0,3.0,2,3,40,4,0,0,3,60,
2026-09-12 12:00:00,2026-09-14 03:00:00,NBS,64,51,350,7,,,,,,,,,-88,100,23,8,0,0,0,0,1,,96,,80,KMDW,,13,34,7,0,,,2,3,36,3,0,0,2,59,
2026-09-12 12:00:00,2026-09-14 06:00:00,NBS,62,51,350,6,3.0,,0.0,,,1.0,,,-88,100,2,7,0,0,0,0,1,0.0,84,0.0,-88,KMDW,,5,35,7,0,,,3,3,3,2,1,3,2,58,
2026-09-12 12:00:00,2026-09-14 09:00:00,NBS,60,51,20,5,,,,,,,,,-88,100,2,6,0,0,0,0,1,,77,,100,KMDW,,4,3,7,0,,,3,3,2,3,0,2,2,56,
2026-09-12 12:00:00,2026-09-14 12:00:00,NBS,60,52,90,6,2.0,4.0,0.0,0.0,,1.0,,1.0,-88,100,15,7,0,0,0,0,1,0.0,75,0.0,30,KMDW,0.0,6,10,7,1,58.0,3.0,3,3,16,4,0,1,3,56,
2026-09-12 12:00:00,2026-09-14 15:00:00,NBS,67,50,120,11,,,,,,,,,-88,100,19,13,0,0,0,0,1,,86,,270,KMDW,,39,12,11,45,,,2,3,19,4,0,0,3,62,
2026-09-12 12:00:00,2026-09-14 18:00:00,NBS,71,49,120,11,2.0,,0.0,,,0.0,,,-88,100,39,14,0,0,0,0,1,0.0,110,0.0,150,KMDW,,44,13,11,52,,,3,4,32,4,0,0,2,66,
2026-09-12 12:00:00,2026-09-14 21:00:00,NBS,72,50,130,11,,,,,,,,,-88,100,53,13,1,0,0,0,0,,130,,190,KMDW,,41,15,11,63,,,3,4,21,5,0,0,2,65,
2026-09-12 12:00:00,2026-09-15 00:00:00,NBS,71,51,140,13,2.0,4.0,0.0,0.0,,5.0,,5.0,-88,100,65,16,2,0,0,0,1,0.0,130,0.0,120,KMDW,0.0,24,15,14,41,74.0,3.0,4,5,20,5,0,0,3,63,
2026-09-12 12:00:00,2026-09-15 03:00:00,NBS,70,54,160,14,,,,,,,,,-88,100,44,22,3,0,0,0,5,,140,,70,KMDW,,14,16,16,0,,,4,5,31,5,0,0,2,64,
2026-09-12 12:00:00,2026-09-15 06:00:00,NBS,70,57,170,14,1.0,,0.0,,,7.0,,,-88,100,42,21,5,0,0,0,10,0.0,140,0.0,80,KMDW,,12,18,18,0,,,4,6,25,4,0,0,2,64,
2026-09-12 12:00:00,2026-09-15 09:00:00,NBS,71,61,190,14,,,,,,,,,-88,100,57,22,11,0,0,0,17,,130,,70,KMDW,,6,19,14,0,,,5,7,34,5,1,0,3,66,
2026-09-12 12:00:00,2026-09-15 12:00:00,NBS,71,64,200,14,25.0,25.0,6.0,6.0,,22.0,,22.0,70,100,75,20,11,0,0,0,34,0.0,140,0.0,60,KMDW,2.0,9,20,14,0,67.0,4.0,5,6,15,4,0,3,2,68,
2026-09-12 18:00:00,2026-09-13 00:00:00,NBS,82,66,280,8,7.0,,0.0,,15.0,11.0,19.0,,130,100,61,8,5,0,0,0,0,0.0,120,0.0,60,KMDW,,13,28,8,6,,,2,2,27,3,0,0,2,75,15/11
2026-09-12 18:00:00,2026-09-13 03:00:00,NBS,77,65,330,7,,,,,,,,,-88,100,36,7,3,0,0,0,0,,120,,36,KMDW,,5,34,8,0,,,2,4,29,4,1,1,2,71,
2026-09-12 18:00:00,2026-09-13 06:00:00,NBS,72,60,350,8,1.0,,0.0,,,3.0,,,-88,100,29,9,3,0,0,0,0,0.0,120,0.0,60,KMDW,,5,35,9,0,,,2,5,30,2,2,3,1,66,
2026-09-12 18:00:00,2026-09-13 09:00:00,NBS,68,54,350,7,,,,,,,,,-88,100,24,8,1,0,0,0,0,,120,,120,KMDW,,5,0,8,0,,,2,4,23,2,0,6,1,62,
2026-09-12 18:00:00,2026-09-13 12:00:00,NBS,66,53,340,7,2.0,6.0,0.0,0.0,,3.0,,4.0,180,100,59,7,1,0,0,0,0,0.0,120,0.0,140,KMDW,0.0,5,34,7,3,66.0,3.0,2,3,35,2,3,2,2,60,
2026-09-12 18:00:00,2026-09-13 15:00:00,NBS,71,53,350,8,,,,,,,,,-88,100,36,8,1,0,0,0,1,,120,,150,KMDW,,21,35,8,39,,,2,3,33,3,0,0,3,65,
2026-09-12 18:00:00,2026-09-13 18:00:00,NBS,74,51,340,10,9.0,,0.0,,,1.0,,,-88,100,55,12,1,0,0,0,5,0.0,120,0.0,200,KMDW,,47,33,10,61,,,3,4,33,5,0,0,3,69,
2026-09-12 18:00:00,2026-09-13 21:00:00,NBS,70,50,350,10,,,,,,,,,110,100,72,13,5,0,0,0,28,,110,,90,KMDW,,33,34,10,23,,,4,3,25,5,0,0,3,63,
2026-09-12 18:00:00,2026-09-14 00:00:00,NBS,68,49,340,8,12.0,14.0,0.0,0.0,,8.0,,8.0,-88,100,40,9,0,0,0,0,3,0.0,100,0.0,120,KMDW,1.0,19,34,8,7,76.0,3.0,3,3,37,3,0,0,2,61,
2026-09-12 18:00:00,2026-09-14 03:00:00,NBS,64,50,350,7,,,,,,,,,-88,100,8,7,0,0,0,0,0,,86,,100,KMDW,,7,36,7,0,,,3,3,7,3,0,0,3,59,
2026-09-12 18:00:00,2026-09-14 06:00:00,NBS,61,50,350,6,1.0,,0.0,,,1.0,,,-88,100,7,6,0,0,0,0,0,0.0,66,0.0,-88,KMDW,,4,0,7,0,,,3,3,8,2,0,0,2,57,
2026-09-12 18:00:00,2026-09-14 09:00:00,NBS,60,50,350,5,,,,,,,,,-88,100,5,5,0,0,0,0,0,,63,,-88,KMDW,,4,1,7,0,,,3,3,6,2,0,0,2,55,
2026-09-12 18:00:00,2026-09-14 12:00:00,NBS,59,51,100,5,0.0,1.0,0.0,0.0,,1.0,,1.0,-88,100,27,5,0,0,0,0,15,0.0,66,0.0,9,KMDW,0.0,5,10,8,2,58.0,3.0,3,3,35,3,0,2,3,56,
2026-09-12 18:00:00,2026-09-14 15:00:00,NBS,67,50,120,10,,,,,,,,,-88,100,5,11,0,0,0,0,0,,77,,190,KMDW,,37,12,10,50,,,2,2,5,4,0,0,3,62,
2026-09-12 18:00:00,2026-09-14 18:00:00,NBS,71,48,120,11,1.0,,0.0,,,0.0,,,-88,100,29,13,0,0,0,0,0,0.0,93,0.0,260,KMDW,,41,13,11,70,,,3,2,28,4,0,0,2,66,
2026-09-12 18:00:00,2026-09-14 21:00:00,NBS,72,49,130,11,,,,,,,,,-88,100,50,13,0,0,0,0,0,,120,,170,KMDW,,38,15,11,52,,,3,3,27,4,0,0,2,64,
2026-09-12 18:00:00,2026-09-15 00:00:00,NBS,71,49,150,13,1.0,2.0,0.0,0.0,,1.0,,1.0,-88,100,62,16,1,0,0,0,0,0.0,130,0.0,90,KMDW,0.0,25,17,13,16,75.0,3.0,3,4,20,5,0,0,3,62,
2026-09-12 18:00:00,2026-09-15 03:00:00,NBS,70,51,150,15,,,,,,,,,-88,100,33,22,5,0,0,0,4,,140,,80,KMDW,,15,16,15,0,,,4,5,23,4,0,0,2,62,
2026-09-12 18:00:00,2026-09-15 06:00:00,NBS,69,54,170,14,0.0,,0.0,,,9.0,,,-88,100,42,21,6,0,0,0,4,0.0,140,0.0,28,KMDW,,12,17,16,0,,,4,5,25,4,0,0,2,63,
2026-09-12 18:00:00,2026-09-15 09:00:00,NBS,69,57,190,14,,,,,,,,,-88,100,51,22,8,0,0,0,25,,130,,70,KMDW,,7,19,15,0,,,5,6,30,4,0,0,3,64,
2026-09-12 18:00:00,2026-09-15 12:00:00,NBS,70,61,200,14,24.0,25.0,5.0,5.0,,19.0,,19.0,-88,100,69,20,11,0,0,0,26,0.0,140,0.0,60,KMDW,1.0,12,21,14,0,67.0,4.0,4,6,15,4,0,0,2,66,
2026-09-12 18:00:00,2026-09-15 15:00:00,NBS,77,65,220,13,,,,,,,,,110,100,64,19,9,0,0,0,17,,140,,60,KMDW,,19,22,14,23,,,4,5,27,4,1,2,2,72,
2026-09-12 18:00:00,2026-09-15 18:00:00,NBS,83,68,240,14,32.0,,5.0,,,15.0,,,70,100,84,22,6,0,0,0,20,0.0,140,0.0,60,KMDW,,32,24,14,35,,,5,4,19,5,8,0,3,78,
2026-09-13 00:00:00,2026-09-13 06:00:00,NBS,72,62,340,7,4.0,,0.0,,22.0,8.0,,,-88,100,38,8,3,0,0,0,0,0.0,110,0.0,41,KMDW,,5,35,9,0,,,2,5,25,3,0,0,2,68,22/8
2026-09-13 00:00:00,2026-09-13 09:00:00,NBS,68,55,340,7,,,,,,,,,-88,100,25,8,1,0,0,0,0,,120,,60,KMDW,,4,35,9,0,,,2,4,23,2,0,0,1,63,
2026-09-13 00:00:00,2026-09-13 12:00:00,NBS,66,53,340,7,1.0,4.0,0.0,0.0,,2.0,,8.0,130,100,58,7,0,0,0,0,0,0.0,120,0.0,110,KMDW,0.0,5,34,7,3,66.0,3.0,2,3,38,2,0,0,2,62,
2026-09-13 00:00:00,2026-09-13 15:00:00,NBS,71,52,360,8,,,,,,,,,-88,100,39,8,0,0,0,0,1,,120,,180,KMDW,,22,35,9,52,,,2,3,35,3,0,0,3,65,
2026-09-13 00:00:00,2026-09-13 18:00:00,NBS,74,50,340,10,4.0,,0.0,,,1.0,,,190,100,67,13,0,0,0,0,18,0.0,110,0.0,150,KMDW,,46,34,14,51,,,3,3,31,5,1,0,3,68,
2026-09-13 00:00:00,2026-09-13 21:00:00,NBS,70,49,350,10,,,,,,,,,90,100,72,12,5,0,0,0,23,,120,,90,KMDW,,32,35,11,28,,,4,4,27,4,0,0,3,63,
2026-09-13 00:00:00,2026-09-14 00:00:00,NBS,67,50,330,8,19.0,16.0,0.0,0.0,,8.0,,8.0,-88,100,47,9,2,0,0,0,7,0.0,110,0.0,110,KMDW,1.0,21,34,8,9,76.0,3.0,3,3,37,3,0,0,2,61,
2026-09-13 00:00:00,2026-09-14 03:00:00,NBS,64,51,330,7,,,,,,,,,-88,100,10,7,0,0,0,0,0,,84,,90,KMDW,,6,35,7,0,,,3,3,7,3,0,0,2,59,
2026-09-13 00:00:00,2026-09-14 06:00:00,NBS,61,51,350,6,1.0,,0.0,,,1.0,,,-88,100,6,6,0,0,0,0,0,0.0,64,0.0,-88,KMDW,,4,35,6,0,,,3,3,8,2,0,4,2,58,
2026-09-13 00:00:00,2026-09-14 09:00:00,NBS,59,51,350,5,,,,,,,,,-88,100,5,6,0,0,0,0,0,,62,,-88,KMDW,,4,36,5,0,,,3,3,6,2,0,5,2,55,
2026-09-13 00:00:00,2026-09-14 12:00:00,NBS,58,51,120,4,6.0,6.0,0.0,0.0,,0.0,,1.0,-88,100,20,5,0,0,0,0,0,0.0,63,0.0,33,KMDW,0.0,4,8,4,3,57.0,3.0,3,3,33,3,0,0,3,55,
2026-09-13 00:00:00,2026-09-14 15:00:00,NBS,67,50,120,9,,,,,,,,,-88,100,23,10,0,0,0,0,0,,74,,11,KMDW,,34,13,9,50,,,2,2,33,4,0,0,3,61,
2026-09-13 00:00:00,2026-09-14 18:00:00,NBS,71,47,120,10,7.0,,0.0,,,0.0,,,-88,100,35,12,0,0,0,0,0,0.0,94,0.0,190,KMDW,,41,14,10,64,,,2,2,35,4,0,0,2,66,
2026-09-13 00:00:00,2026-09-14 21:00:00,NBS,72,48,130,11,,,,,,,,,-88,100,61,13,0,0,0,0,6,,110,,140,KMDW,,40,16,11,35,,,3,3,24,4,0,0,2,64,
2026-09-13 00:00:00,2026-09-15 00:00:00,NBS,71,50,150,12,1.0,8.0,0.0,0.0,,3.0,,3.0,-88,100,71,15,2,0,0,0,1,0.0,130,0.0,100,KMDW,0.0,26,16,15,13,75.0,3.0,3,4,19,5,0,0,2,63,
2026-09-13 00:00:00,2026-09-15 03:00:00,NBS,70,51,160,15,,,,,,,,,-88,100,39,21,3,0,0,0,2,,140,,70,KMDW,,14,16,15,0,,,3,5,28,4,0,0,2,62,
2026-09-13 00:00:00,2026-09-15 06:00:00,NBS,69,54,170,14,1.0,,0.0,,,7.0,,,-88,100,30,21,6,0,0,0,3,0.0,130,0.0,70,KMDW,,10,18,19,0,,,3,5,25,4,0,0,2,63,
2026-09-13 00:00:00,2026-09-15 09:00:00,NBS,70,58,180,14,,,,,,,,,-88,100,54,22,9,0,0,0,8,,130,,80,KMDW,,8,19,17,0,,,4,6,32,4,0,0,2,64,
2026-09-13 00:00:00,2026-09-15 12:00:00,NBS,70,61,200,14,22.0,21.0,6.0,6.0,,24.0,,24.0,-88,100,77,20,13,0,0,0,16,0.0,140,0.0,70,KMDW,2.0,11,21,14,0,67.0,4.0,4,6,12,4,2,2,2,67,
2026-09-13 00:00:00,2026-09-15 15:00:00,NBS,77,65,210,13,,,,,,,,,90,100,74,19,9,0,0,0,19,,130,,60,KMDW,,17,22,15,26,,,4,5,21,3,3,2,2,72,
2026-09-13 00:00:00,2026-09-15 18:00:00,NBS,84,68,240,14,29.0,,0.0,,,16.0,,,70,100,87,21,7,0,0,0,21,0.0,140,0.0,60,KMDW,,20,25,14,37,,,4,3,13,5,8,0,3,79,
2026-09-13 00:00:00,2026-09-15 21:00:00,NBS,86,68,270,12,,,,,,,,,80,100,88,17,11,0,0,0,28,,140,,50,KMDW,,13,26,12,9,,,5,5,6,5,4,2,3,77,
2026-09-13 00:00:00,2026-09-16 00:00:00,NBS,80,68,320,10,39.0,51.0,5.0,5.0,,22.0,,22.0,100,100,73,10,13,0,0,0,49,0.0,140,0.0,32,KMDW,1.0,10,35,10,5,87.0,4.0,5,5,26,5,5,3,3,74,
2026-09-13 06:00:00,2026-09-13 12:00:00,NBS,65,53,330,7,1.0,,0.0,,28.0,2.0,25.0,,-88,100,46,7,0,0,0,0,0,0.0,120,0.0,150,KMDW,,5,35,7,3,,,2,3,39,2,0,0,1,60,28/2
2026-09-13 06:00:00,2026-09-13 15:00:00,NBS,70,52,360,8,,,,,,,,,-88,100,35,9,0,0,0,0,1,,120,,190,KMDW,,21,36,8,52,,,2,2,35,3,0,0,2,65,
2026-09-13 06:00:00,2026-09-13 18:00:00,NBS,73,49,360,11,4.0,,0.0,,,1.0,,,200,100,61,13,0,0,0,0,0,0.0,120,0.0,150,KMDW,,45,35,11,68,,,2,3,32,4,0,0,3,68,
2026-09-13 06:00:00,2026-09-13 21:00:00,NBS,69,48,0,10,,,,,,,,,130,100,71,11,5,0,0,0,17,,130,,100,KMDW,,33,35,10,31,,,3,3,24,5,0,0,3,62,
2026-09-13 06:00:00,2026-09-14 00:00:00,NBS,67,49,340,8,18.0,17.0,0.0,0.0,,9.0,,9.0,-88,100,31,8,2,0,0,0,12,0.0,110,0.0,80,KMDW,1.0,18,34,8,8,75.0,2.0,2,3,30,3,0,0,2,60,
2026-09-13 06:00:00,2026-09-14 03:00:00,NBS,63,50,340,6,,,,,,,,,-88,100,15,7,0,0,0,0,0,,84,,110,KMDW,,6,35,7,0,,,2,3,10,2,0,0,2,58,
2026-09-13 06:00:00,2026-09-14 06:00:00,NBS,61,50,350,5,2.0,,0.0,,,1.0,,,-88,100,5,6,0,0,0,0,0,0.0,67,0.0,-88,KMDW,,4,36,7,0,,,2,3,7,2,0,0,1,56,
2026-09-13 06:00:00,2026-09-14 09:00:00,NBS,59,50,350,4,,,,,,,,,-88,100,3,5,0,0,0,0,0,,62,,-88,KMDW,,4,0,6,0,,,2,3,4,2,0,0,2,55,
2026-09-13 06:00:00,2026-09-14 12:00:00,NBS,58,50,20,3,1.0,2.0,0.0,0.0,,0.0,,1.0,-88,100,11,3,0,0,0,0,0,0.0,65,0.0,31,KMDW,0.0,4,5,4,2,57.0,2.0,3,3,12,2,0,0,3,56,
2026-09-13 06:00:00,2026-09-14 15:00:00,NBS,67,50,140,9,,,,,,,,,-88,100,4,9,0,0,0,0,0,,70,,35,KMDW,,35,13,9,49,,,2,2,6,4,0,0,3,62,
2026-09-13 06:00:00,2026-09-14 18:00:00,NBS,71,48,130,10,1.0,,0.0,,,0.0,,,-88,100,27,12,0,0,0,0,0,0.0,87,0.0,160,KMDW,,44,15,10,57,,,2,2,31,3,0,0,2,67,
2026-09-13 06:00:00,2026-09-14 21:00:00,NBS,72,48,140,11,,,,,,,,,-88,100,44,15,0,0,0,0,8,,120,,90,KMDW,,41,17,11,49,,,3,2,30,3,0,0,2,65,
2026-09-13 06:00:00,2026-09-15 00:00:00,NBS,71,50,150,13,0.0,1.0,0.0,0.0,,3.0,,3.0,-88,100,52,17,1,0,0,0,0,0.0,130,0.0,60,KMDW,0.0,23,16,13,11,75.0,3.0,3,3,39,4,0,0,2,63,
2026-09-13 06:00:00,2026-09-15 03:00:00,NBS,70,51,160,15,,,,,,,,,-88,100,67,23,2,0,0,0,2,,140,,60,KMDW,,15,17,15,0,,,3,3,29,4,0,0,2,63,
2026-09-13 06:00:00,2026-09-15 06:00:00,NBS,70,54,170,15,1.0,,0.0,,,10.0,,,-88,100,34,23,7,0,0,0,13,0.0,140,0.0,100,KMDW,,10,18,15,0,,,3,4,39,4,0,0,2,64,
2026-09-13 06:00:00,2026-09-15 09:00:00,NBS,71,58,180,15,,,,,,,,,-88,100,53,24,10,0,0,0,10,,130,,60,KMDW,,8,19,17,0,,,3,5,33,4,0,2,2,65,
2026-09-13 06:00:00,2026-09-15 12:00:00,NBS,71,63,200,14,26.0,26.0,3.0,3.0,,26.0,,26.0,90,100,68,20,15,0,0,0,22,0.0,140,0.0,50,KMDW,1.0,12,21,14,0,67.0,3.0,3,5,24,5,5,2,3,68,
2026-09-13 06:00:00,2026-09-15 15:00:00,NBS,77,67,210,13,,,,,,,,,70,100,77,19,12,0,0,0,26,,130,,45,KMDW,,21,22,13,17,,,3,4,18,4,7,2,2,73,
2026-09-13 06:00:00,2026-09-15 18:00:00,NBS,82,68,230,14,26.0,,0.0,,,19.0,,,60,100,81,21,7,0,0,0,16,0.0,140,0.0,21,KMDW,,24,25,14,22,,,4,4,21,6,6,1,3,77,
2026-09-13 06:00:00,2026-09-15 21:00:00,NBS,81,66,270,11,,,,,,,,,80,100,78,14,12,0,0,0,26,,140,,60,KMDW,,19,25,11,24,,,5,6,12,5,0,0,2,75,
2026-09-13 06:00:00,2026-09-16 00:00:00,NBS,76,65,320,8,50.0,63.0,9.0,9.0,,23.0,,25.0,90,100,86,9,15,0,0,0,60,0.0,140,0.0,60,KMDW,3.0,10,33,8,15,84.0,4.0,4,6,13,4,1,2,3,71,
2026-09-13 06:00:00,2026-09-16 03:00:00,NBS,72,64,350,7,,,,,,,,,50,100,78,8,15,0,0,0,59,,140,,48,KMDW,,5,36,7,0,,,3,7,25,3,7,4,3,68,
2026-09-13 06:00:00,2026-09-16 06:00:00,NBS,69,62,20,7,52.0,,28.0,,,28.0,,,31,50,83,8,12,0,0,0,60,0.0,140,0.0,31,KMDW,,8,3,8,0,,,3,6,15,3,15,9,2,66,
2026-09-13 12:00:00,2026-09-13 18:00:00,NBS,73,49,0,11,2.0,,0.0,,15.0,1.0,,,130,100,66,13,1,0,0,0,2,0.0,120,0.0,100,KMDW,,48,34,13,65,,,2,3,32,6,0,0,3,67,15/1
2026-09-13 12:00:00,2026-09-13 21:00:00,NBS,69,48,350,9,,,,,,,,,110,100,80,10,4,0,0,0,28,,130,,90,KMDW,,35,34,13,22,,,3,3,15,4,0,0,2,63,
2026-09-13 12:00:00,2026-09-14 00:00:00,NBS,67,49,330,8,29.0,12.0,0.0,0.0,,6.0,,6.0,-88,100,34,9,1,0,0,0,16,0.0,110,0.0,100,KMDW,1.0,10,34,8,5,75.0,2.0,2,3,30,3,0,0,2,60,
2026-09-13 12:00:00,2026-09-14 03:00:00,NBS,64,50,330,7,,,,,,,,,-88,100,12,7,0,0,0,0,0,,90,,110,KMDW,,6,35,7,0,,,2,3,15,3,0,0,2,58,
2026-09-13 12:00:00,2026-09-14 06:00:00,NBS,61,50,350,5,1.0,,0.0,,,1.0,,,-88,100,8,6,0,0,0,0,0,0.0,71,0.0,-88,KMDW,,4,35,6,0,,,2,3,11,2,0,0,1,57,
2026-09-13 12:00:00,2026-09-14 09:00:00,NBS,59,50,350,4,,,,,,,,,-88,100,13,5,0,0,0,0,0,,64,,8,KMDW,,4,0,6,0,,,2,2,26,2,0,0,2,55,
2026-09-13 12:00:00,2026-09-14 12:00:00,NBS,58,50,30,3,0.0,1.0,0.0,0.0,,0.0,,1.0,-88,100,9,3,0,0,0,0,0,0.0,64,0.0,25,KMDW,0.0,4,5,4,2,57.0,2.0,3,2,20,2,0,0,2,56,
2026-09-13 12:00:00,2026-09-14 15:00:00,NBS,67,50,140,8,,,,,,,,,-88,100,16,9,0,0,0,0,0,,68,,35,KMDW,,32,13,8,40,,,1,2,23,3,0,0,3,62,
2026-09-13 12:00:00,2026-09-14 18:00:00,NBS,72,48,140,10,1.0,,0.0,,,0.0,,,130,100,62,12,0,0,0,0,0,0.0,89,0.0,100,KMDW,,43,16,10,59,,,2,2,37,3,0,0,2,66,
2026-09-13 12:00:00,2026-09-14 21:00:00,NBS,73,48,150,11,,,,,,,,,130,100,65,14,0,0,0,0,0,,120,,70,KMDW,,39,17,12,47,,,2,2,33,3,0,0,2,64,
2026-09-13 12:00:00,2026-09-15 00:00:00,NBS,71,49,150,13,4.0,1.0,0.0,0.0,,3.0,,3.0,160,100,60,17,1,0,0,0,0,0.0,130,0.0,130,KMDW,0.0,18,16,14,10,75.0,2.0,2,2,31,4,0,0,2,63,
2026-09-13 12:00:00,2026-09-15 03:00:00,NBS,70,51,160,15,,,,,,,,,-88,100,39,22,3,0,0,0,7,,140,,45,KMDW,,14,16,16,0,,,3,3,35,4,0,0,2,62,
2026-09-13 12:00:00,2026-09-15 06:00:00,NBS,70,53,170,14,1.0,,0.0,,,11.0,,,-88,100,56,21,8,0,0,0,6,0.0,140,0.0,44,KMDW,,5,17,15,0,,,3,4,40,4,0,0,2,63,
2026-09-13 12:00:00,2026-09-15 09:00:00,NBS,71,57,190,15,,,,,,,,,-88,100,76,23,10,0,0,0,17,,140,,60,KMDW,,5,19,15,0,,,3,5,20,4,0,0,3,64,
2026-09-13 12:00:00,2026-09-15 12:00:00,NBS,71,62,210,13,24.0,24.0,4.0,4.0,,24.0,,24.0,80,100,68,19,13,0,0,0,22,0.0,140,0.0,34,KMDW,1.0,8,21,13,1,68.0,3.0,3,5,29,4,6,3,2,67,
2026-09-13 12:00:00,2026-09-15 15:00:00,NBS,77,66,210,13,,,,,,,,,90,100,78,18,13,0,0,0,23,,130,,48,KMDW,,16,22,16,22,,,4,4,15,4,4,3,2,73,
2026-09-13 12:00:00,2026-09-15 18:00:00,NBS,82,68,220,14,43.0,,10.0,,,22.0,,,36,100,61,21,8,0,0,0,17,0.0,130,0.0,29,KMDW,,33,24,17,30,,,4,3,27,6,10,4,3,78,
2026-09-13 12:00:00,2026-09-15 21:00:00,NBS,82,68,250,10,,,,,,,,,50,100,77,13,13,0,0,0,45,,140,,50,KMDW,,34,25,11,22,,,5,5,21,5,1,2,3,76,
2026-09-13 12:00:00,2026-09-16 00:00:00,NBS,77,66,320,8,54.0,72.0,10.0,20.0,,26.0,,28.0,90,100,83,9,17,0,0,0,56,0.0,140,0.0,50,KMDW,4.0,13,34,8,16,85.0,4.0,4,6,9,5,1,2,3,72,
2026-09-13 12:00:00,2026-09-16 03:00:00,NBS,73,65,360,7,,,,,,,,,60,100,77,7,15,0,0,0,58,,140,,50,KMDW,,7,36,8,0,,,3,6,27,3,10,4,3,69,
2026-09-13 12:00:00,2026-09-16 06:00:00,NBS,70,63,10,7,55.0,,17.0,,,31.0,,,50,60,85,8,14,0,0,0,46,0.0,140,0.0,43,KMDW,,6,2,8,0,,,3,6,16,3,14,9,2,67,
2026-09-13 12:00:00,2026-09-16 09:00:00,NBS,69,63,30,8,,,,,,,,,60,100,81,8,8,0,0,0,45,,140,,43,KMDW,,7,4,10,0,,,2,5,30,2,12,6,2,66,
2026-09-13 12:00:00,2026-09-16 12:00:00,NBS,68,63,30,8,51.0,70.0,14.0,31.0,,15.0,,31.0,48,100,85,9,7,0,0,0,34,0.0,140,0.0,48,KMDW,5.0,10,3,9,0,66.0,3.0,2,4,14,3,11,8,2,66,
2026-09-13 18:00:00,2026-09-14 00:00:00,NBS,67,50,330,8,26.0,,0.0,,13.0,7.0,27.0,,-88,100,21,9,2,0,0,0,8,0.0,99,0.0,120,KMDW,,13,34,9,6,,,2,3,32,3,0,0,2,61,13/7
2026-09-13 18:00:00,2026-09-14 03:00:00,NBS,63,50,330,7,,,,,,,,,-88,100,10,8,0,0,0,0,0,,89,,110,KMDW,,5,33,7,0,,,2,3,8,3,0,0,2,58,
2026-09-13 18:00:00,2026-09-14 06:00:00,NBS,60,51,340,5,5.0,,0.0,,,1.0,,,-88,100,5,6,0,0,0,0,0,0.0,74,0.0,-88,KMDW,,4,35,7,0,,,2,2,7,2,0,2,2,56,
2026-09-13 18:00:00,2026-09-14 09:00:00,NBS,58,50,350,4,,,,,,,,,-88,100,4,5,0,0,0,0,0,,65,,90,KMDW,,4,1,6,0,,,2,2,8,2,0,3,2,55,
2026-09-13 18:00:00,2026-09-14 12:00:00,NBS,57,51,50,2,0.0,5.0,0.0,0.0,,0.0,,1.0,-88,100,6,3,0,0,0,0,0,0.0,66,0.0,32,KMDW,0.0,4,5,5,3,57.0,3.0,2,2,9,2,0,0,2,56,
2026-09-13 18:00:00,2026-09-14 15:00:00,NBS,68,50,130,8,,,,,,,,,-88,100,13,8,0,0,0,0,0,,73,,130,KMDW,,33,12,8,51,,,1,2,26,3,0,0,3,62,
2026-09-13 18:00:00,2026-09-14 18:00:00,NBS,73,48,130,10,0.0,,0.0,,,0.0,,,-88,100,39,12,0,0,0,0,0,0.0,93,0.0,240,KMDW,,41,14,10,68,,,2,2,42,3,0,0,2,67,
2026-09-13 18:00:00,2026-09-14 21:00:00,NBS,74,48,130,11,,,,,,,,,130,100,69,14,0,0,0,0,0,,120,,130,KMDW,,38,15,11,38,,,2,2,37,3,0,0,2,66,
2026-09-13 18:00:00,2026-09-15 00:00:00,NBS,72,49,150,12,2.0,0.0,0.0,0.0,,2.0,,2.0,130,100,88,16,1,0,0,0,0,0.0,130,0.0,90,KMDW,0.0,19,16,13,10,75.0,2.0,3,3,7,4,0,0,2,63,
2026-09-13 18:00:00,2026-09-15 03:00:00,NBS,69,50,150,14,,,,,,,,,280,100,65,21,2,0,0,0,1,,140,,180,KMDW,,9,16,15,0,,,3,3,42,4,0,0,2,62,
2026-09-13 18:00:00,2026-09-15 06:00:00,NBS,69,53,170,14,4.0,,0.0,,,6.0,,,-88,100,47,20,5,0,0,0,5,0.0,140,0.0,180,KMDW,,6,18,17,0,,,3,3,37,3,0,0,2,62,
2026-09-13 18:00:00,2026-09-15 09:00:00,NBS,70,56,190,15,,,,,,,,,-88,100,73,23,8,0,0,0,14,,140,,70,KMDW,,8,19,17,0,,,4,4,21,4,2,0,2,64,
2026-09-13 18:00:00,2026-09-15 12:00:00,NBS,70,61,210,13,26.0,26.0,2.0,2.0,,26.0,,26.0,90,100,77,19,15,0,0,0,35,0.0,140,0.0,49,KMDW,1.0,10,21,13,0,68.0,3.0,4,5,30,4,4,0,3,67,
2026-09-13 18:00:00,2026-09-15 15:00:00,NBS,77,66,220,13,,,,,,,,,90,100,80,19,13,0,0,0,47,,140,,22,KMDW,,18,22,13,27,,,4,4,26,5,4,2,2,72,
2026-09-13 18:00:00,2026-09-15 18:00:00,NBS,83,69,220,13,30.0,,2.0,,,21.0,,,50,100,58,21,7,0,0,0,14,0.0,140,0.0,34,KMDW,,27,24,13,49,,,5,3,33,6,6,2,3,80,
2026-09-13 18:00:00,2026-09-15 21:00:00,NBS,84,68,260,10,,,,,,,,,-88,100,55,13,11,0,0,0,21,,140,,50,KMDW,,34,27,10,44,,,5,4,29,5,1,1,3,77,
2026-09-13 18:00:00,2026-09-16 00:00:00,NBS,78,67,330,8,43.0,65.0,3.0,5.0,,22.0,,26.0,90,100,77,9,15,0,0,0,21,0.0,140,0.0,27,KMDW,1.0,13,35,8,15,86.0,5.0,4,5,23,4,0,2,3,73,
2026-09-13 18:00:00,2026-09-16 03:00:00,NBS,73,66,360,7,,,,,,,,,100,100,82,8,14,0,0,0,28,,140,,80,KMDW,,12,1,9,0,,,3,6,15,3,9,4,2,69,
2026-09-13 18:00:00,2026-09-16 06:00:00,NBS,70,65,20,7,52.0,,25.0,,,27.0,,,50,100,85,8,14,0,0,0,39,0.0,140,0.0,43,KMDW,,11,2,9,0,,,3,6,25,3,12,6,2,67,
2026-09-13 18:00:00,2026-09-16 09:00:00,NBS,68,63,30,8,,,,,,,,,50,100,88,8,10,0,0,0,52,,140,,50,KMDW,,7,3,9,0,,,3,4,11,2,11,4,1,65,
2026-09-13 18:00:00,2026-09-16 12:00:00,NBS,68,64,40,9,58.0,71.0,18.0,43.0,,19.0,,27.0,60,100,86,9,8,0,0,0,52,0.0,140,0.0,45,KMDW,6.0,10,5,9,0,67.0,2.0,2,3,7,3,11,8,2,66,
2026-09-13 18:00:00,2026-09-16 15:00:00,NBS,71,64,50,9,,,,,,,,,70,100,90,11,6,0,0,0,48,,140,,60,KMDW,,17,6,10,11,,,2,4,6,3,4,0,2,68,
2026-09-13 18:00:00,2026-09-16 18:00:00,NBS,72,64,50,8,63.0,,29.0,,,13.0,,,27,100,93,9,8,0,0,0,49,0.0,140,0.0,27,KMDW,,15,6,10,8,,,3,5,8,3,11,3,3,70,
2026-09-14 00:00:00,2026-09-14 06:00:00,NBS,60,51,330,5,0.0,,0.0,,15.0,1.0,,,-88,100,5,5,0,0,0,0,0,0.0,78,0.0,-88,KMDW,,4,35,7,0,,,2,2,7,2,1,3,2,56,15/1
2026-09-14 00:00:00,2026-09-14 09:00:00,NBS,58,50,340,4,,,,,,,,,-88,100,3,5,0,0,0,0,0,,74,,-88,KMDW,,4,35,6,0,,,2,2,5,2,0,3,2,55,
2026-09-14 00:00:00,2026-09-14 12:00:00,NBS,57,50,360,2,0.0,0.0,0.0,0.0,,0.0,,1.0,-88,100,11,3,0,0,0,0,0,0.0,75,0.0,38,KMDW,0.0,4,1,5,3,57.0,3.0,2,2,21,2,0,5,2,55,
2026-09-14 00:00:00,2026-09-14 15:00:00,NBS,68,49,140,7,,,,,,,,,-88,100,18,8,0,0,0,0,0,,77,,70,KMDW,,32,14,7,50,,,1,2,19,3,0,0,3,62,
2026-09-14 00:00:00,2026-09-14 18:00:00,NBS,73,47,130,10,0.0,,0.0,,,0.0,,,-88,100,43,12,0,0,0,0,0,0.0,95,0.0,270,KMDW,,43,15,10,68,,,2,2,38,3,0,0,2,67,
2026-09-14 00:00:00,2026-09-14 21:00:00,NBS,74,47,130,11,,,,,,,,,260,100,58,14,0,0,0,0,0,,130,,190,KMDW,,39,15,11,36,,,2,2,34,3,0,0,2,66,
2026-09-14 00:00:00,2026-09-15 00:00:00,NBS,72,48,150,13,2.0,0.0,0.0,0.0,,0.0,,0.0,220,100,62,17,0,0,0,0,4,0.0,140,0.0,150,KMDW,0.0,17,16,13,8,75.0,2.0,3,3,29,4,0,0,2,63,
2026-09-14 00:00:00,2026-09-15 03:00:00,NBS,69,49,150,15,,,,,,,,,-88,100,50,22,1,0,0,0,1,,140,,120,KMDW,,6,16,16,0,,,3,3,44,4,0,0,2,62,
2026-09-14 00:00:00,2026-09-15 06:00:00,NBS,69,52,170,14,3.0,,0.0,,,3.0,,,180,100,65,21,3,0,0,0,1,0.0,140,0.0,150,KMDW,,5,18,17,0,,,3,3,37,3,0,0,2,61,
2026-09-14 00:00:00,2026-09-15 09:00:00,NBS,70,55,190,15,,,,,,,,,140,100,81,23,9,0,0,0,4,,140,,100,KMDW,,5,19,18,0,,,4,4,14,3,0,0,2,63,
2026-09-14 00:00:00,2026-09-15 12:00:00,NBS,70,60,210,13,38.0,38.0,0.0,0.0,,33.0,,33.0,80,100,75,18,19,0,0,0,27,0.0,140,0.0,70,KMDW,2.0,7,22,13,1,68.0,3.0,4,5,28,5,0,0,3,66,
2026-09-14 00:00:00,2026-09-15 15:00:00,NBS,76,64,220,12,,,,,,,,,90,100,84,17,15,0,0,0,17,,140,,50,KMDW,,15,23,14,35,,,4,5,13,4,6,2,2,72,
2026-09-14 00:00:00,2026-09-15 18:00:00,NBS,83,68,230,12,57.0,,4.0,,,24.0,,,60,100,64,18,8,0,0,0,18,0.0,140,0.0,27,KMDW,,18,24,12,33,,,5,3,32,6,5,0,3,79,
2026-09-14 00:00:00,2026-09-15 21:00:00,NBS,84,68,260,10,,,,,,,,,90,100,62,13,10,0,0,0,20,,140,,39,KMDW,,21,27,10,22,,,5,3,27,5,0,2,3,77,
2026-09-14 00:00:00,2026-09-16 00:00:00,NBS,78,67,330,8,26.0,68.0,1.0,5.0,,19.0,,26.0,90,100,76,9,12,0,0,0,26,0.0,140,0.0,37,KMDW,1.0,8,33,8,8,86.0,4.0,4,5,25,4,0,1,3,73,
2026-09-14 00:00:00,2026-09-16 03:00:00,NBS,73,65,360,8,,,,,,,,,90,100,81,8,12,0,0,0,32,,140,,70,KMDW,,7,35,8,0,,,3,6,24,3,5,3,3,69,
2026-09-14 00:00:00,2026-09-16 06:00:00,NBS,70,64,10,7,56.0,,18.0,,,19.0,,,60,80,81,8,8,0,0,0,40,0.0,140,0.0,60,KMDW,,15,1,10,0,,,3,6,25,3,14,8,2,67,
2026-09-14 00:00:00,2026-09-16 09:00:00,NBS,69,63,30,8,,,,,,,,,60,100,83,8,6,0,0,0,60,,140,,60,KMDW,,13,3,11,0,,,2,5,24,3,13,5,2,66,
2026-09-14 00:00:00,2026-09-16 12:00:00,NBS,68,64,40,9,60.0,73.0,13.0,31.0,,13.0,,19.0,60,90,87,9,6,0,0,0,60,0.0,140,0.0,45,KMDW,5.0,10,4,9,0,67.0,2.0,2,4,12,3,11,9,3,66,
2026-09-14 00:00:00,2026-09-16 15:00:00,NBS,71,63,50,9,,,,,,,,,60,100,89,11,5,0,0,0,44,,140,,40,KMDW,,16,5,9,6,,,2,5,12,3,10,4,2,68,
2026-09-14 00:00:00,2026-09-16 18:00:00,NBS,72,63,50,9,62.0,,27.0,,,9.0,,,33,100,93,10,4,0,0,0,44,0.0,140,0.0,33,KMDW,,16,7,9,6,,,3,5,10,3,14,3,2,69,
2026-09-14 00:00:00,2026-09-16 21:00:00,NBS,72,64,60,9,,,,,,,,,13,100,88,11,8,0,0,0,20,,140,,13,KMDW,,13,6,9,7,,,4,5,10,4,18,7,2,69,
2026-09-14 00:00:00,2026-09-17 00:00:00,NBS,70,64,40,9,38.0,69.0,6.0,33.0,,15.0,,15.0,8,40,90,10,10,0,0,0,20,0.0,140,0.0,8,KMDW,5.0,11,5,9,5,74.0,4.0,3,5,8,4,25,14,3,67,
2026-09-14 06:00:00,2026-09-14 12:00:00,NBS,57,50,360,2,0.0,,0.0,,15.0,0.0,13.0,,-88,100,2,3,0,0,0,0,0,0.0,75,0.0,30,KMDW,,4,2,4,3,,,2,2,2,2,0,0,2,55,15/0
2026-09-14 06:00:00,2026-09-14 15:00:00,NBS,68,50,130,6,,,,,,,,,-88,100,23,7,0,0,0,0,0,,86,,260,KMDW,,32,14,9,52,,,1,2,31,3,0,0,3,62,
2026-09-14 06:00:00,2026-09-14 18:00:00,NBS,73,47,140,9,0.0,,0.0,,,0.0,,,-88,100,54,11,0,0,0,0,0,0.0,110,0.0,200,KMDW,,41,14,9,73,,,2,2,35,3,0,0,2,66,
2026-09-14 06:00:00,2026-09-14 21:00:00,NBS,74,48,140,10,,,,,,,,,210,100,64,13,0,0,0,0,0,,130,,140,KMDW,,38,16,10,40,,,2,2,28,3,0,0,2,66,
2026-09-14 06:00:00,2026-09-15 00:00:00,NBS,72,48,150,13,2.0,0.0,0.0,0.0,,0.0,,0.0,-88,100,54,17,0,0,0,0,0,0.0,140,0.0,180,KMDW,0.0,13,15,13,7,75.0,2.0,3,2,29,4,0,0,2,63,
2026-09-14 06:00:00,2026-09-15 03:00:00,NBS,69,50,150,14,,,,,,,,,-88,100,52,21,1,0,0,0,0,,140,,100,KMDW,,6,16,14,0,,,3,3,38,4,0,0,2,62,
2026-09-14 06:00:00,2026-09-15 06:00:00,NBS,68,52,170,14,5.0,,0.0,,,5.0,,,280,100,65,20,4,0,0,0,0,0.0,140,0.0,170,KMDW,,5,18,17,0,,,3,2,31,3,0,0,2,61,
2026-09-14 06:00:00,2026-09-15 09:00:00,NBS,70,54,190,14,,,,,,,,,110,100,77,22,9,0,0,0,6,,140,,90,KMDW,,5,19,17,0,,,3,3,28,3,0,0,2,63,
2026-09-14 06:00:00,2026-09-15 12:00:00,NBS,70,59,210,13,44.0,19.0,0.0,0.0,,27.0,,27.0,70,100,86,19,16,0,0,0,51,0.0,140,0.0,46,KMDW,2.0,7,23,13,0,67.0,3.0,3,4,19,5,0,0,3,65,
2026-09-14 06:00:00,2026-09-15 15:00:00,NBS,75,63,210,12,,,,,,,,,60,100,73,18,15,0,0,0,35,,140,,50,KMDW,,14,22,12,22,,,4,4,22,4,3,0,2,70,
2026-09-14 06:00:00,2026-09-15 18:00:00,NBS,81,68,220,13,50.0,,2.0,,,24.0,,,35,100,60,19,10,0,0,0,38,0.0,140,0.0,35,KMDW,,21,24,14,33,,,4,3,30,5,0,0,3,78,
2026-09-14 06:00:00,2026-09-15 21:00:00,NBS,82,68,260,9,,,,,,,,,-88,100,51,12,11,0,0,0,20,,140,,29,KMDW,,29,26,10,32,,,4,4,38,4,3,0,2,77,
2026-09-14 06:00:00,2026-09-16 00:00:00,NBS,77,66,310,9,34.0,62.0,4.0,6.0,,20.0,,27.0,100,100,89,9,13,0,0,0,19,0.0,140,0.0,33,KMDW,2.0,12,30,9,7,84.0,4.0,4,6,10,4,2,0,3,72,
2026-09-14 06:00:00,2026-09-16 03:00:00,NBS,73,65,350,7,,,,,,,,,100,100,73,7,13,0,0,0,27,,140,,41,KMDW,,8,35,7,0,,,3,6,25,3,6,4,3,68,
2026-09-14 06:00:00,2026-09-16 06:00:00,NBS,70,63,10,7,43.0,,11.0,,,22.0,,,60,70,79,7,10,0,0,0,27,0.0,140,0.0,50,KMDW,,9,1,10,0,,,3,5,36,3,14,9,2,67,
2026-09-14 06:00:00,2026-09-16 09:00:00,NBS,69,63,30,8,,,,,,,,,60,100,86,8,7,0,0,0,41,,140,,60,KMDW,,10,4,10,0,,,2,4,13,3,14,6,2,65,
2026-09-14 06:00:00,2026-09-16 12:00:00,NBS,68,64,50,8,54.0,72.0,11.0,22.0,,14.0,,22.0,44,80,79,9,6,0,0,0,36,0.0,140,0.0,44,KMDW,4.0,12,6,8,2,66.0,3.0,2,3,28,3,15,10,2,66,
2026-09-14 06:00:00,2026-09-16 15:00:00,NBS,71,63,50,9,,,,,,,,,18,100,91,10,4,0,0,0,82,,140,,18,KMDW,,20,5,9,20,,,3,4,6,4,21,6,3,68,
2026-09-14 06:00:00,2026-09-16 18:00:00,NBS,72,64,50,8,66.0,,13.0,,,8.0,,,14,100,89,10,4,0,0,0,90,0.0,140,0.0,14,KMDW,,18,4,9,13,,,4,4,10,4,21,4,3,70,
2026-09-14 06:00:00,2026-09-16 21:00:00,NBS,72,64,50,8,,,,,,,,,13,40,72,9,7,0,0,0,41,,140,,13,KMDW,,17,6,8,9,,,4,4,26,4,22,12,2,69,
2026-09-14 06:00:00,2026-09-17 00:00:00,NBS,70,65,60,9,46.0,76.0,2.0,15.0,,13.0,,13.0,16,40,78,9,9,0,0,0,41,0.0,140,0.0,16,KMDW,4.0,11,8,9,6,74.0,3.0,3,4,20,4,27,15,2,68,
2026-09-14 06:00:00,2026-09-17 03:00:00,NBS,70,67,80,7,,,,,,,,,5,30,75,7,8,0,0,0,26,,140,,5,KMDW,,5,10,7,0,,,3,3,21,4,31,13,3,69,
2026-09-14 06:00:00,2026-09-17 06:00:00,NBS,71,69,110,6,19.0,,1.0,,,15.0,,,3,20,78,6,7,0,0,0,28,0.0,140,0.0,3,KMDW,,9,15,6,0,,,4,3,20,4,33,16,3,69,
2026-09-14 12:00:00,2026-09-14 18:00:00,NBS,73,48,140,9,0.0,,0.0,,28.0,0.0,,,-88,100,45,10,0,0,0,0,0,0.0,110,0.0,170,KMDW,,39,14,9,74,,,1,2,31,3,0,0,2,68,28/0
2026-09-14 12:00:00,2026-09-14 21:00:00,NBS,75,48,140,10,,,,,,,,,160,100,61,13,0,0,0,0,0,,130,,120,KMDW,,37,16,12,42,,,2,2,28,3,0,0,1,66,
2026-09-14 12:00:00,2026-09-15 00:00:00,NBS,72,49,150,12,3.0,0.0,0.0,0.0,,0.0,,0.0,-88,100,54,17,0,0,0,0,0,0.0,140,0.0,90,KMDW,0.0,12,15,13,7,75.0,2.0,2,3,34,3,0,0,2,62,
2026-09-14 12:00:00,2026-09-15 03:00:00,NBS,69,50,150,14,,,,,,,,,-88,100,33,21,0,0,0,0,0,,140,,160,KMDW,,5,16,15,0,,,2,3,32,3,0,0,2,62,
2026-09-14 12:00:00,2026-09-15 06:00:00,NBS,69,52,170,14,2.0,,0.0,,,2.0,,,-88,100,53,21,2,0,0,0,2,0.0,130,0.0,190,KMDW,,4,18,17,0,,,2,3,33,3,0,0,2,62,
2026-09-14 12:00:00,2026-09-15 09:00:00,NBS,70,54,180,14,,,,,,,,,230,100,57,22,5,0,0,0,7,,140,,160,KMDW,,5,19,17,0,,,3,3,34,3,0,0,2,63,
2026-09-14 12:00:00,2026-09-15 12:00:00,NBS,70,59,210,12,53.0,53.0,2.0,2.0,,24.0,,24.0,110,100,80,18,14,0,0,0,40,0.0,140,0.0,80,KMDW,2.0,6,22,12,1,67.0,2.0,3,4,16,5,0,0,3,66,
2026-09-14 12:00:00,2026-09-15 15:00:00,NBS,75,64,210,12,,,,,,,,,70,100,81,18,15,0,0,0,43,,140,,60,KMDW,,15,22,13,41,,,4,4,22,4,0,1,2,71,
2026-09-14 12:00:00,2026-09-15 18:00:00,NBS,80,68,230,12,72.0,,16.0,,,23.0,,,60,100,73,19,9,0,0,0,34,0.0,140,0.0,60,KMDW,,21,25,13,48,,,4,3,28,5,1,0,3,77,
2026-09-14 12:00:00,2026-09-15 21:00:00,NBS,82,69,260,9,,,,,,,,,-88,100,55,12,10,0,0,0,18,,140,,60,KMDW,,29,27,11,30,,,4,4,38,4,0,0,2,77,
2026-09-14 12:00:00,2026-09-16 00:00:00,NBS,77,67,310,8,36.0,78.0,1.0,17.0,,26.0,,29.0,90,100,80,9,18,0,0,0,26,0.0,140,0.0,70,KMDW,9.0,11,30,8,4,84.0,4.0,4,5,19,4,0,0,3,72,
2026-09-14 12:00:00,2026-09-16 03:00:00,NBS,73,65,340,7,,,,,,,,,90,100,69,7,15,0,0,0,24,,140,,46,KMDW,,12,35,7,0,,,3,6,26,3,5,2,3,69,
2026-09-14 12:00:00,2026-09-16 06:00:00,NBS,70,63,10,7,36.0,,8.0,,,26.0,,,90,100,68,8,12,0,0,0,34,0.0,140,0.0,42,KMDW,,12,1,9,0,,,3,5,36,3,10,6,3,67,
2026-09-14 12:00:00,2026-09-16 09:00:00,NBS,69,63,30,8,,,,,,,,,100,100,74,9,9,0,0,0,27,,140,,45,KMDW,,13,4,11,0,,,2,4,30,3,8,0,2,66,
2026-09-14 12:00:00,2026-09-16 12:00:00,NBS,69,64,50,8,43.0,56.0,7.0,15.0,,16.0,,26.0,50,100,71,9,7,0,0,0,28,0.0,150,0.0,50,KMDW,4.0,13,7,10,0,67.0,3.0,2,3,29,3,11,7,2,66,
2026-09-14 12:00:00,2026-09-16 15:00:00,NBS,71,63,50,9,,,,,,,,,90,100,88,10,5,0,0,0,40,,140,,80,KMDW,,21,7,9,12,,,2,4,14,3,6,0,2,67,
2026-09-14 12:00:00,2026-09-16 18:00:00,NBS,72,64,50,8,57.0,,6.0,,,9.0,,,50,100,90,9,4,0,0,0,40,0.0,140,0.0,50,KMDW,,21,6,8,21,,,3,4,15,4,8,0,3,70,
2026-09-14 12:00:00,2026-09-16 21:00:00,NBS,72,65,40,8,,,,,,,,,46,100,86,9,9,0,0,0,27,,140,,41,KMDW,,16,5,8,4,,,4,4,12,4,5,0,2,70,
2026-09-14 12:00:00,2026-09-17 00:00:00,NBS,71,65,60,8,21.0,64.0,1.0,7.0,,17.0,,17.0,45,100,84,9,11,0,0,0,20,0.0,140,0.0,36,KMDW,2.0,11,6,8,3,74.0,3.0,3,4,12,3,0,0,2,68,
2026-09-14 12:00:00,2026-09-17 03:00:00,NBS,71,67,70,6,,,,,,,,,46,100,83,6,7,0,0,0,35,,140,,17,KMDW,,6,9,6,0,,,3,4,12,4,6,0,3,68,
2026-09-14 12:00:00,2026-09-17 06:00:00,NBS,71,69,110,5,15.0,,0.0,,,13.0,,,50,80,80,6,7,0,0,0,35,0.0,140,0.0,50,KMDW,,5,15,5,0,,,4,4,16,4,9,7,3,69,
2026-09-14 12:00:00,2026-09-17 09:00:00,NBS,72,70,230,6,,,,,,,,,60,30,66,6,13,0,0,0,42,,140,,50,KMDW,,4,22,6,0,,,4,3,23,5,16,14,4,71,
2026-09-14 12:00:00,2026-09-17 12:00:00,NBS,71,70,210,6,47.0,53.0,14.0,14.0,,28.0,,28.0,50,20,78,7,14,0,0,0,44,0.0,140,0.0,49,KMDW,4.0,4,21,6,0,68.0,4.0,4,3,15,5,20,19,4,71,
2026-09-14 18:00:00,2026-09-15 00:00:00,NBS,71,48,150,12,0.0,,0.0,,15.0,1.0,25.0,,-88,100,41,16,0,0,0,0,0,0.0,140,0.0,100,KMDW,,11,15,12,5,,,2,2,33,4,0,0,2,62,15/1
2026-09-14 18:00:00,2026-09-15 03:00:00,NBS,68,49,160,14,,,,,,,,,-88,100,36,21,1,0,0,0,5,,140,,80,KMDW,,5,17,14,0,,,2,3,39,3,0,0,2,61,
2026-09-14 18:00:00,2026-09-15 06:00:00,NBS,68,51,170,14,3.0,,0.0,,,4.0,,,-88,100,55,20,4,0,0,0,0,0.0,130,0.0,160,KMDW,,5,18,17,0,,,2,2,36,3,0,0,2,61,
2026-09-14 18:00:00,2026-09-15 09:00:00,NBS,70,54,190,14,,,,,,,,,130,100,70,22,7,0,0,0,9,,130,,100,KMDW,,5,19,17,0,,,2,2,26,4,0,0,2,63,
2026-09-14 18:00:00,2026-09-15 12:00:00,NBS,70,58,210,12,43.0,26.0,0.0,0.0,,28.0,,28.0,80,100,61,17,16,0,0,0,46,0.0,140,0.0,70,KMDW,2.0,6,21,12,1,67.0,2.0,3,3,35,5,0,0,3,65,
2026-09-14 18:00:00,2026-09-15 15:00:00,NBS,75,63,210,11,,,,,,,,,90,100,78,16,17,0,0,0,44,,140,,100,KMDW,,12,22,13,22,,,3,4,21,5,2,1,3,70,
2026-09-14 18:00:00,2026-09-15 18:00:00,NBS,82,68,240,11,49.0,,8.0,,,26.0,,,-88,100,49,17,9,0,0,0,13,0.0,140,0.0,70,KMDW,,26,24,13,42,,,4,2,26,4,2,0,2,79,
2026-09-14 18:00:00,2026-09-15 21:00:00,NBS,84,69,270,10,,,,,,,,,-88,100,37,13,11,0,0,0,17,,140,,80,KMDW,,29,27,11,22,,,4,2,31,4,0,0,2,79,
2026-09-14 18:00:00,2026-09-16 00:00:00,NBS,78,69,300,7,45.0,71.0,12.0,20.0,,24.0,,31.0,80,100,67,8,18,0,0,0,21,0.0,140,0.0,120,KMDW,6.0,10,29,7,7,85.0,4.0,3,4,27,4,0,0,3,74,
2026-09-14 18:00:00,2026-09-16 03:00:00,NBS,74,68,330,7,,,,,,,,,60,80,69,7,18,0,0,0,28,,140,,140,KMDW,,5,35,7,0,,,2,5,27,3,2,3,2,71,
2026-09-14 18:00:00,2026-09-16 06:00:00,NBS,71,65,10,8,51.0,,6.0,,,29.0,,,22,60,67,8,13,0,0,0,31,0.0,140,0.0,130,KMDW,,5,1,9,0,,,2,6,28,3,10,9,2,68,
2026-09-14 18:00:00,2026-09-16 09:00:00,NBS,70,64,20,8,,,,,,,,,27,100,77,9,12,0,0,0,23,,140,,27,KMDW,,7,3,9,0,,,2,4,28,3,15,2,2,67,
2026-09-14 18:00:00,2026-09-16 12:00:00,NBS,69,64,40,8,52.0,65.0,16.0,22.0,,22.0,,29.0,31,100,64,9,10,0,0,0,23,0.0,140,0.0,31,KMDW,4.0,9,6,8,0,68.0,2.0,2,3,26,3,12,4,2,67,
2026-09-14 18:00:00,2026-09-16 15:00:00,NBS,72,64,60,9,,,,,,,,,30,100,84,10,6,0,0,0,46,,150,,30,KMDW,,19,6,9,17,,,2,4,20,3,15,2,2,68,
2026-09-14 18:00:00,2026-09-16 18:00:00,NBS,73,64,60,8,48.0,,7.0,,,11.0,,,15,90,68,9,4,0,0,0,27,0.0,140,0.0,15,KMDW,,21,7,8,34,,,3,5,29,4,22,6,3,72,
2026-09-14 18:00:00,2026-09-16 21:00:00,NBS,73,65,50,8,,,,,,,,,18,100,80,9,9,0,0,0,49,,140,,18,KMDW,,14,6,8,24,,,4,5,18,4,18,7,2,70,
2026-09-14 18:00:00,2026-09-17 00:00:00,NBS,70,65,60,8,24.0,67.0,1.0,8.0,,16.0,,16.0,15,100,80,9,10,0,0,0,25,0.0,150,0.0,15,KMDW,1.0,11,7,8,4,75.0,3.0,3,4,18,3,19,8,2,68,
2026-09-14 18:00:00,2026-09-17 03:00:00,NBS,71,67,80,5,,,,,,,,,8,40,80,6,8,0,0,0,53,,140,,8,KMDW,,9,10,6,0,,,3,3,18,3,29,10,2,69,
2026-09-14 18:00:00,2026-09-17 06:00:00,NBS,70,68,130,4,12.0,,0.0,,,16.0,,,5,30,81,4,9,0,0,0,53,0.0,140,0.0,5,KMDW,,8,16,6,0,,,3,3,17,3,33,11,3,69,
2026-09-14 18:00:00,2026-09-17 09:00:00,NBS,70,69,220,4,,,,,,,,,3,10,75,4,11,0,0,0,42,,140,,3,KMDW,,5,24,6,0,,,4,3,17,3,39,16,3,69,
2026-09-14 18:00:00,2026-09-17 12:00:00,NBS,71,70,200,5,60.0,65.0,20.0,20.0,,25.0,,25.0,3,10,79,5,13,0,0,0,53,0.0,140,0.0,3,KMDW,4.0,4,24,6,0,68.0,4.0,3,3,15,4,42,25,3,71,
2026-09-14 18:00:00,2026-09-17 15:00:00,NBS,75,71,280,5,,,,,,,,,15,70,76,6,8,0,0,0,64,,150,,15,KMDW,,15,31,7,17,,,4,3,20,4,26,8,3,74,
2026-09-14 18:00:00,2026-09-17 18:00:00,NBS,79,71,320,5,65.0,,19.0,,,15.0,,,15,100,86,6,6,0,0,0,47,0.0,140,0.0,15,KMDW,,29,31,6,31,,,4,3,13,4,17,5,3,77,
2026-09-15 00:00:00,2026-09-15 06:00:00,NBS,68,52,170,14,3.0,,0.0,,15.0,4.0,,,-88,100,45,20,4,0,0,0,2,0.0,130,0.0,120,KMDW,,4,18,18,0,,,2,2,38,4,0,0,2,61,15/4
2026-09-15 00:00:00,2026-09-15 09:00:00,NBS,69,54,190,14,,,,,,,,,130,100,60,22,8,0,0,0,14,,130,,90,KMDW,,4,19,16,0,,,2,2,38,4,0,0,2,63,
2026-09-15 00:00:00,2026-09-15 12:00:00,NBS,70,59,200,12,31.0,31.0,2.0,2.0,,24.0,,24.0,90,100,62,17,13,0,0,0,23,0.0,140,0.0,60,KMDW,2.0,5,20,12,2,67.0,2.0,2,3,37,5,0,0,3,65,
2026-09-15 00:00:00,2026-09-15 15:00:00,NBS,75,64,200,11,,,,,,,,,70,100,66,16,15,0,0,0,46,,140,,60,KMDW,,10,22,12,29,,,4,3,28,4,4,0,3,71,
2026-09-15 00:00:00,2026-09-15 18:00:00,NBS,82,68,230,12,55.0,,19.0,,,25.0,,,45,100,53,19,11,0,0,0,17,0.0,140,0.0,41,KMDW,,22,24,12,43,,,4,2,35,5,0,0,3,79,
2026-09-15 00:00:00,2026-09-15 21:00:00,NBS,85,70,260,10,,,,,,,,,-88,100,43,13,13,0,0,0,9,,140,,80,KMDW,,28,26,12,34,,,4,2,33,4,0,0,2,80,
2026-09-15 00:00:00,2026-09-16 00:00:00,NBS,78,69,320,8,45.0,77.0,4.0,23.0,,31.0,,31.0,90,100,59,8,22,0,0,0,18,0.0,140,0.0,80,KMDW,7.0,10,30,8,7,86.0,4.0,3,3,29,5,0,0,3,74,
2026-09-15 00:00:00,2026-09-16 03:00:00,NBS,74,67,340,7,,,,,,,,,90,100,83,8,24,0,0,0,17,,140,,80,KMDW,,5,36,7,0,,,3,5,25,3,0,3,2,71,
2026-09-15 00:00:00,2026-09-16 06:00:00,NBS,71,64,10,8,50.0,,11.0,,,39.0,,,60,70,64,9,16,0,0,0,17,0.0,140,0.0,60,KMDW,,5,2,10,0,,,2,5,27,3,6,8,2,68,
2026-09-15 00:00:00,2026-09-16 09:00:00,NBS,69,63,20,8,,,,,,,,,35,100,83,9,14,0,0,0,15,,140,,35,KMDW,,5,3,10,0,,,2,4,12,3,4,1,2,66,
2026-09-15 00:00:00,2026-09-16 12:00:00,NBS,69,64,40,8,39.0,59.0,10.0,21.0,,26.0,,39.0,27,100,52,9,10,0,0,0,32,0.0,140,0.0,27,KMDW,1.0,6,5,8,0,67.0,2.0,2,3,23,3,5,0,2,67,
2026-09-15 00:00:00,2026-09-16 15:00:00,NBS,71,64,50,9,,,,,,,,,30,100,81,10,7,0,0,0,53,,140,,30,KMDW,,18,5,9,18,,,2,3,19,3,14,1,2,68,
2026-09-15 00:00:00,2026-09-16 18:00:00,NBS,73,64,50,8,54.0,,9.0,,,11.0,,,13,100,86,9,5,0,0,0,28,0.0,140,0.0,13,KMDW,,22,5,10,12,,,3,4,13,3,16,3,3,71,
2026-09-15 00:00:00,2026-09-16 21:00:00,NBS,73,64,50,8,,,,,,,,,28,100,81,9,9,0,0,0,42,,150,,23,KMDW,,16,5,9,16,,,4,4,29,4,11,3,2,70,
2026-09-15 00:00:00,2026-09-17 00:00:00,NBS,70,64,50,8,22.0,61.0,1.0,10.0,,13.0,,15.0,50,100,79,9,6,0,0,0,19,0.0,150,0.0,39,KMDW,3.0,13,6,8,4,75.0,3.0,3,4,23,3,9,3,2,67,
2026-09-15 00:00:00,2026-09-17 03:00:00,NBS,70,66,70,5,,,,,,,,,42,100,78,6,7,0,0,0,21,,140,,34,KMDW,,6,8,6,0,,,3,3,16,3,13,4,2,68,
2026-09-15 00:00:00,2026-09-17 06:00:00,NBS,70,68,130,3,11.0,,0.0,,,18.0,,,23,30,80,4,11,0,0,0,22,0.0,140,0.0,23,KMDW,,6,13,5,0,,,3,3,15,3,23,13,3,68,
2026-09-15 00:00:00,2026-09-17 09:00:00,NBS,70,69,230,4,,,,,,,,,3,6,81,4,12,0,0,0,44,,140,,3,KMDW,,6,19,4,0,,,3,2,13,4,38,21,3,69,
2026-09-15 00:00:00,2026-09-17 12:00:00,NBS,71,70,180,4,56.0,58.0,14.0,14.0,,25.0,,25.0,3,10,79,4,11,0,0,0,49,0.0,140,0.0,3,KMDW,4.0,6,19,4,0,68.0,3.0,3,2,15,4,41,26,3,70,
2026-09-15 00:00:00,2026-09-17 15:00:00,NBS,75,72,310,5,,,,,,,,,7,30,84,5,7,0,0,0,60,,140,,7,KMDW,,12,25,5,20,,,3,2,16,4,30,11,3,74,
2026-09-15 00:00:00,2026-09-17 18:00:00,NBS,79,71,340,5,67.0,,14.0,,,14.0,,,15,90,86,5,7,0,0,0,61,0.0,140,0.0,10,KMDW,,21,33,7,25,,,4,2,13,4,21,7,3,77,
2026-09-15 00:00:00,2026-09-17 21:00:00,NBS,78,70,20,8,,,,,,,,,16,90,87,8,9,0,0,0,40,,140,,10,KMDW,,17,3,8,23,,,5,3,9,4,17,8,3,75,
2026-09-15 00:00:00,2026-09-18 00:00:00,NBS,73,68,30,8,13.0,69.0,1.0,15.0,,15.0,,18.0,14,50,76,9,8,0,0,0,41,0.0,130,0.0,14,KMDW,4.0,13,2,8,14,80.0,4.0,4,4,10,3,18,10,3,70,
