question,horizon,condition,fresh_probability,authors_panel_median,fresh_paired_multiplier,authors_panel_paired_multiplier
ladder:ai:100,6mo,unconditional,0.96,0.91,1.0,1.0
ladder:ai:100,6mo,sq,0.96,0.9105000000000001,1.0,1.0005433306567684
ladder:ai:100,6mo,p1,0.96,0.9155,1.0,1.0060865494218358
ladder:ai:100,6mo,p2a,0.955,0.9,0.9947916666666666,0.9888264649460884
ladder:ai:100,6mo,p2b,0.94,0.8895,0.9791666666666666,0.9769938117575568
ladder:ai:100,6mo,p3a,0.95,0.89,0.9895833333333334,0.9767531845997386
ladder:ai:100,6mo,p3b,0.94,0.8745,0.9791666666666666,0.9593126194074515
ladder:ai:100,6mo,p4,0.95,0.895,0.9895833333333334,0.9816384441777529
ladder:ai:100,6mo,p5,0.92,0.859,0.9583333333333334,0.940822086704181
ladder:ai:100,6mo,eci_p10,0.95,0.8734999999999999,0.9895833333333334,0.9583001519808654
ladder:ai:100,6mo,eci_p25,0.955,0.8895,0.9947916666666666,0.9764957038559477
ladder:ai:100,6mo,eci_p50,0.96,0.905,1.0,1.0
ladder:ai:100,6mo,eci_p75,0.968,0.9255,1.0083333333333333,1.0175995145094285
ladder:ai:100,6mo,eci_p90,0.975,0.938,1.015625,1.0349675814907644
ladder:ai:100,12mo,unconditional,0.98,0.9675,1.0,1.0
ladder:ai:100,12mo,sq,0.98,0.968,1.0,1.0015432025825945
ladder:ai:100,12mo,p1,0.98,0.9675,1.0,1.0025529783695362
ladder:ai:100,12mo,p2a,0.978,0.9664999999999999,0.9979591836734694,0.997440487228372
ladder:ai:100,12mo,p2b,0.97,0.963,0.9897959183673469,0.9938423444680776
ladder:ai:100,12mo,p3a,0.975,0.9615,0.9948979591836735,0.9917926529028398
ladder:ai:100,12mo,p3b,0.968,0.9544999999999999,0.9877551020408163,0.9850676622700445
ladder:ai:100,12mo,p4,0.975,0.9624999999999999,0.9948979591836735,0.9923122245247308
ladder:ai:100,12mo,p5,0.955,0.944,0.9744897959183674,0.9741350838329315
ladder:ai:100,12mo,eci_p10,0.972,0.949,0.9918367346938776,0.9793583656928777
ladder:ai:100,12mo,eci_p25,0.976,0.962,0.9959183673469387,0.9928140541312035
ladder:ai:100,12mo,eci_p50,0.98,0.9675,1.0,1.0
ladder:ai:100,12mo,eci_p75,0.984,0.9684999999999999,1.0040816326530613,1.0051137779097286
ladder:ai:100,12mo,eci_p90,0.988,0.969,1.0081632653061225,1.0101950028010076
ladder:ai:100,2028,unconditional,0.99,0.9915,1.0,1.0
ladder:ai:100,2028,sq,0.99,0.993,1.0,1.0005008765653411
ladder:ai:100,2028,p1,0.99,0.9935,1.0,1.000601021791213
ladder:ai:100,2028,p2a,0.989,0.9914000000000001,0.998989898989899,0.999398212894338
ladder:ai:100,2028,p2b,0.985,0.99135,0.9949494949494949,0.9988465761170886
ladder:ai:100,2028,p3a,0.988,0.9913000000000001,0.997979797979798,0.9987962652612319
ladder:ai:100,2028,p3b,0.983,0.9913000000000001,0.9929292929292929,0.9972909196201044
ladder:ai:100,2028,p4,0.988,0.9912,0.997979797979798,0.9986956359460541
ladder:ai:100,2028,p5,0.975,0.987,0.9848484848484849,0.992963747834773
ladder:ai:100,2028,eci_p10,0.986,0.99,0.9959595959595959,0.9959834114133684
ladder:ai:100,2028,eci_p25,0.988,0.9913000000000001,0.997979797979798,0.9987962652612319
ladder:ai:100,2028,eci_p50,0.99,0.9915,1.0,1.0
ladder:ai:100,2028,eci_p75,0.993,0.9937,1.003030303030303,1.000802532420945
ladder:ai:100,2028,eci_p90,0.995,0.9954000000000001,1.005050505050505,1.0012544225229345
ladder:ai:100,2030,unconditional,0.995,0.9975,1.0,1.0
ladder:ai:100,2030,sq,0.995,0.99775,1.0,1.0001002662607548
ladder:ai:100,2030,p1,0.995,0.99785,1.0,1.0000750196927748
ladder:ai:100,2030,p2a,0.994,0.9969,0.9989949748743718,0.9997996690882525
ladder:ai:100,2030,p2b,0.99,0.9959,0.9949748743718593,0.9990491625375323
ladder:ai:100,2030,p3a,0.993,0.9964,0.9979899497487437,0.9990491625375323
ladder:ai:100,2030,p3b,0.99,0.9954000000000001,0.9949748743718593,0.997997545404245
ladder:ai:100,2030,p4,0.993,0.9963500000000001,0.9979899497487437,0.9989990484614787
ladder:ai:100,2030,p5,0.985,0.9943500000000001,0.9899497487437185,0.9968449806217945
ladder:ai:100,2030,eci_p10,0.992,0.99575,0.9969849246231156,0.9989987462584199
ladder:ai:100,2030,eci_p25,0.994,0.99695,0.9989949748743718,0.9995995987380591
ladder:ai:100,2030,eci_p50,0.995,0.9975,1.0,1.0
ladder:ai:100,2030,eci_p75,0.996,0.99805,1.0010050251256282,1.0001001654558461
ladder:ai:100,2030,eci_p90,0.997,0.99835,1.0020100502512563,1.0002504800922272
ladder:ai:100,2050,unconditional,0.997,0.9994000000000001,1.0,1.0
ladder:ai:100,2050,sq,0.997,0.999425,1.0,1.0000350053884617
ladder:ai:100,2050,p1,0.997,0.99945,1.0,1.000015000637528
ladder:ai:100,2050,p2a,0.996,0.9993000000000001,0.9989969909729187,0.9999249884351948
ladder:ai:100,2050,p2b,0.994,0.9992000000000001,0.9969909729187563,0.9998998497495479
ladder:ai:100,2050,p3a,0.996,0.99925,0.9989969909729187,0.9998999474498238
ladder:ai:100,2050,p3b,0.994,0.99915,0.9969909729187563,0.9998248907433372
ladder:ai:100,2050,p4,0.996,0.99925,0.9989969909729187,0.9998999474498238
ladder:ai:100,2050,p5,0.99,0.9984,0.9929789368104313,0.9996748808454025
ladder:ai:100,2050,eci_p10,0.996,0.9992,0.9989969909729187,0.9998748957392795
ladder:ai:100,2050,eci_p25,0.996,0.9993000000000001,0.9989969909729187,0.9999749984373985
ladder:ai:100,2050,eci_p50,0.997,0.9994000000000001,1.0,1.0
ladder:ai:100,2050,eci_p75,0.997,0.99945,1.0,1.0000100004500205
ladder:ai:100,2050,eci_p90,0.998,0.999475,1.0010030090270812,1.0000651003344927
ladder:ai:100,2100,unconditional,0.997,0.99945,1.0,1.0
ladder:ai:100,2100,sq,0.997,0.999465,1.0,1.0000050001375038
ladder:ai:100,2100,p1,0.997,0.999475,1.0,1.0000100002500065
ladder:ai:100,2100,p2a,0.996,0.999425,0.9989969909729187,0.9999899996499875
ladder:ai:100,2100,p2b,0.995,0.999375,0.9979939819458375,0.9999649983374103
ladder:ai:100,2100,p3a,0.996,0.9994000000000001,0.9989969909729187,0.9999649983374103
ladder:ai:100,2100,p3b,0.995,0.99935,0.9979939819458375,0.9998899481003718
ladder:ai:100,2100,p4,0.996,0.9994000000000001,0.9989969909729187,0.9999649983374103
ladder:ai:100,2100,p5,0.992,0.99895,0.9949849548645938,0.9998649467889523
ladder:ai:100,2100,eci_p10,0.996,0.99935,0.9989969909729187,0.9999149487866726
ladder:ai:100,2100,eci_p25,0.996,0.999425,0.9989969909729187,0.9999899996499875
ladder:ai:100,2100,eci_p50,0.997,0.99945,1.0,1.0
ladder:ai:100,2100,eci_p75,0.997,0.999475,1.0,1.0000050001375038
ladder:ai:100,2100,eci_p90,0.998,0.999485,1.0010030090270812,1.0000100002500065
ladder:ai:1k,6mo,unconditional,0.88,0.565,1.0,1.0
ladder:ai:1k,6mo,sq,0.89,0.565,1.0113636363636365,1.0047830816130865
ladder:ai:1k,6mo,p1,0.885,0.575,1.0056818181818181,1.0227157418288206
ladder:ai:1k,6mo,p2a,0.87,0.544,0.9886363636363636,0.9621404708847278
ladder:ai:1k,6mo,p2b,0.85,0.534,0.9659090909090908,0.9309186801440262
ladder:ai:1k,6mo,p3a,0.86,0.5165,0.9772727272727273,0.9335230053218836
ladder:ai:1k,6mo,p3b,0.84,0.4955,0.9545454545454545,0.8802472180218264
ladder:ai:1k,6mo,p4,0.865,0.518,0.9829545454545454,0.9284277149988694
ladder:ai:1k,6mo,p5,0.8,0.4655,0.9090909090909092,0.8044746653434695
ladder:ai:1k,6mo,eci_p10,0.85,0.48050000000000004,0.9659090909090908,0.855967883516972
ladder:ai:1k,6mo,eci_p25,0.865,0.5155000000000001,0.9829545454545454,0.9433393378458583
ladder:ai:1k,6mo,eci_p50,0.88,0.555,1.0,1.0
ladder:ai:1k,6mo,eci_p75,0.9,0.6055,1.0227272727272727,1.0799252680046365
ladder:ai:1k,6mo,eci_p90,0.92,0.6655,1.0454545454545454,1.1766371088167962
ladder:ai:1k,12mo,unconditional,0.93,0.7849999999999999,1.0,1.0
ladder:ai:1k,12mo,sq,0.94,0.79,1.010752688172043,1.0127805881336902
ladder:ai:1k,12mo,p1,0.935,0.8,1.0053763440860215,1.0225239330929936
ladder:ai:1k,12mo,p2a,0.92,0.7535,0.989247311827957,0.962515014103262
ladder:ai:1k,12mo,p2b,0.9,0.7170000000000001,0.9677419354838709,0.9108771415764942
ladder:ai:1k,12mo,p3a,0.915,0.71,0.9838709677419355,0.9240276364903129
ladder:ai:1k,12mo,p3b,0.895,0.667,0.9623655913978494,0.8706571888336726
ladder:ai:1k,12mo,p4,0.92,0.7235,0.989247311827957,0.9204734861450168
ladder:ai:1k,12mo,p5,0.86,0.61,0.9247311827956989,0.779680830226951
ladder:ai:1k,12mo,eci_p10,0.9,0.675,0.9677419354838709,0.8829433413369963
ladder:ai:1k,12mo,eci_p25,0.915,0.728,0.9838709677419355,0.9543811468663742
ladder:ai:1k,12mo,eci_p50,0.93,0.7749999999999999,1.0,1.0
ladder:ai:1k,12mo,eci_p75,0.945,0.8285,1.0161290322580645,1.0596574202705866
ladder:ai:1k,12mo,eci_p90,0.96,0.853,1.032258064516129,1.119744199805417
ladder:ai:1k,2028,unconditional,0.97,0.945,1.0,1.0
ladder:ai:1k,2028,sq,0.975,0.9524999999999999,1.0051546391752577,1.00791936967551
ladder:ai:1k,2028,p1,0.973,0.955,1.0030927835051546,1.0115458882258195
ladder:ai:1k,2028,p2a,0.965,0.9395,0.9948453608247423,0.9941936695793123
ladder:ai:1k,2028,p2b,0.95,0.922,0.979381443298969,0.9755923918920142
ladder:ai:1k,2028,p3a,0.96,0.9125000000000001,0.9896907216494846,0.9754147105407605
ladder:ai:1k,2028,p3b,0.945,0.891,0.9742268041237113,0.9514582993842452
ladder:ai:1k,2028,p4,0.962,0.923,0.9917525773195877,0.9766363647877115
ladder:ai:1k,2028,p5,0.92,0.8485,0.9484536082474228,0.9025864776719325
ladder:ai:1k,2028,eci_p10,0.95,0.896,0.979381443298969,0.9477621428962433
ladder:ai:1k,2028,eci_p25,0.96,0.926,0.9896907216494846,0.979887325835265
ladder:ai:1k,2028,eci_p50,0.97,0.943,1.0,1.0
ladder:ai:1k,2028,eci_p75,0.978,0.956,1.0082474226804123,1.0157940864072026
ladder:ai:1k,2028,eci_p90,0.986,0.967,1.0164948453608247,1.028966800422531
ladder:ai:1k,2030,unconditional,0.98,0.9824999999999999,1.0,1.0
ladder:ai:1k,2030,sq,0.983,0.985,1.0030612244897958,1.0040969095805248
ladder:ai:1k,2030,p1,0.982,0.9864999999999999,1.0020408163265306,1.0045619212840475
ladder:ai:1k,2030,p2a,0.977,0.9795,0.996938775510204,0.9979642739128453
ladder:ai:1k,2030,p2b,0.965,0.969,0.9846938775510203,0.9903238816951985
ladder:ai:1k,2030,p3a,0.973,0.9684999999999999,0.9928571428571429,0.9933452037824267
ladder:ai:1k,2030,p3b,0.962,0.962,0.9816326530612245,0.9866775085030668
ladder:ai:1k,2030,p4,0.975,0.9715,0.9948979591836735,0.9933452037824267
ladder:ai:1k,2030,p5,0.94,0.9405,0.9591836734693877,0.9643988915200363
ladder:ai:1k,2030,eci_p10,0.968,0.959,0.9877551020408163,0.9836021425540639
ladder:ai:1k,2030,eci_p25,0.975,0.9755,0.9948979591836735,0.9938507546574269
ladder:ai:1k,2030,eci_p50,0.98,0.9824999999999999,1.0,1.0
ladder:ai:1k,2030,eci_p75,0.986,0.987,1.006122448979592,1.00560685961338
ladder:ai:1k,2030,eci_p90,0.991,0.9895,1.0112244897959184,1.010211185909265
ladder:ai:1k,2050,unconditional,0.99,0.9964999999999999,1.0,1.0
ladder:ai:1k,2050,sq,0.991,0.99715,1.001010101010101,1.0006523586886782
ladder:ai:1k,2050,p1,0.991,0.99705,1.001010101010101,1.0005515241273235
ladder:ai:1k,2050,p2a,0.988,0.9959,0.997979797979798,0.9995484927473912
ladder:ai:1k,2050,p2b,0.982,0.9946999999999999,0.9919191919191919,0.998595805692269
ladder:ai:1k,2050,p3a,0.986,0.9948,0.9959595959595959,0.9986460255019863
ladder:ai:1k,2050,p3b,0.98,0.9939,0.98989898989899,0.9973919929523003
ladder:ai:1k,2050,p4,0.987,0.9946999999999999,0.996969696969697,0.9986962427863819
ladder:ai:1k,2050,p5,0.965,0.9894499999999999,0.9747474747474747,0.9929203273817745
ladder:ai:1k,2050,eci_p10,0.984,0.994,0.9939393939393939,0.9970406660348379
ladder:ai:1k,2050,eci_p25,0.987,0.99545,0.996969696969697,0.9991472280557491
ladder:ai:1k,2050,eci_p50,0.99,0.9964999999999999,1.0,1.0
ladder:ai:1k,2050,eci_p75,0.993,0.9973000000000001,1.003030303030303,1.0008024896586316
ladder:ai:1k,2050,eci_p90,0.995,0.9978,1.005050505050505,1.0013044130472206
ladder:ai:1k,2100,unconditional,0.99,0.9982500000000001,1.0,1.0
ladder:ai:1k,2100,sq,0.992,0.9984500000000001,1.002020202020202,1.0001500637779501
ladder:ai:1k,2100,p1,0.992,0.9984,1.002020202020202,1.0001501992315698
ladder:ai:1k,2100,p2a,0.989,0.9981,0.998989898989899,0.9998498082879682
ladder:ai:1k,2100,p2b,0.985,0.9979,0.9949494949494949,0.999549271905223
ladder:ai:1k,2100,p3a,0.988,0.99795,0.997979797979798,0.9996994736083482
ladder:ai:1k,2100,p3b,0.983,0.9974000000000001,0.9929292929292929,0.9993489209896573
ladder:ai:1k,2100,p4,0.988,0.99795,0.997979797979798,0.9996994736083482
ladder:ai:1k,2100,p5,0.97,0.99605,0.9797979797979798,0.9977969242582149
ladder:ai:1k,2100,eci_p10,0.986,0.99775,0.9959595959595959,0.9993488254945662
ladder:ai:1k,2100,eci_p25,0.988,0.99805,0.997979797979798,0.9996994886218515
ladder:ai:1k,2100,eci_p50,0.99,0.9982500000000001,1.0,1.0
ladder:ai:1k,2100,eci_p75,0.994,0.9984500000000001,1.004040404040404,1.0002000900410188
ladder:ai:1k,2100,eci_p90,0.996,0.998675,1.006060606060606,1.0003001363122785
ladder:ai:10k,6mo,unconditional,0.6,0.1,1.0,1.0
ladder:ai:10k,6mo,sq,0.63,0.10400000000000001,1.05,1.0046437631862803
ladder:ai:10k,6mo,p1,0.62,0.1065,1.0333333333333334,1.0129440041559827
ladder:ai:10k,6mo,p2a,0.58,0.093,0.9666666666666666,0.9255083233367793
ladder:ai:10k,6mo,p2b,0.52,0.0885,0.8666666666666668,0.8738628975053029
ladder:ai:10k,6mo,p3a,0.56,0.0895,0.9333333333333335,0.8906926143924925
ladder:ai:10k,6mo,p3b,0.5,0.084,0.8333333333333334,0.8287754140107483
ladder:ai:10k,6mo,p4,0.57,0.089,0.95,0.8876253645985948
ladder:ai:10k,6mo,p5,0.42,0.075,0.7000000000000001,0.726483157256779
ladder:ai:10k,6mo,eci_p10,0.5,0.0775,0.8333333333333334,0.7687061147858073
ladder:ai:10k,6mo,eci_p25,0.55,0.09,0.9166666666666667,0.8989331499509895
ladder:ai:10k,6mo,eci_p50,0.6,0.099,1.0,0.9908673886137245
ladder:ai:10k,6mo,eci_p75,0.68,0.11699999999999999,1.1333333333333335,1.1399539242859553
ladder:ai:10k,6mo,eci_p90,0.76,0.14150000000000001,1.2666666666666666,1.422048600513436
ladder:ai:10k,12mo,unconditional,0.75,0.21000000000000002,1.0,1.0
ladder:ai:10k,12mo,sq,0.78,0.2185,1.04,1.0099724480885626
ladder:ai:10k,12mo,p1,0.77,0.2235,1.0266666666666666,1.0166899904028592
ladder:ai:10k,12mo,p2a,0.73,0.1965,0.9733333333333333,0.9334686049158998
ladder:ai:10k,12mo,p2b,0.66,0.1855,0.88,0.8759410523960657
ladder:ai:10k,12mo,p3a,0.7,0.188,0.9333333333333332,0.8921373722185899
ladder:ai:10k,12mo,p3b,0.64,0.176,0.8533333333333334,0.8298411677160658
ladder:ai:10k,12mo,p4,0.72,0.186,0.96,0.8834333848426521
ladder:ai:10k,12mo,p5,0.55,0.1565,0.7333333333333334,0.7255092255537736
ladder:ai:10k,12mo,eci_p10,0.65,0.16699999999999998,0.8666666666666667,0.7920055096227091
ladder:ai:10k,12mo,eci_p25,0.7,0.191,0.9333333333333332,0.9090454534090341
ladder:ai:10k,12mo,eci_p50,0.75,0.20850000000000002,1.0,0.9931584145359875
ladder:ai:10k,12mo,eci_p75,0.82,0.2425,1.0933333333333333,1.1347431627705653
ladder:ai:10k,12mo,eci_p90,0.88,0.28800000000000003,1.1733333333333333,1.3717937825410136
ladder:ai:10k,2028,unconditional,0.9,0.5549999999999999,1.0,1.0
ladder:ai:10k,2028,sq,0.915,0.58,1.0166666666666666,1.0386139842426843
ladder:ai:10k,2028,p1,0.91,0.589,1.011111111111111,1.0515631811579094
ladder:ai:10k,2028,p2a,0.88,0.53,0.9777777777777777,0.9543926456422186
ladder:ai:10k,2028,p2b,0.83,0.502,0.9222222222222222,0.9005528555689499
ladder:ai:10k,2028,p3a,0.86,0.505,0.9555555555555555,0.9086442387617958
ladder:ai:10k,2028,p3b,0.81,0.47250000000000003,0.9,0.8469394554034327
ladder:ai:10k,2028,p4,0.875,0.5065,0.9722222222222222,0.9111647546682445
ladder:ai:10k,2028,p5,0.72,0.4245,0.7999999999999999,0.7537587443157132
ladder:ai:10k,2028,eci_p10,0.82,0.47450000000000003,0.911111111111111,0.852051754638739
ladder:ai:10k,2028,eci_p25,0.865,0.5195000000000001,0.9611111111111111,0.9354752044630884
ladder:ai:10k,2028,eci_p50,0.9,0.5525,1.0,0.9956803253779938
ladder:ai:10k,2028,eci_p75,0.935,0.612,1.038888888888889,1.103610918397533
ladder:ai:10k,2028,eci_p90,0.96,0.6735,1.0666666666666667,1.2146899596659255
ladder:ai:10k,2030,unconditional,0.94,0.77,1.0,1.0
ladder:ai:10k,2030,sq,0.95,0.799,1.0106382978723405,1.03794669098819
ladder:ai:10k,2030,p1,0.945,0.804,1.0053191489361701,1.0444791567383045
ladder:ai:10k,2030,p2a,0.925,0.7525,0.9840425531914895,0.9671683587392329
ladder:ai:10k,2030,p2b,0.88,0.7250000000000001,0.9361702127659575,0.9316477229483239
ladder:ai:10k,2030,p3a,0.91,0.7315,0.9680851063829788,0.9384730722386622
ladder:ai:10k,2030,p3b,0.86,0.7,0.9148936170212766,0.892825969258351
ladder:ai:10k,2030,p4,0.92,0.733,0.9787234042553192,0.9408610482930633
ladder:ai:10k,2030,p5,0.79,0.641,0.8404255319148937,0.8090946460961557
ladder:ai:10k,2030,eci_p10,0.88,0.6825,0.9361702127659575,0.8849420110206082
ladder:ai:10k,2030,eci_p25,0.91,0.736,0.9680851063829788,0.9555699472307785
ladder:ai:10k,2030,eci_p50,0.94,0.77,1.0,0.9981690555284882
ladder:ai:10k,2030,eci_p75,0.962,0.818,1.023404255319149,1.0626930204420288
ladder:ai:10k,2030,eci_p90,0.978,0.867,1.0404255319148936,1.1202772411534625
ladder:ai:10k,2050,unconditional,0.97,0.97,1.0,1.0
ladder:ai:10k,2050,sq,0.975,0.9804999999999999,1.0051546391752577,1.0051712042297245
ladder:ai:10k,2050,p1,0.973,0.981,1.0030927835051546,1.0046152830862127
ladder:ai:10k,2050,p2a,0.96,0.962,0.9896907216494846,0.9943689907046691
ladder:ai:10k,2050,p2b,0.93,0.953,0.9587628865979382,0.9877230579396858
ladder:ai:10k,2050,p3a,0.95,0.9555,0.979381443298969,0.9913076609426416
ladder:ai:10k,2050,p3b,0.92,0.9495,0.9484536082474228,0.9836381901759615
ladder:ai:10k,2050,p4,0.955,0.956,0.9845360824742267,0.9913076609426416
ladder:ai:10k,2050,p5,0.87,0.938,0.8969072164948454,0.9642193633116193
ladder:ai:10k,2050,eci_p10,0.93,0.9524999999999999,0.9587628865979382,0.9834844220522692
ladder:ai:10k,2050,eci_p25,0.95,0.959,0.979381443298969,0.9937963686090882
ladder:ai:10k,2050,eci_p50,0.97,0.967,1.0,0.9994844031624248
ladder:ai:10k,2050,eci_p75,0.982,0.979,1.0123711340206185,1.0061870419869297
ladder:ai:10k,2050,eci_p90,0.99,0.985,1.0206185567010309,1.0108350736776734
ladder:ai:10k,2100,unconditional,0.98,0.9864999999999999,1.0,1.0
ladder:ai:10k,2100,sq,0.982,0.9895,1.0020408163265306,1.002048138044083
ladder:ai:10k,2100,p1,0.98,0.9894000000000001,1.0,1.0009136158476357
ladder:ai:10k,2100,p2a,0.97,0.9844999999999999,0.9897959183673469,0.9984800078247787
ladder:ai:10k,2100,p2b,0.945,0.9804999999999999,0.9642857142857143,0.996420595501577
ladder:ai:10k,2100,p3a,0.962,0.981,0.9816326530612245,0.99693092618574
ladder:ai:10k,2100,p3b,0.935,0.9755,0.9540816326530613,0.9948848769417228
ladder:ai:10k,2100,p4,0.965,0.981,0.9846938775510203,0.9974436189047343
ladder:ai:10k,2100,p5,0.89,0.9695,0.9081632653061225,0.9893814735066475
ladder:ai:10k,2100,eci_p10,0.945,0.982,0.9642857142857143,0.9949184903941293
ladder:ai:10k,2100,eci_p25,0.962,0.984,0.9816326530612245,0.998464021850764
ladder:ai:10k,2100,eci_p50,0.98,0.9864999999999999,1.0,1.0
ladder:ai:10k,2100,eci_p75,0.988,0.989,1.0081632653061225,1.0015357124733484
ladder:ai:10k,2100,eci_p90,0.993,0.9904999999999999,1.013265306122449,1.003071160491067
ladder:ai:100k,6mo,unconditional,0.16,0.016,1.0,1.0
ladder:ai:100k,6mo,sq,0.18,0.0168,1.1250000000000002,1.0119782606360672
ladder:ai:100k,6mo,p1,0.175,0.0173,1.09375,1.0087120500916007
ladder:ai:100k,6mo,p2a,0.15,0.014599999999999998,0.9375000000000001,0.8944271909999161
ladder:ai:100k,6mo,p2b,0.12,0.0135,0.7500000000000001,0.8227241335952169
ladder:ai:100k,6mo,p3a,0.14,0.0137,0.8750000000000001,0.8306623862918074
ladder:ai:100k,6mo,p3b,0.115,0.012499999999999999,0.71875,0.7245688373094721
ladder:ai:100k,6mo,p4,0.145,0.013499999999999998,0.9062500000000001,0.8215838362577492
ladder:ai:100k,6mo,p5,0.09,0.011000000000000001,0.5624999999999999,0.5951190357119044
ladder:ai:100k,6mo,eci_p10,0.11,0.0115,0.6875000000000001,0.6831300510639733
ladder:ai:100k,6mo,eci_p25,0.13,0.013499999999999998,0.8125000000000001,0.8215838362577492
ladder:ai:100k,6mo,eci_p50,0.16,0.0158,1.0,0.9899494936611665
ladder:ai:100k,6mo,eci_p75,0.21,0.02,1.3125000000000002,1.1500000000000001
ladder:ai:100k,6mo,eci_p90,0.28,0.025500000000000002,1.7500000000000004,1.4811313243598623
ladder:ai:100k,12mo,unconditional,0.28,0.0375,1.0,1.0
ladder:ai:100k,12mo,sq,0.31,0.039999999999999994,1.107142857142857,1.0240442698763892
ladder:ai:100k,12mo,p1,0.3,0.040999999999999995,1.0714285714285712,1.0136567466356647
ladder:ai:100k,12mo,p2a,0.26,0.034,0.9285714285714286,0.8923543557893894
ladder:ai:100k,12mo,p2b,0.21,0.032,0.7499999999999999,0.8199986141895164
ladder:ai:100k,12mo,p3a,0.24,0.03225,0.857142857142857,0.8408549441116684
ladder:ai:100k,12mo,p3b,0.2,0.03,0.7142857142857143,0.7581226813649622
ladder:ai:100k,12mo,p4,0.25,0.032,0.8928571428571428,0.8357742030707327
ladder:ai:100k,12mo,p5,0.15,0.02575,0.5357142857142857,0.6088848337253447
ladder:ai:100k,12mo,eci_p10,0.19,0.027499999999999997,0.6785714285714285,0.6983313444681306
ladder:ai:100k,12mo,eci_p25,0.23,0.0325,0.8214285714285713,0.8390470785361214
ladder:ai:100k,12mo,eci_p50,0.28,0.037,1.0,0.9888264649460884
ladder:ai:100k,12mo,eci_p75,0.35,0.047,1.2499999999999996,1.1607207792026157
ladder:ai:100k,12mo,eci_p90,0.45,0.06,1.607142857142857,1.521363025232786
ladder:ai:100k,2028,unconditional,0.52,0.14,1.0,1.0
ladder:ai:100k,2028,sq,0.56,0.15000000000000002,1.0769230769230769,1.044465935734187
ladder:ai:100k,2028,p1,0.55,0.15450000000000003,1.0576923076923077,1.0284609660861643
ladder:ai:100k,2028,p2a,0.49,0.1265,0.9423076923076922,0.895920642016604
ladder:ai:100k,2028,p2b,0.4,0.11699999999999999,0.7692307692307693,0.8066567963922299
ladder:ai:100k,2028,p3a,0.45,0.11699999999999999,0.8653846153846153,0.8250101279559823
ladder:ai:100k,2028,p3b,0.38,0.1055,0.7307692307692307,0.726503604004148
ladder:ai:100k,2028,p4,0.47,0.1185,0.9038461538461537,0.8353807291090959
ladder:ai:100k,2028,p5,0.29,0.089,0.5576923076923076,0.5850179393017045
ladder:ai:100k,2028,eci_p10,0.37,0.10400000000000001,0.7115384615384615,0.6866495491193343
ladder:ai:100k,2028,eci_p25,0.44,0.1205,0.846153846153846,0.8377458933460561
ladder:ai:100k,2028,eci_p50,0.52,0.1385,1.0,0.9911371959403353
ladder:ai:100k,2028,eci_p75,0.61,0.1735,1.173076923076923,1.1772041375923652
ladder:ai:100k,2028,eci_p90,0.72,0.21450000000000002,1.3846153846153844,1.5536334653658754
ladder:ai:100k,2030,unconditional,0.66,0.29000000000000004,1.0,1.0
ladder:ai:100k,2030,sq,0.7,0.3085,1.0606060606060606,1.0629891560810703
ladder:ai:100k,2030,p1,0.69,0.316,1.0454545454545454,1.0767317917435852
ladder:ai:100k,2030,p2a,0.62,0.26,0.9393939393939393,0.8944271909999159
ladder:ai:100k,2030,p2b,0.52,0.2355,0.787878787878788,0.8030547737838121
ladder:ai:100k,2030,p3a,0.58,0.2365,0.8787878787878787,0.823962463595364
ladder:ai:100k,2030,p3b,0.49,0.21100000000000002,0.7424242424242424,0.7275252086992788
ladder:ai:100k,2030,p4,0.6,0.239,0.9090909090909091,0.8312094145936335
ladder:ai:100k,2030,p5,0.38,0.174,0.5757575757575758,0.5877538136452587
ladder:ai:100k,2030,eci_p10,0.48,0.21650000000000003,0.7272727272727273,0.7013500494702285
ladder:ai:100k,2030,eci_p25,0.57,0.2535,0.8636363636363635,0.8555594555505667
ladder:ai:100k,2030,eci_p50,0.66,0.28300000000000003,1.0,0.9939209163101398
ladder:ai:100k,2030,eci_p75,0.75,0.3405,1.1363636363636362,1.1712778884158497
ladder:ai:100k,2030,eci_p90,0.84,0.409,1.2727272727272727,1.4767385539616538
ladder:ai:100k,2050,unconditional,0.85,0.8049999999999999,1.0,1.0
ladder:ai:100k,2050,sq,0.87,0.86,1.0235294117647058,1.0370412457827054
ladder:ai:100k,2050,p1,0.87,0.872,1.0235294117647058,1.0306220539954587
ladder:ai:100k,2050,p2a,0.82,0.7815,0.9647058823529412,0.9613660067479405
ladder:ai:100k,2050,p2b,0.72,0.748,0.8470588235294118,0.9127879371364513
ladder:ai:100k,2050,p3a,0.78,0.7605,0.9176470588235295,0.9341987329938276
ladder:ai:100k,2050,p3b,0.69,0.719,0.8117647058823529,0.8818126688178735
ladder:ai:100k,2050,p4,0.8,0.7625,0.9411764705882354,0.9341987329938276
ladder:ai:100k,2050,p5,0.56,0.642,0.6588235294117648,0.7884527595301416
ladder:ai:100k,2050,eci_p10,0.7,0.702,0.8235294117647058,0.8628353542158831
ladder:ai:100k,2050,eci_p25,0.79,0.7665,0.9294117647058824,0.9411952426826672
ladder:ai:100k,2050,eci_p50,0.85,0.7985,1.0,0.9982337342703331
ladder:ai:100k,2050,eci_p75,0.9,0.841,1.0588235294117647,1.0510600709413676
ladder:ai:100k,2050,eci_p90,0.94,0.881,1.1058823529411765,1.0941164970380937
ladder:ai:100k,2100,unconditional,0.89,0.92,1.0,1.0
ladder:ai:100k,2100,sq,0.91,0.942,1.0224719101123596,1.012985222140616
ladder:ai:100k,2100,p1,0.905,0.9455,1.0168539325842696,1.0081514000250993
ladder:ai:100k,2100,p2a,0.87,0.906,0.9775280898876404,0.9905498459633748
ladder:ai:100k,2100,p2b,0.78,0.8775,0.8764044943820225,0.9750354428713063
ladder:ai:100k,2100,p3a,0.83,0.885,0.9325842696629213,0.9793307672996808
ladder:ai:100k,2100,p3b,0.75,0.865,0.8426966292134831,0.9635379160233487
ladder:ai:100k,2100,p4,0.85,0.89,0.9550561797752809,0.9810738670485523
ladder:ai:100k,2100,p5,0.63,0.849,0.7078651685393258,0.9288908216357947
ladder:ai:100k,2100,eci_p10,0.76,0.888,0.8539325842696629,0.951069140850806
ladder:ai:100k,2100,eci_p25,0.84,0.904,0.9438202247191011,0.9812945596580204
ladder:ai:100k,2100,eci_p50,0.89,0.9165000000000001,1.0,0.9989124520980414
ladder:ai:100k,2100,eci_p75,0.93,0.937,1.0449438202247192,1.014526666433935
ladder:ai:100k,2100,eci_p90,0.96,0.9485,1.0786516853932584,1.028036613450688
ladder:ai:1M,6mo,unconditional,0.022,0.00275,1.0,1.0
ladder:ai:1M,6mo,sq,0.025,0.003095,1.1363636363636365,1.0095260557028018
ladder:ai:1M,6mo,p1,0.024,0.0031349999999999998,1.0909090909090908,1.0099504938362078
ladder:ai:1M,6mo,p2a,0.021,0.00252,0.9545454545454548,0.8563488385776755
ladder:ai:1M,6mo,p2b,0.016,0.002265,0.7272727272727271,0.793725393319377
ladder:ai:1M,6mo,p3a,0.019,0.002375,0.8636363636363636,0.7937253933193773
ladder:ai:1M,6mo,p3b,0.015,0.00218,0.6818181818181817,0.6970174555442161
ladder:ai:1M,6mo,p4,0.02,0.002435,0.9090909090909092,0.8139410298049854
ladder:ai:1M,6mo,p5,0.011,0.001925,0.5000000000000002,0.529150262212918
ladder:ai:1M,6mo,eci_p10,0.014,0.0018149999999999998,0.6363636363636361,0.5477225575051662
ladder:ai:1M,6mo,eci_p25,0.018,0.00226,0.8181818181818182,0.7404953297174354
ladder:ai:1M,6mo,eci_p50,0.022,0.00275,1.0,0.983192080250175
ladder:ai:1M,6mo,eci_p75,0.03,0.00358,1.3636363636363635,1.2209286083414816
ladder:ai:1M,6mo,eci_p90,0.043,0.004775,1.9545454545454541,1.7165857586111644
ladder:ai:1M,12mo,unconditional,0.042,0.007,1.0,1.0
ladder:ai:1M,12mo,sq,0.047,0.0081,1.1190476190476193,1.0266637529096185
ladder:ai:1M,12mo,p1,0.045,0.00813,1.0714285714285716,1.0161200716450791
ladder:ai:1M,12mo,p2a,0.039,0.00629,0.9285714285714287,0.8593378488473195
ladder:ai:1M,12mo,p2b,0.031,0.0054800000000000005,0.738095238095238,0.7874007874011814
ladder:ai:1M,12mo,p3a,0.036,0.00583,0.857142857142857,0.7937253933193773
ladder:ai:1M,12mo,p3b,0.029,0.00522,0.6904761904761905,0.6944837595708717
ladder:ai:1M,12mo,p4,0.037,0.00601,0.8809523809523812,0.8109823103448731
ladder:ai:1M,12mo,p5,0.021,0.00441,0.5000000000000002,0.529150262212918
ladder:ai:1M,12mo,eci_p10,0.027,0.00423,0.6428571428571428,0.529150262212918
ladder:ai:1M,12mo,eci_p25,0.035,0.00554,0.8333333333333335,0.7374592557193611
ladder:ai:1M,12mo,eci_p50,0.042,0.007,1.0,0.9844951849708404
ladder:ai:1M,12mo,eci_p75,0.056,0.00947,1.3333333333333337,1.2385475364312835
ladder:ai:1M,12mo,eci_p90,0.078,0.0133,1.8571428571428577,1.7345163615679757
ladder:ai:1M,2028,unconditional,0.1,0.0305,1.0,1.0
ladder:ai:1M,2028,sq,0.113,0.0315,1.13,1.0690449676496976
ladder:ai:1M,2028,p1,0.109,0.0335,1.0899999999999996,1.026436275942851
ladder:ai:1M,2028,p2a,0.094,0.02585,0.94,0.8187795796183488
ladder:ai:1M,2028,p2b,0.075,0.022949999999999998,0.7499999999999998,0.7165151354953636
ladder:ai:1M,2028,p3a,0.086,0.022199999999999998,0.8599999999999997,0.7767625119687485
ladder:ai:1M,2028,p3b,0.071,0.019049999999999997,0.7099999999999997,0.660908465674332
ladder:ai:1M,2028,p4,0.09,0.02265,0.8999999999999996,0.773873374655053
ladder:ai:1M,2028,p5,0.051,0.015050000000000001,0.5099999999999998,0.47699056594444295
ladder:ai:1M,2028,eci_p10,0.065,0.016300000000000002,0.6499999999999998,0.5330665999666457
ladder:ai:1M,2028,eci_p25,0.083,0.02135,0.83,0.7493997598078078
ladder:ai:1M,2028,eci_p50,0.1,0.0275,1.0,0.9859006035092989
ladder:ai:1M,2028,eci_p75,0.132,0.04,1.3199999999999996,1.302069780881852
ladder:ai:1M,2028,eci_p90,0.18,0.0625,1.7999999999999996,1.8459620141204847
ladder:ai:1M,2030,unconditional,0.17,0.092,1.0,1.0
ladder:ai:1M,2030,sq,0.19,0.1015,1.1176470588235294,1.107834570636535
ladder:ai:1M,2030,p1,0.185,0.109,1.088235294117647,1.0755210654051262
ladder:ai:1M,2030,p2a,0.16,0.07400000000000001,0.9411764705882352,0.8052561704203204
ladder:ai:1M,2030,p2b,0.125,0.06230000000000001,0.7352941176470589,0.6511823565933444
ladder:ai:1M,2030,p3a,0.146,0.061,0.8588235294117645,0.7553765617226947
ladder:ai:1M,2030,p3b,0.12,0.05,0.7058823529411764,0.638968895956603
ladder:ai:1M,2030,p4,0.152,0.063,0.8941176470588235,0.7520804478245662
ladder:ai:1M,2030,p5,0.086,0.0371,0.5058823529411763,0.425
ladder:ai:1M,2030,eci_p10,0.11,0.045,0.6470588235294118,0.5385164807134506
ladder:ai:1M,2030,eci_p25,0.14,0.0615,0.8235294117647058,0.7571708475025253
ladder:ai:1M,2030,eci_p50,0.17,0.08349999999999999,1.0,0.9865765724632496
ladder:ai:1M,2030,eci_p75,0.22,0.1215,1.2941176470588234,1.3078608488673404
ladder:ai:1M,2030,eci_p90,0.29,0.185,1.7058823529411762,1.8388074988294667
ladder:ai:1M,2050,unconditional,0.44,0.475,1.0,1.0
ladder:ai:1M,2050,sq,0.48,0.544,1.090909090909091,1.1379806676741042
ladder:ai:1M,2050,p1,0.47,0.5535,1.0681818181818181,1.1224972160321824
ladder:ai:1M,2050,p2a,0.41,0.3975,0.9318181818181818,0.8696916904073744
ladder:ai:1M,2050,p2b,0.32,0.3305,0.7272727272727273,0.7135060680126758
ladder:ai:1M,2050,p3a,0.37,0.374,0.8409090909090909,0.8218825397165395
ladder:ai:1M,2050,p3b,0.3,0.3255,0.6818181818181818,0.711771158321396
ladder:ai:1M,2050,p4,0.39,0.368,0.8863636363636364,0.8119113252073775
ladder:ai:1M,2050,p5,0.22,0.261,0.5,0.5299056519796708
ladder:ai:1M,2050,eci_p10,0.29,0.3275,0.6590909090909091,0.6887992773257275
ladder:ai:1M,2050,eci_p25,0.37,0.4075,0.8409090909090909,0.8486471706204058
ladder:ai:1M,2050,eci_p50,0.44,0.45099999999999996,1.0,0.9919677414109795
ladder:ai:1M,2050,eci_p75,0.53,0.5125,1.2045454545454546,1.1257644864767877
ladder:ai:1M,2050,eci_p90,0.64,0.5774999999999999,1.4545454545454546,1.3440311577811057
ladder:ai:1M,2100,unconditional,0.54,0.685,1.0,1.0
ladder:ai:1M,2100,sq,0.58,0.7385,1.074074074074074,1.054888950399244
ladder:ai:1M,2100,p1,0.57,0.751,1.0555555555555554,1.0471445114724982
ladder:ai:1M,2100,p2a,0.51,0.638,0.9444444444444444,0.9428385566088526
ladder:ai:1M,2100,p2b,0.4,0.5774999999999999,0.7407407407407408,0.8764459047604578
ladder:ai:1M,2100,p3a,0.46,0.6074999999999999,0.8518518518518519,0.9241589513941098
ladder:ai:1M,2100,p3b,0.38,0.5660000000000001,0.7037037037037037,0.8680370799067418
ladder:ai:1M,2100,p4,0.48,0.603,0.8888888888888888,0.925430809120106
ladder:ai:1M,2100,p5,0.28,0.512,0.5185185185185186,0.7587061767323414
ladder:ai:1M,2100,eci_p10,0.37,0.6154999999999999,0.6851851851851852,0.8394350259494165
ladder:ai:1M,2100,eci_p25,0.46,0.6455,0.8518518518518519,0.9317816558956106
ladder:ai:1M,2100,eci_p50,0.54,0.6715,1.0,0.9946008089835686
ladder:ai:1M,2100,eci_p75,0.63,0.7225,1.1666666666666667,1.0707166331607685
ladder:ai:1M,2100,eci_p90,0.73,0.7775,1.3518518518518519,1.1371118044475457
ladder:ai:10M,6mo,unconditional,0.005,0.0006000000000000001,1.0,1.0
ladder:ai:10M,6mo,sq,0.0057,0.0006969999999999999,1.1399999999999997,1.0165300454651274
ladder:ai:10M,6mo,p1,0.0055,0.000708,1.0999999999999999,1.011364001167306
ladder:ai:10M,6mo,p2a,0.0047,0.000533,0.9399999999999995,0.8371910707173654
ladder:ai:10M,6mo,p2b,0.0036,0.000471,0.7199999999999996,0.7648529270389176
ladder:ai:10M,6mo,p3a,0.0043,0.0005085,0.8600000000000001,0.7937253933193773
ladder:ai:10M,6mo,p3b,0.0034,0.000449,0.6799999999999998,0.6624868971450597
ladder:ai:10M,6mo,p4,0.0044,0.000515,0.88,0.7949842765740714
ladder:ai:10M,6mo,p5,0.0025,0.00040050000000000003,0.49999999999999994,0.5366563145999497
ladder:ai:10M,6mo,eci_p10,0.0033,0.000374,0.6599999999999995,0.5253570214625478
ladder:ai:10M,6mo,eci_p25,0.0042,0.0004795,0.8399999999999994,0.737864787372622
ladder:ai:10M,6mo,eci_p50,0.005,0.0006000000000000001,1.0,0.9860132971832695
ladder:ai:10M,6mo,eci_p75,0.0068,0.0008309999999999999,1.3599999999999999,1.2280065146407
ladder:ai:10M,6mo,eci_p90,0.0095,0.00114,1.8999999999999992,1.724818831066034
ladder:ai:10M,12mo,unconditional,0.01,0.00185,1.0,1.0
ladder:ai:10M,12mo,sq,0.0115,0.002185,1.1499999999999997,1.0356157588603987
ladder:ai:10M,12mo,p1,0.011,0.00223,1.0999999999999999,1.0174940381383366
ladder:ai:10M,12mo,p2a,0.0094,0.001575,0.9399999999999995,0.8329165624478841
ladder:ai:10M,12mo,p2b,0.0073,0.001325,0.7299999999999995,0.7648529270389176
ladder:ai:10M,12mo,p3a,0.0086,0.001485,0.8599999999999993,0.793725393319377
ladder:ai:10M,12mo,p3b,0.0069,0.00125,0.69,0.6614378277661476
ladder:ai:10M,12mo,p4,0.0089,0.0015400000000000001,0.8899999999999995,0.8100925873009825
ladder:ai:10M,12mo,p5,0.005,0.001045,0.49999999999999994,0.529150262212918
ladder:ai:10M,12mo,eci_p10,0.0066,0.00103,0.6599999999999995,0.5196152422706628
ladder:ai:10M,12mo,eci_p25,0.0085,0.001415,0.8499999999999999,0.7365459931328117
ladder:ai:10M,12mo,eci_p50,0.01,0.00185,1.0,0.9874208829065747
ladder:ai:10M,12mo,eci_p75,0.0135,0.00268,1.3499999999999996,1.255107213606494
ladder:ai:10M,12mo,eci_p90,0.019,0.00379,1.8999999999999992,1.7654083569153818
ladder:ai:10M,2028,unconditional,0.026,0.010499999999999999,1.0,1.0
ladder:ai:10M,2028,sq,0.03,0.011200000000000002,1.1538461538461537,1.078379907920419
ladder:ai:10M,2028,p1,0.029,0.01225,1.1153846153846154,1.0286226305740276
ladder:ai:10M,2028,p2a,0.024,0.00785,0.9230769230769231,0.7914989502426983
ladder:ai:10M,2028,p2b,0.019,0.00625,0.7307692307692308,0.7055926321659296
ladder:ai:10M,2028,p3a,0.022,0.0067,0.8461538461538463,0.7646606321453596
ladder:ai:10M,2028,p3b,0.018,0.0049949999999999994,0.6923076923076924,0.6207206438060994
ladder:ai:10M,2028,p4,0.023,0.006999999999999999,0.8846153846153845,0.7660056826697517
ladder:ai:10M,2028,p5,0.013,0.003945,0.49999999999999994,0.46715660555925664
ladder:ai:10M,2028,eci_p10,0.017,0.00465,0.6538461538461542,0.5061715889096846
ladder:ai:10M,2028,eci_p25,0.022,0.00675,0.8461538461538463,0.7344465703547686
ladder:ai:10M,2028,eci_p50,0.026,0.00935,1.0,0.9851843661437777
ladder:ai:10M,2028,eci_p75,0.035,0.01475,1.3461538461538465,1.3407494576390444
ladder:ai:10M,2028,eci_p90,0.049,0.024,1.884615384615385,1.9510129709725728
ladder:ai:10M,2030,unconditional,0.05,0.041499999999999995,1.0,1.0
ladder:ai:10M,2030,sq,0.057,0.04555,1.1399999999999997,1.120714058089752
ladder:ai:10M,2030,p1,0.055,0.046700000000000005,1.0999999999999999,1.0945956033548288
ladder:ai:10M,2030,p2a,0.047,0.03165,0.94,0.7700800320836487
ladder:ai:10M,2030,p2b,0.036,0.02475,0.7199999999999996,0.6364265548277527
ladder:ai:10M,2030,p3a,0.043,0.02725,0.8599999999999997,0.7420691791650336
ladder:ai:10M,2030,p3b,0.034,0.01975,0.6799999999999998,0.5953523699830583
ladder:ai:10M,2030,p4,0.045,0.028249999999999997,0.9,0.7449832212875669
ladder:ai:10M,2030,p5,0.025,0.0125,0.49999999999999994,0.402216083439956
ladder:ai:10M,2030,eci_p10,0.033,0.019,0.66,0.49179311210739746
ladder:ai:10M,2030,eci_p25,0.042,0.0275,0.8399999999999997,0.7261772051870904
ladder:ai:10M,2030,eci_p50,0.05,0.037500000000000006,1.0,0.9854496999396323
ladder:ai:10M,2030,eci_p75,0.066,0.0559,1.3199999999999996,1.3542033328369367
ladder:ai:10M,2030,eci_p90,0.09,0.07805000000000001,1.7999999999999994,1.9545216905319038
ladder:ai:10M,2050,unconditional,0.21,0.24,1.0,1.0
ladder:ai:10M,2050,sq,0.235,0.28500000000000003,1.119047619047619,1.222968590730377
ladder:ai:10M,2050,p1,0.23,0.29,1.0952380952380951,1.1904380946285522
ladder:ai:10M,2050,p2a,0.195,0.192,0.9285714285714286,0.8574175384052015
ladder:ai:10M,2050,p2b,0.15,0.155,0.7142857142857143,0.6890031021158575
ladder:ai:10M,2050,p3a,0.18,0.172,0.8571428571428572,0.7878130175678432
ladder:ai:10M,2050,p3b,0.143,0.1355,0.6809523809523809,0.6568322247184372
ladder:ai:10M,2050,p4,0.185,0.165,0.8809523809523809,0.7745966692414835
ladder:ai:10M,2050,p5,0.105,0.0855,0.49999999999999994,0.4435687621477044
ladder:ai:10M,2050,eci_p10,0.14,0.1815,0.6666666666666666,0.6172004980956337
ladder:ai:10M,2050,eci_p25,0.175,0.20400000000000001,0.8333333333333333,0.7982589750853717
ladder:ai:10M,2050,eci_p50,0.21,0.22749999999999998,1.0,0.9885710532241611
ladder:ai:10M,2050,eci_p75,0.27,0.26749999999999996,1.2857142857142858,1.1981032948025483
ladder:ai:10M,2050,eci_p90,0.35,0.309,1.6666666666666663,1.5300774894579094
ladder:ai:10M,2100,unconditional,0.29,0.41500000000000004,1.0,1.0
ladder:ai:10M,2100,sq,0.32,0.464,1.1034482758620692,1.1273003593620756
ladder:ai:10M,2100,p1,0.31,0.481,1.0689655172413794,1.0984243022222415
ladder:ai:10M,2100,p2a,0.27,0.3735,0.9310344827586209,0.9114378499098915
ladder:ai:10M,2100,p2b,0.21,0.32499999999999996,0.7241379310344829,0.7917922609625101
ladder:ai:10M,2100,p3a,0.25,0.3475,0.8620689655172415,0.8689136281853261
ladder:ai:10M,2100,p3b,0.2,0.304,0.6896551724137933,0.7722727683650187
ladder:ai:10M,2100,p4,0.26,0.3435,0.8965517241379312,0.8771920794628995
ladder:ai:10M,2100,p5,0.15,0.241,0.5172413793103449,0.6207206438060996
ladder:ai:10M,2100,eci_p10,0.2,0.35050000000000003,0.6896551724137933,0.74535599249993
ladder:ai:10M,2100,eci_p25,0.245,0.3775,0.8448275862068967,0.8782037520219094
ladder:ai:10M,2100,eci_p50,0.29,0.39649999999999996,1.0,0.9907466615479564
ladder:ai:10M,2100,eci_p75,0.36,0.443,1.2413793103448276,1.1175954580451448
ladder:ai:10M,2100,eci_p90,0.45,0.49649999999999994,1.5517241379310347,1.2915006218384681
ladder:ai:100M,6mo,unconditional,0.0012,0.00015000000000000001,1.0,1.0
ladder:ai:100M,6mo,sq,0.0014,0.0001765,1.1666666666666674,1.0205818446294748
ladder:ai:100M,6mo,p1,0.0013,0.0001775,1.0833333333333333,1.0137937550497027
ladder:ai:100M,6mo,p2a,0.0011,0.000133,0.9166666666666672,0.8280786712108256
ladder:ai:100M,6mo,p2b,0.0009,0.0001165,0.7500000000000001,0.7549834435270745
ladder:ai:100M,6mo,p3a,0.001,0.000127,0.8333333333333338,0.7937253933193773
ladder:ai:100M,6mo,p3b,0.00085,0.000112,0.7083333333333336,0.6654751256486923
ladder:ai:100M,6mo,p4,0.0011,0.0001275,0.9166666666666672,0.7874007874011814
ladder:ai:100M,6mo,p5,0.0006,9.65e-05,0.49999999999999994,0.48989794855663565
ladder:ai:100M,6mo,eci_p10,0.0008,8.7e-05,0.6666666666666671,0.5099019513592783
ladder:ai:100M,6mo,eci_p25,0.001,0.0001155,0.8333333333333338,0.7146427679017578
ladder:ai:100M,6mo,eci_p50,0.0012,0.00015000000000000001,1.0,0.9856107606091622
ladder:ai:100M,6mo,eci_p75,0.0017,0.00020800000000000001,1.4166666666666674,1.2489995996796799
ladder:ai:100M,6mo,eci_p90,0.0024,0.000295,2.0,1.7654083569153802
ladder:ai:100M,12mo,unconditional,0.0028,0.00051,1.0,1.0
ladder:ai:100M,12mo,sq,0.0032,0.0006235,1.142857142857143,1.0403143603036376
ladder:ai:100M,12mo,p1,0.0031,0.0006385,1.1071428571428568,1.020037347588896
ladder:ai:100M,12mo,p2a,0.0026,0.0004265,0.9285714285714279,0.8306623862918074
ladder:ai:100M,12mo,p2b,0.002,0.00035150000000000003,0.7142857142857143,0.7499735445069492
ladder:ai:100M,12mo,p3a,0.0024,0.0004015,0.8571428571428567,0.7937253933193773
ladder:ai:100M,12mo,p3b,0.0019,0.00033049999999999996,0.6785714285714283,0.6555622813752366
ladder:ai:100M,12mo,p4,0.0025,0.00040300000000000004,0.8928571428571428,0.7848566748139436
ladder:ai:100M,12mo,p5,0.0014,0.0002565,0.49999999999999994,0.4877060004317592
ladder:ai:100M,12mo,eci_p10,0.0018,0.0002565,0.6428571428571426,0.48989794855663543
ladder:ai:100M,12mo,eci_p25,0.0024,0.00036700000000000003,0.8571428571428567,0.7120393247567158
ladder:ai:100M,12mo,eci_p50,0.0028,0.00051,1.0,0.9865765724632491
ladder:ai:100M,12mo,eci_p75,0.0038,0.0007624999999999999,1.3571428571428565,1.2747548783981957
ladder:ai:100M,12mo,eci_p90,0.0054,0.001136,1.9285714285714282,1.8284784202536633
ladder:ai:100M,2028,unconditional,0.008,0.0034000000000000002,1.0,1.0
ladder:ai:100M,2028,sq,0.009,0.0036499999999999996,1.1250000000000004,1.0868532559642077
ladder:ai:100M,2028,p1,0.0087,0.004,1.0875000000000004,1.030776406404415
ladder:ai:100M,2028,p2a,0.0075,0.002565,0.9375000000000001,0.7970182527634452
ladder:ai:100M,2028,p2b,0.0058,0.0020499999999999997,0.7250000000000001,0.7044434693456667
ladder:ai:100M,2028,p3a,0.007,0.00215,0.8750000000000007,0.7615773105863906
ladder:ai:100M,2028,p3b,0.0055,0.00157,0.6875000000000004,0.6210590034081189
ladder:ai:100M,2028,p4,0.0072,0.00217,0.9000000000000004,0.7416198487095662
ladder:ai:100M,2028,p5,0.004,0.001005,0.5000000000000004,0.43424811867344754
ladder:ai:100M,2028,eci_p10,0.0053,0.0013249999999999998,0.6625000000000001,0.4472135954999579
ladder:ai:100M,2028,eci_p25,0.0068,0.0020499999999999997,0.8500000000000005,0.7071067811865475
ladder:ai:100M,2028,eci_p50,0.008,0.002925,1.0,0.9856107606091622
ladder:ai:100M,2028,eci_p75,0.0108,0.00475,1.3500000000000008,1.371130920080208
ladder:ai:100M,2028,eci_p90,0.015,0.008,1.8750000000000004,2.102629932151386
ladder:ai:100M,2030,unconditional,0.016,0.0165,1.0,1.0
ladder:ai:100M,2030,sq,0.018,0.01875,1.1250000000000004,1.1335784048754638
ladder:ai:100M,2030,p1,0.0175,0.0201,1.0937500000000009,1.0959280090672934
ladder:ai:100M,2030,p2a,0.015,0.0125,0.9375000000000001,0.7560864148142501
ladder:ai:100M,2030,p2b,0.0115,0.009899999999999999,0.7187500000000003,0.6297706813683146
ladder:ai:100M,2030,p3a,0.014,0.01075,0.8749999999999999,0.7412826721298695
ladder:ai:100M,2030,p3b,0.011,0.00775,0.6875000000000004,0.5937171043518958
ladder:ai:100M,2030,p4,0.0144,0.01075,0.9000000000000004,0.7172865536171718
ladder:ai:100M,2030,p5,0.008,0.00445,0.49999999999999994,0.36945906403822326
ladder:ai:100M,2030,eci_p10,0.0105,0.00685,0.65625,0.43874821936960623
ladder:ai:100M,2030,eci_p25,0.0136,0.0103,0.8500000000000005,0.685403368665327
ladder:ai:100M,2030,eci_p50,0.016,0.01475,1.0,0.9848857801796105
ladder:ai:100M,2030,eci_p75,0.0215,0.0235,1.3437500000000004,1.3939153489362257
ladder:ai:100M,2030,eci_p90,0.03,0.035250000000000004,1.8750000000000004,2.144761058952722
ladder:ai:100M,2050,unconditional,0.09,0.124,1.0,1.0
ladder:ai:100M,2050,sq,0.1,0.15035,1.1111111111111116,1.265185537557415
ladder:ai:100M,2050,p1,0.098,0.15385,1.0888888888888895,1.2186057606953942
ladder:ai:100M,2050,p2a,0.083,0.09809999999999999,0.9222222222222226,0.8252763664864523
ladder:ai:100M,2050,p2b,0.065,0.0788,0.7222222222222223,0.6430501640723789
ladder:ai:100M,2050,p3a,0.078,0.08595,0.866666666666667,0.7384443106964802
ladder:ai:100M,2050,p3b,0.062,0.06620000000000001,0.688888888888889,0.570087712549569
ladder:ai:100M,2050,p4,0.08,0.0821,0.888888888888889,0.7109149034870488
ladder:ai:100M,2050,p5,0.045,0.0403,0.5000000000000002,0.3720886991027811
ladder:ai:100M,2050,eci_p10,0.06,0.08565,0.6666666666666669,0.563531336810623
ladder:ai:100M,2050,eci_p25,0.077,0.10385,0.8555555555555558,0.7633939155313398
ladder:ai:100M,2050,eci_p50,0.09,0.11615,1.0,0.9864076236526154
ladder:ai:100M,2050,eci_p75,0.115,0.13915,1.277777777777778,1.2594443219134381
ladder:ai:100M,2050,eci_p90,0.155,0.16360000000000002,1.7222222222222225,1.6887945484951767
ladder:ai:100M,2100,unconditional,0.13,0.2275,1.0,1.0
ladder:ai:100M,2100,sq,0.145,0.26085,1.1153846153846154,1.1888369666751337
ladder:ai:100M,2100,p1,0.14,0.27075,1.0769230769230769,1.1539304812490028
ladder:ai:100M,2100,p2a,0.12,0.202,0.9230769230769231,0.8819171036881968
ladder:ai:100M,2100,p2b,0.094,0.173,0.7230769230769232,0.7565071250841133
ladder:ai:100M,2100,p3a,0.113,0.185,0.8692307692307693,0.8023352280573364
ladder:ai:100M,2100,p3b,0.09,0.15949999999999998,0.6923076923076921,0.6827564453275878
ladder:ai:100M,2100,p4,0.116,0.182,0.8923076923076924,0.8070822871193606
ladder:ai:100M,2100,p5,0.065,0.1215,0.49999999999999994,0.5365546655196551
ladder:ai:100M,2100,eci_p10,0.088,0.1865,0.6769230769230767,0.6620628918216701
ladder:ai:100M,2100,eci_p25,0.112,0.2045,0.8615384615384614,0.8447161976341251
ladder:ai:100M,2100,eci_p50,0.13,0.21525,1.0,0.9874208829065749
ladder:ai:100M,2100,eci_p75,0.165,0.2455,1.2692307692307694,1.167351314261945
ladder:ai:100M,2100,eci_p90,0.215,0.28075,1.6538461538461537,1.4598630072715724
ladder:ai:1B,6mo,unconditional,0.0003,4e-05,1.0,1.0
ladder:ai:1B,6mo,sq,0.00035,4.69e-05,1.1666666666666663,1.0198692726684793
ladder:ai:1B,6mo,p1,0.00033,4.715e-05,1.099999999999999,1.0129165809680472
ladder:ai:1B,6mo,p2a,0.00028,3.525e-05,0.9333333333333331,0.8366600265340751
ladder:ai:1B,6mo,p2b,0.00022,3.1e-05,0.7333333333333331,0.7499999999999994
ladder:ai:1B,6mo,p3a,0.00026,3.4e-05,0.8666666666666659,0.7937253933193773
ladder:ai:1B,6mo,p3b,0.00021,3.015e-05,0.6999999999999993,0.658280588604383
ladder:ai:1B,6mo,p4,0.00027,3.4149999999999997e-05,0.8999999999999996,0.7788880963698614
ladder:ai:1B,6mo,p5,0.00015,2.6000000000000002e-05,0.49999999999999994,0.48989794855663543
ladder:ai:1B,6mo,eci_p10,0.0002,2.35e-05,0.666666666666666,0.4898979485566359
ladder:ai:1B,6mo,eci_p25,0.00025,3.125e-05,0.8333333333333331,0.7149203529842406
ladder:ai:1B,6mo,eci_p50,0.0003,4e-05,1.0,0.983192080250175
ladder:ai:1B,6mo,eci_p75,0.0004,5.5e-05,1.3333333333333333,1.2533289007013806
ladder:ai:1B,6mo,eci_p90,0.00057,7.75e-05,1.8999999999999992,1.881931631772703
ladder:ai:1B,12mo,unconditional,0.0007,0.000135,1.0,1.0
ladder:ai:1B,12mo,sq,0.0008,0.000167,1.142857142857143,1.0389631583672467
ladder:ai:1B,12mo,p1,0.00077,0.0001675,1.0999999999999999,1.0206207261596578
ladder:ai:1B,12mo,p2a,0.00064,0.00011200000000000001,0.9142857142857145,0.8257787652305497
ladder:ai:1B,12mo,p2b,0.0005,9.400000000000001e-05,0.7142857142857143,0.7377040850321837
ladder:ai:1B,12mo,p3a,0.0006,0.0001065,0.8571428571428567,0.793725393319377
ladder:ai:1B,12mo,p3b,0.00049,8.85e-05,0.7,0.6519202405202648
ladder:ai:1B,12mo,p4,0.00063,0.000107,0.8999999999999996,0.7863417408056965
ladder:ai:1B,12mo,p5,0.00035,6.905e-05,0.49999999999999994,0.4824417063231578
ladder:ai:1B,12mo,eci_p10,0.00046,6.9e-05,0.6571428571428569,0.48989794855663543
ladder:ai:1B,12mo,eci_p25,0.00058,9.82e-05,0.8285714285714281,0.7153864534486079
ladder:ai:1B,12mo,eci_p50,0.0007,0.000135,1.0,0.983192080250175
ladder:ai:1B,12mo,eci_p75,0.00095,0.00019999999999999998,1.3571428571428565,1.2747548783981968
ladder:ai:1B,12mo,eci_p90,0.0013,0.00029600000000000004,1.857142857142856,1.9317627486503555
ladder:ai:1B,2028,unconditional,0.002,0.0013,1.0,1.0
ladder:ai:1B,2028,sq,0.0023,0.00136,1.1499999999999997,1.0932694522568966
ladder:ai:1B,2028,p1,0.0022,0.0015,1.0999999999999999,1.0316422414217605
ladder:ai:1B,2028,p2a,0.0018,0.000965,0.8999999999999996,0.788986691902975
ladder:ai:1B,2028,p2b,0.0014,0.0007750000000000001,0.7,0.6982120021884471
ladder:ai:1B,2028,p3a,0.0017,0.00081,0.8499999999999999,0.7622335600063801
ladder:ai:1B,2028,p3b,0.0014,0.00059,0.7,0.613343685212847
ladder:ai:1B,2028,p4,0.0018,0.000815,0.8999999999999996,0.7389181280764467
ladder:ai:1B,2028,p5,0.001,0.00035,0.49999999999999994,0.4312771730569566
ladder:ai:1B,2028,eci_p10,0.0013,0.00047999999999999996,0.6499999999999995,0.4472135954999577
ladder:ai:1B,2028,eci_p25,0.0017,0.000735,0.8499999999999999,0.6982120021884471
ladder:ai:1B,2028,eci_p50,0.002,0.001075,1.0,0.9848857801796107
ladder:ai:1B,2028,eci_p75,0.0027,0.0018249999999999998,1.3499999999999996,1.3747727084867525
ladder:ai:1B,2028,eci_p90,0.0038,0.00315,1.8999999999999992,2.14330352493528
ladder:ai:1B,2030,unconditional,0.0045,0.006750000000000001,1.0,1.0
ladder:ai:1B,2030,sq,0.0052,0.007599999999999999,1.1555555555555554,1.1398906304337484
ladder:ai:1B,2030,p1,0.005,0.00825,1.1111111111111116,1.0979354192637873
ladder:ai:1B,2030,p2a,0.0041,0.0052,0.9111111111111113,0.7681911526819499
ladder:ai:1B,2030,p2b,0.0032,0.0042,0.7111111111111115,0.6287241983947004
ladder:ai:1B,2030,p3a,0.0039,0.004325,0.8666666666666667,0.7397788367294152
ladder:ai:1B,2030,p3b,0.0031,0.003125,0.688888888888889,0.5897941529526576
ladder:ai:1B,2030,p4,0.004,0.004325,0.8888888888888894,0.7135060680126755
ladder:ai:1B,2030,p5,0.0022,0.0018,0.48888888888888904,0.3692744729379982
ladder:ai:1B,2030,eci_p10,0.003,0.0028,0.6666666666666665,0.43656412506539916
ladder:ai:1B,2030,eci_p25,0.0037,0.004200000000000001,0.8222222222222226,0.6900310552017617
ladder:ai:1B,2030,eci_p50,0.0045,0.0059,1.0,0.9862693712811282
ladder:ai:1B,2030,eci_p75,0.006,0.009500000000000001,1.3333333333333333,1.39674947320881
ladder:ai:1B,2030,eci_p90,0.0085,0.0155,1.8888888888888895,2.1447610589527213
ladder:ai:1B,2050,unconditional,0.035,0.0725,1.0,1.0
ladder:ai:1B,2050,sq,0.04,0.0881,1.142857142857143,1.2840348592282305
ladder:ai:1B,2050,p1,0.0385,0.09079999999999999,1.0999999999999999,1.2360330811826108
ladder:ai:1B,2050,p2a,0.032,0.05405,0.9142857142857145,0.8128302104471338
ladder:ai:1B,2050,p2b,0.025,0.03995,0.7142857142857143,0.6146362971528595
ladder:ai:1B,2050,p3a,0.03,0.050699999999999995,0.857142857142857,0.729383301152419
ladder:ai:1B,2050,p3b,0.0245,0.0387,0.7,0.5567764362830024
ladder:ai:1B,2050,p4,0.031,0.04855,0.8857142857142855,0.711010093835069
ladder:ai:1B,2050,p5,0.017,0.0234,0.4857142857142858,0.3591235121371156
ladder:ai:1B,2050,eci_p10,0.023,0.042550000000000004,0.6571428571428569,0.5632089319917332
ladder:ai:1B,2050,eci_p25,0.029,0.054400000000000004,0.8285714285714284,0.7636922197139454
ladder:ai:1B,2050,eci_p50,0.035,0.06920000000000001,1.0,0.9853471930792167
ladder:ai:1B,2050,eci_p75,0.046,0.08335000000000001,1.314285714285714,1.263328935788301
ladder:ai:1B,2050,eci_p90,0.065,0.09865,1.8571428571428568,1.6934408568012855
ladder:ai:1B,2100,unconditional,0.055,0.1405,1.0,1.0
ladder:ai:1B,2100,sq,0.063,0.16355,1.1454545454545455,1.2279092456268592
ladder:ai:1B,2100,p1,0.06,0.17045,1.0909090909090908,1.197208012196396
ladder:ai:1B,2100,p2a,0.05,0.1237,0.9090909090909092,0.8718178125861741
ladder:ai:1B,2100,p2b,0.04,0.1056,0.7272727272727274,0.7335270306961461
ladder:ai:1B,2100,p3a,0.048,0.1126,0.8727272727272727,0.7844684102380447
ladder:ai:1B,2100,p3b,0.039,0.0969,0.7090909090909091,0.6617286204831518
ladder:ai:1B,2100,p4,0.049,0.11120000000000001,0.890909090909091,0.7925262575977197
ladder:ai:1B,2100,p5,0.028,0.07025,0.5090909090909091,0.5093185836256263
ladder:ai:1B,2100,eci_p10,0.037,0.09635,0.6727272727272728,0.6664824791602735
ladder:ai:1B,2100,eci_p25,0.046,0.1232,0.8363636363636362,0.8320721843496689
ladder:ai:1B,2100,eci_p50,0.055,0.13265,1.0,0.9864076236526154
ladder:ai:1B,2100,eci_p75,0.072,0.15165,1.3090909090909089,1.1807564272933604
ladder:ai:1B,2100,eci_p90,0.1,0.17565,1.8181818181818186,1.516939343670567
ladder:bio:100,6mo,unconditional,0.02,0.0048000000000000004,1.0,1.0
ladder:bio:100,6mo,sq,0.022,0.004815,1.0999999999999999,1.0141827580207952
ladder:bio:100,6mo,p1,0.021,0.0048400000000000006,1.0500000000000003,1.007968253468332
ladder:bio:100,6mo,p2a,0.019,0.0042699999999999995,0.95,0.8755950357709132
ladder:bio:100,6mo,p2b,0.016,0.004015,0.7999999999999997,0.8129388446970607
ladder:bio:100,6mo,p3a,0.018,0.003905,0.9,0.812403840463596
ladder:bio:100,6mo,p3b,0.015,0.0035399999999999997,0.7499999999999998,0.7099295739719541
ladder:bio:100,6mo,p4,0.018,0.00403,0.9,0.8270429251254133
ladder:bio:100,6mo,p5,0.011,0.003065,0.5500000000000002,0.5830951894845302
ladder:bio:100,6mo,eci_p10,0.014,0.00315,0.6999999999999996,0.660908465674332
ladder:bio:100,6mo,eci_p25,0.017,0.0038250000000000003,0.8500000000000002,0.8224354077980831
ladder:bio:100,6mo,eci_p50,0.02,0.0045000000000000005,1.0,0.9916316520429014
ladder:bio:100,6mo,eci_p75,0.025,0.005424999999999999,1.25,1.140175425099138
ladder:bio:100,6mo,eci_p90,0.033,0.00685,1.6500000000000001,1.4536311355570466
ladder:bio:100,12mo,unconditional,0.04,0.01125,1.0,1.0
ladder:bio:100,12mo,sq,0.044,0.0114,1.0999999999999999,1.0253159158389804
ladder:bio:100,12mo,p1,0.042,0.0114,1.0499999999999996,1.013544635066817
ladder:bio:100,12mo,p2a,0.037,0.009899999999999999,0.9249999999999999,0.8763560920082657
ladder:bio:100,12mo,p2b,0.031,0.0092,0.7749999999999997,0.8109916829915226
ladder:bio:100,12mo,p3a,0.035,0.0089,0.8749999999999999,0.8134631044013139
ladder:bio:100,12mo,p3b,0.03,0.00793,0.7499999999999998,0.702139587261678
ladder:bio:100,12mo,p4,0.036,0.009250000000000001,0.8999999999999996,0.8411962381698526
ladder:bio:100,12mo,p5,0.021,0.006665,0.525,0.5824712244160454
ladder:bio:100,12mo,eci_p10,0.028,0.00696,0.7,0.6292853089020908
ladder:bio:100,12mo,eci_p25,0.034,0.00873,0.8499999999999999,0.8031189202104503
ladder:bio:100,12mo,eci_p50,0.04,0.010499999999999999,1.0,0.9899494936611665
ladder:bio:100,12mo,eci_p75,0.05,0.013,1.25,1.1624165007483853
ladder:bio:100,12mo,eci_p90,0.065,0.017,1.6249999999999996,1.508867072308635
ladder:bio:100,2028,unconditional,0.09,0.03475,1.0,1.0
ladder:bio:100,2028,sq,0.098,0.03605,1.0888888888888895,1.0569497893196522
ladder:bio:100,2028,p1,0.095,0.03545,1.055555555555556,1.0198039027185568
ladder:bio:100,2028,p2a,0.084,0.030449999999999998,0.9333333333333336,0.8515969652977563
ladder:bio:100,2028,p2b,0.07,0.0279,0.7777777777777781,0.7946682229339882
ladder:bio:100,2028,p3a,0.08,0.02705,0.888888888888889,0.7891235957584312
ladder:bio:100,2028,p3b,0.068,0.02355,0.7555555555555558,0.6726582607851253
ladder:bio:100,2028,p4,0.082,0.02825,0.9111111111111113,0.8231226301089836
ladder:bio:100,2028,p5,0.048,0.019200000000000002,0.5333333333333334,0.5360463403590644
ladder:bio:100,2028,eci_p10,0.065,0.02005,0.7222222222222223,0.5922783558375664
ladder:bio:100,2028,eci_p25,0.078,0.0262,0.866666666666667,0.7944250191875322
ladder:bio:100,2028,eci_p50,0.09,0.0325,1.0,0.991071249821234
ladder:bio:100,2028,eci_p75,0.11,0.0419,1.2222222222222228,1.228404566003309
ladder:bio:100,2028,eci_p90,0.14,0.056749999999999995,1.555555555555556,1.6312172035683632
ladder:bio:100,2030,unconditional,0.15,0.07275000000000001,1.0,1.0
ladder:bio:100,2030,sq,0.16,0.07569999999999999,1.0666666666666667,1.0828641982237992
ladder:bio:100,2030,p1,0.157,0.0743,1.0466666666666669,1.027824438765238
ladder:bio:100,2030,p2a,0.14,0.0627,0.9333333333333333,0.8443274772793367
ladder:bio:100,2030,p2b,0.118,0.05685,0.7866666666666667,0.7598626878244689
ladder:bio:100,2030,p3a,0.133,0.054849999999999996,0.8866666666666668,0.7757254669017898
ladder:bio:100,2030,p3b,0.115,0.04675,0.7666666666666666,0.6458198923332521
ladder:bio:100,2030,p4,0.136,0.05765,0.9066666666666668,0.8103068691688489
ladder:bio:100,2030,p5,0.08,0.0366,0.5333333333333332,0.5085928299402839
ladder:bio:100,2030,eci_p10,0.11,0.03985,0.7333333333333334,0.5774945887192363
ladder:bio:100,2030,eci_p25,0.13,0.0537,0.8666666666666667,0.782844910468321
ladder:bio:100,2030,eci_p50,0.15,0.0675,1.0,0.991631652042901
ladder:bio:100,2030,eci_p75,0.18,0.0884,1.2,1.2365273955719704
ladder:bio:100,2030,eci_p90,0.23,0.123,1.5333333333333332,1.6998917927395887
ladder:bio:100,2050,unconditional,0.45,0.2975,1.0,1.0
ladder:bio:100,2050,sq,0.48,0.35250000000000004,1.0666666666666667,1.125
ladder:bio:100,2050,p1,0.47,0.34850000000000003,1.0444444444444445,1.122550242803879
ladder:bio:100,2050,p2a,0.42,0.27,0.9333333333333333,0.8831760866327846
ladder:bio:100,2050,p2b,0.36,0.238,0.7999999999999999,0.7737579070363667
ladder:bio:100,2050,p3a,0.4,0.244,0.888888888888889,0.821480329632298
ladder:bio:100,2050,p3b,0.35,0.202,0.7777777777777777,0.6831300510639732
ladder:bio:100,2050,p4,0.41,0.2485,0.9111111111111111,0.822202721971483
ladder:bio:100,2050,p5,0.26,0.157,0.5777777777777778,0.5137563413051877
ladder:bio:100,2050,eci_p10,0.35,0.2145,0.7777777777777777,0.7171371656006361
ladder:bio:100,2050,eci_p25,0.4,0.2535,0.888888888888889,0.8517688677579338
ladder:bio:100,2050,eci_p50,0.45,0.29000000000000004,1.0,0.9954441676503464
ladder:bio:100,2050,eci_p75,0.52,0.331,1.1555555555555557,1.114529887777039
ladder:bio:100,2050,eci_p90,0.6,0.4125,1.3333333333333333,1.3122266479195597
ladder:bio:100,2100,unconditional,0.6,0.5625,1.0,1.0
ladder:bio:100,2100,sq,0.63,0.64,1.05,1.1040665573066522
ladder:bio:100,2100,p1,0.62,0.6625,1.0333333333333334,1.0944303439588001
ladder:bio:100,2100,p2a,0.57,0.4975,0.95,0.9365449279753759
ladder:bio:100,2100,p2b,0.5,0.4275,0.8333333333333334,0.8702611661762791
ladder:bio:100,2100,p3a,0.55,0.45999999999999996,0.9166666666666667,0.8933617621631441
ladder:bio:100,2100,p3b,0.49,0.3865,0.8166666666666667,0.7898161329129229
ladder:bio:100,2100,p4,0.56,0.45999999999999996,0.9333333333333335,0.9018499505645788
ladder:bio:100,2100,p5,0.38,0.344,0.6333333333333334,0.7066576818835831
ladder:bio:100,2100,eci_p10,0.49,0.41000000000000003,0.8166666666666667,0.77746025264604
ladder:bio:100,2100,eci_p25,0.55,0.485,0.9166666666666667,0.8886110676947647
ladder:bio:100,2100,eci_p50,0.6,0.55,1.0,0.9972183534434395
ladder:bio:100,2100,eci_p75,0.67,0.625,1.1166666666666667,1.0734900802433864
ladder:bio:100,2100,eci_p90,0.74,0.6819999999999999,1.2333333333333334,1.210623172423387
ladder:bio:1k,6mo,unconditional,0.01,0.0031875000000000002,1.0,1.0
ladder:bio:1k,6mo,sq,0.011,0.003205,1.0999999999999999,1.012324058787501
ladder:bio:1k,6mo,p1,0.0105,0.0032125,1.0499999999999992,1.0071175275436894
ladder:bio:1k,6mo,p2a,0.0093,0.002855,0.9299999999999999,0.8717797887081346
ladder:bio:1k,6mo,p2b,0.0077,0.00269,0.7699999999999999,0.8129388446970603
ladder:bio:1k,6mo,p3a,0.0087,0.0026225,0.8699999999999997,0.8119934318289365
ladder:bio:1k,6mo,p3b,0.0075,0.002385,0.7499999999999994,0.7035623639735145
ladder:bio:1k,6mo,p4,0.009,0.0027,0.8999999999999996,0.8396427811873332
ladder:bio:1k,6mo,p5,0.005,0.002085,0.49999999999999994,0.5830951894845302
ladder:bio:1k,6mo,eci_p10,0.007,0.0021149999999999997,0.7,0.6500000000000001
ladder:bio:1k,6mo,eci_p25,0.0085,0.0025599999999999998,0.8499999999999999,0.8176621726430962
ladder:bio:1k,6mo,eci_p50,0.01,0.003,1.0,0.9899494936611665
ladder:bio:1k,6mo,eci_p75,0.013,0.0036049999999999997,1.2999999999999992,1.1406764910099867
ladder:bio:1k,6mo,eci_p90,0.017,0.0045249999999999995,1.6999999999999997,1.4536311355570466
ladder:bio:1k,12mo,unconditional,0.02,0.00759375,1.0,1.0
ladder:bio:1k,12mo,sq,0.022,0.0077275,1.0999999999999999,1.0269493658404005
ladder:bio:1k,12mo,p1,0.021,0.007688749999999999,1.0500000000000003,1.0118053172424033
ladder:bio:1k,12mo,p2a,0.0185,0.0067325,0.9249999999999999,0.8755950357709132
ladder:bio:1k,12mo,p2b,0.0154,0.006275,0.7700000000000002,0.8102602909747183
ladder:bio:1k,12mo,p3a,0.0174,0.00610375,0.87,0.8091735937126873
ladder:bio:1k,12mo,p3b,0.015,0.00546,0.7499999999999998,0.6975211210319828
ladder:bio:1k,12mo,p4,0.018,0.006325,0.9,0.8332380897952963
ladder:bio:1k,12mo,p5,0.01,0.00464,0.5000000000000002,0.5822370651203854
ladder:bio:1k,12mo,eci_p10,0.014,0.0047550000000000005,0.6999999999999996,0.6251856867020732
ladder:bio:1k,12mo,eci_p25,0.017,0.00594,0.8500000000000002,0.7992853951231328
ladder:bio:1k,12mo,eci_p50,0.02,0.007125,1.0,0.9916316520429014
ladder:bio:1k,12mo,eci_p75,0.026,0.0087825,1.2999999999999998,1.1649034294738778
ladder:bio:1k,12mo,eci_p90,0.034,0.011425,1.6999999999999997,1.5065076227458343
ladder:bio:1k,2028,unconditional,0.05,0.02515,1.0,1.0
ladder:bio:1k,2028,sq,0.055,0.02605,1.0999999999999999,1.0564090116995406
ladder:bio:1k,2028,p1,0.053,0.02565,1.0599999999999998,1.0198039027185568
ladder:bio:1k,2028,p2a,0.046,0.022,0.9199999999999997,0.8544545585299388
ladder:bio:1k,2028,p2b,0.039,0.02015,0.78,0.7932078819334518
ladder:bio:1k,2028,p3a,0.044,0.019549999999999998,0.88,0.783037769298613
ladder:bio:1k,2028,p3b,0.038,0.017,0.76,0.6660830779014482
ladder:bio:1k,2028,p4,0.045,0.0204,0.9,0.8228901191217137
ladder:bio:1k,2028,p5,0.026,0.0138,0.5199999999999999,0.5399588461684423
ladder:bio:1k,2028,eci_p10,0.036,0.0145,0.7199999999999996,0.5850925852660699
ladder:bio:1k,2028,eci_p25,0.043,0.01895,0.8599999999999997,0.7803845206050668
ladder:bio:1k,2028,eci_p50,0.05,0.0235,1.0,0.9899494936611665
ladder:bio:1k,2028,eci_p75,0.062,0.0303,1.2399999999999998,1.2336035739968405
ladder:bio:1k,2028,eci_p90,0.08,0.04105,1.5999999999999994,1.6312172035683632
ladder:bio:1k,2030,unconditional,0.08,0.054625,1.0,1.0
ladder:bio:1k,2030,sq,0.087,0.05655,1.0875,1.083380951334426
ladder:bio:1k,2030,p1,0.084,0.055725,1.0500000000000003,1.0282298000637455
ladder:bio:1k,2030,p2a,0.074,0.04685,0.9249999999999999,0.8319941620674303
ladder:bio:1k,2030,p2b,0.062,0.04245,0.775,0.7534269532695543
ladder:bio:1k,2030,p3a,0.07,0.040875,0.8750000000000003,0.763450812336422
ladder:bio:1k,2030,p3b,0.06,0.0347,0.7500000000000001,0.6300510183423923
ladder:bio:1k,2030,p4,0.072,0.043,0.9,0.8099823631236845
ladder:bio:1k,2030,p5,0.042,0.027,0.525,0.49551560448255744
ladder:bio:1k,2030,eci_p10,0.058,0.02985,0.7250000000000001,0.5759140722655944
ladder:bio:1k,2030,eci_p25,0.07,0.04015,0.8750000000000003,0.7874205076708514
ladder:bio:1k,2030,eci_p50,0.08,0.0505,1.0,0.9909591313469994
ladder:bio:1k,2030,eci_p75,0.1,0.06609999999999999,1.2500000000000004,1.2457161376702857
ladder:bio:1k,2030,eci_p90,0.13,0.09204999999999999,1.6250000000000002,1.7016615920661322
ladder:bio:1k,2050,unconditional,0.32,0.2415,1.0,1.0
ladder:bio:1k,2050,sq,0.345,0.2885,1.078125,1.1384919943346201
ladder:bio:1k,2050,p1,0.335,0.2855,1.046875,1.1315578997220073
ladder:bio:1k,2050,p2a,0.3,0.21800000000000003,0.9374999999999999,0.8697290218387399
ladder:bio:1k,2050,p2b,0.25,0.1905,0.78125,0.7535629654230248
ladder:bio:1k,2050,p3a,0.285,0.196,0.8906249999999998,0.8071112509614591
ladder:bio:1k,2050,p3b,0.245,0.16,0.765625,0.656832224718437
ladder:bio:1k,2050,p4,0.29,0.1995,0.9062499999999999,0.8154753215150046
ladder:bio:1k,2050,p5,0.175,0.123,0.546875,0.5037360419902471
ladder:bio:1k,2050,eci_p10,0.24,0.173,0.7499999999999999,0.7075876427050175
ladder:bio:1k,2050,eci_p25,0.28,0.20450000000000002,0.8750000000000001,0.8451542547285166
ladder:bio:1k,2050,eci_p50,0.32,0.235,1.0,0.9937303457175896
ladder:bio:1k,2050,eci_p75,0.38,0.27,1.1875,1.1309604009740697
ladder:bio:1k,2050,eci_p90,0.45,0.3325,1.40625,1.3426544933211129
ladder:bio:1k,2100,unconditional,0.45,0.47624999999999995,1.0,1.0
ladder:bio:1k,2100,sq,0.475,0.545,1.0555555555555556,1.1153840740538936
ladder:bio:1k,2100,p1,0.465,0.57125,1.0333333333333334,1.1081025026876283
ladder:bio:1k,2100,p2a,0.42,0.41375,0.9333333333333333,0.9296255227130302
ladder:bio:1k,2100,p2b,0.36,0.35625,0.7999999999999999,0.8633192903233051
ladder:bio:1k,2100,p3a,0.4,0.3825,0.888888888888889,0.8880154438811461
ladder:bio:1k,2100,p3b,0.35,0.31825000000000003,0.7777777777777777,0.7811556065424181
ladder:bio:1k,2100,p4,0.41,0.3875,0.9111111111111111,0.8976158898517149
ladder:bio:1k,2100,p5,0.26,0.28275,0.5777777777777778,0.6948792289723035
ladder:bio:1k,2100,eci_p10,0.35,0.345,0.7777777777777777,0.7638071487909875
ladder:bio:1k,2100,eci_p25,0.4,0.4075,0.888888888888889,0.8769148144698747
ladder:bio:1k,2100,eci_p50,0.45,0.46499999999999997,1.0,0.9956803253779938
ladder:bio:1k,2100,eci_p75,0.51,0.5435,1.1333333333333333,1.084585879777275
ladder:bio:1k,2100,eci_p90,0.58,0.58275,1.2888888888888888,1.237179148263484
ladder:bio:10k,6mo,unconditional,0.005,0.0018625,1.0,1.0
ladder:bio:10k,6mo,sq,0.0055,0.001805,1.0999999999999999,1.0187782344107528
ladder:bio:10k,6mo,p1,0.0053,0.0018425,1.0599999999999994,1.0090499582190258
ladder:bio:10k,6mo,p2a,0.0046,0.0016350000000000002,0.9199999999999997,0.8763560920082656
ladder:bio:10k,6mo,p2b,0.0038,0.00155,0.7599999999999997,0.81293884469706
ladder:bio:10k,6mo,p3a,0.0044,0.0014824999999999999,0.88,0.8138795979750318
ladder:bio:10k,6mo,p3b,0.0037,0.00135,0.74,0.7099295739719538
ladder:bio:10k,6mo,p4,0.0045,0.0015,0.8999999999999996,0.8378544026261361
ladder:bio:10k,6mo,p5,0.0025,0.00115,0.49999999999999994,0.5830951894845298
ladder:bio:10k,6mo,eci_p10,0.0035,0.00125,0.7,0.632527397897442
ladder:bio:10k,6mo,eci_p25,0.0042,0.0015,0.8399999999999994,0.8122919314003932
ladder:bio:10k,6mo,eci_p50,0.005,0.00173,1.0,0.9899494936611665
ladder:bio:10k,6mo,eci_p75,0.0065,0.002125,1.2999999999999992,1.1545365067656133
ladder:bio:10k,6mo,eci_p90,0.0088,0.0027,1.76,1.480305491385507
ladder:bio:10k,12mo,unconditional,0.011,0.004656250000000001,1.0,1.0
ladder:bio:10k,12mo,sq,0.012,0.0045125,1.0909090909090904,1.0363783093060177
ladder:bio:10k,12mo,p1,0.0116,0.00460625,1.054545454545454,1.0158740079360233
ladder:bio:10k,12mo,p2a,0.01,0.0040875,0.9090909090909092,0.8763560920082651
ladder:bio:10k,12mo,p2b,0.0085,0.00381,0.7727272727272726,0.8017372441739571
ladder:bio:10k,12mo,p3a,0.0096,0.00369625,0.8727272727272724,0.8195933951254933
ladder:bio:10k,12mo,p3b,0.0082,0.0032849999999999997,0.7454545454545454,0.6914332939626207
ladder:bio:10k,12mo,p4,0.0099,0.00375,0.8999999999999996,0.8378544026261361
ladder:bio:10k,12mo,p5,0.0055,0.0027800000000000004,0.49999999999999994,0.5699122739509999
ladder:bio:10k,12mo,eci_p10,0.0077,0.002825,0.7,0.6096993794759292
ladder:bio:10k,12mo,eci_p25,0.0093,0.0036,0.8454545454545455,0.784856674813943
ladder:bio:10k,12mo,eci_p50,0.011,0.004325,1.0,0.9899494936611665
ladder:bio:10k,12mo,eci_p75,0.0145,0.0053124999999999995,1.3181818181818175,1.1796185824239966
ladder:bio:10k,12mo,eci_p90,0.019,0.00675,1.7272727272727266,1.5424430086011631
ladder:bio:10k,2028,unconditional,0.03,0.0172,1.0,1.0
ladder:bio:10k,2028,sq,0.033,0.01805,1.1000000000000003,1.0702591020190135
ladder:bio:10k,2028,p1,0.032,0.017599999999999998,1.066666666666667,1.02469507659596
ladder:bio:10k,2028,p2a,0.028,0.014849999999999999,0.9333333333333336,0.8579044235810885
ladder:bio:10k,2028,p2b,0.023,0.0134,0.7666666666666666,0.7801894976054938
ladder:bio:10k,2028,p3a,0.026,0.0129,0.8666666666666667,0.7862453931068967
ladder:bio:10k,2028,p3b,0.022,0.01105,0.7333333333333334,0.652791209833867
ladder:bio:10k,2028,p4,0.027,0.013600000000000001,0.9,0.8223580286424688
ladder:bio:10k,2028,p5,0.015,0.00875,0.49999999999999994,0.5267826876426369
ladder:bio:10k,2028,eci_p10,0.021,0.00936,0.7000000000000003,0.557592226370751
ladder:bio:10k,2028,eci_p25,0.026,0.012650000000000002,0.8666666666666667,0.7631424268354918
ladder:bio:10k,2028,eci_p50,0.03,0.016,1.0,0.9899494936611665
ladder:bio:10k,2028,eci_p75,0.038,0.0211,1.266666666666667,1.2642438451501357
ladder:bio:10k,2028,eci_p90,0.05,0.028749999999999998,1.6666666666666672,1.7245037093257474
ladder:bio:10k,2030,unconditional,0.05,0.038,1.0,1.0
ladder:bio:10k,2030,sq,0.055,0.0399,1.0999999999999999,1.0839082723446403
ladder:bio:10k,2030,p1,0.053,0.03895,1.0599999999999998,1.0363236302751502
ladder:bio:10k,2030,p2a,0.046,0.03215,0.9199999999999997,0.8296298658351895
ladder:bio:10k,2030,p2b,0.039,0.0287,0.78,0.7497245871129873
ladder:bio:10k,2030,p3a,0.044,0.0275,0.88,0.7596991885890477
ladder:bio:10k,2030,p3b,0.037,0.0229,0.74,0.6321919539717877
ladder:bio:10k,2030,p4,0.045,0.0292,0.9,0.8065800819332379
ladder:bio:10k,2030,p5,0.026,0.01735,0.5199999999999999,0.49033516234160845
ladder:bio:10k,2030,eci_p10,0.036,0.019799999999999998,0.7199999999999996,0.5356832289134416
ladder:bio:10k,2030,eci_p25,0.043,0.02735,0.8599999999999997,0.7533259586659684
ladder:bio:10k,2030,eci_p50,0.05,0.035,1.0,0.9909591313469994
ladder:bio:10k,2030,eci_p75,0.064,0.0467,1.2799999999999996,1.280406185552069
ladder:bio:10k,2030,eci_p90,0.083,0.06505,1.66,1.7912832417498674
ladder:bio:10k,2050,unconditional,0.23,0.188,1.0,1.0
ladder:bio:10k,2050,sq,0.25,0.22974999999999998,1.0869565217391306,1.1770533316101464
ladder:bio:10k,2050,p1,0.242,0.21550000000000002,1.0521739130434782,1.1453873692796375
ladder:bio:10k,2050,p2a,0.21,0.167,0.9130434782608696,0.8594941295495616
ladder:bio:10k,2050,p2b,0.18,0.14300000000000002,0.782608695652174,0.7376854981493767
ladder:bio:10k,2050,p3a,0.205,0.147,0.8913043478260868,0.7874216410046754
ladder:bio:10k,2050,p3b,0.175,0.1165,0.7608695652173912,0.6308958366087434
ladder:bio:10k,2050,p4,0.21,0.151,0.9130434782608696,0.8051893978002729
ladder:bio:10k,2050,p5,0.125,0.08524999999999999,0.5434782608695653,0.46609159969939895
ladder:bio:10k,2050,eci_p10,0.17,0.13065,0.7391304347826088,0.6963106238227913
ladder:bio:10k,2050,eci_p25,0.2,0.157,0.8695652173913044,0.8374357893586235
ladder:bio:10k,2050,eci_p50,0.23,0.1825,1.0,0.9925649526278798
ladder:bio:10k,2050,eci_p75,0.28,0.2135,1.2173913043478262,1.168608127346429
ladder:bio:10k,2050,eci_p90,0.34,0.2605,1.4782608695652177,1.421163056618605
ladder:bio:10k,2100,unconditional,0.34,0.38,1.0,1.0
ladder:bio:10k,2100,sq,0.36,0.41095000000000004,1.0588235294117645,1.1387288073563857
ladder:bio:10k,2100,p1,0.355,0.4174,1.0441176470588234,1.1159844288435414
ladder:bio:10k,2100,p2a,0.315,0.33,0.9264705882352939,0.9219790406912312
ladder:bio:10k,2100,p2b,0.27,0.28500000000000003,0.7941176470588235,0.8462370921421586
ladder:bio:10k,2100,p3a,0.3,0.305,0.8823529411764703,0.8631656533105015
ladder:bio:10k,2100,p3b,0.265,0.252,0.7794117647058822,0.7486251134176306
ladder:bio:10k,2100,p4,0.31,0.31,0.9117647058823528,0.8820555413475831
ladder:bio:10k,2100,p5,0.2,0.22,0.588235294117647,0.6546536707079772
ladder:bio:10k,2100,eci_p10,0.26,0.27,0.7647058823529411,0.7342983992861071
ladder:bio:10k,2100,eci_p25,0.3,0.32,0.8823529411764703,0.8650732040420904
ladder:bio:10k,2100,eci_p50,0.34,0.37,1.0,0.9941495528004494
ladder:bio:10k,2100,eci_p75,0.39,0.43595,1.1470588235294115,1.104933989376343
ladder:bio:10k,2100,eci_p90,0.46,0.4717,1.352941176470588,1.2909944487358056
ladder:bio:100k,6mo,unconditional,0.0025,0.0008600000000000001,1.0,1.0
ladder:bio:100k,6mo,sq,0.0028,0.00083,1.12,1.0152409988344073
ladder:bio:100k,6mo,p1,0.0027,0.0008500000000000001,1.0799999999999998,1.0106574946185138
ladder:bio:100k,6mo,p2a,0.0023,0.000745,0.9199999999999997,0.8679060257684683
ladder:bio:100k,6mo,p2b,0.0019,0.0007000000000000001,0.7599999999999997,0.8129388446970603
ladder:bio:100k,6mo,p3a,0.0022,0.00067,0.88,0.8173466556826148
ladder:bio:100k,6mo,p3b,0.0018,0.0006000000000000001,0.7199999999999996,0.7071067811865475
ladder:bio:100k,6mo,p4,0.0022,0.00068,0.88,0.8366600265340751
ladder:bio:100k,6mo,p5,0.0012,0.0005,0.4799999999999997,0.5749396103553445
ladder:bio:100k,6mo,eci_p10,0.0017,0.0005600000000000001,0.6799999999999998,0.6261497361362467
ladder:bio:100k,6mo,eci_p25,0.0021,0.00068,0.8399999999999994,0.8084376466811946
ladder:bio:100k,6mo,eci_p50,0.0025,0.00079,1.0,0.9874208829065747
ladder:bio:100k,6mo,eci_p75,0.0033,0.00098,1.3199999999999992,1.1535659000309801
ladder:bio:100k,6mo,eci_p90,0.0045,0.00126,1.7999999999999994,1.480305491385507
ladder:bio:100k,12mo,unconditional,0.006,0.00215,1.0,1.0
ladder:bio:100k,12mo,sq,0.0066,0.0020800000000000003,1.0999999999999999,1.0366934616044097
ladder:bio:100k,12mo,p1,0.0064,0.00213,1.0666666666666667,1.0165300454651274
ladder:bio:100k,12mo,p2a,0.0055,0.00186,0.9166666666666672,0.8763560920082651
ladder:bio:100k,12mo,p2b,0.0046,0.00175,0.7666666666666669,0.8014479649856942
ladder:bio:100k,12mo,p3a,0.0053,0.00167,0.8833333333333333,0.814137895457835
ladder:bio:100k,12mo,p3b,0.0044,0.0015,0.7333333333333337,0.6914866926802323
ladder:bio:100k,12mo,p4,0.0054,0.0017000000000000001,0.9000000000000004,0.840329605663067
ladder:bio:100k,12mo,p5,0.003,0.00125,0.49999999999999994,0.5703799902988649
ladder:bio:100k,12mo,eci_p10,0.0042,0.0014,0.7,0.6136899743481106
ladder:bio:100k,12mo,eci_p25,0.005,0.0017000000000000001,0.8333333333333338,0.7957579840823271
ladder:bio:100k,12mo,eci_p50,0.006,0.00198,1.0,0.9899494936611665
ladder:bio:100k,12mo,eci_p75,0.008,0.00245,1.3333333333333333,1.179618582423997
ladder:bio:100k,12mo,eci_p90,0.011,0.00315,1.8333333333333344,1.5424430086011638
ladder:bio:100k,2028,unconditional,0.016,0.0095,1.0,1.0
ladder:bio:100k,2028,sq,0.0176,0.009999999999999998,1.100000000000001,1.0770329614269005
ladder:bio:100k,2028,p1,0.017,0.0097,1.0625000000000007,1.0246950765959595
ladder:bio:100k,2028,p2a,0.0148,0.00865,0.9249999999999999,0.8589399151150086
ladder:bio:100k,2028,p2b,0.0123,0.00805,0.7687499999999999,0.7810806338155737
ladder:bio:100k,2028,p3a,0.014,0.0076,0.8749999999999999,0.7848566748139433
ladder:bio:100k,2028,p3b,0.0118,0.0066,0.7375000000000005,0.6604846705261218
ladder:bio:100k,2028,p4,0.0144,0.0079,0.9000000000000004,0.8221921916437784
ladder:bio:100k,2028,p5,0.008,0.0052499999999999995,0.49999999999999994,0.5272570530585625
ladder:bio:100k,2028,eci_p10,0.011,0.00585,0.6875000000000004,0.5649778756730213
ladder:bio:100k,2028,eci_p25,0.0135,0.00785,0.8437500000000004,0.769935062196806
ladder:bio:100k,2028,eci_p50,0.016,0.0094,1.0,0.9888264649460886
ladder:bio:100k,2028,eci_p75,0.021,0.0119,1.3125000000000007,1.2680693987317884
ladder:bio:100k,2028,eci_p90,0.028,0.0155,1.7500000000000007,1.7245037093257467
ladder:bio:100k,2030,unconditional,0.03,0.022,1.0,1.0
ladder:bio:100k,2030,sq,0.033,0.024149999999999998,1.1000000000000003,1.089106902996141
ladder:bio:100k,2030,p1,0.032,0.022699999999999998,1.066666666666667,1.0352116488403407
ladder:bio:100k,2030,p2a,0.028,0.01985,0.9333333333333336,0.8352245207128439
ladder:bio:100k,2030,p2b,0.023,0.018099999999999998,0.7666666666666666,0.7478665307567167
ladder:bio:100k,2030,p3a,0.026,0.01795,0.8666666666666667,0.7624656360478459
ladder:bio:100k,2030,p3b,0.022,0.0153,0.7333333333333334,0.6332334604114154
ladder:bio:100k,2030,p4,0.027,0.01865,0.9,0.8040665873689053
ladder:bio:100k,2030,p5,0.015,0.011550000000000001,0.49999999999999994,0.49152822909778027
ladder:bio:100k,2030,eci_p10,0.021,0.01334,0.7000000000000003,0.5375529840883978
ladder:bio:100k,2030,eci_p25,0.026,0.018349999999999998,0.8666666666666667,0.7532386215885586
ladder:bio:100k,2030,eci_p50,0.03,0.02175,1.0,0.9899494936611665
ladder:bio:100k,2030,eci_p75,0.039,0.028,1.3000000000000003,1.2820706935102664
ladder:bio:100k,2030,eci_p90,0.052,0.0368,1.7333333333333334,1.7924326055137823
ladder:bio:100k,2050,unconditional,0.16,0.1325,1.0,1.0
ladder:bio:100k,2050,sq,0.175,0.14805000000000001,1.09375,1.179875104897927
ladder:bio:100k,2050,p1,0.17,0.1381,1.0625000000000002,1.1429417261932842
ladder:bio:100k,2050,p2a,0.148,0.1164,0.9249999999999999,0.8514939910573196
ladder:bio:100k,2050,p2b,0.124,0.1019,0.775,0.7258724104844604
ladder:bio:100k,2050,p3a,0.142,0.1072,0.8875,0.7837957894751651
ladder:bio:100k,2050,p3b,0.12,0.0864,0.7500000000000001,0.6243191780573663
ladder:bio:100k,2050,p4,0.145,0.1099,0.9062500000000001,0.7968442660355445
ladder:bio:100k,2050,p5,0.085,0.0624,0.53125,0.4615762467663899
ladder:bio:100k,2050,eci_p10,0.115,0.0993,0.71875,0.685449684397965
ladder:bio:100k,2050,eci_p25,0.14,0.11865,0.8750000000000001,0.8366600265340756
ladder:bio:100k,2050,eci_p50,0.16,0.1311,1.0,0.9917305136803575
ladder:bio:100k,2050,eci_p75,0.2,0.15345,1.2500000000000002,1.1834697373380723
ladder:bio:100k,2050,eci_p90,0.25,0.18265,1.5625000000000002,1.4509525002200232
ladder:bio:100k,2100,unconditional,0.25,0.255,1.0,1.0
ladder:bio:100k,2100,sq,0.27,0.2751,1.08,1.1396057645963795
ladder:bio:100k,2100,p1,0.263,0.28205,1.0519999999999998,1.1194341570991126
ladder:bio:100k,2100,p2a,0.232,0.2249,0.9279999999999999,0.9157623543557426
ladder:bio:100k,2100,p2b,0.197,0.2096,0.7879999999999999,0.8407128103916642
ladder:bio:100k,2100,p3a,0.223,0.2137,0.892,0.8575187145856711
ladder:bio:100k,2100,p3b,0.19,0.19615,0.76,0.7408590827216252
ladder:bio:100k,2100,p4,0.228,0.2177,0.912,0.8783100656536799
ladder:bio:100k,2100,p5,0.14,0.1745,0.5599999999999999,0.6457883604682658
ladder:bio:100k,2100,eci_p10,0.19,0.20600000000000002,0.76,0.7247849910201094
ladder:bio:100k,2100,eci_p25,0.22,0.2319,0.88,0.8601451180237847
ladder:bio:100k,2100,eci_p50,0.25,0.25295,1.0,0.9929058711506934
ladder:bio:100k,2100,eci_p75,0.3,0.30510000000000004,1.1999999999999997,1.1138229229816554
ladder:bio:100k,2100,eci_p90,0.36,0.365,1.4399999999999997,1.3174175391390073
ladder:bio:1M,6mo,unconditional,0.0012,0.00043000000000000004,1.0,1.0
ladder:bio:1M,6mo,sq,0.0013,0.000415,1.0833333333333333,1.0166120203892928
ladder:bio:1M,6mo,p1,0.0013,0.00042500000000000003,1.0833333333333333,1.0099504938362078
ladder:bio:1M,6mo,p2a,0.0011,0.00037,0.9166666666666672,0.8717797887081341
ladder:bio:1M,6mo,p2b,0.0009,0.00035000000000000005,0.7500000000000001,0.8129388446970603
ladder:bio:1M,6mo,p3a,0.00105,0.000335,0.8749999999999999,0.812843334052932
ladder:bio:1M,6mo,p3b,0.00088,0.00030000000000000003,0.7333333333333337,0.7081162132224985
ladder:bio:1M,6mo,p4,0.00108,0.00034,0.9000000000000004,0.840917865872082
ladder:bio:1M,6mo,p5,0.0006,0.00025,0.49999999999999994,0.5830951894845302
ladder:bio:1M,6mo,eci_p10,0.0008,0.00028000000000000003,0.6666666666666671,0.6338093449250223
ladder:bio:1M,6mo,eci_p25,0.001,0.00034,0.8333333333333338,0.8039189724628435
ladder:bio:1M,6mo,eci_p50,0.0012,0.000395,1.0,0.9874208829065747
ladder:bio:1M,6mo,eci_p75,0.0016,0.00049,1.3333333333333344,1.1549891774384722
ladder:bio:1M,6mo,eci_p90,0.0022,0.00063,1.8333333333333344,1.480305491385507
ladder:bio:1M,12mo,unconditional,0.003,0.001075,1.0,1.0
ladder:bio:1M,12mo,sq,0.0033,0.0010400000000000001,1.0999999999999999,1.035116740598212
ladder:bio:1M,12mo,p1,0.0032,0.001065,1.0666666666666675,1.016530045465127
ladder:bio:1M,12mo,p2a,0.0028,0.00093,0.933333333333334,0.8763560920082651
ladder:bio:1M,12mo,p2b,0.0023,0.000875,0.7666666666666669,0.802893318666571
ladder:bio:1M,12mo,p3a,0.0026,0.000835,0.8666666666666667,0.8109253973085316
ladder:bio:1M,12mo,p3b,0.0022,0.00075,0.7333333333333337,0.6966586921393667
ladder:bio:1M,12mo,p4,0.0027,0.0008500000000000001,0.9000000000000004,0.8485281374238565
ladder:bio:1M,12mo,p5,0.0015,0.000625,0.5000000000000004,0.5703799902988651
ladder:bio:1M,12mo,eci_p10,0.002,0.0007,0.6666666666666671,0.6170899448216605
ladder:bio:1M,12mo,eci_p25,0.0025,0.0008500000000000001,0.8333333333333338,0.7989993742175266
ladder:bio:1M,12mo,eci_p50,0.003,0.00099,1.0,0.9899494936611665
ladder:bio:1M,12mo,eci_p75,0.004,0.001225,1.3333333333333344,1.1812422839254153
ladder:bio:1M,12mo,eci_p90,0.0055,0.001575,1.8333333333333344,1.5424430086011631
ladder:bio:1M,2028,unconditional,0.008,0.00475,1.0,1.0
ladder:bio:1M,2028,sq,0.0088,0.0051400000000000005,1.100000000000001,1.0744977685158095
ladder:bio:1M,2028,p1,0.0085,0.00488,1.0625000000000007,1.0256705123966467
ladder:bio:1M,2028,p2a,0.0074,0.004435,0.9250000000000008,0.85374989832438
ladder:bio:1M,2028,p2b,0.0061,0.004240000000000001,0.7625000000000004,0.7806351928704122
ladder:bio:1M,2028,p3a,0.007,0.00406,0.8750000000000007,0.778758400574046
ladder:bio:1M,2028,p3b,0.0059,0.0036,0.7375000000000005,0.6522687678055304
ladder:bio:1M,2028,p4,0.0072,0.004205,0.9000000000000004,0.8231498998212644
ladder:bio:1M,2028,p5,0.004,0.0028,0.5000000000000004,0.5268775948927795
ladder:bio:1M,2028,eci_p10,0.0055,0.003175,0.6875000000000004,0.5575922263707508
ladder:bio:1M,2028,eci_p25,0.0067,0.00395,0.8375,0.7625316684928863
ladder:bio:1M,2028,eci_p50,0.008,0.0047,1.0,0.9888264649460886
ladder:bio:1M,2028,eci_p75,0.0107,0.00605,1.3375,1.2680693987317884
ladder:bio:1M,2028,eci_p90,0.0145,0.008,1.8125000000000004,1.7245037093257467
ladder:bio:1M,2030,unconditional,0.016,0.0115,1.0,1.0
ladder:bio:1M,2030,sq,0.0176,0.012650000000000002,1.100000000000001,1.0917082591411145
ladder:bio:1M,2030,p1,0.017,0.01185,1.0625000000000007,1.0335152858830126
ladder:bio:1M,2030,p2a,0.0148,0.01037,0.9249999999999999,0.8403868156985804
ladder:bio:1M,2030,p2b,0.0123,0.00944,0.7687499999999999,0.746003846592251
ladder:bio:1M,2030,p3a,0.014,0.00936,0.8749999999999999,0.7582875444051549
ladder:bio:1M,2030,p3b,0.0118,0.00834,0.7375000000000005,0.6377544740970219
ladder:bio:1M,2030,p4,0.0144,0.00975,0.9000000000000004,0.801890794406474
ladder:bio:1M,2030,p5,0.008,0.00672,0.49999999999999994,0.4937104414532873
ladder:bio:1M,2030,eci_p10,0.011,0.007949999999999999,0.6875000000000004,0.5417363388859613
ladder:bio:1M,2030,eci_p25,0.0135,0.009625,0.8437500000000004,0.75249584716462
ladder:bio:1M,2030,eci_p50,0.016,0.011349999999999999,1.0,0.9883941910609739
ladder:bio:1M,2030,eci_p75,0.021,0.0147,1.3125000000000007,1.286856635371633
ladder:bio:1M,2030,eci_p90,0.029,0.0193,1.8125000000000004,1.7912832417498665
ladder:bio:1M,2050,unconditional,0.1,0.0775,1.0,1.0
ladder:bio:1M,2050,sq,0.11,0.0872,1.0999999999999999,1.1825572114876974
ladder:bio:1M,2050,p1,0.106,0.08095,1.0599999999999998,1.1499520035156292
ladder:bio:1M,2050,p2a,0.092,0.0674,0.9199999999999997,0.8459989868281672
ladder:bio:1M,2050,p2b,0.077,0.0586,0.7699999999999999,0.7181324987175317
ladder:bio:1M,2050,p3a,0.089,0.0619,0.8899999999999998,0.779743547584717
ladder:bio:1M,2050,p3b,0.075,0.052199999999999996,0.7499999999999998,0.6200125679497025
ladder:bio:1M,2050,p4,0.09,0.0635,0.8999999999999996,0.7846018098373211
ladder:bio:1M,2050,p5,0.052,0.04095,0.5199999999999999,0.4663202177201256
ladder:bio:1M,2050,eci_p10,0.07,0.06095,0.7,0.6761234037828133
ladder:bio:1M,2050,eci_p25,0.085,0.06935,0.8499999999999999,0.828078671210825
ladder:bio:1M,2050,eci_p50,0.1,0.0766,1.0,0.9909591313469994
ladder:bio:1M,2050,eci_p75,0.125,0.0906,1.25,1.1964698073917284
ladder:bio:1M,2050,eci_p90,0.16,0.10905000000000001,1.5999999999999994,1.474898191511765
ladder:bio:1M,2100,unconditional,0.16,0.165,1.0,1.0
ladder:bio:1M,2100,sq,0.174,0.17880000000000001,1.0875,1.1428571428571428
ladder:bio:1M,2100,p1,0.17,0.18155,1.0625000000000002,1.1224618634593493
ladder:bio:1M,2100,p2a,0.148,0.14415,0.9249999999999999,0.9110433579144299
ladder:bio:1M,2100,p2b,0.125,0.1335,0.7812500000000002,0.8333583956131042
ladder:bio:1M,2100,p3a,0.143,0.13655,0.89375,0.8535639569308374
ladder:bio:1M,2100,p3b,0.12,0.12415000000000001,0.7500000000000001,0.733143914930759
ladder:bio:1M,2100,p4,0.145,0.13905,0.9062500000000001,0.874234358902528
ladder:bio:1M,2100,p5,0.087,0.10975,0.54375,0.635959467611297
ladder:bio:1M,2100,eci_p10,0.12,0.1336,0.7500000000000001,0.7140317008657737
ladder:bio:1M,2100,eci_p25,0.14,0.14765,0.8750000000000001,0.8535639569308374
ladder:bio:1M,2100,eci_p50,0.16,0.16345,1.0,0.9918085553806822
ladder:bio:1M,2100,eci_p75,0.195,0.1988,1.2187500000000002,1.1251102238772057
ladder:bio:1M,2100,eci_p90,0.24,0.24755,1.5,1.3437096247164249
ladder:bio:10M,6mo,unconditional,0.0005,0.00018625,1.0,1.0
ladder:bio:10M,6mo,sq,0.00055,0.0001825,1.0999999999999999,1.0316422414217605
ladder:bio:10M,6mo,p1,0.00053,0.00018625,1.0600000000000003,1.0106574946185138
ladder:bio:10M,6mo,p2a,0.00046,0.0001625,0.9199999999999997,0.8717797887081353
ladder:bio:10M,6mo,p2b,0.00038,0.000155,0.7599999999999997,0.8114093252900789
ladder:bio:10M,6mo,p3a,0.00044,0.00014625,0.88,0.8124038404635971
ladder:bio:10M,6mo,p3b,0.00037,0.000135,0.74,0.7141428428542856
ladder:bio:10M,6mo,p4,0.00045,0.00015000000000000001,0.8999999999999996,0.8306623862918086
ladder:bio:10M,6mo,p5,0.00025,0.000115,0.49999999999999994,0.5830951894845308
ladder:bio:10M,6mo,eci_p10,0.00033,0.000125,0.6599999999999995,0.6110100926607789
ladder:bio:10M,6mo,eci_p25,0.0004,0.00015000000000000001,0.8,0.8072587358874894
ladder:bio:10M,6mo,eci_p50,0.0005,0.000175,1.0,1.0
ladder:bio:10M,6mo,eci_p75,0.00067,0.00021250000000000002,1.3400000000000003,1.174734012447073
ladder:bio:10M,6mo,eci_p90,0.00092,0.00027,1.8399999999999996,1.532261755365747
ladder:bio:10M,12mo,unconditional,0.0012,0.000465625,1.0,1.0
ladder:bio:10M,12mo,sq,0.0013,0.00045125,1.0833333333333333,1.039839731240669
ladder:bio:10M,12mo,p1,0.0013,0.000460625,1.0833333333333333,1.0181682899534181
ladder:bio:10M,12mo,p2a,0.0011,0.00040875000000000004,0.9166666666666672,0.8763560920082656
ladder:bio:10M,12mo,p2b,0.00092,0.00039,0.7666666666666669,0.7963685695397106
ladder:bio:10M,12mo,p3a,0.00105,0.00037062499999999997,0.8749999999999999,0.8076809301007949
ladder:bio:10M,12mo,p3b,0.0009,0.0003375,0.7500000000000001,0.68723204144443
ladder:bio:10M,12mo,p4,0.0011,0.000375,0.9166666666666672,0.838830354503438
ladder:bio:10M,12mo,p5,0.0006,0.00029,0.49999999999999994,0.5645056834671083
ladder:bio:10M,12mo,eci_p10,0.0008,0.0003075,0.6666666666666671,0.5954371961386477
ladder:bio:10M,12mo,eci_p25,0.001,0.000375,0.8333333333333338,0.786592189592087
ladder:bio:10M,12mo,eci_p50,0.0012,0.0004325,1.0,0.9899494936611665
ladder:bio:10M,12mo,eci_p75,0.0016,0.0005337499999999999,1.3333333333333344,1.2041594578792296
ladder:bio:10M,12mo,eci_p90,0.0022,0.0006775,1.8333333333333344,1.5825131361498888
ladder:bio:10M,2028,unconditional,0.0035,0.0021000000000000003,1.0,1.0
ladder:bio:10M,2028,sq,0.0039,0.0022700000000000003,1.1142857142857139,1.0770329614269005
ladder:bio:10M,2028,p1,0.0037,0.00216,1.0571428571428572,1.0295630140986998
ladder:bio:10M,2028,p2a,0.0032,0.00195,0.9142857142857145,0.8528028654224418
ladder:bio:10M,2028,p2b,0.0027,0.0018549999999999999,0.7714285714285712,0.7712215043005815
ladder:bio:10M,2028,p3a,0.0031,0.0018,0.8857142857142855,0.7823042886243176
ladder:bio:10M,2028,p3b,0.0026,0.0016,0.7428571428571424,0.6523802572120034
ladder:bio:10M,2028,p4,0.0032,0.00184,0.9142857142857145,0.8207535340383025
ladder:bio:10M,2028,p5,0.0018,0.00123,0.514285714285714,0.5176871642217912
ladder:bio:10M,2028,eci_p10,0.0024,0.00134,0.6857142857142853,0.5307910421576295
ladder:bio:10M,2028,eci_p25,0.0029,0.0017000000000000001,0.8285714285714281,0.7549834435270748
ladder:bio:10M,2028,eci_p50,0.0035,0.0021000000000000003,1.0,1.0
ladder:bio:10M,2028,eci_p75,0.0047,0.0027,1.3428571428571423,1.2862913567871992
ladder:bio:10M,2028,eci_p90,0.0064,0.0037,1.8285714285714274,1.812996558667205
ladder:bio:10M,2030,unconditional,0.007,0.0052499999999999995,1.0,1.0
ladder:bio:10M,2030,sq,0.0077,0.005765,1.0999999999999999,1.0808353844157434
ladder:bio:10M,2030,p1,0.0074,0.005445,1.0571428571428572,1.0435516278555648
ladder:bio:10M,2030,p2a,0.0065,0.00472,0.9285714285714279,0.8375789285425351
ladder:bio:10M,2030,p2b,0.0054,0.00425,0.7714285714285712,0.7460038465922512
ladder:bio:10M,2030,p3a,0.0062,0.004229999999999999,0.8857142857142855,0.7659416862050704
ladder:bio:10M,2030,p3b,0.0052,0.0037600000000000003,0.7428571428571424,0.6245798587850874
ladder:bio:10M,2030,p4,0.0063,0.00438,0.8999999999999996,0.7974960814950752
ladder:bio:10M,2030,p5,0.0035,0.002985,0.49999999999999994,0.4868264577855231
ladder:bio:10M,2030,eci_p10,0.0048,0.00355,0.6857142857142853,0.5340574794011856
ladder:bio:10M,2030,eci_p25,0.0059,0.00439,0.8428571428571427,0.7266360849833977
ladder:bio:10M,2030,eci_p50,0.007,0.0052,1.0,0.9922778767136676
ladder:bio:10M,2030,eci_p75,0.0094,0.0068,1.3428571428571423,1.3190905958272916
ladder:bio:10M,2030,eci_p90,0.0128,0.00915,1.8285714285714274,1.855661138481259
ladder:bio:10M,2050,unconditional,0.055,0.043,1.0,1.0
ladder:bio:10M,2050,sq,0.06,0.04865,1.0909090909090908,1.193234898839924
ladder:bio:10M,2050,p1,0.058,0.045,1.0545454545454545,1.1547144169080876
ladder:bio:10M,2050,p2a,0.051,0.0368,0.927272727272727,0.8426149773176359
ladder:bio:10M,2050,p2b,0.042,0.031549999999999995,0.7636363636363636,0.7138093649734566
ladder:bio:10M,2050,p3a,0.049,0.0337,0.890909090909091,0.7655590023509528
ladder:bio:10M,2050,p3b,0.041,0.0281,0.7454545454545454,0.6003661886212119
ladder:bio:10M,2050,p4,0.05,0.0345,0.9090909090909092,0.782464056682478
ladder:bio:10M,2050,p5,0.028,0.022350000000000002,0.5090909090909091,0.4420233199556504
ladder:bio:10M,2050,eci_p10,0.038,0.03365,0.6909090909090909,0.6761234037828131
ladder:bio:10M,2050,eci_p25,0.046,0.03835,0.8363636363636362,0.8280786712108248
ladder:bio:10M,2050,eci_p50,0.055,0.04245,1.0,0.9907909298467898
ladder:bio:10M,2050,eci_p75,0.069,0.051000000000000004,1.2545454545454546,1.2372011423639515
ladder:bio:10M,2050,eci_p90,0.088,0.06285,1.5999999999999994,1.58113883008419
ladder:bio:10M,2100,unconditional,0.09,0.1,1.0,1.0
ladder:bio:10M,2100,sq,0.098,0.10865,1.0888888888888895,1.1464230084422218
ladder:bio:10M,2100,p1,0.095,0.11005000000000001,1.055555555555556,1.1299919116657906
ladder:bio:10M,2100,p2a,0.083,0.0867,0.9222222222222226,0.9082077239493561
ladder:bio:10M,2100,p2b,0.07,0.07685,0.7777777777777781,0.8168257470692686
ladder:bio:10M,2100,p3a,0.08,0.08255,0.888888888888889,0.8363845828964761
ladder:bio:10M,2100,p3b,0.068,0.0712,0.7555555555555558,0.7087341867480628
ladder:bio:10M,2100,p4,0.081,0.08455,0.9000000000000004,0.860821598755975
ladder:bio:10M,2100,p5,0.048,0.061950000000000005,0.5333333333333334,0.6053397822051041
ladder:bio:10M,2100,eci_p10,0.065,0.08135,0.7222222222222223,0.6761234037828133
ladder:bio:10M,2100,eci_p25,0.077,0.09040000000000001,0.8555555555555558,0.8380358867407994
ladder:bio:10M,2100,eci_p50,0.09,0.09895000000000001,1.0,0.9912113800799504
ladder:bio:10M,2100,eci_p75,0.11,0.12265,1.2222222222222228,1.1582867797781815
ladder:bio:10M,2100,eci_p90,0.138,0.1552,1.533333333333334,1.4433756729740643
ladder:bio:100M,6mo,unconditional,0.00018,7.3e-05,1.0,1.0
ladder:bio:100M,6mo,sq,0.0002,7.2e-05,1.1111111111111096,1.0344080432788592
ladder:bio:100M,6mo,p1,0.00019,7.3e-05,1.0555555555555547,1.009950493836207
ladder:bio:100M,6mo,p2a,0.00017,6.6e-05,0.9444444444444446,0.8763560920082651
ladder:bio:100M,6mo,p2b,0.00014,6.325e-05,0.7777777777777775,0.8107967096306108
ladder:bio:100M,6mo,p3a,0.00016,6.1e-05,0.8888888888888886,0.8167006795638163
ladder:bio:100M,6mo,p3b,0.00013,5.7e-05,0.7222222222222214,0.7035623639735139
ladder:bio:100M,6mo,p4,0.00016,6.1000000000000005e-05,0.8888888888888886,0.8351646544245029
ladder:bio:100M,6mo,p5,9e-05,5.05e-05,0.49999999999999994,0.5830951894845298
ladder:bio:100M,6mo,eci_p10,0.00012,4.7e-05,0.666666666666666,0.6204836822995422
ladder:bio:100M,6mo,eci_p25,0.00015,5.85e-05,0.8333333333333331,0.7984359711335652
ladder:bio:100M,6mo,eci_p50,0.00018,7.000000000000001e-05,1.0,1.0
ladder:bio:100M,6mo,eci_p75,0.00024,8.35e-05,1.333333333333332,1.1747340124470715
ladder:bio:100M,6mo,eci_p90,0.00033,0.0001035,1.8333333333333313,1.5322617553657463
ladder:bio:100M,12mo,unconditional,0.00045,0.0001575,1.0,1.0
ladder:bio:100M,12mo,sq,0.0005,0.000155,1.1111111111111116,1.0509735746180557
ladder:bio:100M,12mo,p1,0.00048,0.0001575,1.0666666666666675,1.0180194675759575
ladder:bio:100M,12mo,p2a,0.00042,0.00014000000000000001,0.933333333333334,0.8717797887081353
ladder:bio:100M,12mo,p2b,0.00035,0.000135,0.7777777777777781,0.797228400478586
ladder:bio:100M,12mo,p3a,0.0004,0.0001275,0.8888888888888894,0.801783725737274
ladder:bio:100M,12mo,p3b,0.00034,0.00012,0.7555555555555558,0.679285338741071
ladder:bio:100M,12mo,p4,0.00041,0.00013000000000000002,0.9111111111111113,0.8332380897952971
ladder:bio:100M,12mo,p5,0.00022,0.000105,0.48888888888888904,0.5640760748177662
ladder:bio:100M,12mo,eci_p10,0.0003,0.0001015,0.6666666666666671,0.5940177967511941
ladder:bio:100M,12mo,eci_p25,0.00037,0.00013000000000000002,0.8222222222222226,0.7796102922564634
ladder:bio:100M,12mo,eci_p50,0.00045,0.00015000000000000001,1.0,1.0
ladder:bio:100M,12mo,eci_p75,0.0006,0.00017999999999999998,1.3333333333333333,1.1989578808281807
ladder:bio:100M,12mo,eci_p90,0.00082,0.000225,1.8222222222222229,1.5825131361498896
ladder:bio:100M,2028,unconditional,0.0013,0.0008500000000000001,1.0,1.0
ladder:bio:100M,2028,sq,0.00145,0.0009040000000000001,1.1153846153846154,1.075290658380328
ladder:bio:100M,2028,p1,0.0014,0.0008655,1.0769230769230778,1.0288690045731907
ladder:bio:100M,2028,p2a,0.0012,0.000737,0.9230769230769231,0.8579044235810882
ladder:bio:100M,2028,p2b,0.001,0.00066,0.7692307692307697,0.7721873425053438
ladder:bio:100M,2028,p3a,0.00115,0.000635,0.8846153846153849,0.7816249100431738
ladder:bio:100M,2028,p3b,0.00098,0.000536,0.7538461538461543,0.646529195009784
ladder:bio:100M,2028,p4,0.00118,0.0006715,0.9076923076923082,0.81967981553775
ladder:bio:100M,2028,p5,0.00065,0.000414,0.5000000000000004,0.5171349644228005
ladder:bio:100M,2028,eci_p10,0.00088,0.000445,0.6769230769230773,0.535683228913441
ladder:bio:100M,2028,eci_p25,0.00107,0.0006225,0.8230769230769237,0.7499999999999998
ladder:bio:100M,2028,eci_p50,0.0013,0.0007999999999999999,1.0,0.9899494936611665
ladder:bio:100M,2028,eci_p75,0.00175,0.001075,1.346153846153847,1.2961481396815717
ladder:bio:100M,2028,eci_p90,0.0024,0.00146,1.8461538461538465,1.812996558667205
ladder:bio:100M,2030,unconditional,0.0027,0.0022500000000000003,1.0,1.0
ladder:bio:100M,2030,sq,0.003,0.0024549999999999997,1.1111111111111107,1.0901070283845227
ladder:bio:100M,2030,p1,0.0029,0.00232,1.0740740740740737,1.0411852220746638
ladder:bio:100M,2030,p2a,0.0025,0.002,0.9259259259259262,0.8326663997864535
ladder:bio:100M,2030,p2b,0.0021,0.00182,0.7777777777777775,0.7460038465922512
ladder:bio:100M,2030,p3a,0.0024,0.00181,0.8888888888888886,0.7571877794400368
ladder:bio:100M,2030,p3b,0.002,0.0015799999999999998,0.7407407407407409,0.6234313648403217
ladder:bio:100M,2030,p4,0.0024,0.00188,0.8888888888888886,0.8014570065407962
ladder:bio:100M,2030,p5,0.0013,0.001144,0.48148148148148123,0.48662100242385736
ladder:bio:100M,2030,eci_p10,0.0018,0.0013874999999999998,0.6666666666666665,0.5356832289134412
ladder:bio:100M,2030,eci_p25,0.0022,0.0018900000000000002,0.814814814814815,0.7348469228349533
ladder:bio:100M,2030,eci_p50,0.0027,0.0022199999999999998,1.0,0.9899494936611665
ladder:bio:100M,2030,eci_p75,0.0036,0.00289,1.3333333333333333,1.3206059215375339
ladder:bio:100M,2030,eci_p90,0.005,0.003825,1.8518518518518523,1.8973665961010273
ladder:bio:100M,2050,unconditional,0.024,0.02,1.0,1.0
ladder:bio:100M,2050,sq,0.026,0.02245,1.0833333333333333,1.1932348988399244
ladder:bio:100M,2050,p1,0.0255,0.020900000000000002,1.0625000000000002,1.1555301813453425
ladder:bio:100M,2050,p2a,0.022,0.01695,0.9166666666666667,0.8400680244565233
ladder:bio:100M,2050,p2b,0.018,0.014499999999999999,0.7500000000000001,0.7104659772022196
ladder:bio:100M,2050,p3a,0.021,0.0156,0.8750000000000003,0.7659416862050705
ladder:bio:100M,2050,p3b,0.0175,0.013,0.7291666666666671,0.6
ladder:bio:100M,2050,p4,0.0215,0.0159,0.8958333333333335,0.7791555257670536
ladder:bio:100M,2050,p5,0.012,0.00945,0.49999999999999994,0.4427188724235733
ladder:bio:100M,2050,eci_p10,0.017,0.01605,0.7083333333333336,0.6761234037828134
ladder:bio:100M,2050,eci_p25,0.02,0.018000000000000002,0.8333333333333335,0.8280786712108252
ladder:bio:100M,2050,eci_p50,0.024,0.0197,1.0,0.9899494936611665
ladder:bio:100M,2050,eci_p75,0.031,0.02345,1.2916666666666665,1.2390856844194966
ladder:bio:100M,2050,eci_p90,0.04,0.0284,1.6666666666666672,1.5830350596243912
ladder:bio:100M,2100,unconditional,0.042,0.05,1.0,1.0
ladder:bio:100M,2100,sq,0.046,0.054000000000000006,1.0952380952380951,1.142857142857143
ladder:bio:100M,2100,p1,0.0445,0.054599999999999996,1.0595238095238095,1.1293848786315641
ladder:bio:100M,2100,p2a,0.039,0.04345,0.9285714285714287,0.9054576079825492
ladder:bio:100M,2100,p2b,0.033,0.0388,0.7857142857142859,0.8172252705693474
ladder:bio:100M,2100,p3a,0.037,0.0413,0.8809523809523812,0.8354395152693396
ladder:bio:100M,2100,p3b,0.032,0.036199999999999996,0.7619047619047622,0.708908330045686
ladder:bio:100M,2100,p4,0.038,0.0423,0.904761904761905,0.8607068760795465
ladder:bio:100M,2100,p5,0.022,0.0315,0.5238095238095238,0.6058108638189716
ladder:bio:100M,2100,eci_p10,0.031,0.04145,0.738095238095238,0.6761234037828133
ladder:bio:100M,2100,eci_p25,0.036,0.0456,0.857142857142857,0.8390957231764805
ladder:bio:100M,2100,eci_p50,0.042,0.0494,1.0,0.990726229358273
ladder:bio:100M,2100,eci_p75,0.053,0.0605,1.2619047619047619,1.1573486001689053
ladder:bio:100M,2100,eci_p90,0.067,0.077,1.5952380952380953,1.4433756729740645
ladder:bio:1B,6mo,unconditional,5e-05,1.9600000000000002e-05,1.0,1.0
ladder:bio:1B,6mo,sq,5.5e-05,1.89e-05,1.099999999999999,1.0154364141151877
ladder:bio:1B,6mo,p1,5.2e-05,1.91e-05,1.0399999999999994,1.0115993936995686
ladder:bio:1B,6mo,p2a,4.6e-05,1.81e-05,0.9199999999999997,0.8793937305515276
ladder:bio:1B,6mo,p2b,3.8e-05,1.74e-05,0.7599999999999997,0.8115113829378379
ladder:bio:1B,6mo,p3a,4.4e-05,1.7e-05,0.88,0.8082903768654763
ladder:bio:1B,6mo,p3b,3.7e-05,1.59e-05,0.7399999999999993,0.7035623639735145
ladder:bio:1B,6mo,p4,4.5e-05,1.67e-05,0.8999999999999996,0.8485281374238572
ladder:bio:1B,6mo,p5,2.5e-05,1.4599999999999999e-05,0.49999999999999994,0.5887840577551898
ladder:bio:1B,6mo,eci_p10,3.3e-05,1.2899999999999998e-05,0.6599999999999995,0.6204836822995428
ladder:bio:1B,6mo,eci_p25,4e-05,1.595e-05,0.7999999999999994,0.7984359711335659
ladder:bio:1B,6mo,eci_p50,5e-05,1.85e-05,1.0,0.983192080250175
ladder:bio:1B,6mo,eci_p75,6.7e-05,2.27e-05,1.3399999999999979,1.1832159566199238
ladder:bio:1B,6mo,eci_p90,9.2e-05,2.72e-05,1.8399999999999996,1.532261755365749
ladder:bio:1B,12mo,unconditional,0.00013,4.15e-05,1.0,1.0
ladder:bio:1B,12mo,sq,0.00014,4.41e-05,1.0769230769230778,1.0428669275470521
ladder:bio:1B,12mo,p1,0.00014,4.26e-05,1.0769230769230778,1.0181682899534181
ladder:bio:1B,12mo,p2a,0.00012,3.805e-05,0.9230769230769231,0.8750510189207739
ladder:bio:1B,12mo,p2b,0.0001,3.535e-05,0.7692307692307704,0.7963685695397109
ladder:bio:1B,12mo,p3a,0.00011,3.4750000000000004e-05,0.8461538461538466,0.8068284961639761
ladder:bio:1B,12mo,p3b,9.5e-05,3.155e-05,0.7307692307692308,0.6844097213414396
ladder:bio:1B,12mo,p4,0.00012,3.595e-05,0.9230769230769231,0.8396427811873332
ladder:bio:1B,12mo,p5,6.5e-05,2.79e-05,0.49999999999999994,0.5645056834671078
ladder:bio:1B,12mo,eci_p10,8.7e-05,2.55e-05,0.66923076923077,0.5979130371550702
ladder:bio:1B,12mo,eci_p25,0.00011,3.26e-05,0.8461538461538466,0.784219357067906
ladder:bio:1B,12mo,eci_p50,0.00013,4e-05,1.0,0.9928314487939459
ladder:bio:1B,12mo,eci_p75,0.00017,5.0499999999999994e-05,1.3076923076923095,1.1952286093343942
ladder:bio:1B,12mo,eci_p90,0.00024,6.55e-05,1.8461538461538465,1.5825131361498888
ladder:bio:1B,2028,unconditional,0.0004,0.00024375,1.0,1.0
ladder:bio:1B,2028,sq,0.00045,0.0002545,1.1249999999999993,1.072380529476361
ladder:bio:1B,2028,p1,0.00042,0.00024974999999999997,1.0500000000000003,1.0295630140987002
ladder:bio:1B,2028,p2a,0.00037,0.0002075,0.9249999999999999,0.8602325267042631
ladder:bio:1B,2028,p2b,0.00031,0.0001855,0.7750000000000004,0.7712215043005818
ladder:bio:1B,2028,p3a,0.00035,0.00017875,0.8749999999999999,0.7804912982645399
ladder:bio:1B,2028,p3b,0.0003,0.00015099999999999998,0.7500000000000001,0.6465291950097852
ladder:bio:1B,2028,p4,0.00036,0.00018899999999999999,0.8999999999999996,0.8159861109929097
ladder:bio:1B,2028,p5,0.0002,0.000117,0.4999999999999995,0.5176871642217916
ladder:bio:1B,2028,eci_p10,0.00027,0.000125,0.6749999999999998,0.5356832289134414
ladder:bio:1B,2028,eci_p25,0.00033,0.000175,0.8249999999999993,0.7500000000000008
ladder:bio:1B,2028,eci_p50,0.0004,0.000225,1.0,0.9874208829065747
ladder:bio:1B,2028,eci_p75,0.00054,0.0003025,1.3499999999999996,1.2961481396815728
ladder:bio:1B,2028,eci_p90,0.00074,0.000435,1.85,1.8129965586672059
ladder:bio:1B,2030,unconditional,0.00085,0.00085,1.0,1.0
ladder:bio:1B,2030,sq,0.00095,0.0009220000000000001,1.117647058823529,1.083624669450832
ladder:bio:1B,2030,p1,0.0009,0.000873,1.0588235294117645,1.0396794377755743
ladder:bio:1B,2030,p2a,0.00078,0.0007539999999999999,0.9176470588235291,0.8326663997864527
ladder:bio:1B,2030,p2b,0.00065,0.000686,0.7647058823529415,0.7460038465922508
ladder:bio:1B,2030,p3a,0.00074,0.000654,0.8705882352941179,0.7579877667518483
ladder:bio:1B,2030,p3b,0.00063,0.000536,0.7411764705882351,0.6222539674441621
ladder:bio:1B,2030,p4,0.00076,0.000696,0.8941176470588234,0.7990524691688581
ladder:bio:1B,2030,p5,0.00042,0.000388,0.4941176470588237,0.48662100242385736
ladder:bio:1B,2030,eci_p10,0.00057,0.00047250000000000005,0.6705882352941176,0.5334650693692642
ladder:bio:1B,2030,eci_p25,0.0007,0.00066,0.823529411764706,0.734846922834953
ladder:bio:1B,2030,eci_p50,0.00085,0.00084,1.0,0.9916316520429014
ladder:bio:1B,2030,eci_p75,0.00114,0.0010825000000000001,1.3411764705882352,1.3190905958272916
ladder:bio:1B,2030,eci_p90,0.00156,0.0014525,1.8352941176470585,1.9234356612798365
ladder:bio:1B,2050,unconditional,0.009,0.0083,1.0,1.0
ladder:bio:1B,2050,sq,0.0098,0.00952,1.0888888888888895,1.1932348988399244
ladder:bio:1B,2050,p1,0.0095,0.00888,1.0555555555555556,1.1594538944405393
ladder:bio:1B,2050,p2a,0.0083,0.00719,0.9222222222222226,0.8399372033042146
ladder:bio:1B,2050,p2b,0.0069,0.006059999999999999,0.7666666666666669,0.7071067811865475
ladder:bio:1B,2050,p3a,0.0079,0.006339999999999999,0.8777777777777778,0.7659416862050704
ladder:bio:1B,2050,p3b,0.0067,0.00486,0.7444444444444442,0.5999999999999999
ladder:bio:1B,2050,p4,0.008,0.00646,0.8888888888888886,0.7755891061241527
ladder:bio:1B,2050,p5,0.0045,0.0033799999999999998,0.49999999999999994,0.44271887242357305
ladder:bio:1B,2050,eci_p10,0.0063,0.0058,0.7,0.6761234037828133
ladder:bio:1B,2050,eci_p25,0.0075,0.0069,0.8333333333333331,0.8280786712108252
ladder:bio:1B,2050,eci_p50,0.009,0.008,1.0,0.9883941910609739
ladder:bio:1B,2050,eci_p75,0.0118,0.0094,1.3111111111111116,1.2409673645990855
ladder:bio:1B,2050,eci_p90,0.0155,0.011699999999999999,1.7222222222222225,1.5874507866387542
ladder:bio:1B,2100,unconditional,0.017,0.022,1.0,1.0
ladder:bio:1B,2100,sq,0.0185,0.0237,1.0882352941176467,1.142857142857143
ladder:bio:1B,2100,p1,0.018,0.0238,1.0588235294117645,1.1282259405339752
ladder:bio:1B,2100,p2a,0.0158,0.01965,0.9294117647058822,0.9040473368699162
ladder:bio:1B,2100,p2b,0.0133,0.01785,0.7823529411764704,0.8162722378596287
ladder:bio:1B,2100,p3a,0.015,0.01855,0.8823529411764701,0.8360030495764349
ladder:bio:1B,2100,p3b,0.013,0.016625,0.7647058823529408,0.709046721131445
ladder:bio:1B,2100,p4,0.0152,0.01885,0.8941176470588234,0.8593378488473195
ladder:bio:1B,2100,p5,0.0088,0.014450000000000001,0.5176470588235295,0.6055300708194985
ladder:bio:1B,2100,eci_p10,0.0125,0.0182,0.7352941176470589,0.6761234037828134
ladder:bio:1B,2100,eci_p25,0.0145,0.02005,0.8529411764705878,0.8399372033042146
ladder:bio:1B,2100,eci_p50,0.017,0.0217,1.0,0.9899494936611665
ladder:bio:1B,2100,eci_p75,0.0215,0.0262,1.264705882352941,1.1566023247983461
ladder:bio:1B,2100,eci_p90,0.0275,0.03345,1.6176470588235288,1.4449609295451862
ladder:cyber:100,6mo,unconditional,0.9,0.87,1.0,1.0
ladder:cyber:100,6mo,sq,0.91,0.871,1.011111111111111,1.001135718707872
ladder:cyber:100,6mo,p1,0.905,0.8755,1.0055555555555555,1.006368463408787
ladder:cyber:100,6mo,p2a,0.89,0.86,0.9888888888888889,0.9877722022211752
ladder:cyber:100,6mo,p2b,0.87,0.8494999999999999,0.9666666666666667,0.9759123232028998
ladder:cyber:100,6mo,p3a,0.885,0.8494999999999999,0.9833333333333333,0.9754167619355668
ladder:cyber:100,6mo,p3b,0.865,0.8340000000000001,0.9611111111111111,0.9568915353124345
ladder:cyber:100,6mo,p4,0.89,0.8545,0.9888888888888889,0.9802883460035254
ladder:cyber:100,6mo,p5,0.82,0.813,0.911111111111111,0.9308418859581704
ladder:cyber:100,6mo,eci_p10,0.87,0.821,0.9666666666666667,0.9425629672047791
ladder:cyber:100,6mo,eci_p25,0.885,0.841,0.9833333333333333,0.966073546502328
ladder:cyber:100,6mo,eci_p50,0.9,0.865,1.0,1.0
ladder:cyber:100,6mo,eci_p75,0.92,0.889,1.0222222222222221,1.0219059422260304
ladder:cyber:100,6mo,eci_p90,0.94,0.9085000000000001,1.0444444444444443,1.0442381930409828
ladder:cyber:100,12mo,unconditional,0.945,0.9450000000000001,1.0,1.0
ladder:cyber:100,12mo,sq,0.952,0.9485,1.0074074074074073,1.0036782710035064
ladder:cyber:100,12mo,p1,0.948,0.948,1.0031746031746032,1.0057351222865376
ladder:cyber:100,12mo,p2a,0.938,0.94,0.9925925925925926,0.9947780321927768
ladder:cyber:100,12mo,p2b,0.925,0.9345,0.978835978835979,0.9889963595904456
ladder:cyber:100,12mo,p3a,0.935,0.932,0.9894179894179895,0.9863625430379257
ladder:cyber:100,12mo,p3b,0.92,0.924,0.9735449735449736,0.9778918147902107
ladder:cyber:100,12mo,p4,0.938,0.9345,0.9925925925925926,0.9885025572549025
ladder:cyber:100,12mo,p5,0.885,0.903,0.9365079365079365,0.9553659059946181
ladder:cyber:100,12mo,eci_p10,0.925,0.9125000000000001,0.978835978835979,0.9657265079576324
ladder:cyber:100,12mo,eci_p25,0.935,0.9315,0.9894179894179895,0.9857974411521258
ladder:cyber:100,12mo,eci_p50,0.945,0.9450000000000001,1.0,1.0
ladder:cyber:100,12mo,eci_p75,0.958,0.9515,1.0137566137566139,1.013616966530607
ladder:cyber:100,12mo,eci_p90,0.97,0.959,1.0264550264550265,1.0231198334253848
ladder:cyber:100,2028,unconditional,0.978,0.9824999999999999,1.0,1.0
ladder:cyber:100,2028,sq,0.982,0.9875,1.0040899795501022,1.001517724689333
ladder:cyber:100,2028,p1,0.98,0.989,1.0020449897750512,1.0015064030633476
ladder:cyber:100,2028,p2a,0.974,0.9823500000000001,0.9959100204498977,0.9988430950614067
ladder:cyber:100,2028,p2b,0.966,0.9818,0.9877300613496932,0.996972611118892
ladder:cyber:100,2028,p3a,0.972,0.98175,0.9938650306748467,0.996972611118892
ladder:cyber:100,2028,p3b,0.963,0.9795,0.9846625766871165,0.9944518166648819
ladder:cyber:100,2028,p4,0.974,0.9815499999999999,0.9959100204498977,0.996972611118892
ladder:cyber:100,2028,p5,0.94,0.9715,0.9611451942740286,0.9863440726024801
ladder:cyber:100,2028,eci_p10,0.966,0.9735,0.9877300613496932,0.9883537779107878
ladder:cyber:100,2028,eci_p25,0.972,0.98075,0.9938650306748467,0.9959484992809347
ladder:cyber:100,2028,eci_p50,0.978,0.9824999999999999,1.0,1.0
ladder:cyber:100,2028,eci_p75,0.985,0.9903,1.007157464212679,1.0030459987502136
ladder:cyber:100,2028,eci_p90,0.99,0.993,1.0122699386503067,1.0055985530727547
ladder:cyber:100,2030,unconditional,0.987,0.994,1.0,1.0
ladder:cyber:100,2030,sq,0.99,0.9955,1.0030395136778116,1.0006076313298486
ladder:cyber:100,2030,p1,0.988,0.996,1.0010131712259371,1.0001501388793086
ladder:cyber:100,2030,p2a,0.984,0.99185,0.9969604863221885,0.9993486845294077
ladder:cyber:100,2030,p2b,0.978,0.9893000000000001,0.9908814589665653,0.997489264377459
ladder:cyber:100,2030,p3a,0.983,0.9898,0.9959473150962512,0.9977953675957789
ladder:cyber:100,2030,p3b,0.976,0.988,0.9888551165146909,0.9959843765236955
ladder:cyber:100,2030,p4,0.984,0.9897,0.9969604863221885,0.997695041280348
ladder:cyber:100,2030,p5,0.958,0.984,0.9706180344478217,0.9919596685268933
ladder:cyber:100,2030,eci_p10,0.978,0.9873000000000001,0.9908814589665653,0.9949517653181615
ladder:cyber:100,2030,eci_p25,0.983,0.9919,0.9959473150962512,0.9974760198555335
ladder:cyber:100,2030,eci_p50,0.987,0.994,1.0,1.0
ladder:cyber:100,2030,eci_p75,0.991,0.9961,1.0040526849037488,1.0011650048318184
ladder:cyber:100,2030,eci_p90,0.994,0.9972,1.0070921985815602,1.0027857115277212
ladder:cyber:100,2050,unconditional,0.993,0.9984999999999999,1.0,1.0
ladder:cyber:100,2050,sq,0.994,0.99865,1.001007049345418,1.0002001551391293
ladder:cyber:100,2050,p1,0.993,0.99875,1.0,1.0001002612582528
ladder:cyber:100,2050,p2a,0.991,0.9982,0.9979859013091642,0.9998998897975947
ladder:cyber:100,2050,p2b,0.988,0.9974000000000001,0.9949647532729103,0.9996992162248927
ladder:cyber:100,2050,p3a,0.991,0.99765,0.9979859013091642,0.9997494662546423
ladder:cyber:100,2050,p3b,0.987,0.99685,0.9939577039274924,0.999398895131527
ladder:cyber:100,2050,p4,0.991,0.99765,0.9979859013091642,0.9997494662546423
ladder:cyber:100,2050,p5,0.975,0.9959,0.9818731117824773,0.998747910598576
ladder:cyber:100,2050,eci_p10,0.988,0.99695,0.9949647532729103,0.9988948719601185
ladder:cyber:100,2050,eci_p25,0.991,0.9982500000000001,0.9979859013091642,0.9996997196936492
ladder:cyber:100,2050,eci_p50,0.993,0.9984999999999999,1.0,1.0
ladder:cyber:100,2050,eci_p75,0.995,0.99875,1.002014098690836,1.0003002402101897
ladder:cyber:100,2050,eci_p90,0.997,0.99895,1.0040281973816718,1.0004504392733122
ladder:cyber:100,2100,unconditional,0.994,0.9993000000000001,1.0,1.0
ladder:cyber:100,2100,sq,0.995,0.999375,1.0010060362173039,1.0000751526354181
ladder:cyber:100,2100,p1,0.994,0.9994000000000001,1.0,1.0000250021876953
ladder:cyber:100,2100,p2a,0.992,0.99915,0.9979879275653923,0.9999749971871796
ladder:cyber:100,2100,p2b,0.99,0.9987,0.9959758551307847,0.9998997994985909
ladder:cyber:100,2100,p3a,0.992,0.9989,0.9979879275653923,0.9998998445481353
ladder:cyber:100,2100,p3b,0.989,0.9984500000000001,0.9949698189134809,0.9997996890962495
ladder:cyber:100,2100,p4,0.992,0.9989,0.9979879275653923,0.9998998445481353
ladder:cyber:100,2100,p5,0.98,0.9978,0.9859154929577465,0.9996495274149815
ladder:cyber:100,2100,eci_p10,0.99,0.9984999999999999,0.9959758551307847,0.9995988965068422
ladder:cyber:100,2100,eci_p25,0.992,0.9991,0.9979879275653923,0.9998245382755995
ladder:cyber:100,2100,eci_p50,0.994,0.9993000000000001,1.0,1.0
ladder:cyber:100,2100,eci_p75,0.996,0.9994000000000001,1.0020120724346075,1.000125039701294
ladder:cyber:100,2100,eci_p90,0.997,0.99945,1.0030181086519114,1.000175054705936
ladder:cyber:1k,6mo,unconditional,0.72,0.51,1.0,1.0
ladder:cyber:1k,6mo,sq,0.745,0.51,1.0347222222222223,1.0021405661311762
ladder:cyber:1k,6mo,p1,0.73,0.515,1.0138888888888888,1.0125572126272853
ladder:cyber:1k,6mo,p2a,0.7,0.489,0.9722222222222222,0.9581140099906434
ladder:cyber:1k,6mo,p2b,0.66,0.479,0.9166666666666667,0.9238340693842709
ladder:cyber:1k,6mo,p3a,0.69,0.4665,0.9583333333333333,0.9264391365244726
ladder:cyber:1k,6mo,p3b,0.65,0.44499999999999995,0.9027777777777779,0.8662785905765119
ladder:cyber:1k,6mo,p4,0.7,0.46749999999999997,0.9722222222222222,0.9201687488258822
ladder:cyber:1k,6mo,p5,0.56,0.415,0.7777777777777779,0.7649102687885982
ladder:cyber:1k,6mo,eci_p10,0.65,0.43,0.9027777777777779,0.8397994748121346
ladder:cyber:1k,6mo,eci_p25,0.685,0.46499999999999997,0.9513888888888891,0.937080733315908
ladder:cyber:1k,6mo,eci_p50,0.72,0.5,1.0,1.0
ladder:cyber:1k,6mo,eci_p75,0.775,0.546,1.076388888888889,1.0796824930109248
ladder:cyber:1k,6mo,eci_p90,0.83,0.6014999999999999,1.1527777777777777,1.200056688003433
ladder:cyber:1k,12mo,unconditional,0.83,0.7350000000000001,1.0,1.0
ladder:cyber:1k,12mo,sq,0.85,0.74,1.0240963855421688,1.0099504938362078
ladder:cyber:1k,12mo,p1,0.838,0.75,1.0096385542168675,1.0227815453713656
ladder:cyber:1k,12mo,p2a,0.815,0.7090000000000001,0.9819277108433735,0.9665229778265318
ladder:cyber:1k,12mo,p2b,0.78,0.6885,0.9397590361445783,0.9286686024273288
ladder:cyber:1k,12mo,p3a,0.805,0.6775,0.9698795180722892,0.9314287540169264
ladder:cyber:1k,12mo,p3b,0.772,0.6465000000000001,0.9301204819277109,0.8780502390081232
ladder:cyber:1k,12mo,p4,0.812,0.685,0.9783132530120483,0.9284951128590686
ladder:cyber:1k,12mo,p5,0.69,0.603,0.8313253012048193,0.7898161329129229
ladder:cyber:1k,12mo,eci_p10,0.775,0.628,0.9337349397590362,0.8629728977333079
ladder:cyber:1k,12mo,eci_p25,0.805,0.6819999999999999,0.9698795180722892,0.9498537899183337
ladder:cyber:1k,12mo,eci_p50,0.83,0.7250000000000001,1.0,1.0
ladder:cyber:1k,12mo,eci_p75,0.87,0.774,1.0481927710843373,1.060748116738455
ladder:cyber:1k,12mo,eci_p90,0.91,0.8225,1.0963855421686748,1.135058680842195
ladder:cyber:1k,2028,unconditional,0.925,0.905,1.0,1.0
ladder:cyber:1k,2028,sq,0.937,0.9215,1.012972972972973,1.0182042657246761
ladder:cyber:1k,2028,p1,0.93,0.9299999999999999,1.0054054054054054,1.022542021430995
ladder:cyber:1k,2028,p2a,0.915,0.8945000000000001,0.9891891891891892,0.9877739617580465
ladder:cyber:1k,2028,p2b,0.89,0.8734999999999999,0.9621621621621621,0.9644980094621296
ladder:cyber:1k,2028,p3a,0.908,0.864,0.9816216216216216,0.9529970145245322
ladder:cyber:1k,2028,p3b,0.883,0.8325,0.9545945945945945,0.9164085550695387
ladder:cyber:1k,2028,p4,0.912,0.879,0.985945945945946,0.9692372278149999
ladder:cyber:1k,2028,p5,0.82,0.781,0.8864864864864864,0.8525763583905238
ladder:cyber:1k,2028,eci_p10,0.888,0.835,0.96,0.9213251591268138
ladder:cyber:1k,2028,eci_p25,0.908,0.874,0.9816216216216216,0.9705452292181143
ladder:cyber:1k,2028,eci_p50,0.925,0.905,1.0,1.0
ladder:cyber:1k,2028,eci_p75,0.948,0.935,1.0248648648648648,1.0286969127091508
ladder:cyber:1k,2028,eci_p90,0.968,0.953,1.0464864864864865,1.0523245969695174
ladder:cyber:1k,2030,unconditional,0.955,0.9624999999999999,1.0,1.0
ladder:cyber:1k,2030,sq,0.963,0.9724999999999999,1.0083769633507853,1.0067356204053266
ladder:cyber:1k,2030,p1,0.958,0.975,1.0031413612565445,1.0082353309212408
ladder:cyber:1k,2030,p2a,0.948,0.9524999999999999,0.9926701570680628,0.9943217056077296
ladder:cyber:1k,2030,p2b,0.928,0.9415,0.9717277486910996,0.9833723702482241
ladder:cyber:1k,2030,p3a,0.943,0.9315,0.9874345549738219,0.9728547162981833
ladder:cyber:1k,2030,p3b,0.922,0.9105,0.9654450261780105,0.9504611643964784
ladder:cyber:1k,2030,p4,0.946,0.9415,0.9905759162303664,0.9828989797740763
ladder:cyber:1k,2030,p5,0.868,0.8795,0.9089005235602095,0.9165115680810821
ladder:cyber:1k,2030,eci_p10,0.925,0.9155,0.968586387434555,0.9562000011260687
ladder:cyber:1k,2030,eci_p25,0.941,0.9425,0.9853403141361257,0.9843869251987019
ladder:cyber:1k,2030,eci_p50,0.955,0.9624999999999999,1.0,1.0
ladder:cyber:1k,2030,eci_p75,0.97,0.977,1.0157068062827226,1.0119587133191252
ladder:cyber:1k,2030,eci_p90,0.982,0.9835,1.0282722513089007,1.0208463701290522
ladder:cyber:1k,2050,unconditional,0.976,0.9924999999999999,1.0,1.0
ladder:cyber:1k,2050,sq,0.981,0.9935499999999999,1.0051229508196722,1.0015125158168547
ladder:cyber:1k,2050,p1,0.978,0.99375,1.0020491803278688,1.001255493275353
ladder:cyber:1k,2050,p2a,0.972,0.99065,0.9959016393442623,0.9991439409770383
ladder:cyber:1k,2050,p2b,0.96,0.98695,0.9836065573770492,0.9969299607964786
ladder:cyber:1k,2050,p3a,0.969,0.988,0.992827868852459,0.9964741556108195
ladder:cyber:1k,2050,p3b,0.956,0.982,0.9795081967213115,0.9917818750874059
ladder:cyber:1k,2050,p4,0.971,0.98795,0.9948770491803278,0.9969299607964786
ladder:cyber:1k,2050,p5,0.918,0.9715,0.9405737704918034,0.981013606458156
ladder:cyber:1k,2050,eci_p10,0.958,0.9824999999999999,0.9815573770491803,0.9919272140585466
ladder:cyber:1k,2050,eci_p25,0.968,0.9899,0.9918032786885246,0.9974771123944571
ladder:cyber:1k,2050,eci_p50,0.976,0.9924999999999999,1.0,1.0
ladder:cyber:1k,2050,eci_p75,0.985,0.9935499999999999,1.0092213114754098,1.0020202535000753
ladder:cyber:1k,2050,eci_p90,0.991,0.99465,1.0153688524590163,1.0040201005025127
ladder:cyber:1k,2100,unconditional,0.982,0.9969,1.0,1.0
ladder:cyber:1k,2100,sq,0.985,0.9971,1.0030549898167007,1.0004504892886612
ladder:cyber:1k,2100,p1,0.983,0.99715,1.0010183299389002,1.0003512993215653
ladder:cyber:1k,2100,p2a,0.978,0.9964,0.9959266802443992,0.9996492360210604
ladder:cyber:1k,2100,p2b,0.968,0.99485,0.9857433808553971,0.9987966592273201
ladder:cyber:1k,2100,p3a,0.976,0.9954000000000001,0.9938900203665988,0.9988471226179916
ladder:cyber:1k,2100,p3b,0.965,0.9938,0.9826883910386965,0.9976431007143123
ladder:cyber:1k,2100,p4,0.977,0.99535,0.994908350305499,0.9988471226179916
ladder:cyber:1k,2100,p5,0.932,0.9894499999999999,0.9490835030549899,0.9949321031557329
ladder:cyber:1k,2100,eci_p10,0.966,0.99395,0.9837067209775967,0.9977363384348376
ladder:cyber:1k,2100,eci_p25,0.975,0.996,0.9928716904276985,0.9989944489840873
ladder:cyber:1k,2100,eci_p50,0.982,0.9969,1.0,1.0
ladder:cyber:1k,2100,eci_p75,0.989,0.9972,1.0071283095723014,1.0005005556191926
ladder:cyber:1k,2100,eci_p90,0.993,0.99735,1.0112016293279023,1.0007508296714653
ladder:cyber:10k,6mo,unconditional,0.36,0.07250000000000001,1.0,1.0
ladder:cyber:10k,6mo,sq,0.385,0.07575,1.0694444444444444,1.003997691051311
ladder:cyber:10k,6mo,p1,0.37,0.07825,1.027777777777778,1.0045351706590016
ladder:cyber:10k,6mo,p2a,0.34,0.0665,0.9444444444444446,0.9106210898231875
ladder:cyber:10k,6mo,p2b,0.3,0.062150000000000004,0.8333333333333333,0.8396104169041217
ladder:cyber:10k,6mo,p3a,0.33,0.06255,0.9166666666666667,0.8524963343029693
ladder:cyber:10k,6mo,p3b,0.29,0.0578,0.8055555555555556,0.7748200783705554
ladder:cyber:10k,6mo,p4,0.34,0.062299999999999994,0.9444444444444446,0.8520563361656317
ladder:cyber:10k,6mo,p5,0.22,0.0504,0.6111111111111112,0.6506801175574797
ladder:cyber:10k,6mo,eci_p10,0.29,0.055,0.8055555555555556,0.7500000000000001
ladder:cyber:10k,6mo,eci_p25,0.32,0.0648,0.888888888888889,0.8920805413793601
ladder:cyber:10k,6mo,eci_p50,0.36,0.07175000000000001,1.0,0.9905806378079475
ladder:cyber:10k,6mo,eci_p75,0.42,0.08695,1.1666666666666667,1.1333386615390524
ladder:cyber:10k,6mo,eci_p90,0.5,0.1075,1.388888888888889,1.3929168644626098
ladder:cyber:10k,12mo,unconditional,0.5,0.165,1.0,1.0
ladder:cyber:10k,12mo,sq,0.53,0.17359999999999998,1.06,1.0076843071900419
ladder:cyber:10k,12mo,p1,0.512,0.17859999999999998,1.024,1.0067340828210365
ladder:cyber:10k,12mo,p2a,0.475,0.15215,0.95,0.9195986976425545
ladder:cyber:10k,12mo,p2b,0.43,0.14145,0.86,0.8477478815002932
ladder:cyber:10k,12mo,p3a,0.465,0.14175,0.93,0.8534639625046379
ladder:cyber:10k,12mo,p3b,0.42,0.1303,0.84,0.7750237188021295
ladder:cyber:10k,12mo,p4,0.47,0.14279999999999998,0.94,0.8623667842561165
ladder:cyber:10k,12mo,p5,0.32,0.11415,0.64,0.6604365757498862
ladder:cyber:10k,12mo,eci_p10,0.42,0.1254,0.84,0.7545937746270389
ladder:cyber:10k,12mo,eci_p25,0.46,0.1478,0.92,0.8949203053575087
ladder:cyber:10k,12mo,eci_p50,0.5,0.1636,1.0,0.9917305136803575
ladder:cyber:10k,12mo,eci_p75,0.57,0.20029999999999998,1.14,1.1257961093356987
ladder:cyber:10k,12mo,eci_p90,0.65,0.24330000000000002,1.3,1.372398725177769
ladder:cyber:10k,2028,unconditional,0.7,0.47,1.0,1.0
ladder:cyber:10k,2028,sq,0.73,0.495,1.042857142857143,1.0301178850708579
ladder:cyber:10k,2028,p1,0.71,0.5085,1.0142857142857142,1.0488996502003785
ladder:cyber:10k,2028,p2a,0.675,0.4395,0.9642857142857144,0.9332251019497337
ladder:cyber:10k,2028,p2b,0.62,0.40700000000000003,0.8857142857142858,0.8558886928482317
ladder:cyber:10k,2028,p3a,0.66,0.4095,0.942857142857143,0.8666550115766417
ladder:cyber:10k,2028,p3b,0.605,0.377,0.8642857142857143,0.7909717843490776
ladder:cyber:10k,2028,p4,0.665,0.41100000000000003,0.9500000000000001,0.8694826047713663
ladder:cyber:10k,2028,p5,0.48,0.3295,0.6857142857142857,0.676084986588897
ladder:cyber:10k,2028,eci_p10,0.61,0.379,0.8714285714285714,0.7981797473570155
ladder:cyber:10k,2028,eci_p25,0.655,0.42900000000000005,0.9357142857142858,0.9108437646689819
ladder:cyber:10k,2028,eci_p50,0.7,0.4675,1.0,0.99498743710662
ladder:cyber:10k,2028,eci_p75,0.765,0.5375000000000001,1.092857142857143,1.1299810365033314
ladder:cyber:10k,2028,eci_p90,0.83,0.611,1.1857142857142857,1.3020263926943751
ladder:cyber:10k,2030,unconditional,0.79,0.685,1.0,1.0
ladder:cyber:10k,2030,sq,0.815,0.72,1.0316455696202531,1.052063499432238
ladder:cyber:10k,2030,p1,0.8,0.729,1.0126582278481013,1.0656244908763854
ladder:cyber:10k,2030,p2a,0.765,0.6525,0.9683544303797468,0.9354225700801667
ladder:cyber:10k,2030,p2b,0.71,0.6094999999999999,0.8987341772151898,0.8733868545502328
ladder:cyber:10k,2030,p3a,0.75,0.6214999999999999,0.9493670886075949,0.8843250359628914
ladder:cyber:10k,2030,p3b,0.695,0.577,0.8797468354430379,0.8120629001783999
ladder:cyber:10k,2030,p4,0.755,0.6285000000000001,0.9556962025316456,0.895630418283036
ladder:cyber:10k,2030,p5,0.565,0.5115000000000001,0.7151898734177214,0.7079620444700806
ladder:cyber:10k,2030,eci_p10,0.7,0.5665,0.8860759493670886,0.8205038060402253
ladder:cyber:10k,2030,eci_p25,0.745,0.633,0.9430379746835442,0.9220471463927103
ladder:cyber:10k,2030,eci_p50,0.79,0.685,1.0,0.9973297682645729
ladder:cyber:10k,2030,eci_p75,0.845,0.751,1.0696202531645569,1.0818955976854643
ladder:cyber:10k,2030,eci_p90,0.895,0.7985,1.1329113924050633,1.190022624219324
ladder:cyber:10k,2050,unconditional,0.89,0.935,1.0,1.0
ladder:cyber:10k,2050,sq,0.905,0.95675,1.0168539325842696,1.0133863998362362
ladder:cyber:10k,2050,p1,0.895,0.9607,1.0056179775280898,1.013733343673939
ladder:cyber:10k,2050,p2a,0.875,0.9135,0.9831460674157303,0.9837466325588811
ladder:cyber:10k,2050,p2b,0.83,0.879,0.9325842696629213,0.9454213400899532
ladder:cyber:10k,2050,p3a,0.865,0.89,0.9719101123595505,0.955845117786703
ladder:cyber:10k,2050,p3b,0.82,0.855,0.9213483146067415,0.9167568997811791
ladder:cyber:10k,2050,p4,0.868,0.891,0.9752808988764045,0.955845117786703
ladder:cyber:10k,2050,p5,0.7,0.7989999999999999,0.7865168539325842,0.8519061241247944
ladder:cyber:10k,2050,eci_p10,0.83,0.8625,0.9325842696629213,0.9425380238597298
ladder:cyber:10k,2050,eci_p25,0.86,0.9035,0.9662921348314606,0.9765098200076784
ladder:cyber:10k,2050,eci_p50,0.89,0.9345,1.0,1.0
ladder:cyber:10k,2050,eci_p75,0.925,0.952,1.0393258426966292,1.0191770231472441
ladder:cyber:10k,2050,eci_p90,0.95,0.964,1.0674157303370786,1.0331016488094
ladder:cyber:10k,2100,unconditional,0.915,0.975,1.0,1.0
ladder:cyber:10k,2100,sq,0.928,0.9807,1.014207650273224,1.0056911083047493
ladder:cyber:10k,2100,p1,0.918,0.9818,1.0032786885245901,1.0051146295723148
ladder:cyber:10k,2100,p2a,0.9,0.9709,0.9836065573770492,0.99579908695799
ladder:cyber:10k,2100,p2b,0.86,0.95,0.9398907103825136,0.9865962730647563
ladder:cyber:10k,2100,p3a,0.892,0.955,0.9748633879781421,0.9871214773995676
ladder:cyber:10k,2100,p3b,0.852,0.938,0.9311475409836065,0.9747043607499237
ladder:cyber:10k,2100,p4,0.895,0.955,0.9781420765027322,0.9876464024445909
ladder:cyber:10k,2100,p5,0.75,0.9205000000000001,0.819672131147541,0.9564595207403265
ladder:cyber:10k,2100,eci_p10,0.86,0.9455,0.9398907103825136,0.9823845301506764
ladder:cyber:10k,2100,eci_p25,0.89,0.967,0.9726775956284153,0.9922494156845092
ladder:cyber:10k,2100,eci_p50,0.915,0.9747,1.0,1.0
ladder:cyber:10k,2100,eci_p75,0.945,0.9782,1.0327868852459015,1.0051965186132938
ladder:cyber:10k,2100,eci_p90,0.965,0.9823500000000001,1.0546448087431692,1.0108834381662384
ladder:cyber:100k,6mo,unconditional,0.075,0.009000000000000001,1.0,1.0
ladder:cyber:100k,6mo,sq,0.085,0.0094,1.1333333333333335,1.0070067030561418
ladder:cyber:100k,6mo,p1,0.078,0.009649999999999999,1.0400000000000003,1.0062305898749053
ladder:cyber:100k,6mo,p2a,0.068,0.00825,0.9066666666666668,0.8936504412303011
ladder:cyber:100k,6mo,p2b,0.055,0.0077,0.7333333333333334,0.837958180963393
ladder:cyber:100k,6mo,p3a,0.065,0.00775,0.8666666666666667,0.8291561975888503
ladder:cyber:100k,6mo,p3b,0.053,0.00715,0.7066666666666667,0.7245688373094723
ladder:cyber:100k,6mo,p4,0.066,0.0077,0.88,0.8306623862918078
ladder:cyber:100k,6mo,p5,0.036,0.0063,0.47999999999999987,0.6079187588743291
ladder:cyber:100k,6mo,eci_p10,0.05,0.006549999999999999,0.6666666666666669,0.6831300510639734
ladder:cyber:100k,6mo,eci_p25,0.062,0.0078,0.8266666666666667,0.8485281374238572
ladder:cyber:100k,6mo,eci_p50,0.075,0.0089,1.0,0.9916316520429014
ladder:cyber:100k,6mo,eci_p75,0.098,0.011300000000000001,1.306666666666667,1.140175425099138
ladder:cyber:100k,6mo,eci_p90,0.135,0.014599999999999998,1.8,1.4126755373804147
ladder:cyber:100k,12mo,unconditional,0.13,0.024,1.0,1.0
ladder:cyber:100k,12mo,sq,0.145,0.0252,1.1153846153846154,1.0155104817093414
ladder:cyber:100k,12mo,p1,0.135,0.02595,1.0384615384615383,1.0099504938362078
ladder:cyber:100k,12mo,p2a,0.118,0.0219,0.9076923076923078,0.8944271909999157
ladder:cyber:100k,12mo,p2b,0.096,0.02025,0.7384615384615385,0.8379581809633929
ladder:cyber:100k,12mo,p3a,0.112,0.0206,0.8615384615384614,0.832165848854662
ladder:cyber:100k,12mo,p3b,0.092,0.0188,0.7076923076923076,0.7259093913460856
ladder:cyber:100k,12mo,p4,0.115,0.02045,0.8846153846153845,0.8321992282834417
ladder:cyber:100k,12mo,p5,0.062,0.0164,0.4769230769230769,0.6091095901015049
ladder:cyber:100k,12mo,eci_p10,0.088,0.0173,0.6769230769230767,0.670533656586591
ladder:cyber:100k,12mo,eci_p25,0.108,0.0208,0.8307692307692308,0.8419553960210058
ladder:cyber:100k,12mo,eci_p50,0.13,0.0237,1.0,0.9899494936611665
ladder:cyber:100k,12mo,eci_p75,0.168,0.030149999999999996,1.2923076923076924,1.1416654501210066
ladder:cyber:100k,12mo,eci_p90,0.225,0.04,1.7307692307692308,1.407433680575178
ladder:cyber:100k,2028,unconditional,0.27,0.09,1.0,1.0
ladder:cyber:100k,2028,sq,0.3,0.096,1.111111111111111,1.0327955589886444
ladder:cyber:100k,2028,p1,0.28,0.0985,1.0370370370370372,1.0137937550497034
ladder:cyber:100k,2028,p2a,0.25,0.08005,0.9259259259259259,0.876963474190878
ladder:cyber:100k,2028,p2b,0.2,0.07305,0.7407407407407408,0.8201272435739309
ladder:cyber:100k,2028,p3a,0.238,0.07355,0.8814814814814813,0.8013948878260742
ladder:cyber:100k,2028,p3b,0.194,0.065,0.7185185185185186,0.6837634587578276
ladder:cyber:100k,2028,p4,0.243,0.07455,0.9,0.8133065427423612
ladder:cyber:100k,2028,p5,0.132,0.054349999999999996,0.4888888888888888,0.5682648160723754
ladder:cyber:100k,2028,eci_p10,0.19,0.06395,0.7037037037037037,0.6473388749701496
ladder:cyber:100k,2028,eci_p25,0.228,0.07655,0.8444444444444444,0.8251983888449982
ladder:cyber:100k,2028,eci_p50,0.27,0.089,1.0,0.9908673886137245
ladder:cyber:100k,2028,eci_p75,0.34,0.11460000000000001,1.2592592592592595,1.170599432044553
ladder:cyber:100k,2028,eci_p90,0.43,0.1485,1.5925925925925926,1.4414498873626436
ladder:cyber:100k,2030,unconditional,0.36,0.20500000000000002,1.0,1.0
ladder:cyber:100k,2030,sq,0.4,0.2228,1.1111111111111114,1.045929251909516
ladder:cyber:100k,2030,p1,0.375,0.22845,1.0416666666666667,1.017088655591701
ladder:cyber:100k,2030,p2a,0.335,0.1799,0.9305555555555557,0.8710338684574785
ladder:cyber:100k,2030,p2b,0.275,0.15775,0.7638888888888891,0.7888902497096514
ladder:cyber:100k,2030,p3a,0.32,0.16425,0.888888888888889,0.7880196698052657
ladder:cyber:100k,2030,p3b,0.265,0.14175,0.7361111111111112,0.6614213943240461
ladder:cyber:100k,2030,p4,0.325,0.16735,0.9027777777777779,0.8025584090893323
ladder:cyber:100k,2030,p5,0.18,0.11334999999999999,0.5000000000000001,0.5384357375567309
ladder:cyber:100k,2030,eci_p10,0.26,0.15234999999999999,0.7222222222222223,0.6364530334346093
ladder:cyber:100k,2030,eci_p25,0.31,0.1779,0.8611111111111112,0.8228507357554793
ladder:cyber:100k,2030,eci_p50,0.36,0.2031,1.0,0.9923708984044222
ladder:cyber:100k,2030,eci_p75,0.44,0.25535,1.2222222222222223,1.1530209596244698
ladder:cyber:100k,2030,eci_p90,0.545,0.3191,1.5138888888888893,1.42828568570857
ladder:cyber:100k,2050,unconditional,0.58,0.69,1.0,1.0
ladder:cyber:100k,2050,sq,0.62,0.7255,1.0689655172413794,1.0619093723814266
ladder:cyber:100k,2050,p1,0.595,0.7277499999999999,1.0258620689655173,1.069462481810372
ladder:cyber:100k,2050,p2a,0.545,0.6465000000000001,0.9396551724137934,0.9299688732764974
ladder:cyber:100k,2050,p2b,0.465,0.5755,0.8017241379310346,0.8347426679147454
ladder:cyber:100k,2050,p3a,0.525,0.5980000000000001,0.9051724137931036,0.852377937389365
ladder:cyber:100k,2050,p3b,0.455,0.537,0.7844827586206898,0.7503826184514631
ladder:cyber:100k,2050,p4,0.535,0.6054999999999999,0.9224137931034485,0.8682522607538051
ladder:cyber:100k,2050,p5,0.32,0.46499999999999997,0.5517241379310346,0.6217657055455799
ladder:cyber:100k,2050,eci_p10,0.44,0.5105000000000001,0.7586206896551725,0.8100249075659298
ladder:cyber:100k,2050,eci_p25,0.51,0.6134999999999999,0.8793103448275863,0.9055619970873592
ladder:cyber:100k,2050,eci_p50,0.58,0.69,1.0,0.9973297682645729
ladder:cyber:100k,2050,eci_p75,0.66,0.734,1.137931034482759,1.0661407196165313
ladder:cyber:100k,2050,eci_p90,0.75,0.7665,1.2931034482758623,1.1728589370100746
ladder:cyber:100k,2100,unconditional,0.66,0.8400000000000001,1.0,1.0
ladder:cyber:100k,2100,sq,0.7,0.8827,1.0606060606060606,1.0276902189605515
ladder:cyber:100k,2100,p1,0.675,0.8911,1.0227272727272727,1.0320617787475297
ladder:cyber:100k,2100,p2a,0.63,0.8049999999999999,0.9545454545454545,0.9680228592318774
ladder:cyber:100k,2100,p2b,0.55,0.746,0.8333333333333334,0.9174683981868984
ladder:cyber:100k,2100,p3a,0.61,0.7675000000000001,0.9242424242424242,0.9335806722361338
ladder:cyber:100k,2100,p3b,0.54,0.7105,0.8181818181818182,0.8651501883978575
ladder:cyber:100k,2100,p4,0.62,0.774,0.9393939393939393,0.9410041766687423
ladder:cyber:100k,2100,p5,0.4,0.638,0.6060606060606061,0.8001322641986387
ladder:cyber:100k,2100,eci_p10,0.52,0.716,0.787878787878788,0.9066055492515043
ladder:cyber:100k,2100,eci_p25,0.59,0.79,0.8939393939393938,0.9534289568150541
ladder:cyber:100k,2100,eci_p50,0.66,0.83385,1.0,0.998677286133554
ladder:cyber:100k,2100,eci_p75,0.74,0.8576999999999999,1.121212121212121,1.0340987715688812
ladder:cyber:100k,2100,eci_p90,0.82,0.8852,1.2424242424242422,1.0795889335817894
ladder:cyber:1M,6mo,unconditional,0.008,0.0014,1.0,1.0
ladder:cyber:1M,6mo,sq,0.009,0.00151,1.1250000000000004,1.0121983276737094
ladder:cyber:1M,6mo,p1,0.0084,0.001505,1.0500000000000003,1.0067950951590712
ladder:cyber:1M,6mo,p2a,0.0072,0.001325,0.9000000000000004,0.8905298862255384
ladder:cyber:1M,6mo,p2b,0.0057,0.001235,0.7125000000000004,0.837958180963393
ladder:cyber:1M,6mo,p3a,0.0069,0.0012699999999999999,0.8625000000000006,0.8024961059095558
ladder:cyber:1M,6mo,p3b,0.0055,0.0011849999999999999,0.6875000000000004,0.713229032060469
ladder:cyber:1M,6mo,p4,0.007,0.001285,0.8750000000000007,0.8156086017841818
ladder:cyber:1M,6mo,p5,0.0037,0.001095,0.46250000000000036,0.6079187588743291
ladder:cyber:1M,6mo,eci_p10,0.0052,0.001,0.6500000000000001,0.6647535131171413
ladder:cyber:1M,6mo,eci_p25,0.0065,0.0011949999999999999,0.8125000000000001,0.7990524691688581
ladder:cyber:1M,6mo,eci_p50,0.008,0.0014,1.0,0.9899494936611665
ladder:cyber:1M,6mo,eci_p75,0.0105,0.00172,1.3125000000000002,1.1408728715728624
ladder:cyber:1M,6mo,eci_p90,0.0145,0.00218,1.8125000000000004,1.4126755373804154
ladder:cyber:1M,12mo,unconditional,0.015,0.00375,1.0,1.0
ladder:cyber:1M,12mo,sq,0.017,0.00418,1.133333333333334,1.0249682921924947
ladder:cyber:1M,12mo,p1,0.0157,0.0041600000000000005,1.0466666666666666,1.011928851253881
ladder:cyber:1M,12mo,p2a,0.0135,0.00345,0.9000000000000004,0.8892037054655496
ladder:cyber:1M,12mo,p2b,0.0108,0.00309,0.7200000000000003,0.8317608351903338
ladder:cyber:1M,12mo,p3a,0.013,0.003235,0.8666666666666667,0.7999999999999997
ladder:cyber:1M,12mo,p3b,0.0104,0.002895,0.6933333333333334,0.7132290320604686
ladder:cyber:1M,12mo,p4,0.0132,0.0032900000000000004,0.88,0.8156086017841815
ladder:cyber:1M,12mo,p5,0.007,0.002535,0.46666666666666695,0.6104676956673596
ladder:cyber:1M,12mo,eci_p10,0.0098,0.002375,0.6533333333333338,0.637931439685434
ladder:cyber:1M,12mo,eci_p25,0.0123,0.0030499999999999998,0.8199999999999998,0.78689262291624
ladder:cyber:1M,12mo,eci_p50,0.015,0.00375,1.0,0.9899494936611665
ladder:cyber:1M,12mo,eci_p75,0.0198,0.0049499999999999995,1.3200000000000003,1.1612800818800895
ladder:cyber:1M,12mo,eci_p90,0.027,0.006775,1.8,1.4640622462414514
ladder:cyber:1M,2028,unconditional,0.036,0.015,1.0,1.0
ladder:cyber:1M,2028,sq,0.041,0.0173,1.138888888888889,1.0567244989431572
ladder:cyber:1M,2028,p1,0.038,0.0171,1.055555555555556,1.0192589900947104
ladder:cyber:1M,2028,p2a,0.033,0.01345,0.9166666666666672,0.8717797887081349
ladder:cyber:1M,2028,p2b,0.026,0.011875,0.7222222222222223,0.8130873945100313
ladder:cyber:1M,2028,p3a,0.031,0.012400000000000001,0.8611111111111112,0.7722693830523129
ladder:cyber:1M,2028,p3b,0.025,0.01065,0.6944444444444446,0.6741177809616772
ladder:cyber:1M,2028,p4,0.032,0.01265,0.8888888888888894,0.7991299616784331
ladder:cyber:1M,2028,p5,0.017,0.00925,0.4722222222222225,0.5610549070239492
ladder:cyber:1M,2028,eci_p10,0.024,0.008575,0.6666666666666669,0.5956768569236146
ladder:cyber:1M,2028,eci_p25,0.03,0.011550000000000001,0.8333333333333335,0.757982214195714
ladder:cyber:1M,2028,eci_p50,0.036,0.015,1.0,0.9899494936611665
ladder:cyber:1M,2028,eci_p75,0.048,0.020999999999999998,1.3333333333333337,1.2341438777999552
ladder:cyber:1M,2028,eci_p90,0.066,0.0303,1.8333333333333337,1.5852581740085334
ladder:cyber:1M,2030,unconditional,0.06,0.041,1.0,1.0
ladder:cyber:1M,2030,sq,0.068,0.048,1.1333333333333335,1.0840839890147327
ladder:cyber:1M,2030,p1,0.063,0.048,1.0500000000000003,1.0277885027325449
ladder:cyber:1M,2030,p2a,0.054,0.03615,0.9,0.8510011154814807
ladder:cyber:1M,2030,p2b,0.043,0.03105,0.7166666666666666,0.7737542582589857
ladder:cyber:1M,2030,p3a,0.052,0.03265,0.8666666666666667,0.7529940238806679
ladder:cyber:1M,2030,p3b,0.042,0.02715,0.7,0.6430790967195881
ladder:cyber:1M,2030,p4,0.053,0.03365,0.8833333333333333,0.782461741436343
ladder:cyber:1M,2030,p5,0.028,0.0228,0.46666666666666673,0.5170989309095756
ladder:cyber:1M,2030,eci_p10,0.04,0.02195,0.6666666666666669,0.5730308798258209
ladder:cyber:1M,2030,eci_p25,0.05,0.030600000000000002,0.8333333333333335,0.7438637868140466
ladder:cyber:1M,2030,eci_p50,0.06,0.041,1.0,0.9907909298467898
ladder:cyber:1M,2030,eci_p75,0.079,0.0592,1.3166666666666664,1.2502285505344328
ladder:cyber:1M,2030,eci_p90,0.108,0.07985,1.8,1.653717814107247
ladder:cyber:1M,2050,unconditional,0.19,0.29000000000000004,1.0,1.0
ladder:cyber:1M,2050,sq,0.21,0.33035000000000003,1.1052631578947367,1.171937498333422
ladder:cyber:1M,2050,p1,0.197,0.32689999999999997,1.0368421052631578,1.1576311546040432
ladder:cyber:1M,2050,p2a,0.172,0.255,0.9052631578947368,0.8660960968504545
ladder:cyber:1M,2050,p2b,0.14,0.21400000000000002,0.7368421052631579,0.7473763634016188
ladder:cyber:1M,2050,p3a,0.166,0.226,0.8736842105263157,0.8024452425847752
ladder:cyber:1M,2050,p3b,0.136,0.1915,0.7157894736842106,0.6506511651995331
ladder:cyber:1M,2050,p4,0.168,0.23399999999999999,0.8842105263157896,0.8024452425847752
ladder:cyber:1M,2050,p5,0.093,0.149,0.48947368421052634,0.4915614438310072
ladder:cyber:1M,2050,eci_p10,0.13,0.175,0.6842105263157895,0.7140659002431846
ladder:cyber:1M,2050,eci_p25,0.16,0.2345,0.8421052631578947,0.8496928986275111
ladder:cyber:1M,2050,eci_p50,0.19,0.29000000000000004,1.0,0.9934068365262758
ladder:cyber:1M,2050,eci_p75,0.24,0.34099999999999997,1.263157894736842,1.1257232107639725
ladder:cyber:1M,2050,eci_p90,0.31,0.38675000000000004,1.631578947368421,1.3207972950099096
ladder:cyber:1M,2100,unconditional,0.25,0.502,1.0,1.0
ladder:cyber:1M,2100,sq,0.275,0.544,1.1,1.1059386528878388
ladder:cyber:1M,2100,p1,0.26,0.5525,1.04,1.1049304626329686
ladder:cyber:1M,2100,p2a,0.228,0.46499999999999997,0.912,0.9261286550551633
ladder:cyber:1M,2100,p2b,0.188,0.422,0.752,0.8573491815168537
ladder:cyber:1M,2100,p3a,0.22,0.4365,0.88,0.8957040327506147
ladder:cyber:1M,2100,p3b,0.183,0.39,0.732,0.7964205637009344
ladder:cyber:1M,2100,p4,0.223,0.4395,0.892,0.8957040327506147
ladder:cyber:1M,2100,p5,0.13,0.352,0.52,0.7142095197455982
ladder:cyber:1M,2100,eci_p10,0.175,0.38,0.7,0.7807200583588265
ladder:cyber:1M,2100,eci_p25,0.212,0.431,0.8479999999999999,0.8855475870191166
ladder:cyber:1M,2100,eci_p50,0.25,0.4875,1.0,0.99498743710662
ladder:cyber:1M,2100,eci_p75,0.31,0.522,1.24,1.072451386163443
ladder:cyber:1M,2100,eci_p90,0.39,0.587,1.5599999999999998,1.205778051392485
ladder:cyber:10M,6mo,unconditional,0.0016,0.000235,1.0,1.0
ladder:cyber:10M,6mo,sq,0.0018,0.0002595,1.1249999999999993,1.0194236066503064
ladder:cyber:10M,6mo,p1,0.0017,0.0002585,1.0624999999999998,1.0099504938362078
ladder:cyber:10M,6mo,p2a,0.0014,0.00021700000000000002,0.8749999999999999,0.88920370546555
ladder:cyber:10M,6mo,p2b,0.0011,0.0002005,0.6874999999999999,0.8385879880278492
ladder:cyber:10M,6mo,p3a,0.0014,0.0002095,0.8749999999999999,0.8000000000000004
ladder:cyber:10M,6mo,p3b,0.0011,0.000193,0.6874999999999999,0.7132290320604684
ladder:cyber:10M,6mo,p4,0.0014,0.0002115,0.8749999999999999,0.8156086017841812
ladder:cyber:10M,6mo,p5,0.0007,0.0001745,0.4374999999999999,0.6104676956673594
ladder:cyber:10M,6mo,eci_p10,0.001,0.0001565,0.6249999999999999,0.6467309097029592
ladder:cyber:10M,6mo,eci_p25,0.0013,0.00019449999999999998,0.8124999999999993,0.781024967590666
ladder:cyber:10M,6mo,eci_p50,0.0016,0.000235,1.0,0.9928314487939459
ladder:cyber:10M,6mo,eci_p75,0.0021,0.000303,1.312499999999999,1.1513966674062794
ladder:cyber:10M,6mo,eci_p90,0.003,0.00039999999999999996,1.8749999999999987,1.4385983516573704
ladder:cyber:10M,12mo,unconditional,0.0032,0.00065,1.0,1.0
ladder:cyber:10M,12mo,sq,0.0036,0.00075,1.1249999999999993,1.032351684262683
ladder:cyber:10M,12mo,p1,0.0034,0.000748,1.0624999999999998,1.0161200716450787
ladder:cyber:10M,12mo,p2a,0.0029,0.0005790000000000001,0.9062499999999993,0.8905298862255376
ladder:cyber:10M,12mo,p2b,0.0023,0.000508,0.7187499999999997,0.8246211251235317
ladder:cyber:10M,12mo,p3a,0.0028,0.000548,0.8749999999999999,0.802496105909555
ladder:cyber:10M,12mo,p3b,0.0022,0.000482,0.6874999999999999,0.7102510272707321
ladder:cyber:10M,12mo,p4,0.0028,0.000556,0.8749999999999999,0.8156086017841812
ladder:cyber:10M,12mo,p5,0.0015,0.000408,0.46875,0.601628225517329
ladder:cyber:10M,12mo,eci_p10,0.0021,0.000387,0.6562499999999994,0.6199579228358617
ladder:cyber:10M,12mo,eci_p25,0.0026,0.000511,0.8124999999999993,0.7668115805072323
ladder:cyber:10M,12mo,eci_p50,0.0032,0.00065,1.0,0.989949493661166
ladder:cyber:10M,12mo,eci_p75,0.0042,0.000894,1.312499999999999,1.181326937529714
ladder:cyber:10M,12mo,eci_p90,0.0059,0.0012599999999999998,1.8437499999999996,1.501448575904934
ladder:cyber:10M,2028,unconditional,0.008,0.003,1.0,1.0
ladder:cyber:10M,2028,sq,0.009,0.003615,1.1250000000000004,1.069267662156363
ladder:cyber:10M,2028,p1,0.0085,0.00358,1.0625000000000007,1.026320287889377
ladder:cyber:10M,2028,p2a,0.0072,0.00258,0.9000000000000004,0.8701990443637562
ladder:cyber:10M,2028,p2b,0.0058,0.002155,0.7250000000000001,0.8018999178581264
ladder:cyber:10M,2028,p3a,0.0069,0.002385,0.8625000000000006,0.7713624310270758
ladder:cyber:10M,2028,p3b,0.0055,0.001985,0.6875000000000004,0.6724387801454331
ladder:cyber:10M,2028,p4,0.007,0.002455,0.8750000000000007,0.8003622368308787
ladder:cyber:10M,2028,p5,0.0037,0.0015400000000000001,0.46250000000000036,0.5582062368861092
ladder:cyber:10M,2028,eci_p10,0.0053,0.001555,0.6625000000000001,0.5676036584126976
ladder:cyber:10M,2028,eci_p25,0.0066,0.0022199999999999998,0.8250000000000001,0.7389181280764467
ladder:cyber:10M,2028,eci_p50,0.008,0.003,1.0,0.9916316520429014
ladder:cyber:10M,2028,eci_p75,0.0106,0.00446,1.3250000000000002,1.268069398731789
ladder:cyber:10M,2028,eci_p90,0.0147,0.00675,1.8375000000000001,1.6759163619267863
ladder:cyber:10M,2030,unconditional,0.014,0.010525,1.0,1.0
ladder:cyber:10M,2030,sq,0.016,0.012405,1.142857142857143,1.0989161326810468
ladder:cyber:10M,2030,p1,0.015,0.011805,1.0714285714285716,1.0348147982449165
ladder:cyber:10M,2030,p2a,0.0126,0.008775,0.9000000000000004,0.8493817018056833
ladder:cyber:10M,2030,p2b,0.0102,0.00706,0.7285714285714292,0.7689631641542312
ladder:cyber:10M,2030,p3a,0.0121,0.008005,0.8642857142857149,0.7483314773547882
ladder:cyber:10M,2030,p3b,0.0097,0.006385,0.6928571428571432,0.637931439685434
ladder:cyber:10M,2030,p4,0.0123,0.00817,0.8785714285714286,0.778515867867662
ladder:cyber:10M,2030,p5,0.0065,0.004605,0.46428571428571436,0.5107539184552493
ladder:cyber:10M,2030,eci_p10,0.0093,0.005275,0.6642857142857148,0.5421374765483943
ladder:cyber:10M,2030,eci_p25,0.0115,0.00752,0.8214285714285718,0.7247188360352919
ladder:cyber:10M,2030,eci_p50,0.014,0.010499999999999999,1.0,0.9899494936611665
ladder:cyber:10M,2030,eci_p75,0.0185,0.01445,1.321428571428572,1.280950168169447
ladder:cyber:10M,2030,eci_p90,0.0255,0.01865,1.8214285714285723,1.7408144021143375
ladder:cyber:10M,2050,unconditional,0.06,0.082,1.0,1.0
ladder:cyber:10M,2050,sq,0.067,0.09495,1.1166666666666667,1.22059054143528
ladder:cyber:10M,2050,p1,0.063,0.09509999999999999,1.0500000000000003,1.1756457192295888
ladder:cyber:10M,2050,p2a,0.054,0.0693,0.9,0.8447315719040154
ladder:cyber:10M,2050,p2b,0.044,0.0587,0.7333333333333334,0.7158910531638177
ladder:cyber:10M,2050,p3a,0.052,0.06375,0.8666666666666667,0.7776643908280132
ladder:cyber:10M,2050,p3b,0.042,0.05075,0.7,0.6181770435262517
ladder:cyber:10M,2050,p4,0.053,0.06375,0.8833333333333333,0.7776643908280132
ladder:cyber:10M,2050,p5,0.029,0.039900000000000005,0.4833333333333333,0.4582575694955841
ladder:cyber:10M,2050,eci_p10,0.041,0.0683,0.6833333333333333,0.6561068437961842
ladder:cyber:10M,2050,eci_p25,0.05,0.07415,0.8333333333333335,0.8202786982831767
ladder:cyber:10M,2050,eci_p50,0.06,0.07925,1.0,0.9905806378079475
ladder:cyber:10M,2050,eci_p75,0.077,0.08765,1.2833333333333334,1.1971528724436158
ladder:cyber:10M,2050,eci_p90,0.1,0.10450000000000001,1.6666666666666672,1.470611577779263
ladder:cyber:10M,2100,unconditional,0.09,0.19,1.0,1.0
ladder:cyber:10M,2100,sq,0.1,0.217,1.1111111111111116,1.1420164975482048
ladder:cyber:10M,2100,p1,0.094,0.2145,1.044444444444445,1.1195987676664458
ladder:cyber:10M,2100,p2a,0.082,0.176,0.9111111111111113,0.9095557523685213
ladder:cyber:10M,2100,p2b,0.068,0.1585,0.7555555555555558,0.8310385069297332
ladder:cyber:10M,2100,p3a,0.079,0.16499999999999998,0.8777777777777778,0.8696565534786725
ladder:cyber:10M,2100,p3b,0.065,0.14400000000000002,0.7222222222222223,0.7614669610515674
ladder:cyber:10M,2100,p4,0.08,0.16649999999999998,0.888888888888889,0.8770893422483906
ladder:cyber:10M,2100,p5,0.046,0.11879999999999999,0.5111111111111112,0.6610406870351978
ladder:cyber:10M,2100,eci_p10,0.063,0.1516,0.7000000000000003,0.7210325618043008
ladder:cyber:10M,2100,eci_p25,0.076,0.16799999999999998,0.8444444444444444,0.8579827817511914
ladder:cyber:10M,2100,eci_p50,0.09,0.185,1.0,0.9915266007525971
ladder:cyber:10M,2100,eci_p75,0.113,0.21150000000000002,1.255555555555556,1.1184723475155132
ladder:cyber:10M,2100,eci_p90,0.145,0.25,1.6111111111111116,1.3231403100624077
ladder:cyber:100M,6mo,unconditional,0.00035,4.5e-05,1.0,1.0
ladder:cyber:100M,6mo,sq,0.0004,5.095e-05,1.142857142857143,1.0319883720275145
ladder:cyber:100M,6mo,p1,0.00037,5.07e-05,1.0571428571428572,1.0115993936995686
ladder:cyber:100M,6mo,p2a,0.00032,4.085e-05,0.9142857142857145,0.8858795678282981
ladder:cyber:100M,6mo,p2b,0.00026,3.67e-05,0.7428571428571424,0.8335362071893769
ladder:cyber:100M,6mo,p3a,0.00031,3.9e-05,0.8857142857142862,0.793725393319378
ladder:cyber:100M,6mo,p3b,0.00025,3.51e-05,0.7142857142857143,0.713229032060469
ladder:cyber:100M,6mo,p4,0.00031,3.965e-05,0.8857142857142862,0.8156086017841818
ladder:cyber:100M,6mo,p5,0.00016,3.075e-05,0.4571428571428572,0.6079187588743291
ladder:cyber:100M,6mo,eci_p10,0.00022,2.8e-05,0.6285714285714286,0.6290088822211047
ladder:cyber:100M,6mo,eci_p25,0.00028,3.6e-05,0.8,0.7713624310270766
ladder:cyber:100M,6mo,eci_p50,0.00035,4.5e-05,1.0,1.0
ladder:cyber:100M,6mo,eci_p75,0.00047,6.1000000000000005e-05,1.3428571428571423,1.1747340124470735
ladder:cyber:100M,6mo,eci_p90,0.00066,8.5e-05,1.8857142857142861,1.4890907643081488
ladder:cyber:100M,12mo,unconditional,0.0007,0.00013,1.0,1.0
ladder:cyber:100M,12mo,sq,0.0008,0.0001525,1.142857142857143,1.0389727069150017
ladder:cyber:100M,12mo,p1,0.00075,0.00015250000000000002,1.0714285714285716,1.0177004891982149
ladder:cyber:100M,12mo,p2a,0.00064,0.0001125,0.9142857142857145,0.8858795678282978
ladder:cyber:100M,12mo,p2b,0.00052,9.75e-05,0.7428571428571424,0.8188387475015693
ladder:cyber:100M,12mo,p3a,0.00062,0.00010649999999999999,0.8857142857142855,0.8031189202104506
ladder:cyber:100M,12mo,p3b,0.0005,9.1e-05,0.7142857142857143,0.7018166312156839
ladder:cyber:100M,12mo,p4,0.00063,0.000108,0.8999999999999996,0.8156086017841818
ladder:cyber:100M,12mo,p5,0.00033,7.4e-05,0.47142857142857103,0.5897678246195887
ladder:cyber:100M,12mo,eci_p10,0.00045,7.25e-05,0.6428571428571426,0.6061281253562039
ladder:cyber:100M,12mo,eci_p25,0.00057,9.95e-05,0.8142857142857141,0.7582875444051552
ladder:cyber:100M,12mo,eci_p50,0.0007,0.00013,1.0,0.9874208829065747
ladder:cyber:100M,12mo,eci_p75,0.00094,0.0001875,1.3428571428571423,1.1989578808281791
ladder:cyber:100M,12mo,eci_p90,0.0013,0.000267,1.857142857142856,1.5379263283084625
ladder:cyber:100M,2028,unconditional,0.0018,0.000675,1.0,1.0
ladder:cyber:100M,2028,sq,0.002,0.0008215,1.1111111111111116,1.0812450735568275
ladder:cyber:100M,2028,p1,0.0019,0.0008410000000000001,1.0555555555555556,1.0286796479865916
ladder:cyber:100M,2028,p2a,0.0016,0.000559,0.8888888888888894,0.8717797887081349
ladder:cyber:100M,2028,p2b,0.0013,0.000457,0.722222222222222,0.7896564520428895
ladder:cyber:100M,2028,p3a,0.00155,0.0005195,0.8611111111111112,0.7728734264634367
ladder:cyber:100M,2028,p3b,0.00125,0.000418,0.6944444444444446,0.6693752617976853
ladder:cyber:100M,2028,p4,0.00157,0.000533,0.8722222222222227,0.7972779778176762
ladder:cyber:100M,2028,p5,0.00082,0.0003055,0.45555555555555566,0.5415539053603688
ladder:cyber:100M,2028,eci_p10,0.00115,0.0003175,0.638888888888889,0.5316095330711953
ladder:cyber:100M,2028,eci_p25,0.00145,0.00048649999999999995,0.8055555555555554,0.7250078369482384
ladder:cyber:100M,2028,eci_p50,0.0018,0.000675,1.0,0.989949493661166
ladder:cyber:100M,2028,eci_p75,0.0024,0.00106,1.3333333333333333,1.2961481396815717
ladder:cyber:100M,2028,eci_p90,0.0033,0.001665,1.8333333333333328,1.7657255056392036
ladder:cyber:100M,2030,unconditional,0.0033,0.00315,1.0,1.0
ladder:cyber:100M,2030,sq,0.0037,0.00315,1.1212121212121222,1.111938060325304
ladder:cyber:100M,2030,p1,0.0035,0.00315,1.0606060606060614,1.036822067666386
ladder:cyber:100M,2030,p2a,0.003,0.00245,0.9090909090909092,0.850191794218529
ladder:cyber:100M,2030,p2b,0.0024,0.00195,0.7272727272727274,0.7689631641542312
ladder:cyber:100M,2030,p3a,0.0029,0.0022,0.8787878787878789,0.7483314773547882
ladder:cyber:100M,2030,p3b,0.0023,0.00165,0.6969696969696972,0.6401426471464401
ladder:cyber:100M,2030,p4,0.0029,0.0023,0.8787878787878789,0.7808857846674196
ladder:cyber:100M,2030,p5,0.0015,0.0010999999999999998,0.454545454545455,0.5107539184552491
ladder:cyber:100M,2030,eci_p10,0.0021,0.00155,0.6363636363636364,0.5043290851090747
ladder:cyber:100M,2030,eci_p25,0.0027,0.0022,0.8181818181818186,0.7093130479555552
ladder:cyber:100M,2030,eci_p50,0.0033,0.00295,1.0,0.9874208829065747
ladder:cyber:100M,2030,eci_p75,0.0044,0.0036999999999999997,1.3333333333333344,1.3190905958272912
ladder:cyber:100M,2030,eci_p90,0.0061,0.00464,1.8484848484848495,1.8439088914585775
ladder:cyber:100M,2050,unconditional,0.017,0.023125,1.0,1.0
ladder:cyber:100M,2050,sq,0.019,0.02705,1.117647058823529,1.249761882081848
ladder:cyber:100M,2050,p1,0.018,0.027175,1.0588235294117645,1.1850719827907525
ladder:cyber:100M,2050,p2a,0.0153,0.0195,0.8999999999999996,0.8409178658720821
ladder:cyber:100M,2050,p2b,0.0125,0.016425,0.7352941176470589,0.7096276689725596
ladder:cyber:100M,2050,p3a,0.0148,0.017849999999999998,0.8705882352941171,0.7733661733585443
ladder:cyber:100M,2050,p3b,0.012,0.01405,0.7058823529411762,0.6117889458675386
ladder:cyber:100M,2050,p4,0.015,0.017849999999999998,0.8823529411764701,0.7733661733585443
ladder:cyber:100M,2050,p5,0.008,0.01035,0.4705882352941173,0.4364357804719849
ladder:cyber:100M,2050,eci_p10,0.0115,0.01905,0.6764705882352939,0.6172133998483678
ladder:cyber:100M,2050,eci_p25,0.0142,0.020749999999999998,0.8352941176470586,0.8017837257372733
ladder:cyber:100M,2050,eci_p50,0.017,0.0223,1.0,0.9899494936611665
ladder:cyber:100M,2050,eci_p75,0.022,0.02475,1.2941176470588232,1.2409673645990855
ladder:cyber:100M,2050,eci_p90,0.029,0.029275000000000002,1.7058823529411757,1.5841401453154327
ladder:cyber:100M,2100,unconditional,0.028,0.05925,1.0,1.0
ladder:cyber:100M,2100,sq,0.031,0.06735000000000001,1.1071428571428568,1.1745602737768266
ladder:cyber:100M,2100,p1,0.029,0.0667,1.0357142857142856,1.1293848786315643
ladder:cyber:100M,2100,p2a,0.0253,0.0536,0.9035714285714286,0.9046031606770333
ladder:cyber:100M,2100,p2b,0.021,0.048549999999999996,0.7500000000000001,0.8083324566935426
ladder:cyber:100M,2100,p3a,0.0245,0.0514,0.8749999999999999,0.8487686158578828
ladder:cyber:100M,2100,p3b,0.02,0.044399999999999995,0.7142857142857143,0.7284313590846836
ladder:cyber:100M,2100,p4,0.0248,0.0514,0.8857142857142855,0.8571428571428572
ladder:cyber:100M,2100,p5,0.0135,0.0387,0.4821428571428572,0.6094494002200441
ladder:cyber:100M,2100,eci_p10,0.0195,0.04945,0.6964285714285714,0.6761234037828134
ladder:cyber:100M,2100,eci_p25,0.0235,0.05335,0.8392857142857142,0.8378787599208675
ladder:cyber:100M,2100,eci_p50,0.028,0.057050000000000003,1.0,0.9899494936611665
ladder:cyber:100M,2100,eci_p75,0.035,0.0654,1.25,1.158425704729779
ladder:cyber:100M,2100,eci_p90,0.046,0.08049999999999999,1.6428571428571423,1.4433756729740645
ladder:cyber:1B,6mo,unconditional,5e-05,7.500000000000001e-06,1.0,1.0
ladder:cyber:1B,6mo,sq,5.7e-05,8.599999999999999e-06,1.1399999999999988,1.0240117186829456
ladder:cyber:1B,6mo,p1,5.3e-05,8.6e-06,1.0599999999999983,1.0099504938362078
ladder:cyber:1B,6mo,p2a,4.6e-05,6.799999999999999e-06,0.9199999999999997,0.8905298862255384
ladder:cyber:1B,6mo,p2b,3.7e-05,6.1e-06,0.7399999999999993,0.8335362071893777
ladder:cyber:1B,6mo,p3a,4.4e-05,6.5000000000000004e-06,0.88,0.8024961059095554
ladder:cyber:1B,6mo,p3b,3.6e-05,5.85e-06,0.7199999999999991,0.713229032060469
ladder:cyber:1B,6mo,p4,4.5e-05,6.5999999999999995e-06,0.8999999999999996,0.8156086017841818
ladder:cyber:1B,6mo,p5,2.3e-05,5.124999999999999e-06,0.45999999999999985,0.6114842953651884
ladder:cyber:1B,6mo,eci_p10,3.2e-05,4.6499999999999995e-06,0.6399999999999989,0.6290088822211053
ladder:cyber:1B,6mo,eci_p25,4e-05,6e-06,0.7999999999999994,0.7713624310270758
ladder:cyber:1B,6mo,eci_p50,5e-05,7.500000000000001e-06,1.0,0.9899494936611665
ladder:cyber:1B,6mo,eci_p75,6.7e-05,1.025e-05,1.3399999999999979,1.1798304963002093
ladder:cyber:1B,6mo,eci_p90,9.5e-05,1.45e-05,1.8999999999999975,1.4890907643081488
ladder:cyber:1B,12mo,unconditional,0.0001,3e-05,1.0,1.0
ladder:cyber:1B,12mo,sq,0.000115,3.555e-05,1.1499999999999986,1.039839731240668
ladder:cyber:1B,12mo,p1,0.000107,3.555e-05,1.069999999999998,1.0181682899534181
ladder:cyber:1B,12mo,p2a,9.2e-05,2.595e-05,0.9199999999999997,0.8905298862255376
ladder:cyber:1B,12mo,p2b,7.5e-05,2.205e-05,0.7499999999999994,0.817117592161795
ladder:cyber:1B,12mo,p3a,8.9e-05,2.43e-05,0.8899999999999995,0.8024961059095554
ladder:cyber:1B,12mo,p3b,7.2e-05,2.06e-05,0.7199999999999991,0.7025832252522101
ladder:cyber:1B,12mo,p4,9e-05,2.4900000000000002e-05,0.8999999999999996,0.8156086017841812
ladder:cyber:1B,12mo,p5,4.6e-05,1.65e-05,0.45999999999999985,0.5897678246195887
ladder:cyber:1B,12mo,eci_p10,6.5e-05,1.675e-05,0.6499999999999989,0.6061281253562039
ladder:cyber:1B,12mo,eci_p25,8.2e-05,2.28e-05,0.8199999999999991,0.757627876995033
ladder:cyber:1B,12mo,eci_p50,0.0001,3e-05,1.0,0.9899494936611656
ladder:cyber:1B,12mo,eci_p75,0.000135,4.375e-05,1.3499999999999985,1.1989578808281796
ladder:cyber:1B,12mo,eci_p90,0.00019,6.400000000000001e-05,1.8999999999999975,1.5379263283084625
ladder:cyber:1B,2028,unconditional,0.00027,0.000155,1.0,1.0
ladder:cyber:1B,2028,sq,0.00031,0.0001895,1.1481481481481493,1.0829253310950262
ladder:cyber:1B,2028,p1,0.00029,0.000193,1.0740740740740746,1.0269106361049407
ladder:cyber:1B,2028,p2a,0.00025,0.000127,0.9259259259259262,0.8741455455372454
ladder:cyber:1B,2028,p2b,0.0002,0.0001014,0.7407407407407403,0.7896564520428895
ladder:cyber:1B,2028,p3a,0.00024,0.00011784999999999999,0.8888888888888886,0.7713624310270758
ladder:cyber:1B,2028,p3b,0.000195,9.355e-05,0.7222222222222227,0.6689913356050466
ladder:cyber:1B,2028,p4,0.000245,0.00012105,0.9074074074074076,0.7926290870042663
ladder:cyber:1B,2028,p5,0.000125,6.715e-05,0.462962962962963,0.5419187109964583
ladder:cyber:1B,2028,eci_p10,0.000175,7.25e-05,0.6481481481481477,0.5316095330711949
ladder:cyber:1B,2028,eci_p25,0.00022,0.00011125,0.814814814814815,0.724568837309472
ladder:cyber:1B,2028,eci_p50,0.00027,0.000155,1.0,0.9874208829065747
ladder:cyber:1B,2028,eci_p75,0.00036,0.00024700000000000004,1.3333333333333333,1.2961481396815728
ladder:cyber:1B,2028,eci_p90,0.00051,0.0003905,1.8888888888888895,1.7619159531847581
ladder:cyber:1B,2030,unconditional,0.0005,0.000845,1.0,1.0
ladder:cyber:1B,2030,sq,0.00057,0.000845,1.1399999999999997,1.115224192707457
ladder:cyber:1B,2030,p1,0.00053,0.0008500000000000001,1.0600000000000003,1.0407809567819735
ladder:cyber:1B,2030,p2a,0.00046,0.00066,0.9199999999999997,0.8477591946855619
ladder:cyber:1B,2030,p2b,0.00037,0.0005300000000000001,0.74,0.7689631641542312
ladder:cyber:1B,2030,p3a,0.00044,0.00059,0.88,0.7483314773547882
ladder:cyber:1B,2030,p3b,0.00036,0.000445,0.7199999999999996,0.6379314396854336
ladder:cyber:1B,2030,p4,0.00045,0.0006150000000000001,0.8999999999999996,0.778515867867662
ladder:cyber:1B,2030,p5,0.00023,0.0003,0.45999999999999985,0.5107539184552491
ladder:cyber:1B,2030,eci_p10,0.00032,0.00042,0.64,0.5043290851090749
ladder:cyber:1B,2030,eci_p25,0.0004,0.00059,0.8,0.7099295739719538
ladder:cyber:1B,2030,eci_p50,0.0005,0.0007899999999999999,1.0,0.9899494936611665
ladder:cyber:1B,2030,eci_p75,0.00067,0.00099,1.3400000000000003,1.3190905958272912
ladder:cyber:1B,2030,eci_p90,0.00094,0.0012100000000000001,1.8799999999999992,1.8439088914585775
ladder:cyber:1B,2050,unconditional,0.003,0.00825,1.0,1.0
ladder:cyber:1B,2050,sq,0.0034,0.00975,1.133333333333334,1.2489995996796794
ladder:cyber:1B,2050,p1,0.0032,0.00985,1.0666666666666675,1.183819484308554
ladder:cyber:1B,2050,p2a,0.0027,0.00695,0.9000000000000004,0.8366600265340759
ladder:cyber:1B,2050,p2b,0.0022,0.005849999999999999,0.7333333333333337,0.7071067811865475
ladder:cyber:1B,2050,p3a,0.0026,0.00635,0.8666666666666667,0.7725447539304094
ladder:cyber:1B,2050,p3b,0.0021,0.0049499999999999995,0.7,0.6094494002200441
ladder:cyber:1B,2050,p4,0.0027,0.00635,0.9000000000000004,0.7725447539304094
ladder:cyber:1B,2050,p5,0.0014,0.0036,0.46666666666666695,0.4364357804719849
ladder:cyber:1B,2050,eci_p10,0.002,0.0067,0.6666666666666671,0.6172133998483675
ladder:cyber:1B,2050,eci_p25,0.0024,0.00735,0.8,0.801783725737273
ladder:cyber:1B,2050,eci_p50,0.003,0.00795,1.0,0.9916316520429014
ladder:cyber:1B,2050,eci_p75,0.004,0.008799999999999999,1.3333333333333344,1.2409673645990855
ladder:cyber:1B,2050,eci_p90,0.0055,0.010450000000000001,1.8333333333333344,1.5874507866387542
ladder:cyber:1B,2100,unconditional,0.0055,0.025374999999999998,1.0,1.0
ladder:cyber:1B,2100,sq,0.0062,0.02835,1.1272727272727272,1.1759494644146673
ladder:cyber:1B,2100,p1,0.0058,0.029025,1.054545454545454,1.1286317042372693
ladder:cyber:1B,2100,p2a,0.005,0.022925,0.9090909090909092,0.9023778112773578
ladder:cyber:1B,2100,p2b,0.004,0.020725,0.7272727272727274,0.8087615458806372
ladder:cyber:1B,2100,p3a,0.0048,0.02195,0.8727272727272724,0.8485281374238568
ladder:cyber:1B,2100,p3b,0.0039,0.018725,0.7090909090909088,0.728991475552747
ladder:cyber:1B,2100,p4,0.0049,0.02195,0.890909090909091,0.8565712379681478
ladder:cyber:1B,2100,p5,0.0026,0.016325,0.47272727272727244,0.6094494002200438
ladder:cyber:1B,2100,eci_p10,0.0038,0.02065,0.6909090909090907,0.6761234037828131
ladder:cyber:1B,2100,eci_p25,0.0045,0.02255,0.8181818181818179,0.8383657572069263
ladder:cyber:1B,2100,eci_p50,0.0055,0.024350000000000004,1.0,0.9892276929865182
ladder:cyber:1B,2100,eci_p75,0.0072,0.0266,1.3090909090909089,1.1593101396951548
ladder:cyber:1B,2100,eci_p90,0.0098,0.030625,1.781818181818182,1.4433756729740645
ladder:misalign:100,6mo,unconditional,0.42,0.245,1.0,1.0
ladder:misalign:100,6mo,sq,0.45,0.24,1.0714285714285714,1.0066445913694333
ladder:misalign:100,6mo,p1,0.435,0.245,1.0357142857142858,1.0033277962194942
ladder:misalign:100,6mo,p2a,0.4,0.21935,0.9523809523809524,0.8456189618092943
ladder:misalign:100,6mo,p2b,0.36,0.21365,0.8571428571428571,0.8056534931472762
ladder:misalign:100,6mo,p3a,0.39,0.20520000000000002,0.9285714285714286,0.7480259735750204
ladder:misalign:100,6mo,p3b,0.35,0.19375,0.8333333333333331,0.6580583684799781
ladder:misalign:100,6mo,p4,0.39,0.19975,0.9285714285714286,0.772703972146791
ladder:misalign:100,6mo,p5,0.26,0.17415,0.6190476190476191,0.5123893608798462
ladder:misalign:100,6mo,eci_p10,0.33,0.17385,0.7857142857142857,0.6924593850905626
ladder:misalign:100,6mo,eci_p25,0.375,0.202,0.8928571428571429,0.8449570290567333
ladder:misalign:100,6mo,eci_p50,0.42,0.235,1.0,1.0
ladder:misalign:100,6mo,eci_p75,0.49,0.2812,1.1666666666666667,1.185215041196133
ladder:misalign:100,6mo,eci_p90,0.58,0.35050000000000003,1.3809523809523807,1.5510365197874247
ladder:misalign:100,12mo,unconditional,0.58,0.395,1.0,1.0
ladder:misalign:100,12mo,sq,0.61,0.39,1.0517241379310347,1.0077287538714526
ladder:misalign:100,12mo,p1,0.595,0.4,1.0258620689655173,1.0205964542723271
ladder:misalign:100,12mo,p2a,0.555,0.35095,0.9568965517241381,0.8550781371837636
ladder:misalign:100,12mo,p2b,0.51,0.3396,0.8793103448275863,0.8129978580792077
ladder:misalign:100,12mo,p3a,0.545,0.32435,0.9396551724137934,0.7561130183720712
ladder:misalign:100,12mo,p3b,0.5,0.30405000000000004,0.8620689655172415,0.6722786778484464
ladder:misalign:100,12mo,p4,0.55,0.31655,0.9482758620689656,0.780083328882242
ladder:misalign:100,12mo,p5,0.38,0.27025,0.6551724137931035,0.5287917261599054
ladder:misalign:100,12mo,eci_p10,0.47,0.2793,0.810344827586207,0.7071303510197631
ladder:misalign:100,12mo,eci_p25,0.525,0.3226,0.9051724137931036,0.8582346221556589
ladder:misalign:100,12mo,eci_p50,0.58,0.375,1.0,1.0
ladder:misalign:100,12mo,eci_p75,0.65,0.44745,1.120689655172414,1.1524007923491273
ladder:misalign:100,12mo,eci_p90,0.73,0.53725,1.2586206896551726,1.4081046199376153
ladder:misalign:100,2028,unconditional,0.78,0.6699999999999999,1.0,1.0
ladder:misalign:100,2028,sq,0.8,0.685,1.0256410256410258,1.031495540876187
ladder:misalign:100,2028,p1,0.79,0.7,1.0128205128205128,1.0522373258112965
ladder:misalign:100,2028,p2a,0.755,0.61485,0.967948717948718,0.9080307120418888
ladder:misalign:100,2028,p2b,0.71,0.5815,0.9102564102564101,0.8478887039212682
ladder:misalign:100,2028,p3a,0.745,0.55915,0.9551282051282051,0.8057981971084801
ladder:misalign:100,2028,p3b,0.7,0.5155,0.8974358974358974,0.717056128573924
ladder:misalign:100,2028,p4,0.75,0.5455,0.9615384615384616,0.7887490095080943
ladder:misalign:100,2028,p5,0.56,0.45175,0.717948717948718,0.5829401419009914
ladder:misalign:100,2028,eci_p10,0.68,0.51175,0.8717948717948718,0.7479137650825796
ladder:misalign:100,2028,eci_p25,0.73,0.57915,0.9358974358974359,0.8808731463723934
ladder:misalign:100,2028,eci_p50,0.78,0.65,1.0,1.0
ladder:misalign:100,2028,eci_p75,0.83,0.7313000000000001,1.064102564102564,1.0981108585325612
ladder:misalign:100,2028,eci_p90,0.885,0.8065500000000001,1.1346153846153846,1.2157162916136788
ladder:misalign:100,2030,unconditional,0.86,0.8200000000000001,1.0,1.0
ladder:misalign:100,2030,sq,0.875,0.85,1.0174418604651163,1.0430422153187582
ladder:misalign:100,2030,p1,0.868,0.86,1.0093023255813953,1.0524142518874198
ladder:misalign:100,2030,p2a,0.84,0.7746,0.9767441860465116,0.9424653343123243
ladder:misalign:100,2030,p2b,0.8,0.73365,0.930232558139535,0.8884335943894924
ladder:misalign:100,2030,p3a,0.83,0.7121999999999999,0.9651162790697674,0.8566760520056018
ladder:misalign:100,2030,p3b,0.79,0.65585,0.9186046511627908,0.7747438840466059
ladder:misalign:100,2030,p4,0.835,0.69865,0.9709302325581395,0.8384408180466444
ladder:misalign:100,2030,p5,0.65,0.57605,0.7558139534883721,0.6519956978248483
ladder:misalign:100,2030,eci_p10,0.77,0.6765000000000001,0.8953488372093024,0.8043442652059484
ladder:misalign:100,2030,eci_p25,0.815,0.75345,0.9476744186046512,0.9029864978971809
ladder:misalign:100,2030,eci_p50,0.86,0.8049999999999999,1.0,1.0
ladder:misalign:100,2030,eci_p75,0.9,0.8644000000000001,1.0465116279069768,1.060969176934747
ladder:misalign:100,2030,eci_p90,0.935,0.9079,1.0872093023255816,1.1194664480033014
ladder:misalign:100,2050,unconditional,0.94,0.955,1.0,1.0
ladder:misalign:100,2050,sq,0.948,0.9669,1.0085106382978724,1.0172361563182402
ladder:misalign:100,2050,p1,0.944,0.9657,1.004255319148936,1.0187791785514795
ladder:misalign:100,2050,p2a,0.928,0.9358,0.9872340425531916,0.9797690383049735
ladder:misalign:100,2050,p2b,0.9,0.91265,0.9574468085106383,0.9550557988658928
ladder:misalign:100,2050,p3a,0.922,0.90525,0.9808510638297874,0.9467337664630979
ladder:misalign:100,2050,p3b,0.895,0.86265,0.9521276595744682,0.8991553053604783
ladder:misalign:100,2050,p4,0.925,0.89465,0.9840425531914895,0.9350696568480312
ladder:misalign:100,2050,p5,0.79,0.7915000000000001,0.8404255319148937,0.8154551522083591
ladder:misalign:100,2050,eci_p10,0.89,0.915,0.946808510638298,0.9524791309238019
ladder:misalign:100,2050,eci_p25,0.915,0.9342,0.973404255319149,0.9751831081449709
ladder:misalign:100,2050,eci_p50,0.94,0.95,1.0,1.0
ladder:misalign:100,2050,eci_p75,0.958,0.9661,1.0191489361702128,1.0141109666262262
ladder:misalign:100,2050,eci_p90,0.972,0.984,1.0340425531914894,1.0250550850039515
ladder:misalign:100,2100,unconditional,0.955,0.975,1.0,1.0
ladder:misalign:100,2100,sq,0.96,0.9804999999999999,1.0052356020942408,1.0055862611899185
ladder:misalign:100,2100,p1,0.957,0.983,1.0020942408376963,1.006598426782026
ladder:misalign:100,2100,p2a,0.945,0.9709,0.9895287958115183,0.9942783951769265
ladder:misalign:100,2100,p2b,0.92,0.96245,0.9633507853403143,0.9856305216706803
ladder:misalign:100,2100,p3a,0.94,0.9609,0.9842931937172775,0.9840278286639195
ladder:misalign:100,2100,p3b,0.915,0.94245,0.9581151832460734,0.9648780812604169
ladder:misalign:100,2100,p4,0.942,0.958,0.9863874345549738,0.9810423143836327
ladder:misalign:100,2100,p5,0.83,0.9094,0.8691099476439791,0.9299307574901089
ladder:misalign:100,2100,eci_p10,0.915,0.9643999999999999,0.9581151832460734,0.9836836086786749
ladder:misalign:100,2100,eci_p25,0.935,0.9697,0.9790575916230367,0.9913362316785292
ladder:misalign:100,2100,eci_p50,0.955,0.975,1.0,1.0
ladder:misalign:100,2100,eci_p75,0.968,0.984,1.013612565445026,1.0050890913907349
ladder:misalign:100,2100,eci_p90,0.98,0.991,1.0261780104712042,1.0096720169177906
ladder:misalign:1k,6mo,unconditional,0.11,0.0605,1.0,1.0
ladder:misalign:1k,6mo,sq,0.125,0.059,1.1363636363636365,1.0313274764284928
ladder:misalign:1k,6mo,p1,0.118,0.06,1.0727272727272728,1.009049958219026
ladder:misalign:1k,6mo,p2a,0.1,0.053099999999999994,0.9090909090909092,0.8376554582086043
ladder:misalign:1k,6mo,p2b,0.085,0.0517,0.7727272727272726,0.7732072570569885
ladder:misalign:1k,6mo,p3a,0.097,0.0496,0.881818181818182,0.7448174853074767
ladder:misalign:1k,6mo,p3b,0.082,0.047,0.7454545454545454,0.6335879510819886
ladder:misalign:1k,6mo,p4,0.098,0.048,0.890909090909091,0.7698003589195009
ladder:misalign:1k,6mo,p5,0.055,0.041499999999999995,0.49999999999999994,0.5000000000000001
ladder:misalign:1k,6mo,eci_p10,0.075,0.039549999999999995,0.6818181818181817,0.6531027559860266
ladder:misalign:1k,6mo,eci_p25,0.092,0.048350000000000004,0.8363636363636362,0.8273115763993905
ladder:misalign:1k,6mo,eci_p50,0.11,0.057499999999999996,1.0,1.0
ladder:misalign:1k,6mo,eci_p75,0.14,0.07005,1.2727272727272725,1.17924099275611
ladder:misalign:1k,6mo,eci_p90,0.19,0.09140000000000001,1.727272727272727,1.6566364853052238
ladder:misalign:1k,12mo,unconditional,0.19,0.127,1.0,1.0
ladder:misalign:1k,12mo,sq,0.21,0.125,1.1052631578947367,1.046156988431681
ladder:misalign:1k,12mo,p1,0.2,0.127,1.0526315789473686,1.0165300454651272
ladder:misalign:1k,12mo,p2a,0.175,0.111,0.9210526315789473,0.8401680504168056
ladder:misalign:1k,12mo,p2b,0.148,0.10675,0.7789473684210525,0.7700151170095821
ladder:misalign:1k,12mo,p3a,0.168,0.1023,0.8842105263157896,0.7410644173000314
ladder:misalign:1k,12mo,p3b,0.143,0.09535,0.7526315789473683,0.632141736166166
ladder:misalign:1k,12mo,p4,0.17,0.09885,0.8947368421052632,0.764102703290906
ladder:misalign:1k,12mo,p5,0.096,0.0829,0.5052631578947369,0.49328828623162463
ladder:misalign:1k,12mo,eci_p10,0.13,0.0816,0.6842105263157895,0.6591239977761728
ladder:misalign:1k,12mo,eci_p25,0.158,0.1001,0.8315789473684211,0.8406346808612327
ladder:misalign:1k,12mo,eci_p50,0.19,0.12000000000000001,1.0,1.0
ladder:misalign:1k,12mo,eci_p75,0.24,0.1478,1.263157894736842,1.1960583412006103
ladder:misalign:1k,12mo,eci_p90,0.31,0.19579999999999997,1.631578947368421,1.6701352795063793
ladder:misalign:1k,2028,unconditional,0.36,0.33999999999999997,1.0,1.0
ladder:misalign:1k,2028,sq,0.39,0.355,1.0833333333333335,1.0550629814076702
ladder:misalign:1k,2028,p1,0.375,0.35750000000000004,1.0416666666666667,1.0529823976803039
ladder:misalign:1k,2028,p2a,0.335,0.292,0.9305555555555557,0.8394300787694333
ladder:misalign:1k,2028,p2b,0.29,0.262,0.8055555555555556,0.7461009761866464
ladder:misalign:1k,2028,p3a,0.325,0.25949999999999995,0.9027777777777779,0.7369924658616546
ladder:misalign:1k,2028,p3b,0.283,0.228,0.7861111111111111,0.6165481156790348
ladder:misalign:1k,2028,p4,0.328,0.2485,0.9111111111111112,0.7592413110606223
ladder:misalign:1k,2028,p5,0.19,0.1815,0.5277777777777778,0.4726743621475348
ladder:misalign:1k,2028,eci_p10,0.26,0.199,0.7222222222222223,0.6465640825022334
ladder:misalign:1k,2028,eci_p25,0.31,0.253,0.8611111111111112,0.8272838063449578
ladder:misalign:1k,2028,eci_p50,0.36,0.315,1.0,1.0
ladder:misalign:1k,2028,eci_p75,0.44,0.405,1.2222222222222223,1.1950189017076662
ladder:misalign:1k,2028,eci_p90,0.53,0.5111,1.4722222222222223,1.5398222727246633
ladder:misalign:1k,2030,unconditional,0.47,0.51,1.0,1.0
ladder:misalign:1k,2030,sq,0.5,0.5615,1.0638297872340425,1.1009611185756671
ladder:misalign:1k,2030,p1,0.485,0.5595,1.0319148936170213,1.0965329978548823
ladder:misalign:1k,2030,p2a,0.44,0.4495,0.9361702127659575,0.8644073113989724
ladder:misalign:1k,2030,p2b,0.385,0.3985,0.8191489361702128,0.7730558741872315
ladder:misalign:1k,2030,p3a,0.43,0.396,0.9148936170212766,0.7621830993423279
ladder:misalign:1k,2030,p3b,0.375,0.344,0.797872340425532,0.6489636709045015
ladder:misalign:1k,2030,p4,0.433,0.381,0.9212765957446808,0.7599342076785331
ladder:misalign:1k,2030,p5,0.26,0.2685,0.5531914893617021,0.4816637831516918
ladder:misalign:1k,2030,eci_p10,0.35,0.323,0.7446808510638298,0.6713321183935811
ladder:misalign:1k,2030,eci_p25,0.41,0.40549999999999997,0.8723404255319148,0.8346052564332038
ladder:misalign:1k,2030,eci_p50,0.47,0.485,1.0,1.0
ladder:misalign:1k,2030,eci_p75,0.55,0.589,1.1702127659574468,1.155122371139825
ladder:misalign:1k,2030,eci_p90,0.65,0.6722,1.3829787234042554,1.3590720816339812
ladder:misalign:1k,2050,unconditional,0.7,0.82,1.0,1.0
ladder:misalign:1k,2050,sq,0.73,0.85425,1.042857142857143,1.0602842197456543
ladder:misalign:1k,2050,p1,0.715,0.85565,1.0214285714285714,1.0589562633696592
ladder:misalign:1k,2050,p2a,0.665,0.777,0.9500000000000001,0.9409959923802829
ladder:misalign:1k,2050,p2b,0.6,0.708,0.8571428571428572,0.8605125542594209
ladder:misalign:1k,2050,p3a,0.652,0.7,0.9314285714285715,0.8480653000348152
ladder:misalign:1k,2050,p3b,0.59,0.624,0.8428571428571429,0.7457992610449101
ladder:misalign:1k,2050,p4,0.655,0.6855,0.9357142857142858,0.8504496106987828
ladder:misalign:1k,2050,p5,0.44,0.516,0.6285714285714286,0.5998215082512937
ladder:misalign:1k,2050,eci_p10,0.57,0.706,0.8142857142857143,0.8603915658808526
ladder:misalign:1k,2050,eci_p25,0.64,0.7625,0.9142857142857144,0.9294731225507916
ladder:misalign:1k,2050,eci_p50,0.7,0.81,1.0,1.0
ladder:misalign:1k,2050,eci_p75,0.77,0.8586499999999999,1.1,1.0451155476936194
ladder:misalign:1k,2050,eci_p90,0.845,0.9045000000000001,1.207142857142857,1.102886807398911
ladder:misalign:1k,2100,unconditional,0.76,0.9,1.0,1.0
ladder:misalign:1k,2100,sq,0.785,0.9255,1.0328947368421053,1.0277467816960735
ladder:misalign:1k,2100,p1,0.772,0.925,1.0157894736842106,1.0256336851585768
ladder:misalign:1k,2100,p2a,0.73,0.88505,0.9605263157894737,0.9783699431386385
ladder:misalign:1k,2100,p2b,0.67,0.859,0.8815789473684211,0.9391477868912639
ladder:misalign:1k,2100,p3a,0.718,0.8534999999999999,0.9447368421052631,0.9330185141212597
ladder:misalign:1k,2100,p3b,0.66,0.8085,0.868421052631579,0.8829337899618357
ladder:misalign:1k,2100,p4,0.72,0.8454999999999999,0.9473684210526315,0.9242334697327451
ladder:misalign:1k,2100,p5,0.51,0.7270000000000001,0.6710526315789473,0.7903614923241696
ladder:misalign:1k,2100,eci_p10,0.64,0.854,0.8421052631578948,0.9335180195903198
ladder:misalign:1k,2100,eci_p25,0.7,0.8846,0.9210526315789473,0.9679911842694294
ladder:misalign:1k,2100,eci_p50,0.76,0.9,1.0,1.0
ladder:misalign:1k,2100,eci_p75,0.82,0.9339999999999999,1.0789473684210527,1.020750521928923
ladder:misalign:1k,2100,eci_p90,0.885,0.954,1.1644736842105263,1.0426249078847658
ladder:misalign:10k,6mo,unconditional,0.026,0.012,1.0,1.0
ladder:misalign:10k,6mo,sq,0.03,0.01205,1.1538461538461537,1.0211513110210455
ladder:misalign:10k,6mo,p1,0.028,0.0122,1.076923076923077,0.9971208552627909
ladder:misalign:10k,6mo,p2a,0.023,0.0107,0.8846153846153845,0.8306623862918071
ladder:misalign:10k,6mo,p2b,0.019,0.010124999999999999,0.7307692307692308,0.7205766921228921
ladder:misalign:10k,6mo,p3a,0.022,0.010199999999999999,0.8461538461538463,0.7348469228349531
ladder:misalign:10k,6mo,p3b,0.018,0.0097,0.6923076923076924,0.6292853089020909
ladder:misalign:10k,6mo,p4,0.0225,0.010100000000000001,0.8653846153846155,0.7563068160475613
ladder:misalign:10k,6mo,p5,0.012,0.0086,0.4615384615384615,0.4898979485566353
ladder:misalign:10k,6mo,eci_p10,0.016,0.00715,0.6153846153846153,0.5768448664935834
ladder:misalign:10k,6mo,eci_p25,0.021,0.009399999999999999,0.807692307692308,0.7799839741943417
ladder:misalign:10k,6mo,eci_p50,0.026,0.0117,1.0,0.9848857801796105
ladder:misalign:10k,6mo,eci_p75,0.034,0.0147,1.3076923076923077,1.2600366295042011
ladder:misalign:10k,6mo,eci_p90,0.047,0.01875,1.8076923076923082,1.9660581414049323
ladder:misalign:10k,12mo,unconditional,0.048,0.0278,1.0,1.0
ladder:misalign:10k,12mo,sq,0.055,0.02885,1.1458333333333335,1.0429019342413957
ladder:misalign:10k,12mo,p1,0.051,0.0283,1.0624999999999998,1.004965449931268
ladder:misalign:10k,12mo,p2a,0.043,0.024599999999999997,0.8958333333333331,0.83166499665831
ladder:misalign:10k,12mo,p2b,0.035,0.02225,0.7291666666666667,0.7155551905822712
ladder:misalign:10k,12mo,p3a,0.041,0.022449999999999998,0.8541666666666666,0.7366591251499344
ladder:misalign:10k,12mo,p3b,0.034,0.0202,0.7083333333333333,0.6220932405998316
ladder:misalign:10k,12mo,p4,0.042,0.0218,0.8749999999999999,0.7582142763684214
ladder:misalign:10k,12mo,p5,0.022,0.0174,0.4583333333333333,0.48373546489791297
ladder:misalign:10k,12mo,eci_p10,0.03,0.016999999999999998,0.6249999999999999,0.5884694523051273
ladder:misalign:10k,12mo,eci_p25,0.038,0.0215,0.7916666666666667,0.7849982307127974
ladder:misalign:10k,12mo,eci_p50,0.048,0.026000000000000002,1.0,0.9854496999396323
ladder:misalign:10k,12mo,eci_p75,0.062,0.0338,1.2916666666666665,1.2562323264904696
ladder:misalign:10k,12mo,eci_p90,0.085,0.0484,1.7708333333333333,1.950673782345014
ladder:misalign:10k,2028,unconditional,0.105,0.1055,1.0,1.0
ladder:misalign:10k,2028,sq,0.12,0.10850000000000001,1.142857142857143,1.0801234497346432
ladder:misalign:10k,2028,p1,0.112,0.10550000000000001,1.0666666666666667,1.0245084904766888
ladder:misalign:10k,2028,p2a,0.094,0.088,0.8952380952380954,0.7982132453340636
ladder:misalign:10k,2028,p2b,0.077,0.07625,0.7333333333333334,0.6838472481655018
ladder:misalign:10k,2028,p3a,0.09,0.077,0.857142857142857,0.7161169802565533
ladder:misalign:10k,2028,p3b,0.074,0.065,0.7047619047619047,0.5998737240857319
ladder:misalign:10k,2028,p4,0.092,0.07375,0.8761904761904762,0.7284001955791788
ladder:misalign:10k,2028,p5,0.049,0.051000000000000004,0.46666666666666673,0.4391532932510719
ladder:misalign:10k,2028,eci_p10,0.068,0.0515,0.6476190476190476,0.5815340215170717
ladder:misalign:10k,2028,eci_p25,0.085,0.07075000000000001,0.8095238095238095,0.7908568425793289
ladder:misalign:10k,2028,eci_p50,0.105,0.095,1.0,0.9875698039364401
ladder:misalign:10k,2028,eci_p75,0.135,0.1335,1.2857142857142858,1.2828621493042995
ladder:misalign:10k,2028,eci_p90,0.18,0.208,1.7142857142857144,1.9903613896824017
ladder:misalign:10k,2030,unconditional,0.16,0.2175,1.0,1.0
ladder:misalign:10k,2030,sq,0.18,0.23199999999999998,1.1250000000000002,1.105214193131093
ladder:misalign:10k,2030,p1,0.17,0.2285,1.0625000000000002,1.050895309905298
ladder:misalign:10k,2030,p2a,0.143,0.1795,0.89375,0.7738249984364219
ladder:misalign:10k,2030,p2b,0.118,0.15300000000000002,0.7375000000000002,0.6395310782127792
ladder:misalign:10k,2030,p3a,0.137,0.153,0.8562500000000002,0.7078135347674557
ladder:misalign:10k,2030,p3b,0.113,0.1255,0.70625,0.5898717809394834
ladder:misalign:10k,2030,p4,0.14,0.1455,0.8750000000000001,0.7206745415732367
ladder:misalign:10k,2030,p5,0.075,0.092,0.46875,0.40211938525766205
ladder:misalign:10k,2030,eci_p10,0.105,0.1055,0.65625,0.5765566601970551
ladder:misalign:10k,2030,eci_p25,0.13,0.14650000000000002,0.8125000000000001,0.789908883325187
ladder:misalign:10k,2030,eci_p50,0.16,0.195,1.0,0.9892758294159758
ladder:misalign:10k,2030,eci_p75,0.2,0.269,1.2500000000000002,1.2486309963633633
ladder:misalign:10k,2030,eci_p90,0.265,0.38649999999999995,1.6562500000000002,1.771377367411523
ladder:misalign:10k,2050,unconditional,0.37,0.55,1.0,1.0
ladder:misalign:10k,2050,sq,0.41,0.6334500000000001,1.1081081081081081,1.1397549395874753
ladder:misalign:10k,2050,p1,0.385,0.63855,1.0405405405405406,1.1265540230908364
ladder:misalign:10k,2050,p2a,0.335,0.47750000000000004,0.9054054054054054,0.8298411677160658
ladder:misalign:10k,2050,p2b,0.28,0.39644999999999997,0.7567567567567568,0.6853775778666998
ladder:misalign:10k,2050,p3a,0.325,0.419,0.8783783783783784,0.751417393446248
ladder:misalign:10k,2050,p3b,0.272,0.35650000000000004,0.7351351351351352,0.6288123397943824
ladder:misalign:10k,2050,p4,0.33,0.4175,0.8918918918918919,0.7475049406951343
ladder:misalign:10k,2050,p5,0.185,0.2625,0.5,0.4395245364957663
ladder:misalign:10k,2050,eci_p10,0.26,0.381,0.7027027027027027,0.6916742174900665
ladder:misalign:10k,2050,eci_p25,0.315,0.47350000000000003,0.8513513513513513,0.8605591109686042
ladder:misalign:10k,2050,eci_p50,0.37,0.55,1.0,0.9938980497683519
ladder:misalign:10k,2050,eci_p75,0.44,0.627,1.189189189189189,1.1098358154204984
ladder:misalign:10k,2050,eci_p90,0.54,0.713,1.4594594594594594,1.2961800201469311
ladder:misalign:10k,2100,unconditional,0.45,0.74,1.0,1.0
ladder:misalign:10k,2100,sq,0.49,0.7925,1.0888888888888888,1.0842176458022992
ladder:misalign:10k,2100,p1,0.465,0.79105,1.0333333333333334,1.0745934725382056
ladder:misalign:10k,2100,p2a,0.412,0.6705000000000001,0.9155555555555556,0.9195177108206347
ladder:misalign:10k,2100,p2b,0.35,0.62015,0.7777777777777777,0.8392675159744737
ladder:misalign:10k,2100,p3a,0.4,0.618,0.888888888888889,0.8482081192576858
ladder:misalign:10k,2100,p3b,0.34,0.5475,0.7555555555555558,0.7476080509788441
ladder:misalign:10k,2100,p4,0.405,0.6085,0.9,0.8351375641959962
ladder:misalign:10k,2100,p5,0.24,0.4615,0.5333333333333333,0.6237204095756904
ladder:misalign:10k,2100,eci_p10,0.325,0.608,0.7222222222222223,0.8336801691502498
ladder:misalign:10k,2100,eci_p25,0.39,0.6857,0.8666666666666667,0.9183277148465049
ladder:misalign:10k,2100,eci_p50,0.45,0.7218,1.0,0.9954180744075039
ladder:misalign:10k,2100,eci_p75,0.53,0.7725,1.1777777777777778,1.0587030683948437
ladder:misalign:10k,2100,eci_p90,0.63,0.8380000000000001,1.4000000000000001,1.1474938263223746
ladder:misalign:100k,6mo,unconditional,0.0055,0.0022500000000000003,1.0,1.0
ladder:misalign:100k,6mo,sq,0.0065,0.00248,1.1818181818181812,1.0208120017207585
ladder:misalign:100k,6mo,p1,0.0059,0.002445,1.0727272727272728,0.997468223625623
ladder:misalign:100k,6mo,p2a,0.0049,0.00208,0.890909090909091,0.8306623862918074
ladder:misalign:100k,6mo,p2b,0.0039,0.001905,0.7090909090909088,0.7205766921228919
ladder:misalign:100k,6mo,p3a,0.0047,0.001955,0.8545454545454542,0.734846922834953
ladder:misalign:100k,6mo,p3b,0.0038,0.00182,0.6909090909090907,0.6292853089020908
ladder:misalign:100k,6mo,p4,0.0048,0.00196,0.8727272727272724,0.7563068160475616
ladder:misalign:100k,6mo,p5,0.0025,0.00166,0.45454545454545453,0.48989794855663565
ladder:misalign:100k,6mo,eci_p10,0.0033,0.0015,0.5999999999999995,0.5744562646538026
ladder:misalign:100k,6mo,eci_p25,0.0043,0.00188,0.781818181818182,0.7799999999999996
ladder:misalign:100k,6mo,eci_p50,0.0055,0.0022500000000000003,1.0,0.9848857801796103
ladder:misalign:100k,6mo,eci_p75,0.0073,0.0029,1.3272727272727267,1.2649110640673513
ladder:misalign:100k,6mo,eci_p90,0.0102,0.003875,1.854545454545455,1.9806758753205742
ladder:misalign:100k,12mo,unconditional,0.011,0.00575,1.0,1.0
ladder:misalign:100k,12mo,sq,0.013,0.00651,1.1818181818181812,1.040512694140089
ladder:misalign:100k,12mo,p1,0.0118,0.00632,1.0727272727272728,1.0026631205611054
ladder:misalign:100k,12mo,p2a,0.0098,0.00523,0.890909090909091,0.8383184226639532
ladder:misalign:100k,12mo,p2b,0.0079,0.004625,0.7181818181818179,0.7158515480978074
ladder:misalign:100k,12mo,p3a,0.0094,0.004775,0.8545454545454542,0.7348469228349537
ladder:misalign:100k,12mo,p3b,0.0076,0.00433,0.6909090909090907,0.6220932405998317
ladder:misalign:100k,12mo,p4,0.0096,0.004785,0.8727272727272724,0.7577378614446204
ladder:misalign:100k,12mo,p5,0.005,0.0037649999999999997,0.45454545454545453,0.4837354648979129
ladder:misalign:100k,12mo,eci_p10,0.0066,0.003615,0.5999999999999995,0.5830951894845302
ladder:misalign:100k,12mo,eci_p25,0.0086,0.004635,0.7818181818181812,0.7749551958375115
ladder:misalign:100k,12mo,eci_p50,0.011,0.00575,1.0,0.983192080250175
ladder:misalign:100k,12mo,eci_p75,0.0145,0.0077,1.3181818181818175,1.2732542835538527
ladder:misalign:100k,12mo,eci_p90,0.02,0.01055,1.8181818181818177,1.9758153136986651
ladder:misalign:100k,2028,unconditional,0.027,0.0267,1.0,1.0
ladder:misalign:100k,2028,sq,0.031,0.027950000000000003,1.1481481481481481,1.0846522890932808
ladder:misalign:100k,2028,p1,0.029,0.0268,1.0740740740740742,1.0276186062932104
ladder:misalign:100k,2028,p2a,0.024,0.02215,0.888888888888889,0.7944908346069888
ladder:misalign:100k,2028,p2b,0.019,0.019,0.7037037037037038,0.6751068291531578
ladder:misalign:100k,2028,p3a,0.023,0.01915,0.8518518518518517,0.7092249290598859
ladder:misalign:100k,2028,p3b,0.0185,0.0161,0.6851851851851853,0.5918399359657318
ladder:misalign:100k,2028,p4,0.0235,0.0183,0.8703703703703705,0.714966062542996
ladder:misalign:100k,2028,p5,0.012,0.01235,0.4444444444444444,0.436463056855904
ladder:misalign:100k,2028,eci_p10,0.0165,0.01225,0.611111111111111,0.5285941398709243
ladder:misalign:100k,2028,eci_p25,0.021,0.01775,0.7777777777777781,0.7573172464461018
ladder:misalign:100k,2028,eci_p50,0.027,0.024,1.0,0.9857315388414163
ladder:misalign:100k,2028,eci_p75,0.036,0.0354,1.3333333333333333,1.3602695811247614
ladder:misalign:100k,2028,eci_p90,0.05,0.058499999999999996,1.8518518518518523,2.201398157116029
ladder:misalign:100k,2030,unconditional,0.044,0.073125,1.0,1.0
ladder:misalign:100k,2030,sq,0.051,0.07930000000000001,1.1590909090909087,1.1187905557754354
ladder:misalign:100k,2030,p1,0.047,0.07735,1.0681818181818181,1.059811303959342
ladder:misalign:100k,2030,p2a,0.039,0.05915,0.8863636363636364,0.7580744838582307
ladder:misalign:100k,2030,p2b,0.031,0.049575,0.7045454545454544,0.6163166019556457
ladder:misalign:100k,2030,p3a,0.037,0.04955,0.8409090909090909,0.6941513911576881
ladder:misalign:100k,2030,p3b,0.03,0.039650000000000005,0.6818181818181817,0.5754997827975262
ladder:misalign:100k,2030,p4,0.038,0.046875,0.8636363636363636,0.7064428769982315
ladder:misalign:100k,2030,p5,0.0195,0.027950000000000003,0.4431818181818182,0.3812933455813455
ladder:misalign:100k,2030,eci_p10,0.027,0.0309,0.6136363636363635,0.5024248891434114
ladder:misalign:100k,2030,eci_p25,0.034,0.04615,0.7727272727272726,0.7493997598078078
ladder:misalign:100k,2030,eci_p50,0.044,0.065,1.0,0.9868364372306861
ladder:misalign:100k,2030,eci_p75,0.058,0.0959,1.3181818181818181,1.3684327838895374
ladder:misalign:100k,2030,eci_p90,0.08,0.15084999999999998,1.8181818181818177,2.075726150833592
ladder:misalign:100k,2050,unconditional,0.16,0.33999999999999997,1.0,1.0
ladder:misalign:100k,2050,sq,0.18,0.41355,1.1250000000000002,1.198274621681323
ladder:misalign:100k,2050,p1,0.168,0.4185,1.0500000000000003,1.1723413480950002
ladder:misalign:100k,2050,p2a,0.143,0.27,0.89375,0.795892565662323
ladder:misalign:100k,2050,p2b,0.117,0.2185,0.7312500000000001,0.6407979475383625
ladder:misalign:100k,2050,p3a,0.138,0.22599999999999998,0.8625000000000003,0.7075942729929446
ladder:misalign:100k,2050,p3b,0.113,0.185,0.70625,0.5753559617824611
ladder:misalign:100k,2050,p4,0.14,0.231,0.8750000000000001,0.7205156883391626
ladder:misalign:100k,2050,p5,0.076,0.1275,0.4749999999999999,0.38476630931249023
ladder:misalign:100k,2050,eci_p10,0.105,0.215,0.65625,0.6324555320336759
ladder:misalign:100k,2050,eci_p25,0.13,0.27749999999999997,0.8125000000000001,0.8316403163408728
ladder:misalign:100k,2050,eci_p50,0.16,0.32499999999999996,1.0,0.9906138447819535
ladder:misalign:100k,2050,eci_p75,0.2,0.3887,1.2500000000000002,1.170161953263395
ladder:misalign:100k,2050,eci_p90,0.26,0.45275,1.6250000000000002,1.449137674618944
ladder:misalign:100k,2100,unconditional,0.22,0.5075000000000001,1.0,1.0
ladder:misalign:100k,2100,sq,0.245,0.5746,1.1136363636363635,1.1421147519083323
ladder:misalign:100k,2100,p1,0.23,0.5912499999999999,1.0454545454545454,1.1238897997893378
ladder:misalign:100k,2100,p2a,0.198,0.4544,0.9,0.8957649579064165
ladder:misalign:100k,2100,p2b,0.165,0.38625,0.7500000000000001,0.7819019865116749
ladder:misalign:100k,2100,p3a,0.192,0.4,0.8727272727272727,0.8160528086350783
ladder:misalign:100k,2100,p3b,0.16,0.3385,0.7272727272727272,0.7051830962980459
ladder:misalign:100k,2100,p4,0.194,0.41000000000000003,0.881818181818182,0.8064077222318212
ladder:misalign:100k,2100,p5,0.111,0.27349999999999997,0.5045454545454545,0.5681161172027389
ladder:misalign:100k,2100,eci_p10,0.15,0.4,0.6818181818181818,0.7353584231057089
ladder:misalign:100k,2100,eci_p25,0.183,0.4599,0.8318181818181818,0.8644240066602668
ladder:misalign:100k,2100,eci_p50,0.22,0.48619999999999997,1.0,0.9920517459622087
ladder:misalign:100k,2100,eci_p75,0.27,0.5359499999999999,1.2272727272727273,1.1078055832011777
ladder:misalign:100k,2100,eci_p90,0.34,0.622,1.5454545454545456,1.2921023037667183
ladder:misalign:1M,6mo,unconditional,0.0016,0.000525,1.0,1.0
ladder:misalign:1M,6mo,sq,0.0018,0.000593,1.1249999999999993,1.02469507659596
ladder:misalign:1M,6mo,p1,0.0017,0.000589,1.0624999999999998,0.9986101452630164
ladder:misalign:1M,6mo,p2a,0.0014,0.0004705,0.8749999999999999,0.8276952126715273
ladder:misalign:1M,6mo,p2b,0.0012,0.000419,0.7499999999999994,0.7205766921228925
ladder:misalign:1M,6mo,p3a,0.0014,0.000434,0.8749999999999999,0.7348469228349533
ladder:misalign:1M,6mo,p3b,0.0011,0.000397,0.6874999999999999,0.6334586342215578
ladder:misalign:1M,6mo,p4,0.0014,0.00044050000000000003,0.8749999999999999,0.7594902216785919
ladder:misalign:1M,6mo,p5,0.0007,0.00034750000000000004,0.4374999999999999,0.47809144373375767
ladder:misalign:1M,6mo,eci_p10,0.001,0.00034,0.6249999999999999,0.570713838726805
ladder:misalign:1M,6mo,eci_p25,0.0013,0.00043250000000000005,0.8124999999999993,0.7745966692414834
ladder:misalign:1M,6mo,eci_p50,0.0016,0.000525,1.0,0.9860132971832695
ladder:misalign:1M,6mo,eci_p75,0.0021,0.0007,1.312499999999999,1.2649110640673524
ladder:misalign:1M,6mo,eci_p90,0.003,0.000975,1.8749999999999987,1.980675875320575
ladder:misalign:1M,12mo,unconditional,0.0032,0.0014,1.0,1.0
ladder:misalign:1M,12mo,sq,0.0037,0.001625,1.15625,1.04731800328267
ladder:misalign:1M,12mo,p1,0.0034,0.00163,1.0624999999999998,1.0057646344945717
ladder:misalign:1M,12mo,p2a,0.0029,0.001215,0.9062499999999993,0.8329165624478841
ladder:misalign:1M,12mo,p2b,0.0023,0.001035,0.7187499999999997,0.713031178517785
ladder:misalign:1M,12mo,p3a,0.0028,0.001085,0.8749999999999999,0.7348469228349533
ladder:misalign:1M,12mo,p3b,0.0022,0.0009500000000000001,0.6874999999999999,0.6184658438426491
ladder:misalign:1M,12mo,p4,0.0028,0.0011,0.8749999999999999,0.7541551564499178
ladder:misalign:1M,12mo,p5,0.0015,0.00079,0.46875,0.4782781617427247
ladder:misalign:1M,12mo,eci_p10,0.002,0.00085,0.6249999999999999,0.5744562646538028
ladder:misalign:1M,12mo,eci_p25,0.0026,0.001125,0.8124999999999993,0.7791555257670533
ladder:misalign:1M,12mo,eci_p50,0.0032,0.0014,1.0,0.9874208829065747
ladder:misalign:1M,12mo,eci_p75,0.0043,0.00195,1.34375,1.2747548783981957
ladder:misalign:1M,12mo,eci_p90,0.0059,0.0027800000000000004,1.8437499999999996,1.9806758753205742
ladder:misalign:1M,2028,unconditional,0.008,0.0074,1.0,1.0
ladder:misalign:1M,2028,sq,0.0092,0.007875,1.1500000000000006,1.0992421631894098
ladder:misalign:1M,2028,p1,0.0086,0.0081,1.075,1.0272868060177651
ladder:misalign:1M,2028,p2a,0.0072,0.005485,0.9000000000000004,0.7936026680935458
ladder:misalign:1M,2028,p2b,0.0058,0.004665,0.7250000000000001,0.6735512813968427
ladder:misalign:1M,2028,p3a,0.0069,0.0046300000000000004,0.8625000000000006,0.7064636643811972
ladder:misalign:1M,2028,p3b,0.0056,0.0038599999999999997,0.7000000000000006,0.5868398012924418
ladder:misalign:1M,2028,p4,0.007,0.0047550000000000005,0.8750000000000007,0.7188555117360141
ladder:misalign:1M,2028,p5,0.0037,0.0028799999999999997,0.46250000000000036,0.4277849927241487
ladder:misalign:1M,2028,eci_p10,0.005,0.00345,0.6250000000000004,0.5277986629117475
ladder:misalign:1M,2028,eci_p25,0.0064,0.004999999999999999,0.8,0.7612788283838287
ladder:misalign:1M,2028,eci_p50,0.008,0.006500000000000001,1.0,0.9862693712811287
ladder:misalign:1M,2028,eci_p75,0.0107,0.0103,1.3375,1.3701360250985035
ladder:misalign:1M,2028,eci_p90,0.0148,0.0175,1.85,2.201398157116029
ladder:misalign:1M,2030,unconditional,0.013,0.02875,1.0,1.0
ladder:misalign:1M,2030,sq,0.015,0.0306,1.1538461538461537,1.1207140580897519
ladder:misalign:1M,2030,p1,0.014,0.0329,1.0769230769230766,1.059110138613679
ladder:misalign:1M,2030,p2a,0.0117,0.0212,0.9000000000000004,0.7507773749032842
ladder:misalign:1M,2030,p2b,0.0094,0.01675,0.7230769230769232,0.6074537019394977
ladder:misalign:1M,2030,p3a,0.0112,0.0166,0.8615384615384614,0.6884765791223402
ladder:misalign:1M,2030,p3b,0.0091,0.012,0.7,0.5532759580121712
ladder:misalign:1M,2030,p4,0.0114,0.01645,0.8769230769230772,0.6889605697474033
ladder:misalign:1M,2030,p5,0.006,0.00765,0.4615384615384615,0.37349698793966196
ladder:misalign:1M,2030,eci_p10,0.008,0.0135,0.6153846153846153,0.5019960159204453
ladder:misalign:1M,2030,eci_p25,0.0105,0.01885,0.8076923076923076,0.750142843540006
ladder:misalign:1M,2030,eci_p50,0.013,0.025500000000000002,1.0,0.9857315388414163
ladder:misalign:1M,2030,eci_p75,0.0173,0.039,1.3307692307692316,1.3843470181521205
ladder:misalign:1M,2030,eci_p90,0.024,0.06135,1.8461538461538465,2.0726051982209035
ladder:misalign:1M,2050,unconditional,0.065,0.20900000000000002,1.0,1.0
ladder:misalign:1M,2050,sq,0.075,0.246,1.1538461538461537,1.244751828528284
ladder:misalign:1M,2050,p1,0.07,0.2475,1.076923076923077,1.1887150534341144
ladder:misalign:1M,2050,p2a,0.058,0.1615,0.8923076923076924,0.7776522892681231
ladder:misalign:1M,2050,p2b,0.047,0.128,0.7230769230769232,0.6132153437832747
ladder:misalign:1M,2050,p3a,0.056,0.1285,0.8615384615384618,0.690515455441005
ladder:misalign:1M,2050,p3b,0.045,0.0905,0.6923076923076924,0.5316095330711951
ladder:misalign:1M,2050,p4,0.057,0.129,0.8769230769230769,0.6954823162194083
ladder:misalign:1M,2050,p5,0.03,0.058499999999999996,0.4615384615384615,0.34994823633780753
ladder:misalign:1M,2050,eci_p10,0.042,0.128,0.6461538461538462,0.5997364375010104
ladder:misalign:1M,2050,eci_p25,0.053,0.17149999999999999,0.8153846153846154,0.8001358580293398
ladder:misalign:1M,2050,eci_p50,0.065,0.1975,1.0,0.9885710532241611
ladder:misalign:1M,2050,eci_p75,0.085,0.23049999999999998,1.3076923076923077,1.2185435916898848
ladder:misalign:1M,2050,eci_p90,0.115,0.2645,1.7692307692307692,1.565126580223214
ladder:misalign:1M,2100,unconditional,0.1,0.3212,1.0,1.0
ladder:misalign:1M,2100,sq,0.115,0.36619999999999997,1.1499999999999997,1.1957680005381943
ladder:misalign:1M,2100,p1,0.107,0.37505,1.0699999999999996,1.1597263805647338
ladder:misalign:1M,2100,p2a,0.09,0.2832,0.8999999999999996,0.8812339126036524
ladder:misalign:1M,2100,p2b,0.072,0.2434,0.7199999999999996,0.7584210520626641
ladder:misalign:1M,2100,p3a,0.086,0.26265,0.8599999999999997,0.795235030600439
ladder:misalign:1M,2100,p3b,0.07,0.219,0.7,0.6749870196052026
ladder:misalign:1M,2100,p4,0.088,0.2592,0.8799999999999996,0.7833946419966341
ladder:misalign:1M,2100,p5,0.046,0.1505,0.45999999999999985,0.5239586913873783
ladder:misalign:1M,2100,eci_p10,0.067,0.2694,0.6699999999999998,0.7037947874229664
ladder:misalign:1M,2100,eci_p25,0.082,0.28974999999999995,0.8199999999999998,0.8496838334477301
ladder:misalign:1M,2100,eci_p50,0.1,0.3068,1.0,0.9892758294159758
ladder:misalign:1M,2100,eci_p75,0.128,0.3412,1.2799999999999996,1.1356582347556083
ladder:misalign:1M,2100,eci_p90,0.17,0.394,1.6999999999999997,1.3680260695991155
ladder:misalign:10M,6mo,unconditional,0.0005,0.00012,1.0,1.0
ladder:misalign:10M,6mo,sq,0.00058,0.00014,1.1599999999999993,1.027740239554723
ladder:misalign:10M,6mo,p1,0.00054,0.00014150000000000002,1.0799999999999998,0.9996874511566107
ladder:misalign:10M,6mo,p2a,0.00045,0.0001035,0.8999999999999996,0.8329165624478845
ladder:misalign:10M,6mo,p2b,0.00036,8.850000000000001e-05,0.7199999999999996,0.7205766921228922
ladder:misalign:10M,6mo,p3a,0.00043,9.25e-05,0.8600000000000001,0.7348469228349533
ladder:misalign:10M,6mo,p3b,0.00035,8.15e-05,0.7,0.627495019900557
ladder:misalign:10M,6mo,p4,0.00044,9.5e-05,0.88,0.7541551564499178
ladder:misalign:10M,6mo,p5,0.00023,6.9e-05,0.45999999999999985,0.48989794855663565
ladder:misalign:10M,6mo,eci_p10,0.0003,7.38e-05,0.6000000000000001,0.5744562646538032
ladder:misalign:10M,6mo,eci_p25,0.00039,9.75e-05,0.7799999999999996,0.7791555257670533
ladder:misalign:10M,6mo,eci_p50,0.0005,0.00012,1.0,0.9874208829065747
ladder:misalign:10M,6mo,eci_p75,0.00068,0.000173,1.3599999999999999,1.2649110640673518
ladder:misalign:10M,6mo,eci_p90,0.00095,0.000248,1.8999999999999992,1.980675875320575
ladder:misalign:10M,12mo,unconditional,0.001,0.00035,1.0,1.0
ladder:misalign:10M,12mo,sq,0.00115,0.00040899999999999997,1.1499999999999997,1.046599431669237
ladder:misalign:10M,12mo,p1,0.00107,0.000416,1.07,1.0055402085998904
ladder:misalign:10M,12mo,p2a,0.0009,0.0002935,0.8999999999999996,0.8316649966583102
ladder:misalign:10M,12mo,p2b,0.00072,0.00024200000000000003,0.7199999999999996,0.712525303194425
ladder:misalign:10M,12mo,p3a,0.00086,0.0002555,0.8600000000000001,0.7348469228349533
ladder:misalign:10M,12mo,p3b,0.0007,0.00021700000000000002,0.7,0.6172519744804388
ladder:misalign:10M,12mo,p4,0.00088,0.000263,0.88,0.755351279574977
ladder:misalign:10M,12mo,p5,0.00046,0.000174,0.45999999999999985,0.4774934554525326
ladder:misalign:10M,12mo,eci_p10,0.0006,0.000203,0.5999999999999995,0.5744562646538028
ladder:misalign:10M,12mo,eci_p25,0.00078,0.000275,0.7799999999999996,0.7763876465901415
ladder:misalign:10M,12mo,eci_p50,0.001,0.00035,1.0,0.9860132971832695
ladder:misalign:10M,12mo,eci_p75,0.00135,0.000517,1.3499999999999996,1.2899612397277676
ladder:misalign:10M,12mo,eci_p90,0.0019,0.0007520000000000001,1.8999999999999992,1.9806758753205733
ladder:misalign:10M,2028,unconditional,0.0026,0.002875,1.0,1.0
ladder:misalign:10M,2028,sq,0.003,0.002875,1.1538461538461537,1.095445115010332
ladder:misalign:10M,2028,p1,0.0028,0.0031000000000000003,1.0769230769230778,1.0276186062932104
ladder:misalign:10M,2028,p2a,0.0023,0.002075,0.8846153846153849,0.794229186066591
ladder:misalign:10M,2028,p2b,0.0019,0.0016375,0.7307692307692308,0.6708203932499367
ladder:misalign:10M,2028,p3a,0.0022,0.0016250000000000001,0.8461538461538466,0.705691150575094
ladder:misalign:10M,2028,p3b,0.0018,0.001175,0.6923076923076924,0.5757314188635764
ladder:misalign:10M,2028,p4,0.0023,0.0016125,0.8846153846153849,0.7065408693062276
ladder:misalign:10M,2028,p5,0.0012,0.00075,0.4615384615384615,0.4277849927241489
ladder:misalign:10M,2028,eci_p10,0.0016,0.0012000000000000001,0.6153846153846159,0.5130302135352265
ladder:misalign:10M,2028,eci_p25,0.002,0.0018124999999999999,0.7692307692307697,0.7497332859090625
ladder:misalign:10M,2028,eci_p50,0.0026,0.0025,1.0,0.9848857801796103
ladder:misalign:10M,2028,eci_p75,0.0035,0.004,1.346153846153847,1.3991068579633223
ladder:misalign:10M,2028,eci_p90,0.005,0.0069,1.9230769230769245,2.2786635759382503
ladder:misalign:10M,2030,unconditional,0.0045,0.0125,1.0,1.0
ladder:misalign:10M,2030,sq,0.0052,0.0132,1.1555555555555554,1.1224972160321822
ladder:misalign:10M,2030,p1,0.0048,0.0143,1.0666666666666667,1.0598113039593422
ladder:misalign:10M,2030,p2a,0.004,0.00915,0.8888888888888894,0.7433034373659251
ladder:misalign:10M,2030,p2b,0.0032,0.0072499999999999995,0.7111111111111115,0.6033241251599343
ladder:misalign:10M,2030,p3a,0.0039,0.0072,0.8666666666666667,0.6870225614927066
ladder:misalign:10M,2030,p3b,0.0032,0.0052499999999999995,0.7111111111111115,0.5599107071667766
ladder:misalign:10M,2030,p4,0.004,0.00715,0.8888888888888894,0.69197784164909
ladder:misalign:10M,2030,p5,0.0021,0.0033,0.4666666666666665,0.3701351104664349
ladder:misalign:10M,2030,eci_p10,0.0027,0.00575,0.6000000000000001,0.4806245936279166
ladder:misalign:10M,2030,eci_p25,0.0035,0.0081,0.7777777777777781,0.7389181280764464
ladder:misalign:10M,2030,eci_p50,0.0045,0.011,1.0,0.9848857801796105
ladder:misalign:10M,2030,eci_p75,0.006,0.017,1.3333333333333333,1.4159802258506295
ladder:misalign:10M,2030,eci_p90,0.0086,0.027,1.9111111111111105,2.1385353243127256
ladder:misalign:10M,2050,unconditional,0.028,0.1255,1.0,1.0
ladder:misalign:10M,2050,sq,0.032,0.14865,1.142857142857143,1.269693353578419
ladder:misalign:10M,2050,p1,0.03,0.1492,1.0714285714285712,1.224744871391589
ladder:misalign:10M,2050,p2a,0.025,0.0956,0.8928571428571428,0.7745966692414834
ladder:misalign:10M,2050,p2b,0.02,0.0752,0.7142857142857143,0.5994169661435179
ladder:misalign:10M,2050,p3a,0.024,0.08074999999999999,0.857142857142857,0.6750661343263233
ladder:misalign:10M,2050,p3b,0.02,0.05725,0.7142857142857143,0.5179323973782373
ladder:misalign:10M,2050,p4,0.025,0.08035,0.8928571428571428,0.6748309606092666
ladder:misalign:10M,2050,p5,0.013,0.03375,0.46428571428571414,0.32659863237109044
ladder:misalign:10M,2050,eci_p10,0.017,0.0785,0.6071428571428573,0.5825752650035353
ladder:misalign:10M,2050,eci_p25,0.022,0.10675,0.7857142857142856,0.7862453931068965
ladder:misalign:10M,2050,eci_p50,0.028,0.11829999999999999,1.0,0.9868364372306861
ladder:misalign:10M,2050,eci_p75,0.038,0.1393,1.3571428571428572,1.278731342446038
ladder:misalign:10M,2050,eci_p90,0.053,0.16105,1.8928571428571426,1.7221814918611484
ladder:misalign:10M,2100,unconditional,0.046,0.202,1.0,1.0
ladder:misalign:10M,2100,sq,0.053,0.2311,1.1521739130434783,1.2169987232124961
ladder:misalign:10M,2100,p1,0.049,0.23575000000000002,1.0652173913043481,1.1813715035006935
ladder:misalign:10M,2100,p2a,0.041,0.1765,0.891304347826087,0.8727440879150395
ladder:misalign:10M,2100,p2b,0.033,0.15055000000000002,0.7173913043478264,0.7451433175564061
ladder:misalign:10M,2100,p3a,0.04,0.16394999999999998,0.8695652173913047,0.7852670977287002
ladder:misalign:10M,2100,p3b,0.032,0.14235,0.6956521739130437,0.6604741321329196
ladder:misalign:10M,2100,p4,0.04,0.1615,0.8695652173913047,0.7706221369585925
ladder:misalign:10M,2100,p5,0.021,0.095,0.456521739130435,0.5058623836814259
ladder:misalign:10M,2100,eci_p10,0.028,0.16875,0.6086956521739132,0.6734853781019556
ladder:misalign:10M,2100,eci_p25,0.036,0.1819,0.7826086956521738,0.8348228788104181
ladder:misalign:10M,2100,eci_p50,0.046,0.1927,1.0,0.9878205675547612
ladder:misalign:10M,2100,eci_p75,0.062,0.2153,1.3478260869565217,1.1711560897505753
ladder:misalign:10M,2100,eci_p90,0.087,0.24125000000000002,1.8913043478260867,1.4624813853185292
ladder:misalign:100M,6mo,unconditional,0.00015,3.5000000000000004e-05,1.0,1.0
ladder:misalign:100M,6mo,sq,0.00017,4.12e-05,1.133333333333334,1.0261578825892248
ladder:misalign:100M,6mo,p1,0.00016,4.24e-05,1.0666666666666667,1.000499875062461
ladder:misalign:100M,6mo,p2a,0.00014,2.96e-05,0.9333333333333331,0.8329165624478838
ladder:misalign:100M,6mo,p2b,0.00011,2.4900000000000002e-05,0.7333333333333331,0.7205766921228922
ladder:misalign:100M,6mo,p3a,0.00013,2.61e-05,0.8666666666666659,0.7348469228349533
ladder:misalign:100M,6mo,p3b,0.000105,2.26e-05,0.6999999999999993,0.6274950199005564
ladder:misalign:100M,6mo,p4,0.00013,2.6949999999999998e-05,0.8666666666666659,0.7541551564499178
ladder:misalign:100M,6mo,p5,7e-05,1.8750000000000002e-05,0.4666666666666665,0.48989794855663565
ladder:misalign:100M,6mo,eci_p10,9e-05,2.12e-05,0.6000000000000001,0.5744562646538028
ladder:misalign:100M,6mo,eci_p25,0.00012,2.81e-05,0.7999999999999994,0.775
ladder:misalign:100M,6mo,eci_p50,0.00015,3.5000000000000004e-05,1.0,0.9874208829065747
ladder:misalign:100M,6mo,eci_p75,0.0002,5.13e-05,1.333333333333332,1.2649110640673518
ladder:misalign:100M,6mo,eci_p90,0.00029,7.575e-05,1.9333333333333336,1.9806758753205733
ladder:misalign:100M,12mo,unconditional,0.0003,0.000115,1.0,1.0
ladder:misalign:100M,12mo,sq,0.00035,0.000135,1.1666666666666663,1.0428326807307107
ladder:misalign:100M,12mo,p1,0.00032,0.0001391,1.0666666666666667,1.002663120561105
ladder:misalign:100M,12mo,p2a,0.00027,9.325e-05,0.8999999999999996,0.8223723586650371
ladder:misalign:100M,12mo,p2b,0.00022,7.67e-05,0.7333333333333331,0.7125253031944255
ladder:misalign:100M,12mo,p3a,0.00026,8.115e-05,0.8666666666666659,0.7348469228349537
ladder:misalign:100M,12mo,p3b,0.00021,6.79e-05,0.6999999999999993,0.6198386886924689
ladder:misalign:100M,12mo,p4,0.00026,8.45e-05,0.8666666666666659,0.7572856009997027
ladder:misalign:100M,12mo,p5,0.00014,5.29e-05,0.4666666666666665,0.4774934554525328
ladder:misalign:100M,12mo,eci_p10,0.00018,6.63e-05,0.6000000000000001,0.5761944116355175
ladder:misalign:100M,12mo,eci_p25,0.00023,9.2e-05,0.7666666666666663,0.7888106377466153
ladder:misalign:100M,12mo,eci_p50,0.0003,0.000115,1.0,0.983192080250175
ladder:misalign:100M,12mo,eci_p75,0.0004,0.000176,1.3333333333333333,1.2874393189583728
ladder:misalign:100M,12mo,eci_p90,0.00057,0.000285,1.8999999999999992,1.980675875320575
ladder:misalign:100M,2028,unconditional,0.0008,0.0012799999999999999,1.0,1.0
ladder:misalign:100M,2028,sq,0.00092,0.0012599999999999998,1.1499999999999997,1.095445115010332
ladder:misalign:100M,2028,p1,0.00086,0.0013700000000000001,1.075,1.0323343865794095
ladder:misalign:100M,2028,p2a,0.00072,0.000915,0.8999999999999996,0.793725393319377
ladder:misalign:100M,2028,p2b,0.00058,0.000725,0.7249999999999994,0.6708203932499367
ladder:misalign:100M,2028,p3a,0.00069,0.0007199999999999999,0.8624999999999998,0.7099295739719534
ladder:misalign:100M,2028,p3b,0.00056,0.000525,0.7,0.5826049874731346
ladder:misalign:100M,2028,p4,0.0007,0.0007149999999999999,0.8749999999999999,0.7120393247567158
ladder:misalign:100M,2028,p5,0.00037,0.00033,0.4624999999999999,0.42828561898407386
ladder:misalign:100M,2028,eci_p10,0.00048,0.000515,0.6000000000000001,0.5092010548749031
ladder:misalign:100M,2028,eci_p25,0.00062,0.00078,0.7749999999999997,0.755323960770665
ladder:misalign:100M,2028,eci_p50,0.0008,0.0010999999999999998,1.0,0.9899494936611665
ladder:misalign:100M,2028,eci_p75,0.0011,0.0017850000000000001,1.3749999999999998,1.3946018376993068
ladder:misalign:100M,2028,eci_p90,0.0015,0.0031,1.8750000000000004,2.279386846413832
ladder:misalign:100M,2030,unconditional,0.0014,0.00575,1.0,1.0
ladder:misalign:100M,2030,sq,0.0016,0.006,1.142857142857143,1.1224972160321822
ladder:misalign:100M,2030,p1,0.0015,0.0065,1.0714285714285716,1.0598113039593418
ladder:misalign:100M,2030,p2a,0.0013,0.004200000000000001,0.9285714285714279,0.7405656621799311
ladder:misalign:100M,2030,p2b,0.001,0.0033499999999999997,0.7142857142857143,0.603116904090741
ladder:misalign:100M,2030,p3a,0.0012,0.0033,0.8571428571428567,0.6846531968814576
ladder:misalign:100M,2030,p3b,0.00098,0.0024000000000000002,0.7,0.5596427431853286
ladder:misalign:100M,2030,p4,0.0012,0.00325,0.8571428571428567,0.6894291116568837
ladder:misalign:100M,2030,p5,0.00064,0.0015,0.4571428571428572,0.36996621467371843
ladder:misalign:100M,2030,eci_p10,0.00084,0.0026,0.6000000000000001,0.4806245936279166
ladder:misalign:100M,2030,eci_p25,0.0011,0.0036499999999999996,0.7857142857142856,0.7365459931328117
ladder:misalign:100M,2030,eci_p50,0.0014,0.005,1.0,0.9842509842514766
ladder:misalign:100M,2030,eci_p75,0.0019,0.00775,1.3571428571428565,1.4197270864500688
ladder:misalign:100M,2030,eci_p90,0.0027,0.01225,1.9285714285714282,2.138535324312725
ladder:misalign:100M,2050,unconditional,0.011,0.07875,1.0,1.0
ladder:misalign:100M,2050,sq,0.0127,0.09409999999999999,1.154545454545454,1.2752500250000494
ladder:misalign:100M,2050,p1,0.0118,0.0948,1.0727272727272728,1.2247448713915892
ladder:misalign:100M,2050,p2a,0.0099,0.05865,0.8999999999999996,0.7687061147858075
ladder:misalign:100M,2050,p2b,0.0079,0.0441,0.7181818181818179,0.5912493193025744
ladder:misalign:100M,2050,p3a,0.0095,0.051375000000000004,0.8636363636363633,0.6757711644237765
ladder:misalign:100M,2050,p3b,0.0077,0.036875000000000005,0.7,0.5258737584977436
ladder:misalign:100M,2050,p4,0.0097,0.04935,0.8818181818181815,0.6792806652792513
ladder:misalign:100M,2050,p5,0.005,0.021875,0.45454545454545453,0.33333333333333337
ladder:misalign:100M,2050,eci_p10,0.0066,0.04975,0.5999999999999995,0.5764748323415624
ladder:misalign:100M,2050,eci_p25,0.0086,0.066575,0.7818181818181812,0.775248412452487
ladder:misalign:100M,2050,eci_p50,0.011,0.07395,1.0,0.9859006035092991
ladder:misalign:100M,2050,eci_p75,0.015,0.08765,1.3636363636363629,1.2841858640139805
ladder:misalign:100M,2050,eci_p90,0.021,0.102075,1.909090909090909,1.7221814918611487
ladder:misalign:100M,2100,unconditional,0.02,0.1349,1.0,1.0
ladder:misalign:100M,2100,sq,0.023,0.1552,1.1499999999999997,1.235192671035349
ladder:misalign:100M,2100,p1,0.0214,0.1585,1.07,1.1891554071335175
ladder:misalign:100M,2100,p2a,0.018,0.11735000000000001,0.9,0.8674406440950514
ladder:misalign:100M,2100,p2b,0.0144,0.0996,0.72,0.7370903477087176
ladder:misalign:100M,2100,p3a,0.0172,0.1085,0.8599999999999997,0.777098513194564
ladder:misalign:100M,2100,p3b,0.014,0.093,0.6999999999999996,0.6503054638104175
ladder:misalign:100M,2100,p4,0.0176,0.10685,0.8800000000000003,0.7621529156661249
ladder:misalign:100M,2100,p5,0.0092,0.061,0.46,0.4925760860771926
ladder:misalign:100M,2100,eci_p10,0.012,0.11175,0.5999999999999999,0.6589537052190046
ladder:misalign:100M,2100,eci_p25,0.0156,0.12090000000000001,0.78,0.8295723683673046
ladder:misalign:100M,2100,eci_p50,0.02,0.12840000000000001,1.0,0.9865765724632496
ladder:misalign:100M,2100,eci_p75,0.027,0.14415,1.3499999999999996,1.190741300801706
ladder:misalign:100M,2100,eci_p90,0.038,0.1623,1.9000000000000001,1.5277801378250442
ladder:misalign:1B,6mo,unconditional,5e-05,1.25e-05,1.0,1.0
ladder:misalign:1B,6mo,sq,5.8e-05,1.49e-05,1.1599999999999984,1.012916580968048
ladder:misalign:1B,6mo,p1,5.4e-05,1.515e-05,1.0799999999999998,0.9891915891272024
ladder:misalign:1B,6mo,p2a,4.5e-05,1.0350000000000001e-05,0.8999999999999996,0.8124038404635971
ladder:misalign:1B,6mo,p2b,3.6e-05,8.65e-06,0.7199999999999991,0.7205766921228922
ladder:misalign:1B,6mo,p3a,4.3e-05,9.2e-06,0.8599999999999993,0.734846922834954
ladder:misalign:1B,6mo,p3b,3.5e-05,7.95e-06,0.6999999999999993,0.6387487769068534
ladder:misalign:1B,6mo,p4,4.4e-05,9.55e-06,0.88,0.7668115805072333
ladder:misalign:1B,6mo,p5,2.3e-05,6.5000000000000004e-06,0.45999999999999985,0.4898979485566359
ladder:misalign:1B,6mo,eci_p10,2.9e-05,7.4e-06,0.5799999999999991,0.5656854249492386
ladder:misalign:1B,6mo,eci_p25,3.9e-05,1.02e-05,0.7799999999999989,0.8000000000000007
ladder:misalign:1B,6mo,eci_p50,5e-05,1.25e-05,1.0,0.9746794344808966
ladder:misalign:1B,6mo,eci_p75,6.9e-05,1.86e-05,1.3799999999999988,1.2649110640673513
ladder:misalign:1B,6mo,eci_p90,9.8e-05,2.7750000000000004e-05,1.9599999999999966,1.9806758753205742
ladder:misalign:1B,12mo,unconditional,0.0001,4.5e-05,1.0,1.0
ladder:misalign:1B,12mo,sq,0.000115,5.4399999999999994e-05,1.1499999999999986,1.0480935072788118
ladder:misalign:1B,12mo,p1,0.000107,5.56e-05,1.069999999999998,1.0069756700139287
ladder:misalign:1B,12mo,p2a,9e-05,3.685e-05,0.8999999999999996,0.8329165624478845
ladder:misalign:1B,12mo,p2b,7.2e-05,2.9700000000000004e-05,0.7199999999999991,0.712525303194425
ladder:misalign:1B,12mo,p3a,8.6e-05,3.155e-05,0.8599999999999993,0.7348469228349533
ladder:misalign:1B,12mo,p3b,7e-05,2.62e-05,0.6999999999999993,0.617251974480439
ladder:misalign:1B,12mo,p4,8.8e-05,3.28e-05,0.8799999999999985,0.7541551564499178
ladder:misalign:1B,12mo,p5,4.6e-05,2.04e-05,0.45999999999999985,0.4774934554525332
ladder:misalign:1B,12mo,eci_p10,5.8e-05,2.5800000000000004e-05,0.5799999999999991,0.5744562646538028
ladder:misalign:1B,12mo,eci_p25,7.7e-05,3.5499999999999996e-05,0.7699999999999999,0.7791555257670536
ladder:misalign:1B,12mo,eci_p50,0.0001,4.5e-05,1.0,0.9874208829065747
ladder:misalign:1B,12mo,eci_p75,0.000138,6.92e-05,1.3799999999999988,1.2899612397277676
ladder:misalign:1B,12mo,eci_p90,0.000195,0.00011,1.949999999999999,1.9806758753205733
ladder:misalign:1B,2028,unconditional,0.00028,0.00059,1.0,1.0
ladder:misalign:1B,2028,sq,0.00032,0.00058,1.142857142857143,1.0992421631894105
ladder:misalign:1B,2028,p1,0.0003,0.00063,1.0714285714285716,1.0327955589886444
ladder:misalign:1B,2028,p2a,0.00025,0.00042,0.8928571428571428,0.793725393319377
ladder:misalign:1B,2028,p2b,0.0002,0.000335,0.7142857142857136,0.6793662204867574
ladder:misalign:1B,2028,p3a,0.00024,0.00033,0.8571428571428567,0.7099295739719534
ladder:misalign:1B,2028,p3b,0.0002,0.00023999999999999998,0.7142857142857136,0.5822370651203858
ladder:misalign:1B,2028,p4,0.00025,0.000325,0.8928571428571428,0.7211102550927976
ladder:misalign:1B,2028,p5,0.00013,0.00015000000000000001,0.4642857142857139,0.4277849927241487
ladder:misalign:1B,2028,eci_p10,0.00016,0.00023,0.5714285714285714,0.5084289527554465
ladder:misalign:1B,2028,eci_p25,0.00022,0.00035,0.7857142857142856,0.7448489779814431
ladder:misalign:1B,2028,eci_p50,0.00028,0.0005,1.0,0.979795897113271
ladder:misalign:1B,2028,eci_p75,0.00039,0.00081,1.3928571428571421,1.4042791745233574
ladder:misalign:1B,2028,eci_p90,0.00055,0.00145,1.9642857142857142,2.2786635759382503
ladder:misalign:1B,2030,unconditional,0.0005,0.0029375,1.0,1.0
ladder:misalign:1B,2030,sq,0.00058,0.003,1.1599999999999993,1.1224972160321822
ladder:misalign:1B,2030,p1,0.00054,0.003275,1.0799999999999998,1.059811303959341
ladder:misalign:1B,2030,p2a,0.00045,0.002125,0.8999999999999996,0.7354137157636738
ladder:misalign:1B,2030,p2b,0.00036,0.0017275,0.7199999999999996,0.6000000000000001
ladder:misalign:1B,2030,p3a,0.00043,0.0016749999999999998,0.8600000000000001,0.6873863542433759
ladder:misalign:1B,2030,p3b,0.00035,0.001215,0.7,0.5617116698093424
ladder:misalign:1B,2030,p4,0.00044,0.0016275,0.88,0.694142156430031
ladder:misalign:1B,2030,p5,0.00023,0.00075,0.45999999999999985,0.3674234614174766
ladder:misalign:1B,2030,eci_p10,0.00029,0.00129,0.5800000000000001,0.48207883172775773
ladder:misalign:1B,2030,eci_p25,0.00039,0.0018249999999999998,0.7799999999999996,0.7483314773547879
ladder:misalign:1B,2030,eci_p50,0.0005,0.0025,1.0,0.9874208829065751
ladder:misalign:1B,2030,eci_p75,0.00069,0.003875,1.38,1.4230249470757712
ladder:misalign:1B,2030,eci_p90,0.00098,0.006085,1.9600000000000002,2.13897171556802
ladder:misalign:1B,2050,unconditional,0.0045,0.0475,1.0,1.0
ladder:misalign:1B,2050,sq,0.0052,0.057550000000000004,1.1555555555555554,1.2862913567871994
ladder:misalign:1B,2050,p1,0.0048,0.058649999999999994,1.0666666666666667,1.227671386606702
ladder:misalign:1B,2050,p2a,0.004,0.0335,0.8888888888888894,0.7675225788801974
ladder:misalign:1B,2050,p2b,0.0032,0.0252,0.7111111111111115,0.5874099974042875
ladder:misalign:1B,2050,p3a,0.0039,0.03125,0.8666666666666667,0.6752777206453654
ladder:misalign:1B,2050,p3b,0.0032,0.02225,0.7111111111111115,0.5223025942880237
ladder:misalign:1B,2050,p4,0.004,0.03095,0.8888888888888894,0.6735643168168046
ladder:misalign:1B,2050,p5,0.0021,0.012750000000000001,0.4666666666666665,0.32249030993194194
ladder:misalign:1B,2050,eci_p10,0.0026,0.030000000000000002,0.5777777777777776,0.5640760748177662
ladder:misalign:1B,2050,eci_p25,0.0035,0.0398,0.7777777777777781,0.7663372151166399
ladder:misalign:1B,2050,eci_p50,0.0045,0.04685,1.0,0.9854496999396323
ladder:misalign:1B,2050,eci_p75,0.0062,0.0557,1.3777777777777782,1.2881102709688481
ladder:misalign:1B,2050,eci_p90,0.0088,0.06509999999999999,1.9555555555555566,1.7231883212320767
ladder:misalign:1B,2100,unconditional,0.0085,0.091,1.0,1.0
ladder:misalign:1B,2100,sq,0.0098,0.10525000000000001,1.1529411764705884,1.2348991172731838
ladder:misalign:1B,2100,p1,0.0091,0.10785,1.0705882352941172,1.1883525401106763
ladder:misalign:1B,2100,p2a,0.0077,0.079,0.9058823529411765,0.863593881707927
ladder:misalign:1B,2100,p2b,0.0061,0.06384999999999999,0.7176470588235293,0.7316605106220632
ladder:misalign:1B,2100,p3a,0.0073,0.0726,0.8588235294117643,0.7767156117112562
ladder:misalign:1B,2100,p3b,0.006,0.06075,0.7058823529411762,0.6504912742234128
ladder:misalign:1B,2100,p4,0.0075,0.07150000000000001,0.8823529411764701,0.7616323193515101
ladder:misalign:1B,2100,p5,0.0039,0.03845,0.4588235294117646,0.49326759773754
ladder:misalign:1B,2100,eci_p10,0.0049,0.06970000000000001,0.5764705882352942,0.6581255425658804
ladder:misalign:1B,2100,eci_p25,0.0065,0.0811,0.7647058823529408,0.8203031124295959
ladder:misalign:1B,2100,eci_p50,0.0085,0.08645,1.0,0.9859006035092991
ladder:misalign:1B,2100,eci_p75,0.0117,0.0974,1.3764705882352941,1.1913995160990314
ladder:misalign:1B,2100,eci_p90,0.0166,0.11015,1.9529411764705886,1.5284918919460329
catastrophe:general,6mo,unconditional,0.0005,0.00014,1.0,1.0
catastrophe:general,6mo,sq,0.00055,0.000139,1.0999999999999999,1.0148891565092217
catastrophe:general,6mo,p1,0.00052,0.000139,1.0399999999999994,1.0049875621120894
catastrophe:general,6mo,p2a,0.00047,0.000138,0.9399999999999995,0.9795603409379445
catastrophe:general,6mo,p2b,0.00043,0.000137,0.8600000000000001,0.9607689228305228
catastrophe:general,6mo,p3a,0.00046,0.000137,0.9199999999999997,0.9707253433941513
catastrophe:general,6mo,p3b,0.00042,0.0001365,0.8400000000000002,0.9569181300886234
catastrophe:general,6mo,p4,0.00046,0.000137,0.9199999999999997,0.9668346449984253
catastrophe:general,6mo,p5,0.00035,0.0001345,0.7,0.931500030967422
catastrophe:general,6mo,eci_p10,0.00042,0.000129,0.8400000000000002,0.9117291264405236
catastrophe:general,6mo,eci_p25,0.00046,0.000134,0.9199999999999997,0.9585144756340407
catastrophe:general,6mo,eci_p50,0.0005,0.000139,1.0,1.0
catastrophe:general,6mo,eci_p75,0.0006,0.0001485,1.1999999999999993,1.0702983049311359
catastrophe:general,6mo,eci_p90,0.0008,0.00015900000000000002,1.6000000000000003,1.1579158996961871
catastrophe:general,12mo,unconditional,0.0011,0.00045,1.0,1.0
catastrophe:general,12mo,sq,0.0012,0.000447,1.0909090909090904,1.02591422643416
catastrophe:general,12mo,p1,0.00115,0.0004475,1.0454545454545452,1.009720258289394
catastrophe:general,12mo,p2a,0.001,0.000441,0.9090909090909092,0.969948452238571
catastrophe:general,12mo,p2b,0.00093,0.0004375,0.8454545454545455,0.9424701586787775
catastrophe:general,12mo,p3a,0.001,0.000438,0.9090909090909092,0.9549869109050653
catastrophe:general,12mo,p3b,0.00092,0.00043499999999999995,0.8363636363636362,0.9362424899565284
catastrophe:general,12mo,p4,0.001,0.00043599999999999997,0.9090909090909092,0.9524179754708534
catastrophe:general,12mo,p5,0.00075,0.00042600000000000005,0.681818181818182,0.897496518099095
catastrophe:general,12mo,eci_p10,0.0009,0.000406,0.8181818181818179,0.8785641695402787
catastrophe:general,12mo,eci_p25,0.001,0.000425,0.9090909090909092,0.9424038412485378
catastrophe:general,12mo,eci_p50,0.0011,0.00044550000000000004,1.0,0.9969954864491613
catastrophe:general,12mo,eci_p75,0.0013,0.0004815,1.1818181818181812,1.0830512453249845
catastrophe:general,12mo,eci_p90,0.0017,0.0005275,1.5454545454545454,1.1905880899790657
catastrophe:general,2028,unconditional,0.0028,0.00315,1.0,1.0
catastrophe:general,2028,sq,0.0031,0.003275,1.1071428571428568,1.0408329997330663
catastrophe:general,2028,p1,0.003,0.00319,1.0714285714285707,1.0148891565092222
catastrophe:general,2028,p2a,0.0026,0.002975,0.9285714285714279,0.9340689741581447
catastrophe:general,2028,p2b,0.0024,0.00283,0.8571428571428567,0.8983317872590285
catastrophe:general,2028,p3a,0.0026,0.002925,0.9285714285714279,0.9100116549370189
catastrophe:general,2028,p3b,0.0024,0.002815,0.8571428571428567,0.8748714191239764
catastrophe:general,2028,p4,0.0026,0.002895,0.9285714285714279,0.9
catastrophe:general,2028,p5,0.0019,0.002615,0.6785714285714283,0.8249848483457134
catastrophe:general,2028,eci_p10,0.0023,0.002615,0.8214285714285712,0.8259429872465882
catastrophe:general,2028,eci_p25,0.0025,0.002905,0.8928571428571428,0.8884443332777434
catastrophe:general,2028,eci_p50,0.0028,0.00313,1.0,0.9939209163101399
catastrophe:general,2028,eci_p75,0.0034,0.00353,1.2142857142857142,1.1181152973561446
catastrophe:general,2028,eci_p90,0.0045,0.004045,1.6071428571428563,1.3299578485004246
catastrophe:general,2030,unconditional,0.006,0.010499999999999999,1.0,1.0
catastrophe:general,2030,sq,0.0066,0.011550000000000001,1.0999999999999999,1.0673024947898395
catastrophe:general,2030,p1,0.0063,0.01225,1.0500000000000003,1.0454214379406914
catastrophe:general,2030,p2a,0.0056,0.009049999999999999,0.933333333333334,0.866025403784439
catastrophe:general,2030,p2b,0.005,0.008199999999999999,0.8333333333333338,0.7852812659593167
catastrophe:general,2030,p3a,0.0055,0.008199999999999999,0.9166666666666672,0.8246211251235324
catastrophe:general,2030,p3b,0.0049,0.0075,0.8166666666666671,0.7601169500660919
catastrophe:general,2030,p4,0.0055,0.00835,0.9166666666666672,0.8093207028119322
catastrophe:general,2030,p5,0.004,0.0063,0.6666666666666671,0.623609564462324
catastrophe:general,2030,eci_p10,0.0047,0.0075,0.7833333333333334,0.7420878953631063
catastrophe:general,2030,eci_p25,0.0053,0.00885,0.8833333333333333,0.8781194394841743
catastrophe:general,2030,eci_p50,0.006,0.01005,1.0,0.9905806378079475
catastrophe:general,2030,eci_p75,0.0072,0.01355,1.2000000000000004,1.178452374939268
catastrophe:general,2030,eci_p90,0.0095,0.0188,1.5833333333333337,1.5031217515557416
catastrophe:general,2050,unconditional,0.06,0.08499999999999999,1.0,1.0
catastrophe:general,2050,sq,0.066,0.09555,1.0999999999999999,1.1488218602841203
catastrophe:general,2050,p1,0.063,0.09675,1.0500000000000003,1.1396880664852505
catastrophe:general,2050,p2a,0.055,0.06925,0.9166666666666667,0.8790490729915325
catastrophe:general,2050,p2b,0.048,0.057749999999999996,0.8,0.749204123174598
catastrophe:general,2050,p3a,0.054,0.06534999999999999,0.9,0.8038826237251759
catastrophe:general,2050,p3b,0.047,0.0564,0.7833333333333334,0.7003895020240197
catastrophe:general,2050,p4,0.054,0.06425,0.9,0.7799694049943708
catastrophe:general,2050,p5,0.036,0.04425,0.5999999999999999,0.5555505050275481
catastrophe:general,2050,eci_p10,0.045,0.06365,0.7500000000000001,0.7815340392749724
catastrophe:general,2050,eci_p25,0.052,0.07544999999999999,0.8666666666666667,0.8862106511331366
catastrophe:general,2050,eci_p50,0.06,0.08424999999999999,1.0,0.9905806378079475
catastrophe:general,2050,eci_p75,0.07,0.1033,1.166666666666667,1.1267278398087088
catastrophe:general,2050,eci_p90,0.087,0.116,1.4499999999999997,1.32928124802979
catastrophe:general,2100,unconditional,0.11,0.185,1.0,1.0
catastrophe:general,2100,sq,0.12,0.2034,1.0909090909090908,1.1215485716494282
catastrophe:general,2100,p1,0.115,0.20795000000000002,1.0454545454545452,1.1192467012658889
catastrophe:general,2100,p2a,0.102,0.17315,0.927272727272727,0.9312737608804547
catastrophe:general,2100,p2b,0.091,0.15835,0.8272727272727272,0.8508060694082614
catastrophe:general,2100,p3a,0.1,0.16394999999999998,0.9090909090909092,0.8899826802466093
catastrophe:general,2100,p3b,0.09,0.1514,0.8181818181818179,0.8192598139873271
catastrophe:general,2100,p4,0.1,0.16315000000000002,0.9090909090909092,0.8849122936437603
catastrophe:general,2100,p5,0.07,0.13235,0.6363636363636364,0.720546179435555
catastrophe:general,2100,eci_p10,0.085,0.16405,0.7727272727272726,0.8251849686937707
catastrophe:general,2100,eci_p25,0.096,0.1733,0.8727272727272727,0.9137197168334676
catastrophe:general,2100,eci_p50,0.11,0.1797,1.0,0.9915774334118405
catastrophe:general,2100,eci_p75,0.126,0.19345,1.1454545454545455,1.0945574687857451
catastrophe:general,2100,eci_p90,0.152,0.2113,1.3818181818181818,1.26956953250041
catastrophe:ai,6mo,unconditional,0.00025,2.5750000000000002e-05,1.0,1.0
catastrophe:ai,6mo,sq,0.00029,2.5305e-05,1.1600000000000004,1.025605512205676
catastrophe:ai,6mo,p1,0.00027,2.527e-05,1.0799999999999998,1.0132456102380445
catastrophe:ai,6mo,p2a,0.00023,2.373e-05,0.9199999999999997,0.8306623862918071
catastrophe:ai,6mo,p2b,0.00018,2.3185000000000002e-05,0.7200000000000003,0.7745966692414827
catastrophe:ai,6mo,p3a,0.00022,2.3210000000000003e-05,0.88,0.7500000000000001
catastrophe:ai,6mo,p3b,0.00018,2.0680000000000002e-05,0.7200000000000003,0.6633249580710799
catastrophe:ai,6mo,p4,0.00022,2.2715e-05,0.88,0.7778174593052022
catastrophe:ai,6mo,p5,0.00012,1.3140000000000001e-05,0.4799999999999997,0.5163977794943218
catastrophe:ai,6mo,eci_p10,0.00015,1.551e-05,0.6000000000000001,0.5477225575051656
catastrophe:ai,6mo,eci_p25,0.0002,2.063e-05,0.7999999999999994,0.7745966692414827
catastrophe:ai,6mo,eci_p50,0.00025,2.525e-05,1.0,0.9899494936611665
catastrophe:ai,6mo,eci_p75,0.00034,3.3415e-05,1.3599999999999999,1.2747548783981946
catastrophe:ai,6mo,eci_p90,0.00048,4.3750000000000006e-05,1.9200000000000008,1.8819316317727013
catastrophe:ai,12mo,unconditional,0.0006,0.000106,1.0,1.0
catastrophe:ai,12mo,sq,0.0007,0.0001005,1.1666666666666674,1.0276591523133214
catastrophe:ai,12mo,p1,0.00064,0.000101,1.0666666666666675,1.0198039027185566
catastrophe:ai,12mo,p2a,0.00054,9.45e-05,0.9000000000000004,0.8215838362577494
catastrophe:ai,12mo,p2b,0.00043,6.874999999999999e-05,0.7166666666666671,0.733143914930759
catastrophe:ai,12mo,p3a,0.00052,7.85e-05,0.8666666666666667,0.734846922834954
catastrophe:ai,12mo,p3b,0.00042,5.7545000000000006e-05,0.7000000000000006,0.6109555357525346
catastrophe:ai,12mo,p4,0.00053,8.350000000000001e-05,0.8833333333333341,0.7589466384404115
catastrophe:ai,12mo,p5,0.00028,3.7304999999999996e-05,0.46666666666666695,0.4638246795216196
catastrophe:ai,12mo,eci_p10,0.00036,6.2e-05,0.6000000000000001,0.5366563145999494
catastrophe:ai,12mo,eci_p25,0.00047,8.300000000000001e-05,0.7833333333333334,0.7589466384404109
catastrophe:ai,12mo,eci_p50,0.0006,9.95e-05,1.0,0.9746794344808966
catastrophe:ai,12mo,eci_p75,0.0008,0.00013749999999999998,1.3333333333333344,1.2899612397277682
catastrophe:ai,12mo,eci_p90,0.0011,0.00018350000000000002,1.8333333333333344,1.9557607215607957
catastrophe:ai,2028,unconditional,0.0017,0.0009,1.0,1.0
catastrophe:ai,2028,sq,0.002,0.00102,1.1764705882352944,1.0873004286866728
catastrophe:ai,2028,p1,0.0018,0.001045,1.0588235294117645,1.0317191693694776
catastrophe:ai,2028,p2a,0.0015,0.00067,0.8823529411764709,0.7905694150420948
catastrophe:ai,2028,p2b,0.0012,0.00051,0.7058823529411762,0.6905714220041901
catastrophe:ai,2028,p3a,0.0015,0.000553,0.8823529411764709,0.7071067811865475
catastrophe:ai,2028,p3b,0.0012,0.0004395,0.7058823529411762,0.5822370651203858
catastrophe:ai,2028,p4,0.0015,0.0005859999999999999,0.8823529411764709,0.7120393247567158
catastrophe:ai,2028,p5,0.0008,0.00031999999999999997,0.47058823529411775,0.43127717305695645
catastrophe:ai,2028,eci_p10,0.001,0.00038100000000000005,0.5882352941176472,0.46467830369614416
catastrophe:ai,2028,eci_p25,0.0013,0.0005895,0.7647058823529408,0.7196321076566626
catastrophe:ai,2028,eci_p50,0.0017,0.000825,1.0,0.9865765724632491
catastrophe:ai,2028,eci_p75,0.0023,0.001365,1.352941176470588,1.3909762092914515
catastrophe:ai,2028,eci_p90,0.0032,0.002025,1.8823529411764712,2.247220505424424
catastrophe:ai,2030,unconditional,0.0038,0.00475,1.0,1.0
catastrophe:ai,2030,sq,0.0044,0.00545,1.1578947368421058,1.1316721336950106
catastrophe:ai,2030,p1,0.0041,0.0059,1.0789473684210529,1.0960788698304922
catastrophe:ai,2030,p2a,0.0034,0.00365,0.8947368421052634,0.7688375063113864
catastrophe:ai,2030,p2b,0.0027,0.0028,0.7105263157894738,0.6218252702059207
catastrophe:ai,2030,p3a,0.0033,0.00285,0.8684210526315786,0.6849021164304494
catastrophe:ai,2030,p3b,0.0027,0.0021000000000000003,0.7105263157894738,0.5552777082985896
catastrophe:ai,2030,p4,0.0033,0.0029500000000000004,0.8684210526315786,0.6822422923379532
catastrophe:ai,2030,p5,0.0017,0.0013,0.4473684210526317,0.3692744729379982
catastrophe:ai,2030,eci_p10,0.0023,0.0021,0.605263157894737,0.4407065034943575
catastrophe:ai,2030,eci_p25,0.003,0.00315,0.7894736842105261,0.7099295739719538
catastrophe:ai,2030,eci_p50,0.0038,0.0043,1.0,0.9862693712811282
catastrophe:ai,2030,eci_p75,0.0051,0.007050000000000001,1.3421052631578954,1.4206272622267304
catastrophe:ai,2030,eci_p90,0.0072,0.012,1.8947368421052633,2.2135943621178655
catastrophe:ai,2050,unconditional,0.042,0.06,1.0,1.0
catastrophe:ai,2050,sq,0.048,0.0721,1.142857142857143,1.2784606127924079
catastrophe:ai,2050,p1,0.045,0.0738,1.0714285714285716,1.2409673645990855
catastrophe:ai,2050,p2a,0.038,0.042550000000000004,0.904761904761905,0.7855097968998485
catastrophe:ai,2050,p2b,0.03,0.03145,0.7142857142857143,0.5944439724344392
catastrophe:ai,2050,p3a,0.036,0.0407,0.857142857142857,0.7024114308450697
catastrophe:ai,2050,p3b,0.029,0.031,0.6904761904761905,0.5301572093885613
catastrophe:ai,2050,p4,0.037,0.03955,0.8809523809523812,0.6674601338679564
catastrophe:ai,2050,p5,0.019,0.0185,0.45238095238095244,0.3388173590552922
catastrophe:ai,2050,eci_p10,0.026,0.03855,0.6190476190476191,0.5484523680320836
catastrophe:ai,2050,eci_p25,0.033,0.0494,0.7857142857142859,0.7556963167019694
catastrophe:ai,2050,eci_p50,0.042,0.0592,1.0,0.9853471930792167
catastrophe:ai,2050,eci_p75,0.056,0.07335,1.3333333333333337,1.2871674327763272
catastrophe:ai,2050,eci_p90,0.078,0.08665,1.8571428571428577,1.7591412046159849
catastrophe:ai,2100,unconditional,0.075,0.1225,1.0,1.0
catastrophe:ai,2100,sq,0.086,0.14155,1.1466666666666665,1.218791023897993
catastrophe:ai,2100,p1,0.08,0.14645,1.0666666666666667,1.1963820665912221
catastrophe:ai,2100,p2a,0.068,0.1072,0.9066666666666668,0.8698791037681118
catastrophe:ai,2100,p2b,0.054,0.0811,0.72,0.7205222973318598
catastrophe:ai,2100,p3a,0.065,0.0986,0.8666666666666667,0.7905434517449881
catastrophe:ai,2100,p3b,0.053,0.0799,0.7066666666666667,0.6605466214283893
catastrophe:ai,2100,p4,0.066,0.09720000000000001,0.88,0.7985002362290193
catastrophe:ai,2100,p5,0.035,0.05275,0.46666666666666673,0.5012300141587653
catastrophe:ai,2100,eci_p10,0.048,0.08635000000000001,0.64,0.6547539930855039
catastrophe:ai,2100,eci_p25,0.06,0.10919999999999999,0.8,0.8204288197496856
catastrophe:ai,2100,eci_p50,0.075,0.11565,1.0,0.9864076236526154
catastrophe:ai,2100,eci_p75,0.098,0.13215,1.306666666666667,1.1988774169010512
catastrophe:ai,2100,eci_p90,0.13,0.15165,1.7333333333333334,1.556964331972471
disempowerment,6mo,unconditional,0.0006,8.999999999999999e-05,1.0,1.0
disempowerment,6mo,sq,0.00072,0.00010615,1.2000000000000004,1.037625494418226
disempowerment,6mo,p1,0.00065,0.00011540000000000001,1.0833333333333341,1.0132456102380445
disempowerment,6mo,p2a,0.00053,6.945000000000001e-05,0.8833333333333341,0.834665601703261
disempowerment,6mo,p2b,0.00041,5.35e-05,0.6833333333333336,0.734846922834954
disempowerment,6mo,p3a,0.00051,5.905e-05,0.8500000000000005,0.734846922834954
disempowerment,6mo,p3b,0.0004,4.845e-05,0.6666666666666671,0.6468728193736731
disempowerment,6mo,p4,0.00052,6.42e-05,0.8666666666666667,0.7745966692414842
disempowerment,6mo,p5,0.00025,3.27e-05,0.4166666666666669,0.4751607914988123
disempowerment,6mo,eci_p10,0.0003,4.475e-05,0.5000000000000004,0.529150262212918
disempowerment,6mo,eci_p25,0.00043,6.730000000000001e-05,0.7166666666666671,0.7659416862050707
disempowerment,6mo,eci_p50,0.0006,8.999999999999999e-05,1.0,0.9746794344808966
disempowerment,6mo,eci_p75,0.00087,0.00014375,1.4500000000000004,1.2747548783981968
disempowerment,6mo,eci_p90,0.00126,0.00019475000000000002,2.1000000000000005,2.1424285285628564
disempowerment,12mo,unconditional,0.0018,0.00031,1.0,1.0
disempowerment,12mo,sq,0.0022,0.000377,1.2222222222222228,1.04343183773546
disempowerment,12mo,p1,0.0019,0.0004025,1.0555555555555556,1.0077822185373186
disempowerment,12mo,p2a,0.0016,0.0002415,0.8888888888888894,0.8329165624478841
disempowerment,12mo,p2b,0.0012,0.0001805,0.6666666666666665,0.6956711387813452
disempowerment,12mo,p3a,0.0015,0.00020399999999999997,0.8333333333333338,0.734846922834954
disempowerment,12mo,p3b,0.0012,0.0001599,0.6666666666666665,0.6049242376804996
disempowerment,12mo,p4,0.0016,0.0002145,0.8888888888888894,0.7589466384404109
disempowerment,12mo,p5,0.00076,0.00011509999999999999,0.4222222222222222,0.4587664620116284
disempowerment,12mo,eci_p10,0.0009,0.0001498,0.49999999999999994,0.5165268628057983
disempowerment,12mo,eci_p25,0.0013,0.0002268,0.722222222222222,0.7469939758793236
disempowerment,12mo,eci_p50,0.0018,0.00031,1.0,0.9874208829065747
disempowerment,12mo,eci_p75,0.0026,0.000504,1.4444444444444442,1.308306793786024
disempowerment,12mo,eci_p90,0.0038,0.00079,2.111111111111111,2.2248595461287004
disempowerment,2028,unconditional,0.006,0.0035,1.0,1.0
disempowerment,2028,sq,0.0072,0.0039,1.2000000000000004,1.0936178491593853
disempowerment,2028,p1,0.0065,0.00405,1.0833333333333333,1.032472759931224
disempowerment,2028,p2a,0.0053,0.00285,0.8833333333333333,0.8010409893798612
disempowerment,2028,p2b,0.0041,0.00245,0.6833333333333336,0.6663332499583073
disempowerment,2028,p3a,0.0051,0.00265,0.8500000000000005,0.7090839160494335
disempowerment,2028,p3b,0.004,0.0023,0.6666666666666671,0.5616641938620144
disempowerment,2028,p4,0.0052,0.0026,0.8666666666666667,0.7228416147400478
disempowerment,2028,p5,0.0025,0.001825,0.4166666666666669,0.4116228046808551
disempowerment,2028,eci_p10,0.003,0.0017,0.49999999999999994,0.42661458015403064
disempowerment,2028,eci_p25,0.0043,0.0026,0.7166666666666671,0.7
disempowerment,2028,eci_p50,0.006,0.00345,1.0,0.9874208829065747
disempowerment,2028,eci_p75,0.0087,0.0053,1.4500000000000004,1.4465476141489428
disempowerment,2028,eci_p90,0.0126,0.0081,2.1000000000000005,2.5867353942759577
disempowerment,2030,unconditional,0.016,0.018000000000000002,1.0,1.0
disempowerment,2030,sq,0.019,0.01865,1.1875000000000004,1.1356055653262713
disempowerment,2030,p1,0.017,0.0191,1.0625000000000007,1.1022703842524304
disempowerment,2030,p2a,0.014,0.01385,0.8749999999999999,0.7673004626611402
disempowerment,2030,p2b,0.011,0.0116,0.6875000000000004,0.6354132513569419
disempowerment,2030,p3a,0.0136,0.0125,0.8500000000000005,0.692820323027551
disempowerment,2030,p3b,0.0106,0.01055,0.6625000000000001,0.5361384564125617
disempowerment,2030,p4,0.0139,0.0126,0.86875,0.7143178564196753
disempowerment,2030,p5,0.0067,0.0073999999999999995,0.41875,0.3831521310857551
disempowerment,2030,eci_p10,0.008,0.008150000000000001,0.49999999999999994,0.4062019202317982
disempowerment,2030,eci_p25,0.0115,0.0125,0.7187500000000003,0.6837397165588673
disempowerment,2030,eci_p50,0.016,0.0157,1.0,0.9848857801796105
disempowerment,2030,eci_p75,0.023,0.0239,1.4375,1.4733634989370408
disempowerment,2030,eci_p90,0.034,0.0365,2.1250000000000004,2.498749687343653
disempowerment,2050,unconditional,0.1,0.15500000000000003,1.0,1.0
disempowerment,2050,sq,0.12,0.17914999999999998,1.1999999999999997,1.2565617248750864
disempowerment,2050,p1,0.108,0.17170000000000002,1.0799999999999998,1.2071217242444348
disempowerment,2050,p2a,0.088,0.1271,0.8799999999999996,0.8092346267397058
disempowerment,2050,p2b,0.068,0.10114999999999999,0.6799999999999998,0.6467094267959661
disempowerment,2050,p3a,0.085,0.11449999999999999,0.8499999999999999,0.7012341429995196
disempowerment,2050,p3b,0.066,0.08549999999999999,0.6599999999999998,0.5242251711575742
disempowerment,2050,p4,0.087,0.12384999999999999,0.8699999999999997,0.7503250069796894
disempowerment,2050,p5,0.042,0.054000000000000006,0.4199999999999999,0.3301856392864133
disempowerment,2050,eci_p10,0.06,0.0895,0.5999999999999999,0.5266994215885892
disempowerment,2050,eci_p25,0.075,0.1235,0.7499999999999998,0.7456641587162313
disempowerment,2050,eci_p50,0.1,0.1529,1.0,0.9875698039364401
disempowerment,2050,eci_p75,0.135,0.199,1.3499999999999996,1.2738550808146478
disempowerment,2050,eci_p90,0.185,0.2785,1.8499999999999996,1.7075682925388989
disempowerment,2100,unconditional,0.18,0.28,1.0,1.0
disempowerment,2100,sq,0.21,0.3081,1.1666666666666667,1.1755055026724404
disempowerment,2100,p1,0.193,0.31085,1.0722222222222222,1.1531133203941102
disempowerment,2100,p2a,0.16,0.2531,0.8888888888888887,0.9041726633382615
disempowerment,2100,p2b,0.125,0.21935,0.6944444444444445,0.7706141406995812
disempowerment,2100,p3a,0.155,0.247,0.861111111111111,0.8135190144140375
disempowerment,2100,p3b,0.122,0.20700000000000002,0.6777777777777777,0.683599072781475
disempowerment,2100,p4,0.158,0.2476,0.8777777777777778,0.8467779915851421
disempowerment,2100,p5,0.078,0.16,0.4333333333333334,0.5293578942641549
disempowerment,2100,eci_p10,0.11,0.21350000000000002,0.6111111111111112,0.6868465925941846
disempowerment,2100,eci_p25,0.135,0.25325,0.7499999999999999,0.8418973861410953
disempowerment,2100,eci_p50,0.18,0.27680000000000005,1.0,0.9892758294159758
disempowerment,2100,eci_p75,0.235,0.331,1.3055555555555554,1.174734012447073
disempowerment,2100,eci_p90,0.31,0.4335,1.722222222222222,1.4343509463735287
